source_file,main_player,player_color,opponent,event,site,date,year,round,white,black,white_elo,black_elo,result,result_label,player_result,eco,opening,num_plies,num_moves,captures,checks,castles,promotions,white_castled,black_castled,player_captures,player_checks,player_castled,player_promotions,opponent_captures,opponent_checks
Karpov.pgn,Karpov,white,"Ponomariov, Boris",Zlatoust,Zlatoust,1961.??.??,1961,?,"Karpov, Anatoly","Ponomariov, Boris",,,1-0,white_win,win,C01,,157,78.5,24,7,2,0,True,True,13,2,True,0,11,5
Karpov.pgn,Karpov,white,"Alekseev, V.",Zlatoust,Zlatoust,1961.??.??,1961,?,"Karpov, Anatoly","Alekseev, V.",,,1/2-1/2,draw,draw,B40,,115,57.5,20,8,2,0,True,True,10,4,True,0,10,4
Karpov.pgn,Karpov,white,Budakov,Zlatoust,Zlatoust,1961.??.??,1961,?,"Karpov, Anatoly",Budakov,,,1/2-1/2,draw,draw,C99,,51,25.5,12,1,2,0,True,True,6,0,True,0,6,1
Karpov.pgn,Karpov,white,Gaimaletdinov,Zlatoust,Zlatoust,1961.??.??,1961,?,"Karpov, Anatoly",Gaimaletdinov,,,1-0,white_win,win,C62,,119,59.5,24,6,2,0,True,True,12,3,True,0,12,3
Karpov.pgn,Karpov,white,"Kalashnikov, Viacheslav",Zlatoust,Zlatoust,1961.??.??,1961,?,"Karpov, Anatoly","Kalashnikov, Viacheslav",,,1-0,white_win,win,C68,,119,59.5,25,9,1,0,True,False,13,8,True,0,12,1
Karpov.pgn,Karpov,white,Mukhudulin,Zlatoust,Zlatoust,1961.??.??,1961,?,"Karpov, Anatoly",Mukhudulin,,,1/2-1/2,draw,draw,B56,,122,61.0,26,16,2,0,True,True,13,13,True,0,13,3
Karpov.pgn,Karpov,white,Shefler,Zlatoust,Zlatoust,1961.??.??,1961,?,"Karpov, Anatoly",Shefler,,,1-0,white_win,win,C01,,85,42.5,13,3,2,0,True,True,7,3,True,0,6,0
Karpov.pgn,Karpov,black,"Kalashnikov, Viacheslav",Zlatoust,Zlatoust,1961.??.??,1961,?,"Kalashnikov, Viacheslav","Karpov, Anatoly",,,1/2-1/2,draw,draw,A30,,123,61.5,27,14,1,0,True,False,13,5,False,0,14,9
Karpov.pgn,Karpov,white,Zyulyarkin,Zlatoust,Zlatoust,1961.??.??,1961,?,"Karpov, Anatoly",Zyulyarkin,,,1-0,white_win,win,B24,,69,34.5,13,0,2,0,True,True,7,0,True,0,6,0
Karpov.pgn,Karpov,black,"Tarinin, X.",Zlatoust,Zlatoust,1961.??.??,1961,?,"Tarinin, X.","Karpov, Anatoly",,,1-0,white_win,loss,C97,,69,34.5,12,8,2,0,True,True,5,0,True,0,7,8
Karpov.pgn,Karpov,black,Zadneprovsky,Zlatoust,Zlatoust,1961.??.??,1961,?,Zadneprovsky,"Karpov, Anatoly",,,0-1,black_win,win,E27,,130,65.0,20,13,2,0,True,True,12,2,True,0,8,11
Karpov.pgn,Karpov,black,"Kirillov, Vladimir Grigorevic",Zlatoust,Zlatoust,1962.??.??,1962,?,"Kirillov, Vladimir Grigorevic","Karpov, Anatoly",,,0-1,black_win,win,A21,,126,63.0,24,18,2,0,True,True,12,6,True,0,12,12
Karpov.pgn,Karpov,black,Kolishkin,Zlatoust,Zlatoust,1962.??.??,1962,?,Kolishkin,"Karpov, Anatoly",,,0-1,black_win,win,C98,,108,54.0,18,0,2,0,True,True,10,0,True,0,8,0
Karpov.pgn,Karpov,black,"Ziuliarkin, X.",Zlatoust,Zlatoust,1962.??.??,1962,?,"Ziuliarkin, X.","Karpov, Anatoly",,,0-1,black_win,win,C50,,70,35.0,17,0,2,0,True,True,10,0,True,0,7,0
Karpov.pgn,Karpov,black,"Kalashnikov, Viacheslav",Zlatoust,Zlatoust,1962.??.??,1962,?,"Kalashnikov, Viacheslav","Karpov, Anatoly",,,1/2-1/2,draw,draw,C97,,72,36.0,14,1,2,0,True,True,7,0,True,0,7,1
Karpov.pgn,Karpov,white,Piskunov,Zlatoust,Zlatoust,1962.??.??,1962,?,"Karpov, Anatoly",Piskunov,,,1-0,white_win,win,B03,,69,34.5,10,0,2,0,True,True,5,0,True,0,5,0
Karpov.pgn,Karpov,black,"Kalashnikov, Viacheslav",Zlatoust,Zlatoust,1963.??.??,1963,?,"Kalashnikov, Viacheslav","Karpov, Anatoly",,,0-1,black_win,win,C44,,84,42.0,18,1,2,0,True,True,9,0,True,0,9,1
Karpov.pgn,Karpov,black,"Korotaev, A.",Zlatoust,Zlatoust,1963.??.??,1963,?,"Korotaev, A.","Karpov, Anatoly",,,0-1,black_win,win,E14,,84,42.0,11,0,2,0,True,True,7,0,True,0,4,0
Karpov.pgn,Karpov,black,"Ziuliarkin, X.",Zlatoust,Zlatoust,1963.??.??,1963,?,"Ziuliarkin, X.","Karpov, Anatoly",,,0-1,black_win,win,D61,,102,51.0,27,7,2,0,True,True,14,7,True,0,13,0
Karpov.pgn,Karpov,black,"Ravinsky, Grigory Ionovich",Leningrad,Leningrad,1966.??.??,1966,?,"Ravinsky, Grigory Ionovich","Karpov, Anatoly",,,1/2-1/2,draw,draw,C62,,38,19.0,9,0,2,0,True,True,5,0,True,0,4,0
Karpov.pgn,Karpov,black,"Ciric, Dragoljub M",EU-ch casual,Groningen,1967.??.??,1967,?,"Ciric, Dragoljub M","Karpov, Anatoly",,,1/2-1/2,draw,draw,C92,,64,32.0,8,0,2,0,True,True,4,0,True,0,4,0
Karpov.pgn,Karpov,black,"Zara, Dan",EU-ch U18 f-A 6768,Groningen,1967.??.??,1967,1,"Zara, Dan","Karpov, Anatoly",,,1/2-1/2,draw,draw,E18,,69,34.5,19,0,2,0,True,True,8,0,True,0,11,0
Karpov.pgn,Karpov,white,"Schaufelberger, Heinz",EU-ch U18 sf 6768,Groningen,1967.??.??,1967,1,"Karpov, Anatoly","Schaufelberger, Heinz",,,1-0,white_win,win,B25,,59,29.5,16,1,2,0,True,True,9,1,True,0,7,0
Karpov.pgn,Karpov,white,"Moles, John",EU-ch U18 f-A 6768,Groningen,1967.??.??,1967,2,"Karpov, Anatoly","Moles, John",,,1-0,white_win,win,C77,,81,40.5,16,1,2,1,True,True,7,0,True,1,9,1
Karpov.pgn,Karpov,white,"Maeder, Karl Heinz",EU-ch U18 sf 6768,Groningen,1967.??.??,1967,2,"Karpov, Anatoly","Maeder, Karl Heinz",,,1-0,white_win,win,B25,,61,30.5,11,0,2,0,True,True,6,0,True,0,5,0
Karpov.pgn,Karpov,black,"Lewi, Jerzy",EU-ch U18 f-A 6768,Groningen,1967.??.??,1967,3,"Lewi, Jerzy","Karpov, Anatoly",,,0-1,black_win,win,A21,,108,54.0,21,8,1,0,True,False,11,2,False,0,10,6
Karpov.pgn,Karpov,black,"Adorjan, Andras",EU-ch U18 sf 6768,Groningen,1967.??.??,1967,3,"Adorjan, Andras","Karpov, Anatoly",,,1/2-1/2,draw,draw,C68,,20,10.0,6,1,1,0,True,False,2,1,False,0,4,0
Karpov.pgn,Karpov,white,"Ligterink, Gert",EU-ch U18 sf 6768,Groningen,1967.??.??,1967,4,"Karpov, Anatoly","Ligterink, Gert",,,1/2-1/2,draw,draw,B20,,24,12.0,4,1,1,0,False,True,2,0,False,0,2,1
Karpov.pgn,Karpov,white,"Timman, Jan H",EU-ch U18 f-A 6768,Groningen,1967.??.??,1967,4,"Karpov, Anatoly","Timman, Jan H",,,1-0,white_win,win,A17,,81,40.5,15,3,2,0,True,True,8,0,True,0,7,3
Karpov.pgn,Karpov,black,"Hostalet, Pedro Enrique",EU-ch U18 f-A 6768,Groningen,1967.??.??,1967,5,"Hostalet, Pedro Enrique","Karpov, Anatoly",,,0-1,black_win,win,E38,,44,22.0,13,3,1,0,False,True,7,3,True,0,6,0
Karpov.pgn,Karpov,black,"Zara, Dan",EU-ch U18 sf 6768,Groningen,1967.??.??,1967,5,"Zara, Dan","Karpov, Anatoly",,,1/2-1/2,draw,draw,C42,,39,19.5,10,3,2,0,True,True,5,1,True,0,5,2
Karpov.pgn,Karpov,white,"Adorjan, Andras",EU-ch U18 f-A 6768,Groningen,1967.??.??,1967,6,"Karpov, Anatoly","Adorjan, Andras",,,1/2-1/2,draw,draw,B25,,32,16.0,4,1,2,0,True,True,2,1,True,0,2,0
Karpov.pgn,Karpov,black,"Timman, Jan H",EU-ch U18 sf 6768,Groningen,1967.??.??,1967,6,"Timman, Jan H","Karpov, Anatoly",,,1/2-1/2,draw,draw,D03,,35,17.5,10,1,2,0,True,True,5,0,True,0,5,1
Karpov.pgn,Karpov,white,"Hostalet, Pedro Enrique",EU-ch U18 sf 6768,Groningen,1967.??.??,1967,7,"Karpov, Anatoly","Hostalet, Pedro Enrique",,,1/2-1/2,draw,draw,D03,,22,11.0,2,0,2,0,True,True,1,0,True,0,1,0
Karpov.pgn,Karpov,black,"Ligterink, Gert",EU-ch U18 f-A 6768,Groningen,1967.??.??,1967,7,"Ligterink, Gert","Karpov, Anatoly",,,1/2-1/2,draw,draw,D66,,53,26.5,10,0,2,0,True,True,5,0,True,0,5,0
Karpov.pgn,Karpov,white,"Vujakovic, Branko",URS-JUG,Sochi,1968.??.??,1968,1,"Karpov, Anatoly","Vujakovic, Branko",,,1-0,white_win,win,B07,,67,33.5,11,1,2,0,True,True,6,1,True,0,5,0
Karpov.pgn,Karpov,black,"Vujakovic, Branko",URS-JUG,Sochi,1968.??.??,1968,2,"Vujakovic, Branko","Karpov, Anatoly",,,0-1,black_win,win,C84,,74,37.0,21,2,2,0,True,True,11,0,True,0,10,2
Karpov.pgn,Karpov,white,"Vujakovic, Branko",URS-JUG,Sochi,1968.??.??,1968,3,"Karpov, Anatoly","Vujakovic, Branko",,,1-0,white_win,win,B07,,59,29.5,11,1,2,0,True,True,7,0,True,0,4,1
Karpov.pgn,Karpov,black,"Vujakovic, Branko",URS-JUG,Sochi,1968.??.??,1968,4,"Vujakovic, Branko","Karpov, Anatoly",,,1/2-1/2,draw,draw,C84,,51,25.5,11,1,2,0,True,True,6,0,True,0,5,1
Karpov.pgn,Karpov,white,"Lisenko, Alexander V",URS-chT,URS,1968.??.??,1968,?,"Karpov, Anatoly","Lisenko, Alexander V",,,1/2-1/2,draw,draw,B31,,102,51.0,19,2,2,0,True,True,9,1,True,0,10,1
Karpov.pgn,Karpov,white,"Mikliaev, I.",URS-chT,URS,1968.??.??,1968,?,"Karpov, Anatoly","Mikliaev, I.",,,1-0,white_win,win,C76,,141,70.5,20,4,2,0,True,True,11,2,True,0,9,2
Karpov.pgn,Karpov,black,Cihelashvili,URS-chT,URS,1968.??.??,1968,?,Cihelashvili,"Karpov, Anatoly",,,0-1,black_win,win,C25,,68,34.0,17,5,1,0,False,True,8,2,True,0,9,3
Karpov.pgn,Karpov,white,"Piesina, Gintautas",URS-chT,URS,1968.??.??,1968,?,"Karpov, Anatoly","Piesina, Gintautas",,,1-0,white_win,win,A37,,65,32.5,11,0,2,0,True,True,6,0,True,0,5,0
Karpov.pgn,Karpov,white,"Romanishin, Oleg M",URS-chT,URS,1968.??.??,1968,?,"Karpov, Anatoly","Romanishin, Oleg M",,,1-0,white_win,win,D01,,79,39.5,14,2,2,0,True,True,7,2,True,0,7,0
Karpov.pgn,Karpov,white,"Vaganian, Rafael A",URS-chT,URS,1968.??.??,1968,?,"Karpov, Anatoly","Vaganian, Rafael A",,,1/2-1/2,draw,draw,B04,,86,43.0,16,0,2,0,True,True,8,0,True,0,8,0
Karpov.pgn,Karpov,black,"Kirpichnikov, Vladimir S",URS-chT,URS,1968.??.??,1968,?,"Kirpichnikov, Vladimir S","Karpov, Anatoly",,,0-1,black_win,win,C85,,56,28.0,10,0,2,0,True,True,6,0,True,0,4,0
Karpov.pgn,Karpov,black,"Sangla, P.",URS-chT,URS,1968.??.??,1968,?,"Sangla, P.","Karpov, Anatoly",,,0-1,black_win,win,A46,,22,11.0,5,2,0,0,False,False,2,2,False,0,3,0
Karpov.pgn,Karpov,black,"Reimann, S.",URS-chT,URS,1968.??.??,1968,?,"Reimann, S.","Karpov, Anatoly",,,0-1,black_win,win,E53,,73,36.5,17,2,2,0,True,True,9,2,True,0,8,0
Karpov.pgn,Karpov,black,"Popov, Vladimir",URS-chT,URS,1968.??.??,1968,?,"Popov, Vladimir","Karpov, Anatoly",,,0-1,black_win,win,C91,,118,59.0,20,3,2,0,True,True,11,1,True,0,9,2
Karpov.pgn,Karpov,black,"Nisman, Boris I",URS-chT,URS,1968.??.??,1968,?,"Nisman, Boris I","Karpov, Anatoly",,,0-1,black_win,win,E26,,88,44.0,21,3,2,0,True,True,12,3,True,0,9,0
Karpov.pgn,Karpov,black,"Vaganian, Rafael A",URS-ch U18 playoff,Leningrad,1969.??.??,1969,1,"Vaganian, Rafael A","Karpov, Anatoly",,,0-1,black_win,win,E14,,108,54.0,25,7,2,0,True,True,13,2,True,0,12,5
Karpov.pgn,Karpov,white,"Steinberg, Mikhail",URS-ch U18 playoff,Leningrad,1969.??.??,1969,2,"Karpov, Anatoly","Steinberg, Mikhail",,,1-0,white_win,win,B25,,85,42.5,14,4,2,0,True,True,8,2,True,0,6,2
Karpov.pgn,Karpov,white,"Vaganian, Rafael A",URS-ch U18 playoff,Leningrad,1969.??.??,1969,3,"Karpov, Anatoly","Vaganian, Rafael A",,,1/2-1/2,draw,draw,B04,,89,44.5,17,0,2,0,True,True,8,0,True,0,9,0
Karpov.pgn,Karpov,black,"Steinberg, Mikhail",URS-ch U18 playoff,Leningrad,1969.??.??,1969,4,"Steinberg, Mikhail","Karpov, Anatoly",,,1/2-1/2,draw,draw,E19,,112,56.0,20,6,2,0,True,True,10,3,True,0,10,3
Karpov.pgn,Karpov,black,"Vaganian, Rafael A",URS-ch U18 playoff,Leningrad,1969.??.??,1969,5,"Vaganian, Rafael A","Karpov, Anatoly",,,0-1,black_win,win,E51,,60,30.0,11,3,2,0,True,True,6,3,True,0,5,0
Karpov.pgn,Karpov,white,"Steinberg, Mikhail",URS-ch U18 playoff,Leningrad,1969.??.??,1969,6,"Karpov, Anatoly","Steinberg, Mikhail",,,1-0,white_win,win,C86,,113,56.5,17,1,2,0,True,True,9,1,True,0,8,0
Karpov.pgn,Karpov,white,"Vaganian, Rafael A",URS-ch U18 playoff,Leningrad,1969.??.??,1969,7,"Karpov, Anatoly","Vaganian, Rafael A",,,0-1,black_win,loss,B04,,88,44.0,19,5,2,0,True,True,10,1,True,0,9,4
Karpov.pgn,Karpov,black,"Steinberg, Mikhail",URS-ch U18 playoff,Leningrad,1969.??.??,1969,8,"Steinberg, Mikhail","Karpov, Anatoly",,,0-1,black_win,win,E06,,81,40.5,18,3,2,0,True,True,9,1,True,0,9,2
Karpov.pgn,Karpov,black,"Vaganian, Rafael A",URS-ch U18 playoff,Leningrad,1969.??.??,1969,9,"Vaganian, Rafael A","Karpov, Anatoly",,,1/2-1/2,draw,draw,E20,,106,53.0,19,7,1,0,False,True,9,1,True,0,10,6
Karpov.pgn,Karpov,white,"Steinberg, Mikhail",URS-ch U18 playoff,Leningrad,1969.??.??,1969,10,"Karpov, Anatoly","Steinberg, Mikhail",,,0-1,black_win,loss,B25,,92,46.0,25,1,2,0,True,True,12,1,True,0,13,0
Karpov.pgn,Karpov,white,"Vaganian, Rafael A",URS-ch U18 playoff,Leningrad,1969.??.??,1969,11,"Karpov, Anatoly","Vaganian, Rafael A",,,1/2-1/2,draw,draw,B04,,105,52.5,24,3,2,0,True,True,12,2,True,0,12,1
Karpov.pgn,Karpov,black,"Steinberg, Mikhail",URS-ch U18 playoff,Leningrad,1969.??.??,1969,12,"Steinberg, Mikhail","Karpov, Anatoly",,,1/2-1/2,draw,draw,C92,,48,24.0,10,0,2,0,True,True,5,0,True,0,5,0
Karpov.pgn,Karpov,white,"Bisguier, Arthur Bernard",Caracas,Caracas,1970.??.??,1970,1,"Karpov, Anatoly","Bisguier, Arthur Bernard",,,1/2-1/2,draw,draw,C65,,168,84.0,23,15,2,0,True,True,11,2,True,0,12,13
Karpov.pgn,Karpov,black,"Barcza, Gedeon",Caracas,Caracas,1970.??.??,1970,2,"Barcza, Gedeon","Karpov, Anatoly",,,0-1,black_win,win,A37,,68,34.0,14,1,2,0,True,True,7,1,True,0,7,0
Karpov.pgn,Karpov,white,"Parma, Bruno",Caracas,Caracas,1970.??.??,1970,3,"Karpov, Anatoly","Parma, Bruno",,,1-0,white_win,win,E39,,131,65.5,19,2,2,0,True,True,10,2,True,0,9,0
Karpov.pgn,Karpov,black,Slujssar,Caracas,Caracas,1970.??.??,1970,4,Slujssar,"Karpov, Anatoly",,,0-1,black_win,win,A48,,48,24.0,7,0,2,0,True,True,4,0,True,0,3,0
Karpov.pgn,Karpov,white,"Cuellar Gacharna, Miguel",Caracas,Caracas,1970.??.??,1970,5,"Karpov, Anatoly","Cuellar Gacharna, Miguel",,,1-0,white_win,win,B25,,99,49.5,16,7,2,0,True,True,9,4,True,0,7,3
Karpov.pgn,Karpov,black,"Benko, Pal C",Caracas,Caracas,1970.??.??,1970,6,"Benko, Pal C","Karpov, Anatoly",,,1/2-1/2,draw,draw,E17,,25,12.5,4,0,2,0,True,True,2,0,True,0,2,0
Karpov.pgn,Karpov,white,"O'Kelly de Galway, Alberic",Caracas,Caracas,1970.??.??,1970,7,"Karpov, Anatoly","O'Kelly de Galway, Alberic",,,1-0,white_win,win,C95,,81,40.5,19,2,2,0,True,True,10,0,True,0,9,2
Karpov.pgn,Karpov,black,"Ivkov, Borislav",Caracas,Caracas,1970.??.??,1970,8,"Ivkov, Borislav","Karpov, Anatoly",,,1-0,white_win,loss,D58,,57,28.5,11,6,2,0,True,True,5,0,True,0,6,6
Karpov.pgn,Karpov,white,"Panno, Oscar",Caracas,Caracas,1970.??.??,1970,9,"Karpov, Anatoly","Panno, Oscar",,,1/2-1/2,draw,draw,B42,,95,47.5,16,3,2,0,True,True,8,0,True,0,8,3
Karpov.pgn,Karpov,black,"Kavalek, Lubomir",Caracas,Caracas,1970.??.??,1970,10,"Kavalek, Lubomir","Karpov, Anatoly",,,1-0,white_win,loss,C98,,117,58.5,23,13,2,0,True,True,10,3,True,0,13,10
Karpov.pgn,Karpov,white,"Sigurjonsson, Gudmundur",Caracas,Caracas,1970.??.??,1970,11,"Karpov, Anatoly","Sigurjonsson, Gudmundur",,,1/2-1/2,draw,draw,B06,,76,38.0,18,6,1,0,False,True,9,0,False,0,9,6
Karpov.pgn,Karpov,white,"Villarroel, Geber",Caracas,Caracas,1970.??.??,1970,12,"Karpov, Anatoly","Villarroel, Geber",,,1-0,white_win,win,A16,,51,25.5,12,1,2,0,True,True,7,1,True,0,5,0
Karpov.pgn,Karpov,black,"Yepez, Olavo",Caracas,Caracas,1970.??.??,1970,13,"Yepez, Olavo","Karpov, Anatoly",,,0-1,black_win,win,E55,,79,39.5,16,1,2,0,True,True,8,1,True,0,8,0
Karpov.pgn,Karpov,white,"Caro, Alberto N",Caracas,Caracas,1970.??.??,1970,14,"Karpov, Anatoly","Caro, Alberto N",,,1-0,white_win,win,A22,,61,30.5,9,3,2,0,True,True,5,2,True,0,4,1
Karpov.pgn,Karpov,black,"Ciocaltea, Victor",Caracas,Caracas,1970.??.??,1970,15,"Ciocaltea, Victor","Karpov, Anatoly",,,1/2-1/2,draw,draw,C42,,36,18.0,8,3,1,0,True,False,4,1,False,0,4,2
Karpov.pgn,Karpov,white,"Stein, Leonid",Caracas,Caracas,1970.??.??,1970,16,"Karpov, Anatoly","Stein, Leonid",,,1/2-1/2,draw,draw,C01,,26,13.0,6,0,2,0,True,True,3,0,True,0,3,0
Karpov.pgn,Karpov,black,"Addison, William",Caracas,Caracas,1970.??.??,1970,17,"Addison, William","Karpov, Anatoly",,,1/2-1/2,draw,draw,C42,,27,13.5,8,1,1,0,True,False,4,1,False,0,4,0
Karpov.pgn,Karpov,black,"Stein, Leonid",URS-ch38 Riga,Riga,1970.??.??,1970,1,"Stein, Leonid","Karpov, Anatoly",,,1/2-1/2,draw,draw,C94,,76,38.0,21,0,2,0,True,True,10,0,True,0,11,0
Karpov.pgn,Karpov,white,"Savon, Vladimir A",URS-ch38 Riga,Riga,1970.??.??,1970,2,"Karpov, Anatoly","Savon, Vladimir A",,,1/2-1/2,draw,draw,B73,,38,19.0,4,0,2,0,True,True,2,0,True,0,2,0
Karpov.pgn,Karpov,black,"Karasev, Vladimir I",URS-ch38 Riga,Riga,1970.??.??,1970,3,"Karasev, Vladimir I","Karpov, Anatoly",,,1/2-1/2,draw,draw,E18,,175,87.5,22,11,2,0,True,True,11,7,True,0,11,4
Karpov.pgn,Karpov,white,"Antoshin, Vladimir S",URS-ch38 Riga,Riga,1970.??.??,1970,4,"Karpov, Anatoly","Antoshin, Vladimir S",,,1/2-1/2,draw,draw,C82,,80,40.0,18,1,2,0,True,True,9,0,True,0,9,1
Karpov.pgn,Karpov,black,"Tseitlin, Mark D",URS-ch38 Riga,Riga,1970.??.??,1970,5,"Tseitlin, Mark D","Karpov, Anatoly",,,1/2-1/2,draw,draw,A37,,126,63.0,24,6,2,0,True,True,12,2,True,0,12,4
Karpov.pgn,Karpov,white,"Moiseev, Oleg L",URS-ch38 Riga,Riga,1970.??.??,1970,6,"Karpov, Anatoly","Moiseev, Oleg L",,,1/2-1/2,draw,draw,D42,,46,23.0,10,0,2,0,True,True,5,0,True,0,5,0
Karpov.pgn,Karpov,white,"Balashov, Yuri S",URS-ch38 Riga,Riga,1970.??.??,1970,8,"Karpov, Anatoly","Balashov, Yuri S",,,1/2-1/2,draw,draw,B92,,105,52.5,20,2,2,0,True,True,10,1,True,0,10,1
Karpov.pgn,Karpov,black,"Kortschnoj, Viktor",URS-ch38 Riga,Riga,1970.??.??,1970,9,"Kortschnoj, Viktor","Karpov, Anatoly",,,1-0,white_win,loss,A34,,113,56.5,23,1,1,0,True,False,11,1,False,0,12,0
Karpov.pgn,Karpov,white,"Podgaets, Mikhail",URS-ch38 Riga,Riga,1970.??.??,1970,10,"Karpov, Anatoly","Podgaets, Mikhail",,,1/2-1/2,draw,draw,C95,,40,20.0,4,0,2,0,True,True,2,0,True,0,2,0
Karpov.pgn,Karpov,black,"Averbakh, Yuri L",URS-ch38 Riga,Riga,1970.??.??,1970,11,"Averbakh, Yuri L","Karpov, Anatoly",,,1/2-1/2,draw,draw,D42,,104,52.0,24,2,2,0,True,True,12,0,True,0,12,2
Karpov.pgn,Karpov,white,"Bagirov, Vladimir",URS-ch38 Riga,Riga,1970.??.??,1970,12,"Karpov, Anatoly","Bagirov, Vladimir",,,1-0,white_win,win,B05,,92,46.0,12,0,2,1,True,True,5,0,True,1,7,0
Karpov.pgn,Karpov,black,"Platonov, Igor V",URS-ch38 Riga,Riga,1970.??.??,1970,13,"Platonov, Igor V","Karpov, Anatoly",,,1/2-1/2,draw,draw,A36,,57,28.5,7,0,2,0,True,True,3,0,True,0,4,0
Karpov.pgn,Karpov,white,"Zaitsev, Igor A",URS-ch38 Riga,Riga,1970.??.??,1970,14,"Karpov, Anatoly","Zaitsev, Igor A",,,1-0,white_win,win,C92,,111,55.5,20,3,2,0,True,True,10,2,True,0,10,1
Karpov.pgn,Karpov,black,"Dementiev, Oleg I",URS-ch38 Riga,Riga,1970.??.??,1970,15,"Dementiev, Oleg I","Karpov, Anatoly",,,1-0,white_win,loss,B04,,65,32.5,14,0,2,0,True,True,6,0,True,0,8,0
Karpov.pgn,Karpov,white,"Vaganian, Rafael A",URS-ch38 Riga,Riga,1970.??.??,1970,16,"Karpov, Anatoly","Vaganian, Rafael A",,,1-0,white_win,win,D90,,83,41.5,14,1,2,0,True,True,8,1,True,0,6,0
Karpov.pgn,Karpov,black,"Gipslis, Aivars",URS-ch38 Riga,Riga,1970.??.??,1970,17,"Gipslis, Aivars","Karpov, Anatoly",,,1/2-1/2,draw,draw,C69,,33,16.5,10,1,2,0,True,True,5,1,True,0,5,0
Karpov.pgn,Karpov,white,"Mikenas, Vladas",URS-ch38 Riga,Riga,1970.??.??,1970,18,"Karpov, Anatoly","Mikenas, Vladas",,,1-0,white_win,win,B05,,119,59.5,21,12,2,1,True,True,11,9,True,1,10,3
Karpov.pgn,Karpov,black,"Doroshkievich, Vladimir K",URS-ch38 Riga,Riga,1970.??.??,1970,19,"Doroshkievich, Vladimir K","Karpov, Anatoly",,,0-1,black_win,win,E32,,80,40.0,16,7,2,0,True,True,9,7,True,0,7,0
Karpov.pgn,Karpov,white,"Tukmakov, Vladimir B",URS-ch38 Riga,Riga,1970.??.??,1970,20,"Karpov, Anatoly","Tukmakov, Vladimir B",,,1/2-1/2,draw,draw,C95,,55,27.5,18,1,2,0,True,True,9,0,True,0,9,1
Karpov.pgn,Karpov,black,"Kholmov, Ratmir D",URS-ch38 Riga,Riga,1970.??.??,1970,21,"Kholmov, Ratmir D","Karpov, Anatoly",,,1/2-1/2,draw,draw,B46,,98,49.0,21,7,1,0,True,False,10,4,False,0,11,3
Karpov.pgn,Karpov,black,"Pfleger, Helmut",Hastings7172,Hastings,1971.??.??,1971,1,"Pfleger, Helmut","Karpov, Anatoly",2515.0,2540.0,1/2-1/2,draw,draw,E19,,74,37.0,15,2,2,0,True,True,8,1,True,0,7,1
Karpov.pgn,Karpov,white,"Byrne, Robert E",Hastings7172,Hastings,1971.??.??,1971,2,"Karpov, Anatoly","Byrne, Robert E",2540.0,2510.0,1-0,white_win,win,B61,,79,39.5,19,8,1,0,True,False,10,6,True,0,9,2
Karpov.pgn,Karpov,black,"Botterill, George Steven",Hastings7172,Hastings,1971.??.??,1971,3,"Botterill, George Steven","Karpov, Anatoly",2410.0,2540.0,0-1,black_win,win,D58,,98,49.0,16,3,2,0,True,True,8,1,True,0,8,2
Karpov.pgn,Karpov,white,"Hartston, William R",Hastings7172,Hastings,1971.??.??,1971,4,"Karpov, Anatoly","Hartston, William R",2540.0,2390.0,1-0,white_win,win,B44,,119,59.5,21,8,2,0,True,True,11,1,True,0,10,7
Karpov.pgn,Karpov,black,"Ciocaltea, Victor",Hastings7172,Hastings,1971.??.??,1971,5,"Ciocaltea, Victor","Karpov, Anatoly",2460.0,2540.0,1/2-1/2,draw,draw,C98,,54,27.0,10,0,2,0,True,True,5,0,True,0,5,0
Karpov.pgn,Karpov,white,"Mecking, Henrique",Hastings7172,Hastings,1971.??.??,1971,6,"Karpov, Anatoly","Mecking, Henrique",2540.0,2540.0,1-0,white_win,win,B92,,67,33.5,14,3,1,0,False,True,7,0,False,0,7,3
Karpov.pgn,Karpov,black,"Keene, Raymond D",Hastings7172,Hastings,1971.??.??,1971,7,"Keene, Raymond D","Karpov, Anatoly",2465.0,2540.0,0-1,black_win,win,B46,,80,40.0,21,1,2,0,True,True,11,1,True,0,10,0
Karpov.pgn,Karpov,white,"Franklin, Michael J",Hastings7172,Hastings,1971.??.??,1971,8,"Karpov, Anatoly","Franklin, Michael J",2540.0,2345.0,1-0,white_win,win,B28,,73,36.5,17,0,2,0,True,True,8,0,True,0,9,0
Karpov.pgn,Karpov,black,"Gligoric, Svetozar",Hastings7172,Hastings,1971.??.??,1971,9,"Gligoric, Svetozar","Karpov, Anatoly",2600.0,2540.0,1/2-1/2,draw,draw,E56,,48,24.0,12,0,2,0,True,True,6,0,True,0,6,0
Karpov.pgn,Karpov,white,"Kurajica, Bojan",Hastings7172,Hastings,1971.??.??,1971,10,"Karpov, Anatoly","Kurajica, Bojan",2540.0,2490.0,1-0,white_win,win,B32,,69,34.5,9,1,2,0,True,True,5,0,True,0,4,1
Karpov.pgn,Karpov,black,"Unzicker, Wolfgang",Hastings7172,Hastings,1971.??.??,1971,11,"Unzicker, Wolfgang","Karpov, Anatoly",2545.0,2540.0,1/2-1/2,draw,draw,C95,,45,22.5,2,0,2,0,True,True,1,0,True,0,1,0
Karpov.pgn,Karpov,black,"Andersson, Ulf",Hastings7172,Hastings,1971.??.??,1971,12,"Andersson, Ulf","Karpov, Anatoly",2510.0,2540.0,1/2-1/2,draw,draw,D73,,28,14.0,9,1,2,0,True,True,5,0,True,0,4,1
Karpov.pgn,Karpov,white,"Najdorf, Miguel",Hastings7172,Hastings,1971.??.??,1971,13,"Karpov, Anatoly","Najdorf, Miguel",2540.0,2530.0,1/2-1/2,draw,draw,B92,,31,15.5,7,0,2,0,True,True,4,0,True,0,3,0
Karpov.pgn,Karpov,black,"Kortschnoj, Viktor",Hastings7172,Hastings,1971.??.??,1971,14,"Kortschnoj, Viktor","Karpov, Anatoly",2670.0,2540.0,1-0,white_win,loss,A47,,87,43.5,17,0,2,0,True,True,7,0,True,0,10,0
Karpov.pgn,Karpov,white,"Markland, Peter R",Hastings7172,Hastings,1971.??.??,1971,15,"Karpov, Anatoly","Markland, Peter R",2540.0,2510.0,1-0,white_win,win,C19,,109,54.5,25,3,2,0,True,True,13,2,True,0,12,1
Karpov.pgn,Karpov,black,"Bronstein, David I",URS-ch39,Leningrad,1971.??.??,1971,?,"Bronstein, David I","Karpov, Anatoly",2590.0,2540.0,1/2-1/2,draw,draw,B30,,35,17.5,4,0,2,0,True,True,2,0,True,0,2,0
Karpov.pgn,Karpov,black,"Smyslov, Vassily",URS-ch39,Leningrad,1971.??.??,1971,?,"Smyslov, Vassily","Karpov, Anatoly",2620.0,2540.0,1-0,white_win,loss,D42,,57,28.5,10,2,2,1,True,True,5,0,True,0,5,2
Karpov.pgn,Karpov,black,"Geller, Efim P",URS-ch39,Leningrad,1971.??.??,1971,?,"Geller, Efim P","Karpov, Anatoly",2615.0,2540.0,1/2-1/2,draw,draw,C95,,67,33.5,14,1,2,0,True,True,7,1,True,0,7,0
Karpov.pgn,Karpov,black,"Kapengut, Albert Z",URS-ch39,Leningrad,1971.??.??,1971,?,"Kapengut, Albert Z","Karpov, Anatoly",2450.0,2540.0,1/2-1/2,draw,draw,B85,,39,19.5,5,0,2,0,True,True,2,0,True,0,3,0
Karpov.pgn,Karpov,white,"Dzindzichashvili, Roman",URS-ch39,Leningrad,1971.??.??,1971,?,"Karpov, Anatoly","Dzindzichashvili, Roman",2540.0,2480.0,1/2-1/2,draw,draw,B01,,48,24.0,6,1,2,0,True,True,3,1,True,0,3,0
Karpov.pgn,Karpov,white,"Grigorian, Karen Ashotovich",URS-ch39,Leningrad,1971.??.??,1971,?,"Karpov, Anatoly","Grigorian, Karen Ashotovich",2540.0,2430.0,1-0,white_win,win,B04,,77,38.5,10,1,2,0,True,True,5,1,True,0,5,0
Karpov.pgn,Karpov,white,"Karasev, Vladimir I",URS-ch39,Leningrad,1971.??.??,1971,?,"Karpov, Anatoly","Karasev, Vladimir I",2540.0,,1/2-1/2,draw,draw,A22,,82,41.0,16,2,2,0,True,True,8,1,True,0,8,1
Karpov.pgn,Karpov,white,"Lein, Anatoly",URS-ch39,Leningrad,1971.??.??,1971,?,"Karpov, Anatoly","Lein, Anatoly",2540.0,2510.0,1/2-1/2,draw,draw,D56,,36,18.0,8,0,2,0,True,True,4,0,True,0,4,0
Karpov.pgn,Karpov,white,"Nikolaevsky, Yuri V",URS-ch39,Leningrad,1971.??.??,1971,?,"Karpov, Anatoly","Nikolaevsky, Yuri V",2540.0,2490.0,1-0,white_win,win,B09,,81,40.5,16,1,2,0,True,True,9,1,True,0,7,0
Karpov.pgn,Karpov,white,"Savon, Vladimir A",URS-ch39,Leningrad,1971.??.??,1971,?,"Karpov, Anatoly","Savon, Vladimir A",2540.0,2570.0,1/2-1/2,draw,draw,B85,,91,45.5,17,1,2,0,True,True,9,1,True,0,8,0
Karpov.pgn,Karpov,white,"Stein, Leonid",URS-ch39,Leningrad,1971.??.??,1971,?,"Karpov, Anatoly","Stein, Leonid",2540.0,2605.0,1-0,white_win,win,B57,,93,46.5,18,0,2,0,True,True,9,0,True,0,9,0
Karpov.pgn,Karpov,white,"Taimanov, Mark E",URS-ch39,Leningrad,1971.??.??,1971,?,"Karpov, Anatoly","Taimanov, Mark E",2540.0,2600.0,1-0,white_win,win,B44,,97,48.5,24,5,0,0,False,False,12,3,False,0,12,2
Karpov.pgn,Karpov,white,"Tseitlin, Mark D",URS-ch39,Leningrad,1971.??.??,1971,?,"Karpov, Anatoly","Tseitlin, Mark D",2540.0,,1-0,white_win,win,C63,,45,22.5,12,5,1,0,True,False,7,5,True,0,5,0
Karpov.pgn,Karpov,white,"Tukmakov, Vladimir B",URS-ch39,Leningrad,1971.??.??,1971,?,"Karpov, Anatoly","Tukmakov, Vladimir B",2540.0,2565.0,1-0,white_win,win,B44,,109,54.5,21,4,2,0,True,True,11,2,True,0,10,2
Karpov.pgn,Karpov,black,"Krogius, Nikolai V",URS-ch39,Leningrad,1971.??.??,1971,?,"Krogius, Nikolai V","Karpov, Anatoly",2575.0,2540.0,1/2-1/2,draw,draw,E18,,24,12.0,4,0,2,0,True,True,2,0,True,0,2,0
Karpov.pgn,Karpov,black,"Shamkovich, Leonid",URS-ch39,Leningrad,1971.??.??,1971,?,"Shamkovich, Leonid","Karpov, Anatoly",2520.0,2540.0,0-1,black_win,win,A34,,100,50.0,21,3,2,0,True,True,11,1,True,0,10,2
Karpov.pgn,Karpov,black,"Tal, Mihail",URS-ch39,Leningrad,1971.??.??,1971,?,"Tal, Mihail","Karpov, Anatoly",2620.0,2540.0,1/2-1/2,draw,draw,E19,,43,21.5,12,0,2,0,True,True,6,0,True,0,6,0
Karpov.pgn,Karpov,black,"Vaganian, Rafael A",URS-ch39,Leningrad,1971.??.??,1971,?,"Vaganian, Rafael A","Karpov, Anatoly",2510.0,2540.0,1-0,white_win,loss,A14,,53,26.5,11,0,2,0,True,True,5,0,True,0,6,0
Karpov.pgn,Karpov,black,"Polugaevsky, Lev",URS-ch39,Leningrad,1971.??.??,1971,?,"Polugaevsky, Lev","Karpov, Anatoly",2640.0,2540.0,1/2-1/2,draw,draw,A34,,45,22.5,10,0,2,0,True,True,5,0,True,0,5,0
Karpov.pgn,Karpov,black,"Platonov, Igor V",URS-ch39,Leningrad,1971.??.??,1971,?,"Platonov, Igor V","Karpov, Anatoly",2470.0,2540.0,1/2-1/2,draw,draw,A47,,41,20.5,4,0,2,0,True,True,2,0,True,0,2,0
Karpov.pgn,Karpov,white,"Balashov, Yuri S",URS-ch39,Leningrad,1971.??.??,1971,?,"Karpov, Anatoly","Balashov, Yuri S",2540.0,2570.0,1/2-1/2,draw,draw,B61,,48,24.0,14,1,1,0,True,False,7,1,True,0,7,0
Karpov.pgn,Karpov,black,"Tukmakov, Vladimir B",Moscow,Moscow,1971.??.??,1971,?,"Tukmakov, Vladimir B","Karpov, Anatoly",2565.0,2540.0,1/2-1/2,draw,draw,C95,,41,20.5,5,0,2,0,True,True,2,0,True,0,3,0
Karpov.pgn,Karpov,black,"Uhlmann, Wolfgang",Moscow,Moscow,1971.??.??,1971,?,"Uhlmann, Wolfgang","Karpov, Anatoly",2570.0,2540.0,1/2-1/2,draw,draw,A34,,83,41.5,14,4,1,0,True,False,7,0,False,0,7,4
Karpov.pgn,Karpov,black,"Tal, Mihail",Moscow,Moscow,1971.??.??,1971,?,"Tal, Mihail","Karpov, Anatoly",2620.0,2540.0,1/2-1/2,draw,draw,E18,,205,102.5,21,25,2,0,True,True,10,22,True,0,11,3
Karpov.pgn,Karpov,black,"Smyslov, Vassily",Moscow,Moscow,1971.??.??,1971,?,"Smyslov, Vassily","Karpov, Anatoly",2620.0,2540.0,1/2-1/2,draw,draw,E03,,47,23.5,10,1,2,0,True,True,5,0,True,0,5,1
Karpov.pgn,Karpov,black,"Petrosian, Tigran V",Moscow,Moscow,1971.??.??,1971,?,"Petrosian, Tigran V","Karpov, Anatoly",2640.0,2540.0,1/2-1/2,draw,draw,E18,,32,16.0,6,0,2,0,True,True,3,0,True,0,3,0
Karpov.pgn,Karpov,black,"Byrne, Robert E",Moscow,Moscow,1971.??.??,1971,?,"Byrne, Robert E","Karpov, Anatoly",2510.0,2540.0,1/2-1/2,draw,draw,B48,,45,22.5,10,1,2,0,True,True,5,1,True,0,5,0
Karpov.pgn,Karpov,black,"Parma, Bruno",Moscow,Moscow,1971.??.??,1971,?,"Parma, Bruno","Karpov, Anatoly",2530.0,2540.0,1/2-1/2,draw,draw,B82,,104,52.0,16,5,2,0,True,True,8,5,True,0,8,0
Karpov.pgn,Karpov,black,"Lengyel, Levente",Moscow,Moscow,1971.??.??,1971,?,"Lengyel, Levente","Karpov, Anatoly",2485.0,2540.0,0-1,black_win,win,E04,,80,40.0,15,2,2,0,True,True,7,2,True,0,8,0
Karpov.pgn,Karpov,black,"Kortschnoj, Viktor",Moscow,Moscow,1971.??.??,1971,?,"Kortschnoj, Viktor","Karpov, Anatoly",2670.0,2540.0,0-1,black_win,win,A30,,76,38.0,13,0,2,0,True,True,7,0,True,0,6,0
Karpov.pgn,Karpov,white,"Stein, Leonid",Moscow,Moscow,1971.??.??,1971,?,"Karpov, Anatoly","Stein, Leonid",2540.0,2605.0,1/2-1/2,draw,draw,C95,,35,17.5,5,0,2,0,True,True,3,0,True,0,2,0
Karpov.pgn,Karpov,white,"Spassky, Boris V",Moscow,Moscow,1971.??.??,1971,?,"Karpov, Anatoly","Spassky, Boris V",2540.0,2690.0,1/2-1/2,draw,draw,C90,,64,32.0,4,0,2,0,True,True,2,0,True,0,2,0
Karpov.pgn,Karpov,white,"Savon, Vladimir A",Moscow,Moscow,1971.??.??,1971,?,"Karpov, Anatoly","Savon, Vladimir A",2540.0,2570.0,1-0,white_win,win,C82,,47,23.5,9,0,2,0,True,True,5,0,True,0,4,0
Karpov.pgn,Karpov,white,"Olafsson, Fridrik",Moscow,Moscow,1971.??.??,1971,?,"Karpov, Anatoly","Olafsson, Fridrik",2540.0,2570.0,1/2-1/2,draw,draw,B44,,39,19.5,11,0,2,0,True,True,6,0,True,0,5,0
Karpov.pgn,Karpov,white,"Hort, Vlastimil",Moscow,Moscow,1971.??.??,1971,?,"Karpov, Anatoly","Hort, Vlastimil",2540.0,2605.0,1-0,white_win,win,B81,,65,32.5,16,2,0,0,False,False,8,0,False,0,8,2
Karpov.pgn,Karpov,white,"Gheorghiu, Florin",Moscow,Moscow,1971.??.??,1971,?,"Karpov, Anatoly","Gheorghiu, Florin",2540.0,2530.0,1/2-1/2,draw,draw,B92,,36,18.0,6,0,2,0,True,True,3,0,True,0,3,0
Karpov.pgn,Karpov,white,"Bronstein, David I",Moscow,Moscow,1971.??.??,1971,?,"Karpov, Anatoly","Bronstein, David I",2540.0,2590.0,1-0,white_win,win,B92,,105,52.5,24,5,2,0,True,True,11,1,True,0,13,4
Karpov.pgn,Karpov,white,"Balashov, Yuri S",Moscow,Moscow,1971.??.??,1971,?,"Karpov, Anatoly","Balashov, Yuri S",2540.0,2570.0,1/2-1/2,draw,draw,C93,,54,27.0,10,2,2,0,True,True,5,0,True,0,5,2
Karpov.pgn,Karpov,white,"Hug, Werner",WchT U26,Graz,1972.??.??,1972,1,"Karpov, Anatoly","Hug, Werner",2630.0,2475.0,1/2-1/2,draw,draw,B33,,66,33.0,14,5,1,0,True,False,7,4,True,0,7,1
Karpov.pgn,Karpov,black,"Balshan, Amikam",WchT U26,Graz,1972.??.??,1972,2,"Balshan, Amikam","Karpov, Anatoly",2200.0,2630.0,1/2-1/2,draw,draw,C69,,133,66.5,25,6,1,0,True,False,12,3,False,0,13,3
Karpov.pgn,Karpov,white,"Adorjan, Andras",WchT U26,Graz,1972.??.??,1972,3,"Karpov, Anatoly","Adorjan, Andras",2630.0,2475.0,1/2-1/2,draw,draw,D88,,82,41.0,19,4,2,0,True,True,10,3,True,0,9,1
Karpov.pgn,Karpov,black,"Estevez, Guillermo",WchT U26,Graz,1972.??.??,1972,4,"Estevez, Guillermo","Karpov, Anatoly",2395.0,2630.0,0-1,black_win,win,B44,,110,55.0,18,3,2,0,True,True,10,0,True,0,8,3
Karpov.pgn,Karpov,black,"Albano, Marco",WchT U26,Graz,1972.??.??,1972,4,"Albano, Marco","Karpov, Anatoly",2200.0,2630.0,1/2-1/2,draw,draw,B41,,99,49.5,24,5,2,0,True,True,12,4,True,0,12,1
Karpov.pgn,Karpov,white,"Gouveia, Carlos Eduardo",WchT U26,Graz,1972.??.??,1972,5,"Karpov, Anatoly","Gouveia, Carlos Eduardo",2630.0,2200.0,1-0,white_win,win,B43,,103,51.5,16,3,2,0,True,True,9,2,True,0,7,1
Karpov.pgn,Karpov,white,"Huebner, Robert",WchT U26,Graz,1972.??.??,1972,6,"Karpov, Anatoly","Huebner, Robert",2630.0,2590.0,1-0,white_win,win,B42,,148,74.0,20,11,2,0,True,True,11,2,True,0,9,9
Karpov.pgn,Karpov,white,"Stoica, Valentin",WchT U26,Graz,1972.??.??,1972,7,"Karpov, Anatoly","Stoica, Valentin",2630.0,2285.0,1-0,white_win,win,B92,,77,38.5,13,0,2,0,True,True,7,0,True,0,6,0
Karpov.pgn,Karpov,white,"Markland, Peter R",WchT U26,Graz,1972.??.??,1972,8,"Karpov, Anatoly","Markland, Peter R",2630.0,2420.0,1-0,white_win,win,B61,,59,29.5,14,1,2,0,True,True,7,1,True,0,7,0
Karpov.pgn,Karpov,white,"Smyslov, Vassily",URS-chT Moscow,Moscow,1972.??.??,1972,?,"Karpov, Anatoly","Smyslov, Vassily",2630.0,2620.0,1-0,white_win,win,C42,,83,41.5,13,0,2,0,True,True,7,0,True,0,6,0
Karpov.pgn,Karpov,white,"Kuzmin, Gennadi P",URS-chT Moscow,Moscow,1972.??.??,1972,?,"Karpov, Anatoly","Kuzmin, Gennadi P",2630.0,2520.0,1/2-1/2,draw,draw,B44,,60,30.0,6,0,2,0,True,True,3,0,True,0,3,0
Karpov.pgn,Karpov,black,"Dzindzichashvili, Roman",URS-chT Moscow,Moscow,1972.??.??,1972,?,"Dzindzichashvili, Roman","Karpov, Anatoly",2500.0,2630.0,1/2-1/2,draw,draw,E18,,81,40.5,20,2,2,0,True,True,10,0,True,0,10,2
Karpov.pgn,Karpov,white,"Kudriashov, Anatoli",URS-chT Moscow,Moscow,1972.??.??,1972,?,"Karpov, Anatoly","Kudriashov, Anatoli",2630.0,2410.0,1-0,white_win,win,B81,,99,49.5,22,7,1,0,True,False,12,3,True,0,10,4
Karpov.pgn,Karpov,white,"Gipslis, Aivars",URS-chT Moscow,Moscow,1972.??.??,1972,?,"Karpov, Anatoly","Gipslis, Aivars",2630.0,2560.0,0-1,black_win,loss,B07,,70,35.0,11,0,2,0,True,True,5,0,True,0,6,0
Karpov.pgn,Karpov,black,"Karner, Hillar",URS-chT Moscow,Moscow,1972.??.??,1972,?,"Karner, Hillar","Karpov, Anatoly",2200.0,2630.0,1-0,white_win,loss,A46,,85,42.5,16,6,2,0,True,True,9,0,True,0,7,6
Karpov.pgn,Karpov,black,"Stein, Leonid",URS-chT Moscow,Moscow,1972.??.??,1972,?,"Stein, Leonid","Karpov, Anatoly",2620.0,2630.0,0-1,black_win,win,D85,,82,41.0,19,4,2,0,True,True,10,0,True,0,9,4
Karpov.pgn,Karpov,white,"Taimanov, Mark E",URS-chT Moscow,Moscow,1972.??.??,1972,?,"Karpov, Anatoly","Taimanov, Mark E",2630.0,2590.0,1-0,white_win,win,B42,,79,39.5,18,4,2,0,True,True,9,3,True,0,9,1
Karpov.pgn,Karpov,white,"Byrne, Donald",San Antonio,San Antonio,1972.??.??,1972,?,"Karpov, Anatoly","Byrne, Donald",2630.0,2470.0,1-0,white_win,win,B77,,79,39.5,19,3,2,0,True,True,10,3,True,0,9,0
Karpov.pgn,Karpov,black,"Saidy, Anthony Fred",San Antonio,San Antonio,1972.??.??,1972,?,"Saidy, Anthony Fred","Karpov, Anatoly",2425.0,2630.0,0-1,black_win,win,A05,,104,52.0,14,0,2,0,True,True,7,0,True,0,7,0
Karpov.pgn,Karpov,black,"Suttles, Duncan",San Antonio,San Antonio,1972.??.??,1972,?,"Suttles, Duncan","Karpov, Anatoly",2470.0,2630.0,0-1,black_win,win,B20,,120,60.0,21,5,2,0,True,True,11,3,True,0,10,2
Karpov.pgn,Karpov,black,"Larsen, Bent",San Antonio,San Antonio,1972.??.??,1972,?,"Larsen, Bent","Karpov, Anatoly",2625.0,2630.0,1/2-1/2,draw,draw,A30,,65,32.5,14,2,2,0,True,True,7,1,True,0,7,1
Karpov.pgn,Karpov,white,"Kaplan, Julio P",San Antonio,San Antonio,1972.??.??,1972,?,"Karpov, Anatoly","Kaplan, Julio P",2630.0,2470.0,1/2-1/2,draw,draw,B37,,69,34.5,18,3,2,0,True,True,9,3,True,0,9,0
Karpov.pgn,Karpov,white,"Browne, Walter S",San Antonio,San Antonio,1972.??.??,1972,?,"Karpov, Anatoly","Browne, Walter S",2630.0,2530.0,1-0,white_win,win,A30,,117,58.5,25,2,2,1,True,True,12,2,True,1,13,0
Karpov.pgn,Karpov,black,"Hort, Vlastimil",San Antonio,San Antonio,1972.??.??,1972,?,"Hort, Vlastimil","Karpov, Anatoly",2600.0,2630.0,1/2-1/2,draw,draw,B46,,35,17.5,4,0,2,0,True,True,2,0,True,0,2,0
Karpov.pgn,Karpov,black,"Evans, Larry Melvyn",San Antonio,San Antonio,1972.??.??,1972,?,"Evans, Larry Melvyn","Karpov, Anatoly",2545.0,2630.0,1/2-1/2,draw,draw,A37,,68,34.0,18,2,2,0,True,True,9,2,True,0,9,0
Karpov.pgn,Karpov,white,"Campos Lopez, Mario",San Antonio,San Antonio,1972.??.??,1972,?,"Karpov, Anatoly","Campos Lopez, Mario",2630.0,2200.0,1-0,white_win,win,B04,,45,22.5,9,0,2,0,True,True,5,0,True,0,4,0
Karpov.pgn,Karpov,white,"Gligoric, Svetozar",San Antonio,San Antonio,1972.??.??,1972,?,"Karpov, Anatoly","Gligoric, Svetozar",2630.0,2575.0,1-0,white_win,win,C94,,103,51.5,10,2,2,0,True,True,5,1,True,0,5,1
Karpov.pgn,Karpov,black,"Portisch, Lajos",San Antonio,San Antonio,1972.??.??,1972,?,"Portisch, Lajos","Karpov, Anatoly",2640.0,2630.0,1-0,white_win,loss,E55,,51,25.5,14,0,2,0,True,True,7,0,True,0,7,0
Karpov.pgn,Karpov,black,"Petrosian, Tigran V",San Antonio,San Antonio,1972.??.??,1972,?,"Petrosian, Tigran V","Karpov, Anatoly",2645.0,2630.0,1/2-1/2,draw,draw,E14,,58,29.0,14,0,2,0,True,True,7,0,True,0,7,0
Karpov.pgn,Karpov,white,"Smith, Kenneth R",San Antonio,San Antonio,1972.??.??,1972,?,"Karpov, Anatoly","Smith, Kenneth R",2630.0,2395.0,1-0,white_win,win,B81,,139,69.5,25,8,2,0,True,True,13,4,True,0,12,4
Karpov.pgn,Karpov,black,"Keres, Paul",San Antonio,San Antonio,1972.??.??,1972,?,"Keres, Paul","Karpov, Anatoly",2600.0,2630.0,1/2-1/2,draw,draw,E54,,41,20.5,10,0,2,0,True,True,5,0,True,0,5,0
Karpov.pgn,Karpov,black,"Sloth, Jorn",Skopje ol (Men) prel,Skopje,1972.??.??,1972,2,"Sloth, Jorn","Karpov, Anatoly",2385.0,2630.0,0-1,black_win,win,A37,,82,41.0,15,1,2,0,True,True,8,1,True,0,7,0
Karpov.pgn,Karpov,white,"Dueball, Juergen",Skopje ol (Men) fin-A,Skopje,1972.??.??,1972,2,"Karpov, Anatoly","Dueball, Juergen",2630.0,2425.0,1-0,white_win,win,B76,,127,63.5,26,8,2,0,True,True,14,4,True,0,12,4
Karpov.pgn,Karpov,white,"Cobo Arteaga, Eldis",Skopje ol (Men) prel,Skopje,1972.??.??,1972,3,"Karpov, Anatoly","Cobo Arteaga, Eldis",2630.0,2420.0,1-0,white_win,win,B85,,57,28.5,8,1,2,0,True,True,5,1,True,0,3,0
Karpov.pgn,Karpov,black,"Padevsky, Nikola",Skopje ol (Men) fin-A,Skopje,1972.??.??,1972,4,"Padevsky, Nikola","Karpov, Anatoly",2430.0,2630.0,1-0,white_win,loss,B22,,131,65.5,26,7,2,0,True,True,12,2,True,0,14,5
Karpov.pgn,Karpov,black,"Saren, Ilkka J",Skopje ol (Men) prel,Skopje,1972.??.??,1972,6,"Saren, Ilkka J","Karpov, Anatoly",2200.0,2630.0,0-1,black_win,win,B44,,60,30.0,12,3,2,0,True,True,6,3,True,0,6,0
Karpov.pgn,Karpov,black,"Sznapik, Aleksander",Skopje ol (Men) fin-A,Skopje,1972.??.??,1972,6,"Sznapik, Aleksander","Karpov, Anatoly",2365.0,2630.0,0-1,black_win,win,A08,,70,35.0,9,2,2,0,True,True,4,2,True,0,5,0
Karpov.pgn,Karpov,black,"Alvarez, Franklin",Skopje ol (Men) prel,Skopje,1972.??.??,1972,6,"Alvarez, Franklin","Karpov, Anatoly",2200.0,2630.0,0-1,black_win,win,B43,,60,30.0,10,3,2,0,True,True,5,3,True,0,5,0
Karpov.pgn,Karpov,white,"Uddenfeldt, Dan",Skopje ol (Men) fin-A,Skopje,1972.??.??,1972,7,"Karpov, Anatoly","Uddenfeldt, Dan",2630.0,2270.0,1-0,white_win,win,B82,,54,27.0,8,1,1,0,True,False,4,1,True,0,4,0
Karpov.pgn,Karpov,white,"Wirthensohn, Heinz",Skopje ol (Men) fin-A,Skopje,1972.??.??,1972,8,"Karpov, Anatoly","Wirthensohn, Heinz",2630.0,2315.0,1-0,white_win,win,B93,,87,43.5,16,5,2,0,True,True,8,2,True,0,8,3
Karpov.pgn,Karpov,white,"Jansa, Vlastimil",Skopje ol (Men) fin-A,Skopje,1972.??.??,1972,9,"Karpov, Anatoly","Jansa, Vlastimil",2630.0,2480.0,1/2-1/2,draw,draw,B44,,80,40.0,6,0,2,0,True,True,3,0,True,0,3,0
Karpov.pgn,Karpov,white,"Pedersen, Eigil",Skopje ol (Men) fin-A,Skopje,1972.??.??,1972,10,"Karpov, Anatoly","Pedersen, Eigil",2630.0,2375.0,1-0,white_win,win,C03,,57,28.5,15,8,2,0,True,True,7,7,True,0,8,1
Karpov.pgn,Karpov,black,"Bisguier, Arthur Bernard",Skopje ol (Men) fin-A,Skopje,1972.??.??,1972,12,"Bisguier, Arthur Bernard","Karpov, Anatoly",2430.0,2630.0,0-1,black_win,win,D94,,64,32.0,14,0,2,0,True,True,7,0,True,0,7,0
Karpov.pgn,Karpov,white,"Visier Segovia, Fernando",Skopje ol (Men) fin-A,Skopje,1972.??.??,1972,13,"Karpov, Anatoly","Visier Segovia, Fernando",2630.0,2365.0,1-0,white_win,win,B42,,95,47.5,20,1,2,0,True,True,10,0,True,0,10,1
Karpov.pgn,Karpov,black,"Hase, Juan C",Skopje ol (Men) fin-A,Skopje,1972.??.??,1972,14,"Hase, Juan C","Karpov, Anatoly",2200.0,2630.0,1/2-1/2,draw,draw,C22,,42,21.0,8,0,2,0,True,True,4,0,True,0,4,0
Karpov.pgn,Karpov,white,"Ungureanu, Emil",Skopje ol (Men) fin-A,Skopje,1972.??.??,1972,15,"Karpov, Anatoly","Ungureanu, Emil",2630.0,2410.0,1-0,white_win,win,B65,,57,28.5,13,2,2,0,True,True,7,2,True,0,6,0
Karpov.pgn,Karpov,white,"Whiteley, Andrew J",EU-chT,Bath,1973.??.??,1973,1,"Karpov, Anatoly","Whiteley, Andrew J",2660.0,2340.0,1-0,white_win,win,B79,,63,31.5,14,2,2,0,True,True,7,1,True,0,7,1
Karpov.pgn,Karpov,black,"Ghizdavu, Dumitru",EU-chT,Bath,1973.??.??,1973,2,"Ghizdavu, Dumitru","Karpov, Anatoly",2450.0,2660.0,0-1,black_win,win,B93,,114,57.0,22,3,2,0,True,True,11,2,True,0,11,1
Karpov.pgn,Karpov,black,"Matanovic, Aleksandar",EU-chT,Bath,1973.??.??,1973,4,"Matanovic, Aleksandar","Karpov, Anatoly",2490.0,2660.0,1/2-1/2,draw,draw,C95,,53,26.5,6,0,2,0,True,True,3,0,True,0,3,0
Karpov.pgn,Karpov,white,"Schauwecker, Meinrad",EU-chT,Bath,1973.??.??,1973,5,"Karpov, Anatoly","Schauwecker, Meinrad",2660.0,,1-0,white_win,win,A33,,89,44.5,9,1,2,0,True,True,5,1,True,0,4,0
Karpov.pgn,Karpov,black,"Hecht, Hans Joachim",EU-chT,Bath,1973.??.??,1973,6,"Hecht, Hans Joachim","Karpov, Anatoly",2505.0,2660.0,1/2-1/2,draw,draw,C02,,85,42.5,20,2,2,0,True,True,11,0,True,0,9,2
Karpov.pgn,Karpov,white,"Ribli, Zoltan",EU-chT,Bath,1973.??.??,1973,7,"Karpov, Anatoly","Ribli, Zoltan",2660.0,2525.0,1-0,white_win,win,B52,,141,70.5,21,6,2,0,True,True,11,3,True,0,10,3
Karpov.pgn,Karpov,white,"Hecht, Hans Joachim",Tungsram Budapest,Budapest,1973.??.??,1973,1,"Karpov, Anatoly","Hecht, Hans Joachim",,,1/2-1/2,draw,draw,A29,,106,53.0,24,4,2,0,True,True,12,3,True,0,12,1
Karpov.pgn,Karpov,white,"Hort, Vlastimil",Tungsram Budapest,Budapest,1973.??.??,1973,2,"Karpov, Anatoly","Hort, Vlastimil",,,1-0,white_win,win,C06,,89,44.5,18,1,2,0,True,True,9,1,True,0,9,0
Karpov.pgn,Karpov,black,"Geller, Efim P",Tungsram Budapest,Budapest,1973.??.??,1973,3,"Geller, Efim P","Karpov, Anatoly",,,1/2-1/2,draw,draw,C95,,106,53.0,18,1,2,0,True,True,9,1,True,0,9,0
Karpov.pgn,Karpov,white,"Szabo, Laszlo",Tungsram Budapest,Budapest,1973.??.??,1973,4,"Karpov, Anatoly","Szabo, Laszlo",,,1/2-1/2,draw,draw,B53,,76,38.0,16,1,2,0,True,True,8,1,True,0,8,0
Karpov.pgn,Karpov,black,"Ciocaltea, Victor",Tungsram Budapest,Budapest,1973.??.??,1973,5,"Ciocaltea, Victor","Karpov, Anatoly",,,1/2-1/2,draw,draw,A04,,23,11.5,2,0,2,0,True,True,1,0,True,0,1,0
Karpov.pgn,Karpov,white,"Lengyel, Levente",Tungsram Budapest,Budapest,1973.??.??,1973,6,"Karpov, Anatoly","Lengyel, Levente",,,1/2-1/2,draw,draw,C94,,97,48.5,18,8,2,0,True,True,9,1,True,0,9,7
Karpov.pgn,Karpov,black,"Antoshin, Vladimir S",Tungsram Budapest,Budapest,1973.??.??,1973,7,"Antoshin, Vladimir S","Karpov, Anatoly",,,1/2-1/2,draw,draw,E18,,32,16.0,10,0,2,0,True,True,5,0,True,0,5,0
Karpov.pgn,Karpov,white,"Sax, Gyula",Tungsram Budapest,Budapest,1973.??.??,1973,8,"Karpov, Anatoly","Sax, Gyula",,,1-0,white_win,win,E64,,83,41.5,12,1,2,0,True,True,6,1,True,0,6,0
Karpov.pgn,Karpov,black,"Forintos, Gyozo V",Tungsram Budapest,Budapest,1973.??.??,1973,9,"Forintos, Gyozo V","Karpov, Anatoly",,,1/2-1/2,draw,draw,D37,,127,63.5,27,4,2,0,True,True,13,2,True,0,14,2
Karpov.pgn,Karpov,white,"Adorjan, Andras",Tungsram Budapest,Budapest,1973.??.??,1973,10,"Karpov, Anatoly","Adorjan, Andras",,,1-0,white_win,win,D91,,85,42.5,23,5,1,0,False,True,12,0,False,0,11,5
Karpov.pgn,Karpov,black,"Ribli, Zoltan",Tungsram Budapest,Budapest,1973.??.??,1973,11,"Ribli, Zoltan","Karpov, Anatoly",,,1/2-1/2,draw,draw,B49,,177,88.5,27,23,2,0,True,True,14,10,True,0,13,13
Karpov.pgn,Karpov,white,"Vaganian, Rafael A",Tungsram Budapest,Budapest,1973.??.??,1973,12,"Karpov, Anatoly","Vaganian, Rafael A",,,1-0,white_win,win,C09,,118,59.0,22,13,2,0,True,True,12,4,True,0,10,9
Karpov.pgn,Karpov,black,"Bilek, Istvan",Tungsram Budapest,Budapest,1973.??.??,1973,13,"Bilek, Istvan","Karpov, Anatoly",,,1/2-1/2,draw,draw,A36,,28,14.0,8,0,2,0,True,True,4,0,True,0,4,0
Karpov.pgn,Karpov,white,"Csom, Istvan",Tungsram Budapest,Budapest,1973.??.??,1973,14,"Karpov, Anatoly","Csom, Istvan",,,1/2-1/2,draw,draw,B53,,84,42.0,19,4,1,0,True,False,9,3,True,0,10,1
Karpov.pgn,Karpov,black,"Velimirovic, Dragoljub",Tungsram Budapest,Budapest,1973.??.??,1973,15,"Velimirovic, Dragoljub","Karpov, Anatoly",,,1/2-1/2,draw,draw,C98,,39,19.5,0,0,2,0,True,True,0,0,True,0,0,0
Karpov.pgn,Karpov,black,"Estevez, Guillermo",Leningrad Interzonal,Leningrad,1973.??.??,1973,1,"Estevez, Guillermo","Karpov, Anatoly",2385.0,2645.0,0-1,black_win,win,D58,,111,55.5,19,1,2,0,True,True,10,0,True,0,9,1
Karpov.pgn,Karpov,white,"Huebner, Robert",Leningrad Interzonal,Leningrad,1973.??.??,1973,2,"Karpov, Anatoly","Huebner, Robert",2645.0,2600.0,1/2-1/2,draw,draw,B42,,81,40.5,19,3,2,0,True,True,9,3,True,0,10,0
Karpov.pgn,Karpov,black,"Tukmakov, Vladimir B",Leningrad Interzonal,Leningrad,1973.??.??,1973,3,"Tukmakov, Vladimir B","Karpov, Anatoly",2560.0,2645.0,0-1,black_win,win,C95,,66,33.0,14,2,2,0,True,True,7,1,True,0,7,1
Karpov.pgn,Karpov,white,"Kortschnoj, Viktor",Leningrad Interzonal,Leningrad,1973.??.??,1973,4,"Karpov, Anatoly","Kortschnoj, Viktor",2645.0,2635.0,1/2-1/2,draw,draw,B08,,36,18.0,2,0,2,0,True,True,1,0,True,0,1,0
Karpov.pgn,Karpov,black,"Taimanov, Mark E",Leningrad Interzonal,Leningrad,1973.??.??,1973,5,"Taimanov, Mark E","Karpov, Anatoly",2595.0,2645.0,1/2-1/2,draw,draw,E46,,79,39.5,18,0,2,0,True,True,9,0,True,0,9,0
Karpov.pgn,Karpov,black,"Cuellar Gacharna, Miguel",Leningrad Interzonal,Leningrad,1973.??.??,1973,6,"Cuellar Gacharna, Miguel","Karpov, Anatoly",2400.0,2645.0,0-1,black_win,win,A31,,111,55.5,16,2,2,0,True,True,9,1,True,0,7,1
Karpov.pgn,Karpov,white,"Kuzmin, Gennadi P",Leningrad Interzonal,Leningrad,1973.??.??,1973,7,"Karpov, Anatoly","Kuzmin, Gennadi P",2645.0,2565.0,1-0,white_win,win,C09,,77,38.5,15,1,2,0,True,True,8,0,True,0,7,1
Karpov.pgn,Karpov,black,"Tal, Mihail",Leningrad Interzonal,Leningrad,1973.??.??,1973,8,"Tal, Mihail","Karpov, Anatoly",2655.0,2645.0,1/2-1/2,draw,draw,C95,,94,47.0,19,0,2,0,True,True,10,0,True,0,9,0
Karpov.pgn,Karpov,white,"Quinteros, Miguel A",Leningrad Interzonal,Leningrad,1973.??.??,1973,9,"Karpov, Anatoly","Quinteros, Miguel A",2645.0,2480.0,1-0,white_win,win,B97,,73,36.5,14,3,2,0,True,True,8,2,True,0,6,1
Karpov.pgn,Karpov,black,"Larsen, Bent",Leningrad Interzonal,Leningrad,1973.??.??,1973,10,"Larsen, Bent","Karpov, Anatoly",2620.0,2645.0,1/2-1/2,draw,draw,A36,,42,21.0,10,0,2,0,True,True,5,0,True,0,5,0
Karpov.pgn,Karpov,white,"Byrne, Robert E",Leningrad Interzonal,Leningrad,1973.??.??,1973,11,"Karpov, Anatoly","Byrne, Robert E",2645.0,2570.0,1/2-1/2,draw,draw,B92,,42,21.0,9,0,2,0,True,True,4,0,True,0,5,0
Karpov.pgn,Karpov,black,"Uhlmann, Wolfgang",Leningrad Interzonal,Leningrad,1973.??.??,1973,12,"Uhlmann, Wolfgang","Karpov, Anatoly",2550.0,2645.0,0-1,black_win,win,D42,,90,45.0,14,0,2,0,True,True,8,0,True,0,6,0
Karpov.pgn,Karpov,white,"Gligoric, Svetozar",Leningrad Interzonal,Leningrad,1973.??.??,1973,13,"Karpov, Anatoly","Gligoric, Svetozar",2645.0,2595.0,1-0,white_win,win,C95,,125,62.5,19,8,2,0,True,True,10,4,True,0,9,4
Karpov.pgn,Karpov,black,"Rukavina, Josip",Leningrad Interzonal,Leningrad,1973.??.??,1973,14,"Rukavina, Josip","Karpov, Anatoly",2460.0,2645.0,0-1,black_win,win,A32,,97,48.5,17,3,2,0,True,True,9,2,True,0,8,1
Karpov.pgn,Karpov,white,"Radulov, Ivan",Leningrad Interzonal,Leningrad,1973.??.??,1973,15,"Karpov, Anatoly","Radulov, Ivan",2645.0,2510.0,1/2-1/2,draw,draw,A37,,78,39.0,22,3,2,0,True,True,11,3,True,0,11,0
Karpov.pgn,Karpov,black,"Smejkal, Jan",Leningrad Interzonal,Leningrad,1973.??.??,1973,16,"Smejkal, Jan","Karpov, Anatoly",2570.0,2645.0,0-1,black_win,win,B49,,144,72.0,27,12,2,0,True,True,14,9,True,0,13,3
Karpov.pgn,Karpov,white,"Torre, Eugenio",Leningrad Interzonal,Leningrad,1973.??.??,1973,17,"Karpov, Anatoly","Torre, Eugenio",2645.0,2430.0,1-0,white_win,win,B04,,47,23.5,6,0,2,0,True,True,3,0,True,0,3,0
Karpov.pgn,Karpov,white,"Pomar Salamanca, Arturo",Madrid,Madrid,1973.??.??,1973,1,"Karpov, Anatoly","Pomar Salamanca, Arturo",2660.0,2435.0,1-0,white_win,win,B11,,113,56.5,24,5,2,0,True,True,13,4,True,0,11,1
Karpov.pgn,Karpov,black,"Panno, Oscar",Madrid,Madrid,1973.??.??,1973,2,"Panno, Oscar","Karpov, Anatoly",2585.0,2660.0,1/2-1/2,draw,draw,A12,,45,22.5,10,0,2,0,True,True,5,0,True,0,5,0
Karpov.pgn,Karpov,white,"Andersson, Ulf",Madrid,Madrid,1973.??.??,1973,3,"Karpov, Anatoly","Andersson, Ulf",2660.0,2555.0,1-0,white_win,win,E16,,75,37.5,16,1,2,0,True,True,9,0,True,0,7,1
Karpov.pgn,Karpov,black,"Tukmakov, Vladimir B",Madrid,Madrid,1973.??.??,1973,4,"Tukmakov, Vladimir B","Karpov, Anatoly",2545.0,2660.0,1/2-1/2,draw,draw,E19,,33,16.5,6,0,2,0,True,True,3,0,True,0,3,0
Karpov.pgn,Karpov,white,"Bellon Lopez, Juan Manuel",Madrid,Madrid,1973.??.??,1973,5,"Karpov, Anatoly","Bellon Lopez, Juan Manuel",2660.0,2400.0,1/2-1/2,draw,draw,A25,,97,48.5,22,6,2,0,True,True,11,4,True,0,11,2
Karpov.pgn,Karpov,black,"Ljubojevic, Ljubomir",Madrid,Madrid,1973.??.??,1973,6,"Ljubojevic, Ljubomir","Karpov, Anatoly",2565.0,2660.0,1/2-1/2,draw,draw,B44,,51,25.5,8,0,2,0,True,True,4,0,True,0,4,0
Karpov.pgn,Karpov,white,"Browne, Walter S",Madrid,Madrid,1973.??.??,1973,7,"Karpov, Anatoly","Browne, Walter S",2660.0,2530.0,1/2-1/2,draw,draw,A43,,110,55.0,25,5,2,0,True,True,13,1,True,0,12,4
Karpov.pgn,Karpov,black,"Garcia Martinez, Silvino",Madrid,Madrid,1973.??.??,1973,8,"Garcia Martinez, Silvino","Karpov, Anatoly",2450.0,2660.0,0-1,black_win,win,B42,,136,68.0,25,8,2,0,True,True,13,8,True,0,12,0
Karpov.pgn,Karpov,white,"Hort, Vlastimil",Madrid,Madrid,1973.??.??,1973,9,"Karpov, Anatoly","Hort, Vlastimil",2660.0,2590.0,1/2-1/2,draw,draw,B19,,39,19.5,8,0,2,0,True,True,4,0,True,0,4,0
Karpov.pgn,Karpov,white,"Furman, Semen Abramovich",Madrid,Madrid,1973.??.??,1973,10,"Karpov, Anatoly","Furman, Semen Abramovich",2660.0,2540.0,1/2-1/2,draw,draw,C68,,45,22.5,11,1,2,0,True,True,6,1,True,0,5,0
Karpov.pgn,Karpov,black,"Kaplan, Julio P",Madrid,Madrid,1973.??.??,1973,11,"Kaplan, Julio P","Karpov, Anatoly",2455.0,2660.0,0-1,black_win,win,B47,,104,52.0,24,1,2,0,True,True,12,1,True,0,12,0
Karpov.pgn,Karpov,white,"Uhlmann, Wolfgang",Madrid,Madrid,1973.??.??,1973,12,"Karpov, Anatoly","Uhlmann, Wolfgang",2660.0,2560.0,1-0,white_win,win,C09,,83,41.5,17,5,2,0,True,True,9,1,True,0,8,4
Karpov.pgn,Karpov,black,"Calvo Minguez, Ricardo",Madrid,Madrid,1973.??.??,1973,13,"Calvo Minguez, Ricardo","Karpov, Anatoly",2470.0,2660.0,0-1,black_win,win,A08,,70,35.0,2,0,2,0,True,True,1,0,True,0,1,0
Karpov.pgn,Karpov,white,"Portisch, Lajos",Madrid,Madrid,1973.??.??,1973,14,"Karpov, Anatoly","Portisch, Lajos",2660.0,2650.0,1/2-1/2,draw,draw,C95,,100,50.0,22,1,2,0,True,True,11,0,True,0,11,1
Karpov.pgn,Karpov,black,"Planinec, Albin",Madrid,Madrid,1973.??.??,1973,15,"Planinec, Albin","Karpov, Anatoly",2525.0,2660.0,0-1,black_win,win,B47,,84,42.0,18,5,1,0,True,False,10,1,False,0,8,4
Karpov.pgn,Karpov,white,"Tal, Mihail",URS-ch41,Moscow,1973.??.??,1973,?,"Karpov, Anatoly","Tal, Mihail",2660.0,2660.0,1/2-1/2,draw,draw,D46,,42,21.0,4,0,2,0,True,True,2,0,True,0,2,0
Karpov.pgn,Karpov,white,"Sveshnikov, Evgeny",URS-ch41,Moscow,1973.??.??,1973,?,"Karpov, Anatoly","Sveshnikov, Evgeny",2660.0,,1/2-1/2,draw,draw,B33,,88,44.0,23,4,2,0,True,True,11,1,True,0,12,3
Karpov.pgn,Karpov,black,"Keres, Paul",URS-ch41,Moscow,1973.??.??,1973,?,"Keres, Paul","Karpov, Anatoly",2580.0,2660.0,1/2-1/2,draw,draw,E19,,45,22.5,12,1,2,0,True,True,6,1,True,0,6,0
Karpov.pgn,Karpov,black,"Averkin, Orest N",URS-ch41,Moscow,1973.??.??,1973,?,"Averkin, Orest N","Karpov, Anatoly",2460.0,2660.0,1/2-1/2,draw,draw,A30,,57,28.5,16,1,2,0,True,True,8,0,True,0,8,1
Karpov.pgn,Karpov,black,"Beliavsky, Alexander G",URS-ch41,Moscow,1973.??.??,1973,?,"Beliavsky, Alexander G","Karpov, Anatoly",2450.0,2660.0,0-1,black_win,win,E54,,144,72.0,24,17,2,0,True,True,13,9,True,0,11,8
Karpov.pgn,Karpov,white,"Geller, Efim P",URS-ch41,Moscow,1973.??.??,1973,?,"Karpov, Anatoly","Geller, Efim P",2660.0,2605.0,1/2-1/2,draw,draw,C88,,60,30.0,8,0,2,0,True,True,4,0,True,0,4,0
Karpov.pgn,Karpov,white,"Grigorian, Karen Ashotovich",URS-ch41,Moscow,1973.??.??,1973,?,"Karpov, Anatoly","Grigorian, Karen Ashotovich",2660.0,2485.0,1/2-1/2,draw,draw,D41,,84,42.0,23,6,2,0,True,True,12,2,True,0,11,4
Karpov.pgn,Karpov,white,"Kuzmin, Gennadi P",URS-ch41,Moscow,1973.??.??,1973,?,"Karpov, Anatoly","Kuzmin, Gennadi P",2660.0,2575.0,1-0,white_win,win,B93,,75,37.5,14,0,2,0,True,True,8,0,True,0,6,0
Karpov.pgn,Karpov,white,"Polugaevsky, Lev",URS-ch41,Moscow,1973.??.??,1973,?,"Karpov, Anatoly","Polugaevsky, Lev",2660.0,2625.0,1/2-1/2,draw,draw,D47,,69,34.5,19,5,1,0,True,False,9,3,True,0,10,2
Karpov.pgn,Karpov,white,"Rashkovsky, Nukhim N",URS-ch41,Moscow,1973.??.??,1973,?,"Karpov, Anatoly","Rashkovsky, Nukhim N",2660.0,2485.0,1-0,white_win,win,E91,,107,53.5,16,4,2,0,True,True,8,1,True,0,8,3
Karpov.pgn,Karpov,white,"Savon, Vladimir A",URS-ch41,Moscow,1973.??.??,1973,?,"Karpov, Anatoly","Savon, Vladimir A",2660.0,2575.0,1-0,white_win,win,A30,,81,40.5,12,3,2,0,True,True,6,1,True,0,6,2
Karpov.pgn,Karpov,white,"Spassky, Boris V",URS-ch41,Moscow,1973.??.??,1973,?,"Karpov, Anatoly","Spassky, Boris V",2660.0,2655.0,1/2-1/2,draw,draw,C98,,117,58.5,18,6,2,0,True,True,8,0,True,0,10,6
Karpov.pgn,Karpov,black,"Tukmakov, Vladimir B",URS-ch41,Moscow,1973.??.??,1973,?,"Tukmakov, Vladimir B","Karpov, Anatoly",2545.0,2660.0,1/2-1/2,draw,draw,B42,,85,42.5,19,3,2,0,True,True,9,1,True,0,10,2
Karpov.pgn,Karpov,black,"Taimanov, Mark E",URS-ch41,Moscow,1973.??.??,1973,?,"Taimanov, Mark E","Karpov, Anatoly",2585.0,2660.0,1/2-1/2,draw,draw,E56,,39,19.5,9,1,2,0,True,True,4,0,True,0,5,1
Karpov.pgn,Karpov,black,"Smyslov, Vassily",URS-ch41,Moscow,1973.??.??,1973,?,"Smyslov, Vassily","Karpov, Anatoly",2610.0,2660.0,1/2-1/2,draw,draw,B92,,57,28.5,18,1,2,0,True,True,9,1,True,0,9,0
Karpov.pgn,Karpov,black,"Petrosian, Tigran V",URS-ch41,Moscow,1973.??.??,1973,?,"Petrosian, Tigran V","Karpov, Anatoly",2640.0,2660.0,1-0,white_win,loss,E14,,129,64.5,20,6,2,0,True,True,10,1,True,0,10,5
Karpov.pgn,Karpov,black,"Kortschnoj, Viktor",URS-ch41,Moscow,1973.??.??,1973,?,"Kortschnoj, Viktor","Karpov, Anatoly",2650.0,2660.0,0-1,black_win,win,A05,,81,40.5,15,1,2,0,True,True,7,0,True,0,8,1
Karpov.pgn,Karpov,black,"Taimanov, Mark E",Moscow-3teams,Moscow,1973.??.??,1973,2,"Taimanov, Mark E","Karpov, Anatoly",,,0-1,black_win,win,E55,,78,39.0,16,3,2,0,True,True,8,3,True,0,8,0
Karpov.pgn,Karpov,white,"Spassky, Boris V",Moscow-3teams,Moscow,1973.??.??,1973,3,"Karpov, Anatoly","Spassky, Boris V",,,1-0,white_win,win,C94,,67,33.5,9,0,2,0,True,True,5,0,True,0,4,0
Karpov.pgn,Karpov,white,"Taimanov, Mark E",Moscow-3teams,Moscow,1973.??.??,1973,4,"Karpov, Anatoly","Taimanov, Mark E",,,1/2-1/2,draw,draw,B44,,88,44.0,19,2,2,0,True,True,10,2,True,0,9,0
Karpov.pgn,Karpov,black,"Spassky, Boris V",Moscow-3teams,Moscow,1973.??.??,1973,6,"Spassky, Boris V","Karpov, Anatoly",,,1/2-1/2,draw,draw,A34,,36,18.0,13,0,2,0,True,True,6,0,True,0,7,0
Karpov.pgn,Karpov,white,"Spassky, Boris V",Candidats sf1,Leningrad,1974.??.??,1974,1,"Karpov, Anatoly","Spassky, Boris V",2700.0,2650.0,0-1,black_win,loss,B83,,126,63.0,22,6,2,0,True,True,11,3,True,0,11,3
Karpov.pgn,Karpov,black,"Spassky, Boris V",Candidats sf1,Leningrad,1974.??.??,1974,2,"Spassky, Boris V","Karpov, Anatoly",2650.0,2700.0,1/2-1/2,draw,draw,B18,,33,16.5,8,0,2,0,True,True,4,0,True,0,4,0
Karpov.pgn,Karpov,white,"Spassky, Boris V",Candidats sf1,Leningrad,1974.??.??,1974,3,"Karpov, Anatoly","Spassky, Boris V",2700.0,2650.0,1-0,white_win,win,E91,,109,54.5,19,4,2,0,True,True,10,4,True,0,9,0
Karpov.pgn,Karpov,black,"Spassky, Boris V",Candidats sf1,Leningrad,1974.??.??,1974,4,"Spassky, Boris V","Karpov, Anatoly",2650.0,2700.0,1/2-1/2,draw,draw,B19,,84,42.0,25,5,0,0,False,False,13,5,False,0,12,0
Karpov.pgn,Karpov,white,"Spassky, Boris V",Candidats sf1,Leningrad,1974.??.??,1974,5,"Karpov, Anatoly","Spassky, Boris V",2700.0,2650.0,1/2-1/2,draw,draw,E59,,82,41.0,20,3,2,0,True,True,10,1,True,0,10,2
Karpov.pgn,Karpov,black,"Spassky, Boris V",Candidats sf1,Leningrad,1974.??.??,1974,6,"Spassky, Boris V","Karpov, Anatoly",2650.0,2700.0,0-1,black_win,win,B18,,110,55.0,23,2,2,0,True,True,12,2,True,0,11,0
Karpov.pgn,Karpov,white,"Spassky, Boris V",Candidats sf1,Leningrad,1974.??.??,1974,7,"Karpov, Anatoly","Spassky, Boris V",2700.0,2650.0,1/2-1/2,draw,draw,A84,,81,40.5,13,1,2,0,True,True,7,0,True,0,6,1
Karpov.pgn,Karpov,black,"Spassky, Boris V",Candidats sf1,Leningrad,1974.??.??,1974,8,"Spassky, Boris V","Karpov, Anatoly",2650.0,2700.0,1/2-1/2,draw,draw,B19,,78,39.0,23,3,2,0,True,True,11,3,True,0,12,0
Karpov.pgn,Karpov,white,"Spassky, Boris V",Candidats sf1,Leningrad,1974.??.??,1974,9,"Karpov, Anatoly","Spassky, Boris V",2700.0,2650.0,1-0,white_win,win,B83,,69,34.5,11,0,2,0,True,True,6,0,True,0,5,0
Karpov.pgn,Karpov,black,"Spassky, Boris V",Candidats sf1,Leningrad,1974.??.??,1974,10,"Spassky, Boris V","Karpov, Anatoly",2650.0,2700.0,1/2-1/2,draw,draw,C95,,120,60.0,16,0,2,0,True,True,8,0,True,0,8,0
Karpov.pgn,Karpov,white,"Spassky, Boris V",Candidats sf1,Leningrad,1974.??.??,1974,11,"Karpov, Anatoly","Spassky, Boris V",2700.0,2650.0,1-0,white_win,win,D58,,69,34.5,13,1,2,0,True,True,8,1,True,0,5,0
Karpov.pgn,Karpov,black,"Polugaevsky, Lev",Candidats qf1,Moscow,1974.??.??,1974,1,"Polugaevsky, Lev","Karpov, Anatoly",2630.0,2700.0,1/2-1/2,draw,draw,E56,,64,32.0,12,0,2,0,True,True,6,0,True,0,6,0
Karpov.pgn,Karpov,black,"Kortschnoj, Viktor",Candidats final,Moscow,1974.??.??,1974,1,"Kortschnoj, Viktor","Karpov, Anatoly",2670.0,2700.0,1/2-1/2,draw,draw,A17,,74,37.0,10,2,2,0,True,True,5,0,True,0,5,2
Karpov.pgn,Karpov,white,"Polugaevsky, Lev",Candidats qf1,Moscow,1974.??.??,1974,2,"Karpov, Anatoly","Polugaevsky, Lev",2700.0,2630.0,1/2-1/2,draw,draw,B92,,80,40.0,16,1,2,0,True,True,8,1,True,0,8,0
Karpov.pgn,Karpov,white,"Kortschnoj, Viktor",Candidats final,Moscow,1974.??.??,1974,2,"Karpov, Anatoly","Kortschnoj, Viktor",2700.0,2670.0,1-0,white_win,win,B78,,53,26.5,14,2,2,0,True,True,6,2,True,0,8,0
Karpov.pgn,Karpov,black,"Kortschnoj, Viktor",Candidats final,Moscow,1974.??.??,1974,3,"Kortschnoj, Viktor","Karpov, Anatoly",2670.0,2700.0,1/2-1/2,draw,draw,A17,,114,57.0,25,5,2,0,True,True,13,4,True,0,12,1
Karpov.pgn,Karpov,black,"Polugaevsky, Lev",Candidats qf1,Moscow,1974.??.??,1974,3,"Polugaevsky, Lev","Karpov, Anatoly",2630.0,2700.0,1/2-1/2,draw,draw,E56,,42,21.0,10,0,2,0,True,True,5,0,True,0,5,0
Karpov.pgn,Karpov,white,"Polugaevsky, Lev",Candidats qf1,Moscow,1974.??.??,1974,4,"Karpov, Anatoly","Polugaevsky, Lev",2700.0,2630.0,1-0,white_win,win,B92,,97,48.5,16,2,2,0,True,True,8,1,True,0,8,1
Karpov.pgn,Karpov,white,"Kortschnoj, Viktor",Candidats final,Moscow,1974.??.??,1974,4,"Karpov, Anatoly","Kortschnoj, Viktor",2700.0,2670.0,1/2-1/2,draw,draw,C09,,90,45.0,18,2,2,0,True,True,9,0,True,0,9,2
Karpov.pgn,Karpov,black,"Polugaevsky, Lev",Candidats qf1,Moscow,1974.??.??,1974,5,"Polugaevsky, Lev","Karpov, Anatoly",2630.0,2700.0,1/2-1/2,draw,draw,E56,,87,43.5,19,4,2,0,True,True,10,2,True,0,9,2
Karpov.pgn,Karpov,black,"Kortschnoj, Viktor",Candidats final,Moscow,1974.??.??,1974,5,"Kortschnoj, Viktor","Karpov, Anatoly",2670.0,2700.0,1/2-1/2,draw,draw,E17,,134,67.0,26,1,2,0,True,True,13,1,True,0,13,0
Karpov.pgn,Karpov,white,"Kortschnoj, Viktor",Candidats final,Moscow,1974.??.??,1974,6,"Karpov, Anatoly","Kortschnoj, Viktor",2700.0,2670.0,1-0,white_win,win,C42,,61,30.5,13,1,2,0,True,True,8,0,True,0,5,1
Karpov.pgn,Karpov,white,"Polugaevsky, Lev",Candidats qf1,Moscow,1974.??.??,1974,6,"Karpov, Anatoly","Polugaevsky, Lev",2700.0,2630.0,1-0,white_win,win,B92,,79,39.5,18,2,2,0,True,True,10,2,True,0,8,0
Karpov.pgn,Karpov,black,"Kortschnoj, Viktor",Candidats final,Moscow,1974.??.??,1974,7,"Kortschnoj, Viktor","Karpov, Anatoly",2670.0,2700.0,1/2-1/2,draw,draw,A17,,95,47.5,21,3,2,0,True,True,10,1,True,0,11,2
Karpov.pgn,Karpov,black,"Polugaevsky, Lev",Candidats qf1,Moscow,1974.??.??,1974,7,"Polugaevsky, Lev","Karpov, Anatoly",2630.0,2700.0,1/2-1/2,draw,draw,E56,,81,40.5,20,3,2,0,True,True,10,2,True,0,10,1
Karpov.pgn,Karpov,white,"Polugaevsky, Lev",Candidats qf1,Moscow,1974.??.??,1974,8,"Karpov, Anatoly","Polugaevsky, Lev",2700.0,2630.0,1-0,white_win,win,B92,,81,40.5,21,1,2,0,True,True,11,1,True,0,10,0
Karpov.pgn,Karpov,white,"Kortschnoj, Viktor",Candidats final,Moscow,1974.??.??,1974,8,"Karpov, Anatoly","Kortschnoj, Viktor",2700.0,2670.0,1/2-1/2,draw,draw,C09,,102,51.0,25,2,2,0,True,True,13,2,True,0,12,0
Karpov.pgn,Karpov,black,"Kortschnoj, Viktor",Candidats final,Moscow,1974.??.??,1974,9,"Kortschnoj, Viktor","Karpov, Anatoly",2670.0,2700.0,1/2-1/2,draw,draw,A29,,83,41.5,6,0,2,0,True,True,3,0,True,0,3,0
Karpov.pgn,Karpov,white,"Kortschnoj, Viktor",Candidats final,Moscow,1974.??.??,1974,10,"Karpov, Anatoly","Kortschnoj, Viktor",2700.0,2670.0,1/2-1/2,draw,draw,C09,,116,58.0,20,11,2,0,True,True,10,10,True,0,10,1
Karpov.pgn,Karpov,black,"Kortschnoj, Viktor",Candidats final,Moscow,1974.??.??,1974,11,"Kortschnoj, Viktor","Karpov, Anatoly",2670.0,2700.0,1/2-1/2,draw,draw,E17,,161,80.5,26,13,2,0,True,True,13,6,True,0,13,7
Karpov.pgn,Karpov,white,"Kortschnoj, Viktor",Candidats final,Moscow,1974.??.??,1974,12,"Karpov, Anatoly","Kortschnoj, Viktor",2700.0,2670.0,1/2-1/2,draw,draw,C09,,46,23.0,14,3,2,0,True,True,7,0,True,0,7,3
Karpov.pgn,Karpov,black,"Kortschnoj, Viktor",Candidats final,Moscow,1974.??.??,1974,13,"Kortschnoj, Viktor","Karpov, Anatoly",2670.0,2700.0,1/2-1/2,draw,draw,E17,,191,95.5,21,11,2,0,True,True,10,5,True,0,11,6
Karpov.pgn,Karpov,white,"Kortschnoj, Viktor",Candidats final,Moscow,1974.??.??,1974,14,"Karpov, Anatoly","Kortschnoj, Viktor",2700.0,2670.0,1/2-1/2,draw,draw,C09,,60,30.0,14,0,2,0,True,True,7,0,True,0,7,0
Karpov.pgn,Karpov,black,"Kortschnoj, Viktor",Candidats final,Moscow,1974.??.??,1974,15,"Kortschnoj, Viktor","Karpov, Anatoly",2670.0,2700.0,1/2-1/2,draw,draw,A11,,93,46.5,19,0,2,0,True,True,10,0,True,0,9,0
Karpov.pgn,Karpov,white,"Kortschnoj, Viktor",Candidats final,Moscow,1974.??.??,1974,16,"Karpov, Anatoly","Kortschnoj, Viktor",2700.0,2670.0,1/2-1/2,draw,draw,C09,,134,67.0,24,2,2,0,True,True,12,2,True,0,12,0
Karpov.pgn,Karpov,black,"Kortschnoj, Viktor",Candidats final,Moscow,1974.??.??,1974,17,"Kortschnoj, Viktor","Karpov, Anatoly",2670.0,2700.0,0-1,black_win,win,E04,,84,42.0,16,2,2,0,True,True,9,2,True,0,7,0
Karpov.pgn,Karpov,white,"Kortschnoj, Viktor",Candidats final,Moscow,1974.??.??,1974,18,"Karpov, Anatoly","Kortschnoj, Viktor",2700.0,2670.0,1/2-1/2,draw,draw,C09,,84,42.0,16,3,2,0,True,True,8,0,True,0,8,3
Karpov.pgn,Karpov,black,"Kortschnoj, Viktor",Candidats final,Moscow,1974.??.??,1974,19,"Kortschnoj, Viktor","Karpov, Anatoly",2670.0,2700.0,1-0,white_win,loss,A46,,157,78.5,26,18,2,2,True,True,13,7,True,1,13,11
Karpov.pgn,Karpov,white,"Kortschnoj, Viktor",Candidats final,Moscow,1974.??.??,1974,20,"Karpov, Anatoly","Kortschnoj, Viktor",2700.0,2670.0,1/2-1/2,draw,draw,C70,,102,51.0,25,8,1,0,True,False,13,6,True,0,12,2
Karpov.pgn,Karpov,black,"Kortschnoj, Viktor",Candidats final,Moscow,1974.??.??,1974,21,"Kortschnoj, Viktor","Karpov, Anatoly",2670.0,2700.0,1-0,white_win,loss,E17,,37,18.5,11,0,2,0,True,True,6,0,True,0,5,0
Karpov.pgn,Karpov,white,"Kortschnoj, Viktor",Candidats final,Moscow,1974.??.??,1974,22,"Karpov, Anatoly","Kortschnoj, Viktor",2700.0,2670.0,1/2-1/2,draw,draw,E03,,60,30.0,10,1,2,0,True,True,5,1,True,0,5,0
Karpov.pgn,Karpov,black,"Kortschnoj, Viktor",Candidats final,Moscow,1974.??.??,1974,23,"Kortschnoj, Viktor","Karpov, Anatoly",2670.0,2700.0,1/2-1/2,draw,draw,E18,,58,29.0,12,0,2,0,True,True,6,0,True,0,6,0
Karpov.pgn,Karpov,white,"Kortschnoj, Viktor",Candidats final,Moscow,1974.??.??,1974,24,"Karpov, Anatoly","Kortschnoj, Viktor",2700.0,2670.0,1/2-1/2,draw,draw,D25,,61,30.5,9,0,2,0,True,True,5,0,True,0,4,0
Karpov.pgn,Karpov,white,"Hort, Vlastimil",Nice olm fin-A,Nice,1974.??.??,1974,1,"Karpov, Anatoly","Hort, Vlastimil",2700.0,2600.0,1-0,white_win,win,B08,,109,54.5,19,7,2,0,True,True,9,2,True,0,10,5
Karpov.pgn,Karpov,white,"Pritchett, Craig William",Nice olm prel,Nice,1974.??.??,1974,1,"Karpov, Anatoly","Pritchett, Craig William",2700.0,2350.0,1-0,white_win,win,A33,,79,39.5,15,2,2,0,True,True,8,1,True,0,7,1
Karpov.pgn,Karpov,black,"Zalm, NE.",Nice olm prel,Nice,1974.??.??,1974,2,"Zalm, NE.","Karpov, Anatoly",2200.0,2700.0,0-1,black_win,win,E14,,54,27.0,10,0,2,0,True,True,5,0,True,0,5,0
Karpov.pgn,Karpov,black,"Hartston, William R",Nice olm fin-A,Nice,1974.??.??,1974,2,"Hartston, William R","Karpov, Anatoly",2480.0,2700.0,1/2-1/2,draw,draw,B85,,80,40.0,13,1,2,0,True,True,6,0,True,0,7,1
Karpov.pgn,Karpov,white,"Unzicker, Wolfgang",Nice olm fin-A,Nice,1974.??.??,1974,3,"Karpov, Anatoly","Unzicker, Wolfgang",2700.0,2535.0,1-0,white_win,win,C98,,87,43.5,4,1,2,0,True,True,2,1,True,0,2,0
Karpov.pgn,Karpov,white,"Al Mallah, S.",Nice olm prel,Nice,1974.??.??,1974,3,"Karpov, Anatoly","Al Mallah, S.",2700.0,2200.0,1-0,white_win,win,C08,,47,23.5,12,3,2,0,True,True,6,2,True,0,6,1
Karpov.pgn,Karpov,white,"Schmidt, Wlodzimierz",Nice olm prel,Nice,1974.??.??,1974,5,"Karpov, Anatoly","Schmidt, Wlodzimierz",2700.0,2500.0,1-0,white_win,win,A34,,73,36.5,16,3,2,0,True,True,9,2,True,0,7,1
Karpov.pgn,Karpov,black,"Andersson, Ulf",Nice olm fin-A,Nice,1974.??.??,1974,6,"Andersson, Ulf","Karpov, Anatoly",2580.0,2700.0,1/2-1/2,draw,draw,A30,,25,12.5,4,0,2,0,True,True,2,0,True,0,2,0
Karpov.pgn,Karpov,white,"Kavalek, Lubomir",Nice olm fin-A,Nice,1974.??.??,1974,7,"Karpov, Anatoly","Kavalek, Lubomir",2700.0,2625.0,1-0,white_win,win,B36,,89,44.5,19,7,1,0,False,True,10,2,False,0,9,5
Karpov.pgn,Karpov,black,"Williams, Arthur H",Nice olm prel,Nice,1974.??.??,1974,8,"Williams, Arthur H","Karpov, Anatoly",2405.0,2700.0,0-1,black_win,win,E31,,60,30.0,6,1,0,0,False,False,3,1,False,0,3,0
Karpov.pgn,Karpov,black,"Gheorghiu, Florin",Nice olm fin-A,Nice,1974.??.??,1974,8,"Gheorghiu, Florin","Karpov, Anatoly",2540.0,2700.0,1/2-1/2,draw,draw,A17,,29,14.5,4,0,2,0,True,True,2,0,True,0,2,0
Karpov.pgn,Karpov,white,"Westerinen, Heikki MJ",Nice olm fin-A,Nice,1974.??.??,1974,10,"Karpov, Anatoly","Westerinen, Heikki MJ",2700.0,2465.0,1-0,white_win,win,C87,,67,33.5,8,0,2,0,True,True,4,0,True,0,4,0
Karpov.pgn,Karpov,black,"Radulov, Ivan",Nice olm fin-A,Nice,1974.??.??,1974,11,"Radulov, Ivan","Karpov, Anatoly",2490.0,2700.0,1/2-1/2,draw,draw,B17,,36,18.0,8,1,2,0,True,True,4,0,True,0,4,1
Karpov.pgn,Karpov,white,"Pomar Salamanca, Arturo",Nice olm fin-A,Nice,1974.??.??,1974,12,"Karpov, Anatoly","Pomar Salamanca, Arturo",2700.0,2425.0,1-0,white_win,win,B19,,95,47.5,17,10,2,0,True,True,8,9,True,0,9,1
Karpov.pgn,Karpov,white,"Portisch, Lajos",Portoroz/Ljubljana,Ljubljana,1975.??.??,1975,1,"Karpov, Anatoly","Portisch, Lajos",2705.0,2635.0,1-0,white_win,win,D18,,63,31.5,12,0,2,0,True,True,6,0,True,0,6,0
Karpov.pgn,Karpov,black,"Osterman, Rudolf",Portoroz/Ljubljana,Ljubljana,1975.??.??,1975,2,"Osterman, Rudolf","Karpov, Anatoly",2300.0,2705.0,0-1,black_win,win,E14,,92,46.0,17,0,2,0,True,True,10,0,True,0,7,0
Karpov.pgn,Karpov,white,"Parma, Bruno",Portoroz/Ljubljana,Ljubljana,1975.??.??,1975,3,"Karpov, Anatoly","Parma, Bruno",2705.0,2510.0,1/2-1/2,draw,draw,C63,,48,24.0,14,2,2,0,True,True,7,1,True,0,7,1
Karpov.pgn,Karpov,black,"Furman, Semen Abramovich",Portoroz/Ljubljana,Ljubljana,1975.??.??,1975,4,"Furman, Semen Abramovich","Karpov, Anatoly",2560.0,2705.0,1/2-1/2,draw,draw,D47,,28,14.0,4,0,2,0,True,True,2,0,True,0,2,0
Karpov.pgn,Karpov,white,"Barle, Janez",Portoroz/Ljubljana,Ljubljana,1975.??.??,1975,5,"Karpov, Anatoly","Barle, Janez",2705.0,2330.0,1-0,white_win,win,E81,,47,23.5,13,3,1,0,False,True,7,0,False,0,6,3
Karpov.pgn,Karpov,black,"Ljubojevic, Ljubomir",Portoroz/Ljubljana,Ljubljana,1975.??.??,1975,6,"Ljubojevic, Ljubomir","Karpov, Anatoly",2615.0,2705.0,1/2-1/2,draw,draw,C44,,39,19.5,13,3,2,0,True,True,6,2,True,0,7,1
Karpov.pgn,Karpov,white,"Garcia Martinez, Silvino",Portoroz/Ljubljana,Ljubljana,1975.??.??,1975,7,"Karpov, Anatoly","Garcia Martinez, Silvino",2705.0,2445.0,1-0,white_win,win,B79,,69,34.5,15,4,2,0,True,True,8,4,True,0,7,0
Karpov.pgn,Karpov,white,"Hort, Vlastimil",Portoroz/Ljubljana,Ljubljana,1975.??.??,1975,8,"Karpov, Anatoly","Hort, Vlastimil",2705.0,2600.0,1/2-1/2,draw,draw,B19,,88,44.0,21,5,1,1,False,True,10,5,False,1,11,0
Karpov.pgn,Karpov,black,"Musil, Vojko",Portoroz/Ljubljana,Ljubljana,1975.??.??,1975,9,"Musil, Vojko","Karpov, Anatoly",2430.0,2705.0,0-1,black_win,win,B42,,88,44.0,11,2,2,0,True,True,5,2,True,0,6,0
Karpov.pgn,Karpov,white,"Velimirovic, Dragoljub",Portoroz/Ljubljana,Ljubljana,1975.??.??,1975,10,"Karpov, Anatoly","Velimirovic, Dragoljub",2705.0,2525.0,1-0,white_win,win,B78,,99,49.5,12,0,2,0,True,True,7,0,True,0,5,0
Karpov.pgn,Karpov,black,"Planinec, Albin",Portoroz/Ljubljana,Ljubljana,1975.??.??,1975,11,"Planinec, Albin","Karpov, Anatoly",2535.0,2705.0,1/2-1/2,draw,draw,B47,,37,18.5,4,0,1,0,True,False,2,0,False,0,2,0
Karpov.pgn,Karpov,white,"Mariotti, Sergio",Portoroz/Ljubljana,Ljubljana,1975.??.??,1975,12,"Karpov, Anatoly","Mariotti, Sergio",2705.0,2495.0,1-0,white_win,win,C64,,43,21.5,10,0,1,0,True,False,5,0,True,0,5,0
Karpov.pgn,Karpov,white,"Gligoric, Svetozar",Portoroz/Ljubljana,Ljubljana,1975.??.??,1975,14,"Karpov, Anatoly","Gligoric, Svetozar",2705.0,2575.0,1/2-1/2,draw,draw,C95,,54,27.0,4,0,2,0,True,True,2,0,True,0,2,0
Karpov.pgn,Karpov,black,"Karnar, Marijan",Portoroz/Ljubljana,Ljubljana,1975.??.??,1975,15,"Karnar, Marijan","Karpov, Anatoly",2200.0,2705.0,1/2-1/2,draw,draw,A12,,81,40.5,8,1,2,0,True,True,4,0,True,0,4,1
Karpov.pgn,Karpov,black,"Portisch, Lajos",Milan 1pl,Milan,1975.??.??,1975,1,"Portisch, Lajos","Karpov, Anatoly",2635.0,2705.0,1/2-1/2,draw,draw,E54,,67,33.5,18,1,2,0,True,True,9,0,True,0,9,1
Karpov.pgn,Karpov,black,"Petrosian, Tigran V",Milan,Milan,1975.??.??,1975,1,"Petrosian, Tigran V","Karpov, Anatoly",2645.0,2705.0,1/2-1/2,draw,draw,E54,,57,28.5,22,0,2,0,True,True,11,0,True,0,11,0
Karpov.pgn,Karpov,white,"Petrosian, Tigran V",Milan sf2,Milan,1975.??.??,1975,1,"Karpov, Anatoly","Petrosian, Tigran V",2705.0,2645.0,1/2-1/2,draw,draw,C97,,56,28.0,10,1,2,0,True,True,5,0,True,0,5,1
Karpov.pgn,Karpov,black,"Petrosian, Tigran V",Milan sf2,Milan,1975.??.??,1975,2,"Petrosian, Tigran V","Karpov, Anatoly",2645.0,2705.0,1/2-1/2,draw,draw,E18,,64,32.0,6,0,2,0,True,True,3,0,True,0,3,0
Karpov.pgn,Karpov,white,"Portisch, Lajos",Milan 1pl,Milan,1975.??.??,1975,2,"Karpov, Anatoly","Portisch, Lajos",2705.0,2635.0,1-0,white_win,win,C72,,127,63.5,25,4,2,0,True,True,14,1,True,0,11,3
Karpov.pgn,Karpov,white,"Smejkal, Jan",Milan,Milan,1975.??.??,1975,2,"Karpov, Anatoly","Smejkal, Jan",2705.0,2600.0,1/2-1/2,draw,draw,A29,,110,55.0,22,6,2,0,True,True,11,2,True,0,11,4
Karpov.pgn,Karpov,white,"Petrosian, Tigran V",Milan sf2,Milan,1975.??.??,1975,3,"Karpov, Anatoly","Petrosian, Tigran V",2705.0,2645.0,1/2-1/2,draw,draw,A30,,56,28.0,14,1,2,0,True,True,7,1,True,0,7,0
Karpov.pgn,Karpov,black,"Ljubojevic, Ljubomir",Milan,Milan,1975.??.??,1975,3,"Ljubojevic, Ljubomir","Karpov, Anatoly",2615.0,2705.0,0-1,black_win,win,C84,,114,57.0,23,2,2,1,True,True,12,2,True,1,11,0
Karpov.pgn,Karpov,black,"Portisch, Lajos",Milan 1pl,Milan,1975.??.??,1975,3,"Portisch, Lajos","Karpov, Anatoly",2635.0,2705.0,1/2-1/2,draw,draw,A17,,60,30.0,12,0,2,0,True,True,6,0,True,0,6,0
Karpov.pgn,Karpov,white,"Portisch, Lajos",Milan 1pl,Milan,1975.??.??,1975,4,"Karpov, Anatoly","Portisch, Lajos",2705.0,2635.0,1/2-1/2,draw,draw,C95,,51,25.5,4,0,2,0,True,True,2,0,True,0,2,0
Karpov.pgn,Karpov,black,"Petrosian, Tigran V",Milan sf2,Milan,1975.??.??,1975,4,"Petrosian, Tigran V","Karpov, Anatoly",2645.0,2705.0,1/2-1/2,draw,draw,A29,,59,29.5,19,1,2,0,True,True,9,1,True,0,10,0
Karpov.pgn,Karpov,white,"Unzicker, Wolfgang",Milan,Milan,1975.??.??,1975,4,"Karpov, Anatoly","Unzicker, Wolfgang",2705.0,2535.0,1-0,white_win,win,C97,,43,21.5,2,0,2,0,True,True,1,0,True,0,1,0
Karpov.pgn,Karpov,black,"Browne, Walter S",Milan,Milan,1975.??.??,1975,5,"Browne, Walter S","Karpov, Anatoly",2550.0,2705.0,1/2-1/2,draw,draw,E18,,33,16.5,10,0,2,0,True,True,5,0,True,0,5,0
Karpov.pgn,Karpov,black,"Portisch, Lajos",Milan 1pl,Milan,1975.??.??,1975,5,"Portisch, Lajos","Karpov, Anatoly",2635.0,2705.0,1/2-1/2,draw,draw,D42,,81,40.5,19,3,2,0,True,True,9,0,True,0,10,3
Karpov.pgn,Karpov,white,"Gligoric, Svetozar",Milan,Milan,1975.??.??,1975,6,"Karpov, Anatoly","Gligoric, Svetozar",2705.0,2575.0,1-0,white_win,win,C95,,99,49.5,19,1,2,0,True,True,10,1,True,0,9,0
Karpov.pgn,Karpov,white,"Portisch, Lajos",Milan 1pl,Milan,1975.??.??,1975,6,"Karpov, Anatoly","Portisch, Lajos",2705.0,2635.0,1/2-1/2,draw,draw,A34,,42,21.0,6,1,2,0,True,True,3,1,True,0,3,0
Karpov.pgn,Karpov,black,"Tal, Mihail",Milan,Milan,1975.??.??,1975,7,"Tal, Mihail","Karpov, Anatoly",2645.0,2705.0,1/2-1/2,draw,draw,C43,,59,29.5,21,1,2,0,True,True,10,1,True,0,11,0
Karpov.pgn,Karpov,white,"Andersson, Ulf",Milan,Milan,1975.??.??,1975,8,"Karpov, Anatoly","Andersson, Ulf",2705.0,2565.0,0-1,black_win,loss,B44,,158,79.0,17,13,2,0,True,True,8,0,True,0,9,13
Karpov.pgn,Karpov,black,"Larsen, Bent",Milan,Milan,1975.??.??,1975,9,"Larsen, Bent","Karpov, Anatoly",2625.0,2705.0,1/2-1/2,draw,draw,A26,,82,41.0,20,1,2,1,True,True,10,0,True,0,10,1
Karpov.pgn,Karpov,black,"Portisch, Lajos",Milan,Milan,1975.??.??,1975,10,"Portisch, Lajos","Karpov, Anatoly",2635.0,2705.0,1/2-1/2,draw,draw,A17,,33,16.5,7,0,2,0,True,True,3,0,True,0,4,0
Karpov.pgn,Karpov,white,"Mariotti, Sergio",Milan,Milan,1975.??.??,1975,11,"Karpov, Anatoly","Mariotti, Sergio",2705.0,2495.0,1/2-1/2,draw,draw,B38,,65,32.5,10,0,2,0,True,True,5,0,True,0,5,0
Karpov.pgn,Karpov,black,"Grigorian, Levon Ashotovich",URS-chT,Riga,1975.??.??,1975,?,"Grigorian, Levon Ashotovich","Karpov, Anatoly",2490.0,2705.0,0-1,black_win,win,A30,,122,61.0,25,4,2,0,True,True,13,2,True,0,12,2
Karpov.pgn,Karpov,white,"Gurgenidze, Bukhuti",URS-chT,Riga,1975.??.??,1975,?,"Karpov, Anatoly","Gurgenidze, Bukhuti",2705.0,2495.0,1-0,white_win,win,B36,,82,41.0,20,1,2,0,True,True,10,1,True,0,10,0
Karpov.pgn,Karpov,white,"Kupreichik, Viktor D",URS-chT,Riga,1975.??.??,1975,?,"Karpov, Anatoly","Kupreichik, Viktor D",2705.0,2460.0,1-0,white_win,win,D18,,83,41.5,12,0,2,0,True,True,6,0,True,0,6,0
Karpov.pgn,Karpov,white,"Petrosian, Tigran V",URS-chT,Riga,1975.??.??,1975,?,"Karpov, Anatoly","Petrosian, Tigran V",2705.0,2645.0,1/2-1/2,draw,draw,C85,,30,15.0,4,0,2,0,True,True,2,0,True,0,2,0
Karpov.pgn,Karpov,white,"Spassky, Boris V",URS-chT,Riga,1975.??.??,1975,?,"Karpov, Anatoly","Spassky, Boris V",2705.0,2625.0,1-0,white_win,win,E18,,87,43.5,21,4,2,0,True,True,10,3,True,0,11,1
Karpov.pgn,Karpov,black,"Beliavsky, Alexander G",URS-chT,Riga,1975.??.??,1975,?,"Beliavsky, Alexander G","Karpov, Anatoly",2500.0,2705.0,1/2-1/2,draw,draw,E54,,139,69.5,23,1,2,0,True,True,12,1,True,0,11,0
Karpov.pgn,Karpov,black,"Tal, Mihail",URS-chT,Riga,1975.??.??,1975,?,"Tal, Mihail","Karpov, Anatoly",2645.0,2705.0,1/2-1/2,draw,draw,E14,,36,18.0,10,0,2,0,True,True,5,0,True,0,5,0
Karpov.pgn,Karpov,black,"Browne, Walter S",Amsterdam,Amsterdam,1976.??.??,1976,1,"Browne, Walter S","Karpov, Anatoly",2585.0,2695.0,0-1,black_win,win,C95,,146,73.0,23,9,2,0,True,True,13,0,True,0,10,9
Karpov.pgn,Karpov,black,"Olafsson, Fridrik",Amsterdam,Amsterdam,1976.??.??,1976,2,"Olafsson, Fridrik","Karpov, Anatoly",2550.0,2695.0,1/2-1/2,draw,draw,D42,,36,18.0,4,0,2,0,True,True,2,0,True,0,2,0
Karpov.pgn,Karpov,white,"Timman, Jan H",Amsterdam,Amsterdam,1976.??.??,1976,3,"Karpov, Anatoly","Timman, Jan H",2695.0,2550.0,1/2-1/2,draw,draw,B08,,64,32.0,17,1,2,0,True,True,8,0,True,0,9,1
Karpov.pgn,Karpov,white,"Browne, Walter S",Amsterdam,Amsterdam,1976.??.??,1976,4,"Karpov, Anatoly","Browne, Walter S",2695.0,2585.0,1/2-1/2,draw,draw,B93,,46,23.0,11,2,2,0,True,True,5,0,True,0,6,2
Karpov.pgn,Karpov,black,"Timman, Jan H",Amsterdam,Amsterdam,1976.??.??,1976,5,"Timman, Jan H","Karpov, Anatoly",2550.0,2695.0,1/2-1/2,draw,draw,E30,,89,44.5,16,1,2,0,True,True,8,0,True,0,8,1
Karpov.pgn,Karpov,white,"Olafsson, Fridrik",Amsterdam,Amsterdam,1976.??.??,1976,6,"Karpov, Anatoly","Olafsson, Fridrik",2695.0,2550.0,1-0,white_win,win,B44,,115,57.5,17,1,2,0,True,True,9,1,True,0,8,0
Karpov.pgn,Karpov,black,"Pomar Salamanca, Arturo",Montilla,Montilla,1976.??.??,1976,1,"Pomar Salamanca, Arturo","Karpov, Anatoly",2430.0,2695.0,0-1,black_win,win,E19,,183,91.5,26,22,2,2,True,True,14,8,True,1,12,14
Karpov.pgn,Karpov,white,"Bellon Lopez, Juan Manuel",Montilla,Montilla,1976.??.??,1976,2,"Karpov, Anatoly","Bellon Lopez, Juan Manuel",2695.0,2475.0,1-0,white_win,win,C63,,113,56.5,25,7,2,0,True,True,14,1,True,0,11,6
Karpov.pgn,Karpov,black,"Calvo Minguez, Ricardo",Montilla,Montilla,1976.??.??,1976,3,"Calvo Minguez, Ricardo","Karpov, Anatoly",2435.0,2695.0,1/2-1/2,draw,draw,C54,,89,44.5,19,2,2,0,True,True,9,0,True,0,10,2
Karpov.pgn,Karpov,white,"Diez del Corral, Jesus",Montilla,Montilla,1976.??.??,1976,4,"Karpov, Anatoly","Diez del Corral, Jesus",2695.0,2490.0,1-0,white_win,win,E87,,199,99.5,21,12,2,0,True,True,11,3,True,0,10,9
Karpov.pgn,Karpov,black,"Fraguela Gil, Jose Miguel",Montilla,Montilla,1976.??.??,1976,5,"Fraguela Gil, Jose Miguel","Karpov, Anatoly",2380.0,2695.0,0-1,black_win,win,A36,,66,33.0,10,1,2,0,True,True,5,0,True,0,5,1
Karpov.pgn,Karpov,black,"Pfleger, Helmut",Montilla,Montilla,1976.??.??,1976,6,"Pfleger, Helmut","Karpov, Anatoly",2545.0,2695.0,0-1,black_win,win,A30,,109,54.5,23,2,2,0,True,True,12,0,True,0,11,2
Karpov.pgn,Karpov,white,"Byrne, Robert E",Montilla,Montilla,1976.??.??,1976,7,"Karpov, Anatoly","Byrne, Robert E",2695.0,2540.0,1/2-1/2,draw,draw,E46,,27,13.5,5,0,2,0,True,True,3,0,True,0,2,0
Karpov.pgn,Karpov,black,"Stean, Michael",Montilla,Montilla,1976.??.??,1976,8,"Stean, Michael","Karpov, Anatoly",2420.0,2695.0,1/2-1/2,draw,draw,A14,,26,13.0,2,0,2,0,True,True,1,0,True,0,1,0
Karpov.pgn,Karpov,white,"Kavalek, Lubomir",Montilla,Montilla,1976.??.??,1976,9,"Karpov, Anatoly","Kavalek, Lubomir",2695.0,2540.0,1/2-1/2,draw,draw,D86,,33,16.5,8,0,2,0,True,True,4,0,True,0,4,0
Karpov.pgn,Karpov,black,"Vaganian, Rafael A",URS-ch44,Moscow,1976.??.??,1976,?,"Vaganian, Rafael A","Karpov, Anatoly",2550.0,2695.0,0-1,black_win,win,E19,,106,53.0,12,3,2,0,True,True,6,2,True,0,6,1
Karpov.pgn,Karpov,black,"Geller, Efim P",URS-ch44,Moscow,1976.??.??,1976,?,"Geller, Efim P","Karpov, Anatoly",2620.0,2695.0,1-0,white_win,loss,C16,,83,41.5,21,6,1,0,True,False,10,0,False,0,11,6
Karpov.pgn,Karpov,black,"Grigorian, Karen Ashotovich",URS-ch44,Moscow,1976.??.??,1976,?,"Grigorian, Karen Ashotovich","Karpov, Anatoly",2485.0,2695.0,0-1,black_win,win,E14,,79,39.5,18,6,2,0,True,True,10,0,True,0,8,6
Karpov.pgn,Karpov,black,"Zakharov, Alexander V",URS-ch44,Moscow,1976.??.??,1976,?,"Zakharov, Alexander V","Karpov, Anatoly",2435.0,2695.0,0-1,black_win,win,E24,,104,52.0,21,5,2,0,True,True,12,2,True,0,9,3
Karpov.pgn,Karpov,black,"Gulko, Boris F",URS-ch44,Moscow,1976.??.??,1976,?,"Gulko, Boris F","Karpov, Anatoly",2530.0,2695.0,0-1,black_win,win,B44,,132,66.0,26,7,2,0,True,True,13,4,True,0,13,3
Karpov.pgn,Karpov,white,"Balashov, Yuri S",URS-ch44,Moscow,1976.??.??,1976,?,"Karpov, Anatoly","Balashov, Yuri S",2695.0,2545.0,1-0,white_win,win,C92,,86,43.0,11,1,2,0,True,True,6,0,True,0,5,1
Karpov.pgn,Karpov,white,"Dorfman, Josif D",URS-ch44,Moscow,1976.??.??,1976,?,"Karpov, Anatoly","Dorfman, Josif D",2695.0,2405.0,1-0,white_win,win,B81,,99,49.5,21,10,1,0,True,False,11,9,True,0,10,1
Karpov.pgn,Karpov,white,"Kupreichik, Viktor D",URS-ch44,Moscow,1976.??.??,1976,?,"Karpov, Anatoly","Kupreichik, Viktor D",2695.0,2490.0,1-0,white_win,win,C61,,81,40.5,19,2,2,0,True,True,10,2,True,0,9,0
Karpov.pgn,Karpov,white,"Polugaevsky, Lev",URS-ch44,Moscow,1976.??.??,1976,?,"Karpov, Anatoly","Polugaevsky, Lev",2695.0,2635.0,1/2-1/2,draw,draw,D47,,34,17.0,3,0,1,0,True,False,1,0,True,0,2,0
Karpov.pgn,Karpov,white,"Sveshnikov, Evgeny",URS-ch44,Moscow,1976.??.??,1976,?,"Karpov, Anatoly","Sveshnikov, Evgeny",2695.0,2510.0,1/2-1/2,draw,draw,E04,,82,41.0,20,2,1,0,True,False,10,1,True,0,10,1
Karpov.pgn,Karpov,white,"Taimanov, Mark E",URS-ch44,Moscow,1976.??.??,1976,?,"Karpov, Anatoly","Taimanov, Mark E",2695.0,2540.0,1/2-1/2,draw,draw,B44,,54,27.0,11,2,2,0,True,True,5,0,True,0,6,2
Karpov.pgn,Karpov,white,"Tal, Mihail",URS-ch44,Moscow,1976.??.??,1976,?,"Karpov, Anatoly","Tal, Mihail",2695.0,2615.0,1/2-1/2,draw,draw,B67,,74,37.0,18,1,2,0,True,True,9,0,True,0,9,1
Karpov.pgn,Karpov,white,"Tseshkovsky, Vitaly",URS-ch44,Moscow,1976.??.??,1976,?,"Karpov, Anatoly","Tseshkovsky, Vitaly",2695.0,2550.0,1-0,white_win,win,C78,,57,28.5,15,0,2,0,True,True,8,0,True,0,7,0
Karpov.pgn,Karpov,black,"Petrosian, Tigran V",URS-ch44,Moscow,1976.??.??,1976,?,"Petrosian, Tigran V","Karpov, Anatoly",2635.0,2695.0,1/2-1/2,draw,draw,E19,,126,63.0,26,8,2,0,True,True,12,6,True,0,14,2
Karpov.pgn,Karpov,black,"Rashkovsky, Nukhim N",URS-ch44,Moscow,1976.??.??,1976,?,"Rashkovsky, Nukhim N","Karpov, Anatoly",2485.0,2695.0,1/2-1/2,draw,draw,E18,,41,20.5,8,0,2,0,True,True,4,0,True,0,4,0
Karpov.pgn,Karpov,black,"Romanishin, Oleg M",URS-ch44,Moscow,1976.??.??,1976,?,"Romanishin, Oleg M","Karpov, Anatoly",2560.0,2695.0,1/2-1/2,draw,draw,C91,,81,40.5,18,1,2,0,True,True,9,1,True,0,9,0
Karpov.pgn,Karpov,black,"Smyslov, Vassily",URS-ch44,Moscow,1976.??.??,1976,?,"Smyslov, Vassily","Karpov, Anatoly",2580.0,2695.0,1/2-1/2,draw,draw,A30,,28,14.0,8,0,2,0,True,True,4,0,True,0,4,0
Karpov.pgn,Karpov,white,"Vaganian, Rafael A",Skopje,Skopje,1976.??.??,1976,1,"Karpov, Anatoly","Vaganian, Rafael A",2695.0,2550.0,1-0,white_win,win,C08,,79,39.5,22,5,2,0,True,True,12,5,True,0,10,0
Karpov.pgn,Karpov,black,"Adorjan, Andras",Skopje,Skopje,1976.??.??,1976,2,"Adorjan, Andras","Karpov, Anatoly",2510.0,2695.0,1/2-1/2,draw,draw,B42,,90,45.0,21,6,2,0,True,True,11,4,True,0,10,2
Karpov.pgn,Karpov,white,"Nicevski, Risto",Skopje,Skopje,1976.??.??,1976,3,"Karpov, Anatoly","Nicevski, Risto",2695.0,2395.0,1-0,white_win,win,C84,,85,42.5,15,2,2,0,True,True,8,1,True,0,7,1
Karpov.pgn,Karpov,white,"Velimirovic, Dragoljub",Skopje,Skopje,1976.??.??,1976,4,"Karpov, Anatoly","Velimirovic, Dragoljub",2695.0,2525.0,1-0,white_win,win,E87,,133,66.5,22,16,1,0,False,True,11,14,False,0,11,2
Karpov.pgn,Karpov,black,"Kurajica, Bojan",Skopje,Skopje,1976.??.??,1976,5,"Kurajica, Bojan","Karpov, Anatoly",2525.0,2695.0,0-1,black_win,win,C77,,114,57.0,21,4,2,0,True,True,11,2,True,0,10,2
Karpov.pgn,Karpov,white,"Sofrevski, Jovan",Skopje,Skopje,1976.??.??,1976,6,"Karpov, Anatoly","Sofrevski, Jovan",2695.0,2450.0,1-0,white_win,win,E72,,85,42.5,20,3,2,0,True,True,12,0,True,0,8,3
Karpov.pgn,Karpov,black,"Reshevsky, Samuel Herman",Skopje,Skopje,1976.??.??,1976,7,"Reshevsky, Samuel Herman","Karpov, Anatoly",2515.0,2695.0,1/2-1/2,draw,draw,A39,,23,11.5,4,0,2,0,True,True,2,0,True,0,2,0
Karpov.pgn,Karpov,white,"Ivanovic, Bozidar",Skopje,Skopje,1976.??.??,1976,8,"Karpov, Anatoly","Ivanovic, Bozidar",2695.0,2385.0,1-0,white_win,win,D31,,83,41.5,19,1,2,0,True,True,10,0,True,0,9,1
Karpov.pgn,Karpov,black,"Ivkov, Borislav",Skopje,Skopje,1976.??.??,1976,9,"Ivkov, Borislav","Karpov, Anatoly",2520.0,2695.0,1/2-1/2,draw,draw,E19,,32,16.0,6,1,2,0,True,True,3,1,True,0,3,0
Karpov.pgn,Karpov,white,"Matanovic, Aleksandar",Skopje,Skopje,1976.??.??,1976,10,"Karpov, Anatoly","Matanovic, Aleksandar",2695.0,2525.0,1/2-1/2,draw,draw,A50,,90,45.0,18,4,2,0,True,True,9,3,True,0,9,1
Karpov.pgn,Karpov,black,"Jancev, Lazo",Skopje,Skopje,1976.??.??,1976,11,"Jancev, Lazo","Karpov, Anatoly",2200.0,2695.0,0-1,black_win,win,E38,,62,31.0,14,2,2,0,True,True,8,1,True,0,6,1
Karpov.pgn,Karpov,white,"Georgievski, Vanco",Skopje,Skopje,1976.??.??,1976,12,"Karpov, Anatoly","Georgievski, Vanco",2695.0,2250.0,1-0,white_win,win,B00,,75,37.5,14,1,2,0,True,True,7,1,True,0,7,0
Karpov.pgn,Karpov,black,"Tarjan, James Edward",Skopje,Skopje,1976.??.??,1976,13,"Tarjan, James Edward","Karpov, Anatoly",2490.0,2695.0,0-1,black_win,win,D55,,80,40.0,18,4,2,0,True,True,9,4,True,0,9,0
Karpov.pgn,Karpov,white,"Timman, Jan H",Skopje,Skopje,1976.??.??,1976,14,"Karpov, Anatoly","Timman, Jan H",2695.0,2550.0,1/2-1/2,draw,draw,B69,,114,57.0,25,7,1,0,True,False,13,5,True,0,12,2
Karpov.pgn,Karpov,black,"Uhlmann, Wolfgang",Skopje,Skopje,1976.??.??,1976,15,"Uhlmann, Wolfgang","Karpov, Anatoly",2555.0,2695.0,0-1,black_win,win,A17,,102,51.0,22,4,2,0,True,True,12,3,True,0,10,1
Karpov.pgn,Karpov,black,"Gerusel, Mathias",Bad Lauterberg,Bad Lauterberg,1977.??.??,1977,?,"Gerusel, Mathias","Karpov, Anatoly",2420.0,2690.0,0-1,black_win,win,D54,,80,40.0,18,4,2,0,True,True,9,0,True,0,9,4
Karpov.pgn,Karpov,white,"Hermann, Manfred",Bad Lauterberg,Bad Lauterberg,1977.??.??,1977,?,"Karpov, Anatoly","Hermann, Manfred",2690.0,,1-0,white_win,win,C63,,81,40.5,15,2,2,0,True,True,8,1,True,0,7,1
Karpov.pgn,Karpov,white,"Sosonko, Gennadi",Bad Lauterberg,Bad Lauterberg,1977.??.??,1977,1,"Karpov, Anatoly","Sosonko, Gennadi",2690.0,2530.0,1-0,white_win,win,B70,,89,44.5,15,0,2,0,True,True,8,0,True,0,7,0
Karpov.pgn,Karpov,black,"Furman, Semen Abramovich",Bad Lauterberg,Bad Lauterberg,1977.??.??,1977,2,"Furman, Semen Abramovich","Karpov, Anatoly",2535.0,2690.0,1/2-1/2,draw,draw,E04,,29,14.5,7,2,2,0,True,True,3,1,True,0,4,1
Karpov.pgn,Karpov,white,"Timman, Jan H",Bad Lauterberg,Bad Lauterberg,1977.??.??,1977,3,"Karpov, Anatoly","Timman, Jan H",2690.0,2590.0,1-0,white_win,win,B83,,113,56.5,21,2,2,0,True,True,11,0,True,0,10,2
Karpov.pgn,Karpov,white,"Wockenfuss, Klaus",Bad Lauterberg,Bad Lauterberg,1977.??.??,1977,4,"Karpov, Anatoly","Wockenfuss, Klaus",2690.0,2350.0,1-0,white_win,win,D38,,59,29.5,15,3,2,0,True,True,8,2,True,0,7,1
Karpov.pgn,Karpov,white,"Liberzon, Vladimir M",Bad Lauterberg,Bad Lauterberg,1977.??.??,1977,6,"Karpov, Anatoly","Liberzon, Vladimir M",2690.0,2550.0,1-0,white_win,win,B69,,109,54.5,18,9,2,0,True,True,10,6,True,0,8,3
Karpov.pgn,Karpov,black,"Huebner, Robert",Bad Lauterberg,Bad Lauterberg,1977.??.??,1977,7,"Huebner, Robert","Karpov, Anatoly",2600.0,2690.0,1/2-1/2,draw,draw,E14,,127,63.5,16,5,2,0,True,True,8,3,True,0,8,2
Karpov.pgn,Karpov,white,"Keene, Raymond D",Bad Lauterberg,Bad Lauterberg,1977.??.??,1977,8,"Karpov, Anatoly","Keene, Raymond D",2690.0,2510.0,1/2-1/2,draw,draw,C41,,113,56.5,19,6,2,0,True,True,10,3,True,0,9,3
Karpov.pgn,Karpov,black,"Andersson, Ulf",Bad Lauterberg,Bad Lauterberg,1977.??.??,1977,9,"Andersson, Ulf","Karpov, Anatoly",2565.0,2690.0,1/2-1/2,draw,draw,E18,,40,20.0,12,0,2,0,True,True,6,0,True,0,6,0
Karpov.pgn,Karpov,white,"Miles, Anthony J",Bad Lauterberg,Bad Lauterberg,1977.??.??,1977,10,"Karpov, Anatoly","Miles, Anthony J",2690.0,2555.0,1-0,white_win,win,B70,,87,43.5,10,0,2,0,True,True,5,0,True,0,5,0
Karpov.pgn,Karpov,black,"Olafsson, Fridrik",Bad Lauterberg,Bad Lauterberg,1977.??.??,1977,11,"Olafsson, Fridrik","Karpov, Anatoly",2560.0,2690.0,1/2-1/2,draw,draw,A17,,189,94.5,27,22,2,0,True,True,14,6,True,0,13,16
Karpov.pgn,Karpov,white,"Csom, Istvan",Bad Lauterberg,Bad Lauterberg,1977.??.??,1977,12,"Karpov, Anatoly","Csom, Istvan",2690.0,2535.0,1-0,white_win,win,A30,,99,49.5,16,6,2,0,True,True,7,2,True,0,9,4
Karpov.pgn,Karpov,black,"Gligoric, Svetozar",Bad Lauterberg,Bad Lauterberg,1977.??.??,1977,13,"Gligoric, Svetozar","Karpov, Anatoly",2565.0,2690.0,1/2-1/2,draw,draw,E57,,28,14.0,5,0,2,0,True,True,3,0,True,0,2,0
Karpov.pgn,Karpov,black,"Torre, Eugenio",Bad Lauterberg,Bad Lauterberg,1977.??.??,1977,15,"Torre, Eugenio","Karpov, Anatoly",2550.0,2690.0,0-1,black_win,win,B41,,68,34.0,10,1,2,0,True,True,6,0,True,0,4,1
Karpov.pgn,Karpov,white,"Miles, Anthony J",BBC TV Master Game,?,1977.??.??,1977,?,"Karpov, Anatoly","Miles, Anthony J",2690.0,2555.0,1-0,white_win,win,A17,,119,59.5,28,10,2,1,True,True,15,6,True,1,13,4
Karpov.pgn,Karpov,black,"Miles, Anthony J",BBC TV Master Game,?,1977.??.??,1977,?,"Miles, Anthony J","Karpov, Anatoly",2555.0,2690.0,1/2-1/2,draw,draw,A19,,88,44.0,15,3,1,0,True,False,8,1,False,0,7,2
Karpov.pgn,Karpov,white,"Miles, Anthony J",BBC TV Master Game,?,1977.??.??,1977,?,"Karpov, Anatoly","Miles, Anthony J",2690.0,2555.0,1/2-1/2,draw,draw,A13,,96,48.0,20,7,2,0,True,True,10,4,True,0,10,3
Karpov.pgn,Karpov,white,"Pfleger, Helmut",BBC TV Master Game,?,1977.??.??,1977,?,"Karpov, Anatoly","Pfleger, Helmut",2690.0,2540.0,1-0,white_win,win,B08,,75,37.5,16,1,2,0,True,True,9,1,True,0,7,0
Karpov.pgn,Karpov,black,"Hug, Werner",BBC TV Master Game,?,1977.??.??,1977,?,"Hug, Werner","Karpov, Anatoly",2445.0,2690.0,0-1,black_win,win,A05,,90,45.0,18,4,2,0,True,True,10,3,True,0,8,1
Karpov.pgn,Karpov,black,"Pfleger, Helmut",BBC TV Master Game,?,1977.??.??,1977,?,"Pfleger, Helmut","Karpov, Anatoly",2540.0,2690.0,1/2-1/2,draw,draw,A14,,38,19.0,8,0,2,0,True,True,4,0,True,0,4,0
Karpov.pgn,Karpov,white,"Hernandez, Roman",Las Palmas,Las Palmas,1977.??.??,1977,1,"Karpov, Anatoly","Hernandez, Roman",2690.0,2435.0,1-0,white_win,win,B70,,81,40.5,20,3,2,0,True,True,11,1,True,0,9,2
Karpov.pgn,Karpov,black,"Browne, Walter S",Las Palmas,Las Palmas,1977.??.??,1977,2,"Browne, Walter S","Karpov, Anatoly",2545.0,2690.0,0-1,black_win,win,E18,,76,38.0,19,5,2,0,True,True,9,3,True,0,10,2
Karpov.pgn,Karpov,white,"Debarnot, Roberto",Las Palmas,Las Palmas,1977.??.??,1977,3,"Karpov, Anatoly","Debarnot, Roberto",2690.0,2405.0,1-0,white_win,win,C09,,141,70.5,24,9,2,0,True,True,12,7,True,0,12,2
Karpov.pgn,Karpov,black,"Garcia Padron, Jose",Las Palmas,Las Palmas,1977.??.??,1977,4,"Garcia Padron, Jose","Karpov, Anatoly",,2690.0,0-1,black_win,win,E18,,82,41.0,20,2,2,0,True,True,10,0,True,0,10,2
Karpov.pgn,Karpov,white,"Pomar Salamanca, Arturo",Las Palmas,Las Palmas,1977.??.??,1977,5,"Karpov, Anatoly","Pomar Salamanca, Arturo",2690.0,,1-0,white_win,win,E19,,59,29.5,8,0,2,0,True,True,5,0,True,0,3,0
Karpov.pgn,Karpov,white,"Miles, Anthony J",Las Palmas,Las Palmas,1977.??.??,1977,6,"Karpov, Anatoly","Miles, Anthony J",2690.0,2555.0,1-0,white_win,win,A50,,67,33.5,8,1,2,0,True,True,4,1,True,0,4,0
Karpov.pgn,Karpov,black,"Timman, Jan H",Las Palmas,Las Palmas,1977.??.??,1977,7,"Timman, Jan H","Karpov, Anatoly",2590.0,2690.0,1/2-1/2,draw,draw,A19,,141,70.5,23,16,2,0,True,True,12,8,True,0,11,8
Karpov.pgn,Karpov,white,"Adorjan, Andras",Las Palmas,Las Palmas,1977.??.??,1977,8,"Karpov, Anatoly","Adorjan, Andras",2690.0,2530.0,1-0,white_win,win,B08,,113,56.5,20,5,2,0,True,True,10,1,True,0,10,4
Karpov.pgn,Karpov,black,"Larsen, Bent",Las Palmas,Las Palmas,1977.??.??,1977,9,"Larsen, Bent","Karpov, Anatoly",2615.0,2690.0,1/2-1/2,draw,draw,B49,,122,61.0,14,0,2,0,True,True,7,0,True,0,7,0
Karpov.pgn,Karpov,white,"Martin Gonzalez, Angel",Las Palmas,Las Palmas,1977.??.??,1977,10,"Karpov, Anatoly","Martin Gonzalez, Angel",2690.0,,1-0,white_win,win,B70,,65,32.5,12,3,2,0,True,True,7,3,True,0,5,0
Karpov.pgn,Karpov,black,"Bellon Lopez, Juan Manuel",Las Palmas,Las Palmas,1977.??.??,1977,11,"Bellon Lopez, Juan Manuel","Karpov, Anatoly",2415.0,2690.0,0-1,black_win,win,C46,,102,51.0,22,9,1,0,True,False,12,7,False,0,10,2
Karpov.pgn,Karpov,white,"Cabrera, Gabriel",Las Palmas,Las Palmas,1977.??.??,1977,12,"Karpov, Anatoly","Cabrera, Gabriel",2690.0,,1-0,white_win,win,C10,,49,24.5,10,4,1,0,True,False,5,4,True,0,5,0
Karpov.pgn,Karpov,black,"Tatai, Stefano",Las Palmas,Las Palmas,1977.??.??,1977,13,"Tatai, Stefano","Karpov, Anatoly",2480.0,2690.0,0-1,black_win,win,A34,,60,30.0,14,6,1,0,False,True,6,5,True,0,8,1
Karpov.pgn,Karpov,white,"Visier Segovia, Fernando",Las Palmas,Las Palmas,1977.??.??,1977,14,"Karpov, Anatoly","Visier Segovia, Fernando",2690.0,2355.0,1-0,white_win,win,B38,,137,68.5,22,4,2,0,True,True,11,2,True,0,11,2
Karpov.pgn,Karpov,black,"Tal, Mihail",Las Palmas,Las Palmas,1977.??.??,1977,15,"Tal, Mihail","Karpov, Anatoly",2620.0,2690.0,1/2-1/2,draw,draw,E12,,38,19.0,10,0,2,0,True,True,5,0,True,0,5,0
Karpov.pgn,Karpov,white,"Tal, Mihail",October Revolution 60,Leningrad,1977.??.??,1977,?,"Karpov, Anatoly","Tal, Mihail",2690.0,2620.0,1/2-1/2,draw,draw,D41,,120,60.0,19,4,2,0,True,True,10,4,True,0,9,0
Karpov.pgn,Karpov,white,"Smyslov, Vassily",October Revolution 60,Leningrad,1977.??.??,1977,?,"Karpov, Anatoly","Smyslov, Vassily",2690.0,2595.0,1/2-1/2,draw,draw,C82,,137,68.5,23,8,2,0,True,True,11,2,True,0,12,6
Karpov.pgn,Karpov,white,"Taimanov, Mark E",October Revolution 60,Leningrad,1977.??.??,1977,?,"Karpov, Anatoly","Taimanov, Mark E",2690.0,2530.0,0-1,black_win,loss,B28,,76,38.0,17,1,2,0,True,True,9,0,True,0,8,1
Karpov.pgn,Karpov,white,"Ribli, Zoltan",October Revolution 60,Leningrad,1977.??.??,1977,?,"Karpov, Anatoly","Ribli, Zoltan",2690.0,2595.0,1/2-1/2,draw,draw,B85,,49,24.5,9,0,2,0,True,True,5,0,True,0,4,0
Karpov.pgn,Karpov,black,"Knezevic, Milorad",October Revolution 60,Leningrad,1977.??.??,1977,?,"Knezevic, Milorad","Karpov, Anatoly",2500.0,2690.0,1/2-1/2,draw,draw,D37,,59,29.5,14,1,2,0,True,True,7,0,True,0,7,1
Karpov.pgn,Karpov,white,"Radulov, Ivan",October Revolution 60,Leningrad,1977.??.??,1977,?,"Karpov, Anatoly","Radulov, Ivan",2690.0,2500.0,1/2-1/2,draw,draw,D20,,92,46.0,23,5,2,0,True,True,11,4,True,0,12,1
Karpov.pgn,Karpov,white,"Kuzmin, Gennadi P",October Revolution 60,Leningrad,1977.??.??,1977,?,"Karpov, Anatoly","Kuzmin, Gennadi P",2690.0,2550.0,1-0,white_win,win,B45,,63,31.5,15,3,2,0,True,True,8,2,True,0,7,1
Karpov.pgn,Karpov,white,"Gheorghiu, Florin",October Revolution 60,Leningrad,1977.??.??,1977,?,"Karpov, Anatoly","Gheorghiu, Florin",2690.0,2545.0,1-0,white_win,win,A30,,81,40.5,13,1,2,0,True,True,7,1,True,0,6,0
Karpov.pgn,Karpov,white,"Beliavsky, Alexander G",October Revolution 60,Leningrad,1977.??.??,1977,?,"Karpov, Anatoly","Beliavsky, Alexander G",2690.0,2555.0,0-1,black_win,loss,C82,,78,39.0,17,1,2,0,True,True,9,0,True,0,8,1
Karpov.pgn,Karpov,white,"Smejkal, Jan",October Revolution 60,Leningrad,1977.??.??,1977,?,"Karpov, Anatoly","Smejkal, Jan",2690.0,2575.0,1-0,white_win,win,B08,,69,34.5,12,2,2,0,True,True,6,0,True,0,6,2
Karpov.pgn,Karpov,black,"Garcia Gonzales, Guillermo",October Revolution 60,Leningrad,1977.??.??,1977,?,"Garcia Gonzales, Guillermo","Karpov, Anatoly",2485.0,2690.0,0-1,black_win,win,A46,,84,42.0,17,2,1,0,True,False,8,1,False,0,9,1
Karpov.pgn,Karpov,black,"Balashov, Yuri S",October Revolution 60,Leningrad,1977.??.??,1977,?,"Balashov, Yuri S","Karpov, Anatoly",2565.0,2690.0,1/2-1/2,draw,draw,B85,,66,33.0,12,1,2,0,True,True,6,0,True,0,6,1
Karpov.pgn,Karpov,black,"Kochyev, Alexander",October Revolution 60,Leningrad,1977.??.??,1977,?,"Kochyev, Alexander","Karpov, Anatoly",2495.0,2690.0,1/2-1/2,draw,draw,E18,,145,72.5,25,12,2,0,True,True,13,6,True,0,12,6
Karpov.pgn,Karpov,black,"Vaganian, Rafael A",October Revolution 60,Leningrad,1977.??.??,1977,?,"Vaganian, Rafael A","Karpov, Anatoly",2545.0,2690.0,1/2-1/2,draw,draw,E11,,21,10.5,2,2,2,0,True,True,1,2,True,0,1,0
Karpov.pgn,Karpov,black,"Vogt, Lothar",October Revolution 60,Leningrad,1977.??.??,1977,?,"Vogt, Lothar","Karpov, Anatoly",2495.0,2690.0,1/2-1/2,draw,draw,B47,,59,29.5,15,3,2,0,True,True,8,1,True,0,7,2
Karpov.pgn,Karpov,black,"Mariotti, Sergio",October Revolution 60,Leningrad,1977.??.??,1977,?,"Mariotti, Sergio","Karpov, Anatoly",2490.0,2690.0,0-1,black_win,win,B46,,144,72.0,24,23,2,0,True,True,12,15,True,0,12,8
Karpov.pgn,Karpov,black,"Romanishin, Oleg M",October Revolution 60,Leningrad,1977.??.??,1977,?,"Romanishin, Oleg M","Karpov, Anatoly",2595.0,2690.0,1/2-1/2,draw,draw,B57,,47,23.5,7,0,2,0,True,True,3,0,True,0,4,0
Karpov.pgn,Karpov,white,"Smejkal, Jan",EU-chT,Moscow,1977.??.??,1977,1,"Karpov, Anatoly","Smejkal, Jan",2690.0,2575.0,1-0,white_win,win,C95,,103,51.5,15,0,2,0,True,True,7,0,True,0,8,0
Karpov.pgn,Karpov,black,"Ljubojevic, Ljubomir",EU-chT,Moscow,1977.??.??,1977,2,"Ljubojevic, Ljubomir","Karpov, Anatoly",2615.0,2690.0,0-1,black_win,win,E17,,106,53.0,22,7,2,0,True,True,12,4,True,0,10,3
Karpov.pgn,Karpov,white,"Gheorghiu, Florin",EU-chT,Moscow,1977.??.??,1977,3,"Karpov, Anatoly","Gheorghiu, Florin",2690.0,2545.0,1-0,white_win,win,A30,,79,39.5,18,5,2,0,True,True,9,1,True,0,9,4
Karpov.pgn,Karpov,black,"Portisch, Lajos",EU-chT,Moscow,1977.??.??,1977,4,"Portisch, Lajos","Karpov, Anatoly",2625.0,2690.0,0-1,black_win,win,A05,,46,23.0,13,1,2,0,True,True,6,1,True,0,7,0
Karpov.pgn,Karpov,white,"Keene, Raymond D",EU-chT,Moscow,1977.??.??,1977,5,"Karpov, Anatoly","Keene, Raymond D",2690.0,2510.0,1-0,white_win,win,B08,,88,44.0,12,1,2,0,True,True,7,0,True,0,5,1
Karpov.pgn,Karpov,white,"Timman, Jan H",Tilburg,Tilburg,1977.??.??,1977,1,"Karpov, Anatoly","Timman, Jan H",2690.0,2590.0,1/2-1/2,draw,draw,B08,,51,25.5,4,0,2,0,True,True,2,0,True,0,2,0
Karpov.pgn,Karpov,white,"Miles, Anthony J",Tilburg,Tilburg,1977.??.??,1977,2,"Karpov, Anatoly","Miles, Anthony J",2690.0,2555.0,1-0,white_win,win,A33,,49,24.5,12,2,2,0,True,True,6,0,True,0,6,2
Karpov.pgn,Karpov,black,"Sosonko, Gennadi",Tilburg,Tilburg,1977.??.??,1977,3,"Sosonko, Gennadi","Karpov, Anatoly",2530.0,2690.0,1/2-1/2,draw,draw,E04,,77,38.5,20,0,1,0,True,False,10,0,False,0,10,0
Karpov.pgn,Karpov,white,"Smyslov, Vassily",Tilburg,Tilburg,1977.??.??,1977,4,"Karpov, Anatoly","Smyslov, Vassily",2690.0,2595.0,1/2-1/2,draw,draw,C82,,126,63.0,23,6,2,0,True,True,12,0,True,0,11,6
Karpov.pgn,Karpov,black,"Gligoric, Svetozar",Tilburg,Tilburg,1977.??.??,1977,5,"Gligoric, Svetozar","Karpov, Anatoly",2565.0,2690.0,1/2-1/2,draw,draw,E54,,32,16.0,7,0,2,0,True,True,4,0,True,0,3,0
Karpov.pgn,Karpov,white,"Balashov, Yuri S",Tilburg,Tilburg,1977.??.??,1977,6,"Karpov, Anatoly","Balashov, Yuri S",2690.0,2565.0,1-0,white_win,win,B17,,73,36.5,11,0,2,0,True,True,5,0,True,0,6,0
Karpov.pgn,Karpov,black,"Huebner, Robert",Tilburg,Tilburg,1977.??.??,1977,7,"Huebner, Robert","Karpov, Anatoly",2600.0,2690.0,0-1,black_win,win,A34,,98,49.0,21,9,1,0,True,False,11,5,False,0,10,4
Karpov.pgn,Karpov,white,"Kavalek, Lubomir",Tilburg,Tilburg,1977.??.??,1977,8,"Karpov, Anatoly","Kavalek, Lubomir",2690.0,2545.0,1/2-1/2,draw,draw,E62,,36,18.0,2,0,2,0,True,True,1,0,True,0,1,0
Karpov.pgn,Karpov,black,"Olafsson, Fridrik",Tilburg,Tilburg,1977.??.??,1977,9,"Olafsson, Fridrik","Karpov, Anatoly",2560.0,2690.0,0-1,black_win,win,A05,,80,40.0,15,0,2,0,True,True,8,0,True,0,7,0
Karpov.pgn,Karpov,white,"Andersson, Ulf",Tilburg,Tilburg,1977.??.??,1977,10,"Karpov, Anatoly","Andersson, Ulf",2690.0,2565.0,1-0,white_win,win,B85,,131,65.5,24,9,2,0,True,True,12,3,True,0,12,6
Karpov.pgn,Karpov,black,"Hort, Vlastimil",Tilburg,Tilburg,1977.??.??,1977,11,"Hort, Vlastimil","Karpov, Anatoly",2620.0,2690.0,1/2-1/2,draw,draw,B22,,27,13.5,4,0,2,0,True,True,2,0,True,0,2,0
Karpov.pgn,Karpov,black,"Kortschnoj, Viktor",World Championship 29th,Baguio City,1978.??.??,1978,1,"Kortschnoj, Viktor","Karpov, Anatoly",2665.0,2725.0,1/2-1/2,draw,draw,D58,,36,18.0,8,0,2,0,True,True,4,0,True,0,4,0
Karpov.pgn,Karpov,white,"Kortschnoj, Viktor",World Championship 29th,Baguio City,1978.??.??,1978,2,"Karpov, Anatoly","Kortschnoj, Viktor",2725.0,2665.0,1/2-1/2,draw,draw,C82,,57,28.5,16,1,2,0,True,True,8,0,True,0,8,1
Karpov.pgn,Karpov,black,"Kortschnoj, Viktor",World Championship 29th,Baguio City,1978.??.??,1978,3,"Kortschnoj, Viktor","Karpov, Anatoly",2665.0,2725.0,1/2-1/2,draw,draw,E42,,60,30.0,15,1,2,0,True,True,8,0,True,0,7,1
Karpov.pgn,Karpov,white,"Kortschnoj, Viktor",World Championship 29th,Baguio City,1978.??.??,1978,4,"Karpov, Anatoly","Kortschnoj, Viktor",2725.0,2665.0,1/2-1/2,draw,draw,C82,,37,18.5,4,0,2,0,True,True,2,0,True,0,2,0
Karpov.pgn,Karpov,black,"Kortschnoj, Viktor",World Championship 29th,Baguio City,1978.??.??,1978,5,"Kortschnoj, Viktor","Karpov, Anatoly",2665.0,2725.0,1/2-1/2,draw,draw,E42,,247,123.5,27,15,2,0,True,True,13,5,True,0,14,10
Karpov.pgn,Karpov,white,"Kortschnoj, Viktor",World Championship 29th,Baguio City,1978.??.??,1978,6,"Karpov, Anatoly","Kortschnoj, Viktor",2725.0,2665.0,1/2-1/2,draw,draw,A29,,45,22.5,4,0,2,0,True,True,2,0,True,0,2,0
Karpov.pgn,Karpov,black,"Kortschnoj, Viktor",World Championship 29th,Baguio City,1978.??.??,1978,7,"Kortschnoj, Viktor","Karpov, Anatoly",2665.0,2725.0,1/2-1/2,draw,draw,E47,,83,41.5,14,2,2,0,True,True,7,0,True,0,7,2
Karpov.pgn,Karpov,white,"Kortschnoj, Viktor",World Championship 29th,Baguio City,1978.??.??,1978,8,"Karpov, Anatoly","Kortschnoj, Viktor",2725.0,2665.0,1-0,white_win,win,C80,,55,27.5,14,2,1,0,True,False,7,1,True,0,7,1
Karpov.pgn,Karpov,black,"Kortschnoj, Viktor",World Championship 29th,Baguio City,1978.??.??,1978,9,"Kortschnoj, Viktor","Karpov, Anatoly",2665.0,2725.0,1/2-1/2,draw,draw,D37,,82,41.0,19,1,2,0,True,True,9,0,True,0,10,1
Karpov.pgn,Karpov,white,"Kortschnoj, Viktor",World Championship 29th,Baguio City,1978.??.??,1978,10,"Karpov, Anatoly","Kortschnoj, Viktor",2725.0,2665.0,1/2-1/2,draw,draw,C80,,87,43.5,20,2,1,0,True,False,10,1,True,0,10,1
Karpov.pgn,Karpov,black,"Kortschnoj, Viktor",World Championship 29th,Baguio City,1978.??.??,1978,11,"Kortschnoj, Viktor","Karpov, Anatoly",2665.0,2725.0,1-0,white_win,loss,B20,,100,50.0,18,3,2,0,True,True,8,2,True,0,10,1
Karpov.pgn,Karpov,white,"Kortschnoj, Viktor",World Championship 29th,Baguio City,1978.??.??,1978,12,"Karpov, Anatoly","Kortschnoj, Viktor",2725.0,2665.0,1/2-1/2,draw,draw,C81,,88,44.0,23,2,2,0,True,True,12,1,True,0,11,1
Karpov.pgn,Karpov,black,"Kortschnoj, Viktor",World Championship 29th,Baguio City,1978.??.??,1978,13,"Kortschnoj, Viktor","Karpov, Anatoly",2665.0,2725.0,0-1,black_win,win,D53,,122,61.0,19,7,2,0,True,True,9,4,True,0,10,3
Karpov.pgn,Karpov,white,"Kortschnoj, Viktor",World Championship 29th,Baguio City,1978.??.??,1978,14,"Karpov, Anatoly","Kortschnoj, Viktor",2725.0,2665.0,1-0,white_win,win,C82,,99,49.5,22,1,2,0,True,True,12,1,True,0,10,0
Karpov.pgn,Karpov,black,"Kortschnoj, Viktor",World Championship 29th,Baguio City,1978.??.??,1978,15,"Kortschnoj, Viktor","Karpov, Anatoly",2665.0,2725.0,1/2-1/2,draw,draw,E05,,49,24.5,18,1,2,0,True,True,9,0,True,0,9,1
Karpov.pgn,Karpov,white,"Kortschnoj, Viktor",World Championship 29th,Baguio City,1978.??.??,1978,16,"Karpov, Anatoly","Kortschnoj, Viktor",2725.0,2665.0,1/2-1/2,draw,draw,C08,,84,42.0,18,5,2,0,True,True,9,3,True,0,9,2
Karpov.pgn,Karpov,black,"Kortschnoj, Viktor",World Championship 29th,Baguio City,1978.??.??,1978,17,"Kortschnoj, Viktor","Karpov, Anatoly",2665.0,2725.0,0-1,black_win,win,E47,,78,39.0,22,7,2,0,True,True,10,1,True,0,12,6
Karpov.pgn,Karpov,white,"Kortschnoj, Viktor",World Championship 29th,Baguio City,1978.??.??,1978,18,"Karpov, Anatoly","Kortschnoj, Viktor",2725.0,2665.0,1/2-1/2,draw,draw,B08,,128,64.0,25,6,2,0,True,True,13,1,True,0,12,5
Karpov.pgn,Karpov,black,"Kortschnoj, Viktor",World Championship 29th,Baguio City,1978.??.??,1978,19,"Kortschnoj, Viktor","Karpov, Anatoly",2665.0,2725.0,1/2-1/2,draw,draw,E06,,77,38.5,14,0,2,0,True,True,7,0,True,0,7,0
Karpov.pgn,Karpov,white,"Kortschnoj, Viktor",World Championship 29th,Baguio City,1978.??.??,1978,20,"Karpov, Anatoly","Kortschnoj, Viktor",2725.0,2665.0,1/2-1/2,draw,draw,B15,,126,63.0,24,6,2,0,True,True,12,5,True,0,12,1
Karpov.pgn,Karpov,black,"Kortschnoj, Viktor",World Championship 29th,Baguio City,1978.??.??,1978,21,"Kortschnoj, Viktor","Karpov, Anatoly",2665.0,2725.0,1-0,white_win,loss,D37,,119,59.5,24,12,2,0,True,True,12,10,True,0,12,2
Karpov.pgn,Karpov,white,"Kortschnoj, Viktor",World Championship 29th,Baguio City,1978.??.??,1978,22,"Karpov, Anatoly","Kortschnoj, Viktor",2725.0,2665.0,1/2-1/2,draw,draw,C08,,128,64.0,23,9,2,0,True,True,11,2,True,0,12,7
Karpov.pgn,Karpov,black,"Kortschnoj, Viktor",World Championship 29th,Baguio City,1978.??.??,1978,23,"Kortschnoj, Viktor","Karpov, Anatoly",2665.0,2725.0,1/2-1/2,draw,draw,D37,,83,41.5,20,1,2,0,True,True,10,0,True,0,10,1
Karpov.pgn,Karpov,white,"Kortschnoj, Viktor",World Championship 29th,Baguio City,1978.??.??,1978,24,"Karpov, Anatoly","Kortschnoj, Viktor",2725.0,2665.0,1/2-1/2,draw,draw,C83,,90,45.0,19,2,2,0,True,True,9,2,True,0,10,0
Karpov.pgn,Karpov,black,"Kortschnoj, Viktor",World Championship 29th,Baguio City,1978.??.??,1978,25,"Kortschnoj, Viktor","Karpov, Anatoly",2665.0,2725.0,1/2-1/2,draw,draw,A22,,160,80.0,25,10,2,0,True,True,12,4,True,0,13,6
Karpov.pgn,Karpov,white,"Kortschnoj, Viktor",World Championship 29th,Baguio City,1978.??.??,1978,26,"Karpov, Anatoly","Kortschnoj, Viktor",2725.0,2665.0,1/2-1/2,draw,draw,A21,,54,27.0,15,1,2,0,True,True,8,1,True,0,7,0
Karpov.pgn,Karpov,black,"Kortschnoj, Viktor",World Championship 29th,Baguio City,1978.??.??,1978,27,"Kortschnoj, Viktor","Karpov, Anatoly",2665.0,2725.0,0-1,black_win,win,A29,,81,40.5,17,2,2,0,True,True,9,1,True,0,8,1
Karpov.pgn,Karpov,white,"Kortschnoj, Viktor",World Championship 29th,Baguio City,1978.??.??,1978,28,"Karpov, Anatoly","Kortschnoj, Viktor",2725.0,2665.0,0-1,black_win,loss,C82,,122,61.0,22,9,1,0,True,False,11,8,True,0,11,1
Karpov.pgn,Karpov,black,"Kortschnoj, Viktor",World Championship 29th,Baguio City,1978.??.??,1978,29,"Kortschnoj, Viktor","Karpov, Anatoly",2665.0,2725.0,1-0,white_win,loss,A19,,157,78.5,23,14,2,0,True,True,11,6,True,0,12,8
Karpov.pgn,Karpov,white,"Kortschnoj, Viktor",World Championship 29th,Baguio City,1978.??.??,1978,30,"Karpov, Anatoly","Kortschnoj, Viktor",2725.0,2665.0,1/2-1/2,draw,draw,A34,,82,41.0,16,1,2,0,True,True,8,1,True,0,8,0
Karpov.pgn,Karpov,black,"Kortschnoj, Viktor",World Championship 29th,Baguio City,1978.??.??,1978,31,"Kortschnoj, Viktor","Karpov, Anatoly",2665.0,2725.0,1-0,white_win,loss,D36,,141,70.5,26,8,2,0,True,True,12,1,True,0,14,7
Karpov.pgn,Karpov,white,"Kortschnoj, Viktor",World Championship 29th,Baguio City,1978.??.??,1978,32,"Karpov, Anatoly","Kortschnoj, Viktor",2725.0,2665.0,1-0,white_win,win,A43,,82,41.0,9,0,2,0,True,True,5,0,True,0,4,0
Karpov.pgn,Karpov,white,"Larsen, Bent",Bugojno,Bugojno,1978.??.??,1978,1,"Karpov, Anatoly","Larsen, Bent",2725.0,2620.0,1-0,white_win,win,B18,,115,57.5,22,9,2,0,True,True,12,7,True,0,10,2
Karpov.pgn,Karpov,black,"Ivkov, Borislav",Bugojno,Bugojno,1978.??.??,1978,2,"Ivkov, Borislav","Karpov, Anatoly",2515.0,2725.0,1/2-1/2,draw,draw,E39,,105,52.5,21,3,2,0,True,True,10,1,True,0,11,2
Karpov.pgn,Karpov,white,"Miles, Anthony J",Bugojno,Bugojno,1978.??.??,1978,3,"Karpov, Anatoly","Miles, Anthony J",2725.0,2565.0,1-0,white_win,win,A40,,111,55.5,20,5,2,0,True,True,10,1,True,0,10,4
Karpov.pgn,Karpov,white,"Balashov, Yuri S",Bugojno,Bugojno,1978.??.??,1978,4,"Karpov, Anatoly","Balashov, Yuri S",2725.0,2590.0,1/2-1/2,draw,draw,D32,,38,19.0,5,0,2,0,True,True,2,0,True,0,3,0
Karpov.pgn,Karpov,black,"Timman, Jan H",Bugojno,Bugojno,1978.??.??,1978,5,"Timman, Jan H","Karpov, Anatoly",2585.0,2725.0,1-0,white_win,loss,D35,,91,45.5,22,1,2,0,True,True,10,1,True,0,12,0
Karpov.pgn,Karpov,white,"Gligoric, Svetozar",Bugojno,Bugojno,1978.??.??,1978,6,"Karpov, Anatoly","Gligoric, Svetozar",2725.0,2565.0,1/2-1/2,draw,draw,C92,,89,44.5,14,0,2,0,True,True,7,0,True,0,7,0
Karpov.pgn,Karpov,black,"Huebner, Robert",Bugojno,Bugojno,1978.??.??,1978,7,"Huebner, Robert","Karpov, Anatoly",2595.0,2725.0,1/2-1/2,draw,draw,D75,,26,13.0,8,0,2,0,True,True,4,0,True,0,4,0
Karpov.pgn,Karpov,white,"Tal, Mihail",Bugojno,Bugojno,1978.??.??,1978,8,"Karpov, Anatoly","Tal, Mihail",2725.0,2625.0,1/2-1/2,draw,draw,E48,,43,21.5,4,0,2,0,True,True,2,0,True,0,2,0
Karpov.pgn,Karpov,black,"Spassky, Boris V",Bugojno,Bugojno,1978.??.??,1978,9,"Spassky, Boris V","Karpov, Anatoly",2630.0,2725.0,1/2-1/2,draw,draw,B44,,44,22.0,2,0,2,0,True,True,1,0,True,0,1,0
Karpov.pgn,Karpov,white,"Ljubojevic, Ljubomir",Bugojno,Bugojno,1978.??.??,1978,10,"Karpov, Anatoly","Ljubojevic, Ljubomir",2725.0,2605.0,1-0,white_win,win,B84,,105,52.5,18,4,2,0,True,True,9,3,True,0,9,1
Karpov.pgn,Karpov,black,"Vukic, Milan",Bugojno,Bugojno,1978.??.??,1978,11,"Vukic, Milan","Karpov, Anatoly",2480.0,2725.0,1/2-1/2,draw,draw,A05,,113,56.5,20,1,2,0,True,True,10,1,True,0,10,0
Karpov.pgn,Karpov,white,"Hort, Vlastimil",Bugojno,Bugojno,1978.??.??,1978,12,"Karpov, Anatoly","Hort, Vlastimil",2725.0,2620.0,1-0,white_win,win,B17,,49,24.5,10,5,1,0,True,False,6,5,True,0,4,0
Karpov.pgn,Karpov,black,"Byrne, Robert E",Bugojno,Bugojno,1978.??.??,1978,13,"Byrne, Robert E","Karpov, Anatoly",2550.0,2725.0,1/2-1/2,draw,draw,C95,,46,23.0,4,0,2,0,True,True,2,0,True,0,2,0
Karpov.pgn,Karpov,white,"Bukic, Enver",Bugojno,Bugojno,1978.??.??,1978,14,"Karpov, Anatoly","Bukic, Enver",2725.0,2500.0,1-0,white_win,win,B92,,83,41.5,6,0,2,0,True,True,3,0,True,0,3,0
Karpov.pgn,Karpov,black,"Portisch, Lajos",Bugojno,Bugojno,1978.??.??,1978,15,"Portisch, Lajos","Karpov, Anatoly",2630.0,2725.0,0-1,black_win,win,E54,,80,40.0,13,1,2,0,True,True,8,0,True,0,5,1
Karpov.pgn,Karpov,black,"Huebner, Robert",Montreal,Montreal,1979.??.??,1979,1,"Huebner, Robert","Karpov, Anatoly",2595.0,2705.0,1/2-1/2,draw,draw,E05,,33,16.5,5,0,2,0,True,True,2,0,True,0,3,0
Karpov.pgn,Karpov,white,"Timman, Jan H",Montreal,Montreal,1979.??.??,1979,2,"Karpov, Anatoly","Timman, Jan H",2705.0,2625.0,1-0,white_win,win,B07,,75,37.5,10,0,2,0,True,True,6,0,True,0,4,0
Karpov.pgn,Karpov,black,"Larsen, Bent",Montreal,Montreal,1979.??.??,1979,3,"Larsen, Bent","Karpov, Anatoly",2620.0,2705.0,1/2-1/2,draw,draw,B14,,85,42.5,21,2,2,0,True,True,11,1,True,0,10,1
Karpov.pgn,Karpov,white,"Spassky, Boris V",Montreal,Montreal,1979.??.??,1979,4,"Karpov, Anatoly","Spassky, Boris V",2705.0,2640.0,1-0,white_win,win,D37,,81,40.5,11,0,2,0,True,True,6,0,True,0,5,0
Karpov.pgn,Karpov,black,"Portisch, Lajos",Montreal,Montreal,1979.??.??,1979,5,"Portisch, Lajos","Karpov, Anatoly",2640.0,2705.0,1/2-1/2,draw,draw,E12,,33,16.5,8,0,2,0,True,True,4,0,True,0,4,0
Karpov.pgn,Karpov,white,"Hort, Vlastimil",Montreal,Montreal,1979.??.??,1979,6,"Karpov, Anatoly","Hort, Vlastimil",2705.0,2600.0,1/2-1/2,draw,draw,B67,,54,27.0,7,1,2,0,True,True,4,1,True,0,3,0
Karpov.pgn,Karpov,black,"Tal, Mihail",Montreal,Montreal,1979.??.??,1979,7,"Tal, Mihail","Karpov, Anatoly",2615.0,2705.0,1/2-1/2,draw,draw,C08,,25,12.5,6,2,2,0,True,True,3,0,True,0,3,2
Karpov.pgn,Karpov,white,"Ljubojevic, Ljubomir",Montreal,Montreal,1979.??.??,1979,8,"Karpov, Anatoly","Ljubojevic, Ljubomir",2705.0,2590.0,1-0,white_win,win,D85,,143,71.5,18,9,2,0,True,True,9,8,True,0,9,1
Karpov.pgn,Karpov,black,"Kavalek, Lubomir",Montreal,Montreal,1979.??.??,1979,9,"Kavalek, Lubomir","Karpov, Anatoly",2590.0,2705.0,0-1,black_win,win,C81,,81,40.5,17,4,2,0,True,True,8,0,True,0,9,4
Karpov.pgn,Karpov,white,"Huebner, Robert",Montreal,Montreal,1979.??.??,1979,10,"Karpov, Anatoly","Huebner, Robert",2705.0,2595.0,1/2-1/2,draw,draw,A29,,106,53.0,22,4,2,0,True,True,11,0,True,0,11,4
Karpov.pgn,Karpov,black,"Timman, Jan H",Montreal,Montreal,1979.??.??,1979,11,"Timman, Jan H","Karpov, Anatoly",2625.0,2705.0,0-1,black_win,win,A28,,62,31.0,16,4,2,0,True,True,9,4,True,0,7,0
Karpov.pgn,Karpov,white,"Larsen, Bent",Montreal,Montreal,1979.??.??,1979,12,"Karpov, Anatoly","Larsen, Bent",2705.0,2620.0,0-1,black_win,loss,B01,,110,55.0,17,4,2,0,True,True,8,0,True,0,9,4
Karpov.pgn,Karpov,black,"Spassky, Boris V",Montreal,Montreal,1979.??.??,1979,13,"Spassky, Boris V","Karpov, Anatoly",2640.0,2705.0,0-1,black_win,win,E12,,84,42.0,17,0,2,0,True,True,9,0,True,0,8,0
Karpov.pgn,Karpov,white,"Portisch, Lajos",Montreal,Montreal,1979.??.??,1979,14,"Karpov, Anatoly","Portisch, Lajos",2705.0,2640.0,1/2-1/2,draw,draw,B11,,83,41.5,10,1,2,0,True,True,5,0,True,0,5,1
Karpov.pgn,Karpov,black,"Hort, Vlastimil",Montreal,Montreal,1979.??.??,1979,15,"Hort, Vlastimil","Karpov, Anatoly",2600.0,2705.0,1/2-1/2,draw,draw,B22,,26,13.0,4,0,2,0,True,True,2,0,True,0,2,0
Karpov.pgn,Karpov,white,"Tal, Mihail",Montreal,Montreal,1979.??.??,1979,16,"Karpov, Anatoly","Tal, Mihail",2705.0,2615.0,1/2-1/2,draw,draw,D41,,64,32.0,16,0,2,0,True,True,8,0,True,0,8,0
Karpov.pgn,Karpov,black,"Ljubojevic, Ljubomir",Montreal,Montreal,1979.??.??,1979,17,"Ljubojevic, Ljubomir","Karpov, Anatoly",2590.0,2705.0,0-1,black_win,win,C45,,100,50.0,19,9,2,0,True,True,9,6,True,0,10,3
Karpov.pgn,Karpov,white,"Kavalek, Lubomir",Montreal,Montreal,1979.??.??,1979,18,"Karpov, Anatoly","Kavalek, Lubomir",2705.0,2590.0,1/2-1/2,draw,draw,A26,,23,11.5,0,0,2,0,True,True,0,0,True,0,0,0
Karpov.pgn,Karpov,white,"Balashov, Yuri S",Munich+,Munich,1979.??.??,1979,?,"Karpov, Anatoly","Balashov, Yuri S",2705.0,2600.0,1-0,white_win,win,C95,,119,59.5,21,3,2,1,True,True,11,0,True,1,10,3
Karpov.pgn,Karpov,white,"Unzicker, Wolfgang",Munich+,Munich,1979.??.??,1979,?,"Karpov, Anatoly","Unzicker, Wolfgang",2705.0,2530.0,1/2-1/2,draw,draw,C08,,97,48.5,22,4,2,0,True,True,11,2,True,0,11,2
Karpov.pgn,Karpov,black,"Sigurjonsson, Gudmundur",Munich+,Munich,1979.??.??,1979,?,"Sigurjonsson, Gudmundur","Karpov, Anatoly",2490.0,2705.0,1/2-1/2,draw,draw,E32,,60,30.0,18,1,2,0,True,True,9,1,True,0,9,0
Karpov.pgn,Karpov,black,"Dankert, Peter",Munich+,Munich,1979.??.??,1979,?,"Dankert, Peter","Karpov, Anatoly",2360.0,2705.0,0-1,black_win,win,C00,,106,53.0,15,2,1,0,True,False,9,0,False,0,6,2
Karpov.pgn,Karpov,black,"Robatsch, Karl",Munich+,Munich,1979.??.??,1979,?,"Robatsch, Karl","Karpov, Anatoly",2435.0,2705.0,1/2-1/2,draw,draw,D37,,31,15.5,6,0,2,0,True,True,3,0,True,0,3,0
Karpov.pgn,Karpov,white,"Sosonko, Gennadi",Tilburg,Tilburg,1979.??.??,1979,1,"Karpov, Anatoly","Sosonko, Gennadi",2705.0,2535.0,1-0,white_win,win,B78,,59,29.5,18,2,2,0,True,True,10,2,True,0,8,0
Karpov.pgn,Karpov,black,"Sax, Gyula",Tilburg,Tilburg,1979.??.??,1979,2,"Sax, Gyula","Karpov, Anatoly",2590.0,2705.0,1/2-1/2,draw,draw,C47,,105,52.5,25,5,2,0,True,True,13,3,True,0,12,2
Karpov.pgn,Karpov,white,"Romanishin, Oleg M",Tilburg,Tilburg,1979.??.??,1979,3,"Karpov, Anatoly","Romanishin, Oleg M",2705.0,2560.0,1/2-1/2,draw,draw,A32,,68,34.0,20,3,2,0,True,True,10,0,True,0,10,3
Karpov.pgn,Karpov,black,"Portisch, Lajos",Tilburg,Tilburg,1979.??.??,1979,4,"Portisch, Lajos","Karpov, Anatoly",,,1/2-1/2,draw,draw,E17,,57,28.5,14,1,2,0,True,True,7,1,True,0,7,0
Karpov.pgn,Karpov,white,"Larsen, Bent",Tilburg,Tilburg,1979.??.??,1979,5,"Karpov, Anatoly","Larsen, Bent",2705.0,2620.0,1-0,white_win,win,B15,,79,39.5,17,5,2,0,True,True,8,4,True,0,9,1
Karpov.pgn,Karpov,black,"Huebner, Robert",Tilburg,Tilburg,1979.??.??,1979,6,"Huebner, Robert","Karpov, Anatoly",2595.0,2705.0,1/2-1/2,draw,draw,E05,,45,22.5,10,0,2,0,True,True,5,0,True,0,5,0
Karpov.pgn,Karpov,white,"Kavalek, Lubomir",Tilburg,Tilburg,1979.??.??,1979,7,"Karpov, Anatoly","Kavalek, Lubomir",2705.0,2590.0,1/2-1/2,draw,draw,C95,,87,43.5,22,3,2,0,True,True,11,2,True,0,11,1
Karpov.pgn,Karpov,black,"Spassky, Boris V",Tilburg,Tilburg,1979.??.??,1979,8,"Spassky, Boris V","Karpov, Anatoly",2640.0,2705.0,1/2-1/2,draw,draw,C26,,58,29.0,14,1,2,0,True,True,7,1,True,0,7,0
Karpov.pgn,Karpov,white,"Hort, Vlastimil",Tilburg,Tilburg,1979.??.??,1979,9,"Karpov, Anatoly","Hort, Vlastimil",2705.0,2600.0,1-0,white_win,win,B15,,145,72.5,26,6,2,0,True,True,12,4,True,0,14,2
Karpov.pgn,Karpov,black,"Timman, Jan H",Tilburg,Tilburg,1979.??.??,1979,10,"Timman, Jan H","Karpov, Anatoly",2625.0,2705.0,1/2-1/2,draw,draw,C93,,52,26.0,12,0,2,0,True,True,6,0,True,0,6,0
Karpov.pgn,Karpov,white,"Smyslov, Vassily",Tilburg,Tilburg,1979.??.??,1979,11,"Karpov, Anatoly","Smyslov, Vassily",2705.0,2560.0,1-0,white_win,win,B15,,80,40.0,10,1,2,0,True,True,5,1,True,0,5,0
Karpov.pgn,Karpov,white,"Romanishin, Oleg M",URS Spartakiad,URS,1979.??.??,1979,?,"Karpov, Anatoly","Romanishin, Oleg M",2705.0,2560.0,1-0,white_win,win,C95,,123,61.5,18,1,2,0,True,True,10,0,True,0,8,1
Karpov.pgn,Karpov,white,"Yurtaev, Leonid",URS Spartakiad,URS,1979.??.??,1979,?,"Karpov, Anatoly","Yurtaev, Leonid",2705.0,2200.0,1-0,white_win,win,B33,,201,100.5,25,10,2,0,True,True,13,7,True,0,12,3
Karpov.pgn,Karpov,white,"Lutikov, Anatoly S",URS Spartakiad,URS,1979.??.??,1979,?,"Karpov, Anatoly","Lutikov, Anatoly S",2705.0,2515.0,1-0,white_win,win,B01,,57,28.5,16,2,2,0,True,True,8,1,True,0,8,1
Karpov.pgn,Karpov,white,"Giorgadze, Tamaz",URS Spartakiad,URS,1979.??.??,1979,?,"Karpov, Anatoly","Giorgadze, Tamaz",2705.0,2535.0,1/2-1/2,draw,draw,D37,,48,24.0,8,1,2,0,True,True,4,1,True,0,4,0
Karpov.pgn,Karpov,black,"Spassky, Boris V",URS Spartakiad,URS,1979.??.??,1979,?,"Spassky, Boris V","Karpov, Anatoly",2640.0,2705.0,1/2-1/2,draw,draw,C42,,30,15.0,6,1,1,0,True,False,3,1,False,0,3,0
Karpov.pgn,Karpov,black,"Sosonko, Gennadi",Waddinxveen,Waddinxveen,1979.??.??,1979,1,"Sosonko, Gennadi","Karpov, Anatoly",2535.0,2705.0,0-1,black_win,win,E05,,85,42.5,18,1,2,0,True,True,9,1,True,0,9,0
Karpov.pgn,Karpov,black,"Hort, Vlastimil",Waddinxveen,Waddinxveen,1979.??.??,1979,2,"Hort, Vlastimil","Karpov, Anatoly",2600.0,2705.0,1/2-1/2,draw,draw,B19,,46,23.0,9,1,2,0,True,True,5,1,True,0,4,0
Karpov.pgn,Karpov,white,"Kavalek, Lubomir",Waddinxveen,Waddinxveen,1979.??.??,1979,3,"Karpov, Anatoly","Kavalek, Lubomir",2705.0,2590.0,1-0,white_win,win,B92,,97,48.5,20,1,2,0,True,True,11,1,True,0,9,0
Karpov.pgn,Karpov,white,"Sosonko, Gennadi",Waddinxveen,Waddinxveen,1979.??.??,1979,4,"Karpov, Anatoly","Sosonko, Gennadi",2705.0,2535.0,1-0,white_win,win,B63,,79,39.5,14,1,2,0,True,True,7,0,True,0,7,1
Karpov.pgn,Karpov,black,"Kavalek, Lubomir",Waddinxveen,Waddinxveen,1979.??.??,1979,5,"Kavalek, Lubomir","Karpov, Anatoly",2590.0,2705.0,1/2-1/2,draw,draw,B19,,65,32.5,13,3,2,0,True,True,7,1,True,0,6,2
Karpov.pgn,Karpov,white,"Hort, Vlastimil",Waddinxveen,Waddinxveen,1979.??.??,1979,6,"Karpov, Anatoly","Hort, Vlastimil",2705.0,2600.0,1-0,white_win,win,A30,,113,56.5,25,10,2,0,True,True,13,4,True,0,12,6
Karpov.pgn,Karpov,white,"Larsen, Bent",IBM,Amsterdam,1980.??.??,1980,?,"Karpov, Anatoly","Larsen, Bent",2725.0,2585.0,1-0,white_win,win,B19,,71,35.5,14,3,2,0,True,True,6,2,True,0,8,1
Karpov.pgn,Karpov,black,"Dolmatov, Sergey",IBM,Amsterdam,1980.??.??,1980,?,"Dolmatov, Sergey","Karpov, Anatoly",2535.0,2725.0,1/2-1/2,draw,draw,C09,,33,16.5,8,0,2,0,True,True,4,0,True,0,4,0
Karpov.pgn,Karpov,white,"Hort, Vlastimil",IBM,Amsterdam,1980.??.??,1980,?,"Karpov, Anatoly","Hort, Vlastimil",2725.0,2595.0,1-0,white_win,win,C43,,65,32.5,16,3,2,0,True,True,8,0,True,0,8,3
Karpov.pgn,Karpov,white,"Dolmatov, Sergey",IBM,Amsterdam,1980.??.??,1980,?,"Karpov, Anatoly","Dolmatov, Sergey",2725.0,2535.0,1-0,white_win,win,B33,,109,54.5,20,5,2,0,True,True,10,4,True,0,10,1
Karpov.pgn,Karpov,black,"Hort, Vlastimil",IBM,Amsterdam,1980.??.??,1980,?,"Hort, Vlastimil","Karpov, Anatoly",2595.0,2725.0,1/2-1/2,draw,draw,A25,,35,17.5,5,0,1,0,False,True,2,0,True,0,3,0
Karpov.pgn,Karpov,white,"Ribli, Zoltan",IBM,Amsterdam,1980.??.??,1980,?,"Karpov, Anatoly","Ribli, Zoltan",2725.0,2610.0,1-0,white_win,win,A38,,69,34.5,14,0,2,0,True,True,7,0,True,0,7,0
Karpov.pgn,Karpov,white,"Sosonko, Gennadi",IBM,Amsterdam,1980.??.??,1980,?,"Karpov, Anatoly","Sosonko, Gennadi",2725.0,2545.0,1/2-1/2,draw,draw,B17,,76,38.0,16,1,2,0,True,True,8,1,True,0,8,0
Karpov.pgn,Karpov,white,"Timman, Jan H",IBM,Amsterdam,1980.??.??,1980,?,"Karpov, Anatoly","Timman, Jan H",2725.0,2600.0,1/2-1/2,draw,draw,B08,,52,26.0,10,0,2,0,True,True,5,0,True,0,5,0
Karpov.pgn,Karpov,white,"Van der Wiel, John TH",IBM,Amsterdam,1980.??.??,1980,?,"Karpov, Anatoly","Van der Wiel, John TH",2725.0,2465.0,1-0,white_win,win,B66,,63,31.5,16,4,1,1,True,False,9,4,True,1,7,0
Karpov.pgn,Karpov,black,"Van der Wiel, John TH",IBM,Amsterdam,1980.??.??,1980,?,"Van der Wiel, John TH","Karpov, Anatoly",2465.0,2725.0,0-1,black_win,win,C54,,128,64.0,26,14,2,1,True,True,13,6,True,0,13,8
Karpov.pgn,Karpov,black,"Ribli, Zoltan",IBM,Amsterdam,1980.??.??,1980,?,"Ribli, Zoltan","Karpov, Anatoly",2610.0,2725.0,1-0,white_win,loss,E05,,109,54.5,25,6,2,0,True,True,12,1,True,0,13,5
Karpov.pgn,Karpov,black,"Larsen, Bent",IBM,Amsterdam,1980.??.??,1980,?,"Larsen, Bent","Karpov, Anatoly",2585.0,2725.0,0-1,black_win,win,E19,,46,23.0,12,1,2,0,True,True,6,1,True,0,6,0
Karpov.pgn,Karpov,black,"Sosonko, Gennadi",IBM,Amsterdam,1980.??.??,1980,?,"Sosonko, Gennadi","Karpov, Anatoly",2545.0,2725.0,1/2-1/2,draw,draw,E06,,23,11.5,6,0,2,0,True,True,3,0,True,0,3,0
Karpov.pgn,Karpov,black,"Timman, Jan H",IBM,Amsterdam,1980.??.??,1980,?,"Timman, Jan H","Karpov, Anatoly",2600.0,2725.0,1/2-1/2,draw,draw,E19,,67,33.5,16,0,2,0,True,True,8,0,True,0,8,0
Karpov.pgn,Karpov,black,"Huebner, Robert",Bad Kissingen,Bad Kissingen,1980.??.??,1980,?,"Huebner, Robert","Karpov, Anatoly",2600.0,2725.0,1/2-1/2,draw,draw,A29,,70,35.0,10,0,2,0,True,True,5,0,True,0,5,0
Karpov.pgn,Karpov,black,"Spassky, Boris V",Bad Kissingen,Bad Kissingen,1980.??.??,1980,?,"Spassky, Boris V","Karpov, Anatoly",2615.0,2725.0,1/2-1/2,draw,draw,C90,,79,39.5,16,1,2,0,True,True,8,1,True,0,8,0
Karpov.pgn,Karpov,white,"Unzicker, Wolfgang",Bad Kissingen,Bad Kissingen,1980.??.??,1980,?,"Karpov, Anatoly","Unzicker, Wolfgang",2725.0,2510.0,1-0,white_win,win,D58,,207,103.5,27,15,2,0,True,True,14,11,True,0,13,4
Karpov.pgn,Karpov,white,"Spassky, Boris V",Bad Kissingen,Bad Kissingen,1980.??.??,1980,?,"Karpov, Anatoly","Spassky, Boris V",2725.0,2615.0,1/2-1/2,draw,draw,B17,,90,45.0,19,4,1,0,True,False,9,3,True,0,10,1
Karpov.pgn,Karpov,white,"Huebner, Robert",Bad Kissingen,Bad Kissingen,1980.??.??,1980,?,"Karpov, Anatoly","Huebner, Robert",2725.0,2600.0,1-0,white_win,win,B85,,65,32.5,16,1,2,0,True,True,9,1,True,0,7,0
Karpov.pgn,Karpov,black,"Unzicker, Wolfgang",Bad Kissingen,Bad Kissingen,1980.??.??,1980,?,"Unzicker, Wolfgang","Karpov, Anatoly",2510.0,2725.0,0-1,black_win,win,B84,,84,42.0,16,2,2,0,True,True,8,2,True,0,8,0
Karpov.pgn,Karpov,black,"Najdorf, Miguel",Buenos Aires,Buenos Aires,1980.??.??,1980,?,"Najdorf, Miguel","Karpov, Anatoly",2510.0,2725.0,1/2-1/2,draw,draw,D41,,46,23.0,10,1,2,0,True,True,5,1,True,0,5,0
Karpov.pgn,Karpov,black,"Ljubojevic, Ljubomir",Buenos Aires,Buenos Aires,1980.??.??,1980,?,"Ljubojevic, Ljubomir","Karpov, Anatoly",2590.0,2725.0,1/2-1/2,draw,draw,B10,,73,36.5,19,1,2,0,True,True,9,1,True,0,10,0
Karpov.pgn,Karpov,black,"Balashov, Yuri S",Buenos Aires,Buenos Aires,1980.??.??,1980,?,"Balashov, Yuri S","Karpov, Anatoly",2600.0,2725.0,1/2-1/2,draw,draw,E42,,27,13.5,4,0,2,0,True,True,2,0,True,0,2,0
Karpov.pgn,Karpov,black,"Giardelli, Sergio C",Buenos Aires,Buenos Aires,1980.??.??,1980,?,"Giardelli, Sergio C","Karpov, Anatoly",2300.0,2725.0,0-1,black_win,win,A25,,78,39.0,16,2,2,0,True,True,8,1,True,0,8,1
Karpov.pgn,Karpov,black,"Olafsson, Fridrik",Buenos Aires,Buenos Aires,1980.??.??,1980,?,"Olafsson, Fridrik","Karpov, Anatoly",2545.0,2725.0,1-0,white_win,loss,A32,,79,39.5,15,2,2,0,True,True,7,1,True,0,8,1
Karpov.pgn,Karpov,black,"Hort, Vlastimil",Buenos Aires,Buenos Aires,1980.??.??,1980,?,"Hort, Vlastimil","Karpov, Anatoly",2595.0,2725.0,1/2-1/2,draw,draw,E19,,45,22.5,12,0,2,0,True,True,6,0,True,0,6,0
Karpov.pgn,Karpov,white,"Andersson, Ulf",Buenos Aires,Buenos Aires,1980.??.??,1980,?,"Karpov, Anatoly","Andersson, Ulf",2725.0,2590.0,1-0,white_win,win,E14,,83,41.5,17,0,2,0,True,True,9,0,True,0,8,0
Karpov.pgn,Karpov,white,"Browne, Walter S",Buenos Aires,Buenos Aires,1980.??.??,1980,?,"Karpov, Anatoly","Browne, Walter S",2725.0,2540.0,1/2-1/2,draw,draw,A30,,52,26.0,4,0,2,0,True,True,2,0,True,0,2,0
Karpov.pgn,Karpov,white,"Kavalek, Lubomir",Buenos Aires,Buenos Aires,1980.??.??,1980,?,"Karpov, Anatoly","Kavalek, Lubomir",2725.0,2600.0,1/2-1/2,draw,draw,B92,,49,24.5,6,0,2,0,True,True,3,0,True,0,3,0
Karpov.pgn,Karpov,white,"Panno, Oscar",Buenos Aires,Buenos Aires,1980.??.??,1980,?,"Karpov, Anatoly","Panno, Oscar",2725.0,2540.0,1-0,white_win,win,C42,,115,57.5,17,1,2,0,True,True,8,1,True,0,9,0
Karpov.pgn,Karpov,white,"Quinteros, Miguel A",Buenos Aires,Buenos Aires,1980.??.??,1980,?,"Karpov, Anatoly","Quinteros, Miguel A",2725.0,2515.0,0-1,black_win,loss,B25,,69,34.5,12,3,2,0,True,True,6,2,True,0,6,1
Karpov.pgn,Karpov,white,"Timman, Jan H",Buenos Aires,Buenos Aires,1980.??.??,1980,?,"Karpov, Anatoly","Timman, Jan H",2725.0,2600.0,0-1,black_win,loss,B64,,120,60.0,23,19,2,0,True,True,11,7,True,0,12,12
Karpov.pgn,Karpov,black,"Larsen, Bent",Buenos Aires,Buenos Aires,1980.??.??,1980,?,"Larsen, Bent","Karpov, Anatoly",2585.0,2725.0,1/2-1/2,draw,draw,A37,,47,23.5,18,0,2,0,True,True,9,0,True,0,9,0
Karpov.pgn,Karpov,white,"Larsen, Bent",Bugojno,Bugojno,1980.??.??,1980,1,"Karpov, Anatoly","Larsen, Bent",2725.0,2590.0,1/2-1/2,draw,draw,C42,,45,22.5,7,0,2,0,True,True,4,0,True,0,3,0
Karpov.pgn,Karpov,black,"Kurajica, Bojan",Bugojno,Bugojno,1980.??.??,1980,2,"Kurajica, Bojan","Karpov, Anatoly",2505.0,2725.0,1/2-1/2,draw,draw,E15,,55,27.5,14,1,1,0,False,True,8,1,True,0,6,0
Karpov.pgn,Karpov,white,"Andersson, Ulf",Bugojno,Bugojno,1980.??.??,1980,3,"Karpov, Anatoly","Andersson, Ulf",2725.0,2590.0,1/2-1/2,draw,draw,B81,,128,64.0,26,3,2,0,True,True,13,2,True,0,13,1
Karpov.pgn,Karpov,black,"Ljubojevic, Ljubomir",Bugojno,Bugojno,1980.??.??,1980,4,"Ljubojevic, Ljubomir","Karpov, Anatoly",2590.0,2725.0,1/2-1/2,draw,draw,C45,,43,21.5,6,0,2,0,True,True,3,0,True,0,3,0
Karpov.pgn,Karpov,white,"Ivkov, Borislav",Bugojno,Bugojno,1980.??.??,1980,5,"Karpov, Anatoly","Ivkov, Borislav",2725.0,2530.0,1-0,white_win,win,C92,,115,57.5,20,3,2,0,True,True,10,2,True,0,10,1
Karpov.pgn,Karpov,white,"Polugaevsky, Lev",Bugojno,Bugojno,1980.??.??,1980,6,"Karpov, Anatoly","Polugaevsky, Lev",2725.0,2635.0,1/2-1/2,draw,draw,E12,,83,41.5,20,3,2,0,True,True,10,2,True,0,10,1
Karpov.pgn,Karpov,black,"Hort, Vlastimil",Bugojno,Bugojno,1980.??.??,1980,7,"Hort, Vlastimil","Karpov, Anatoly",2595.0,2725.0,1/2-1/2,draw,draw,C80,,31,15.5,6,0,2,0,True,True,3,0,True,0,3,0
Karpov.pgn,Karpov,white,"Tal, Mihail",Bugojno,Bugojno,1980.??.??,1980,8,"Karpov, Anatoly","Tal, Mihail",2725.0,2705.0,1-0,white_win,win,D48,,67,33.5,16,8,1,0,True,False,8,8,True,0,8,0
Karpov.pgn,Karpov,black,"Timman, Jan H",Bugojno,Bugojno,1980.??.??,1980,9,"Timman, Jan H","Karpov, Anatoly",2600.0,2725.0,0-1,black_win,win,C92,,138,69.0,23,1,2,0,True,True,12,1,True,0,11,0
Karpov.pgn,Karpov,white,"Kavalek, Lubomir",Bugojno,Bugojno,1980.??.??,1980,10,"Karpov, Anatoly","Kavalek, Lubomir",2725.0,2600.0,1-0,white_win,win,B64,,83,41.5,20,3,2,0,True,True,11,3,True,0,9,0
Karpov.pgn,Karpov,black,"Gligoric, Svetozar",Bugojno,Bugojno,1980.??.??,1980,11,"Gligoric, Svetozar","Karpov, Anatoly",2565.0,2725.0,0-1,black_win,win,E42,,124,62.0,20,5,2,0,True,True,12,5,True,0,8,0
Karpov.pgn,Karpov,black,"Olafsson, Fridrik",Malta ol (Men),La Valetta,1980.??.??,1980,?,"Olafsson, Fridrik","Karpov, Anatoly",2545.0,2725.0,0-1,black_win,win,A28,,74,37.0,18,3,2,0,True,True,9,2,True,0,9,1
Karpov.pgn,Karpov,black,"Gheorghiu, Florin",Malta ol (Men),La Valetta,1980.??.??,1980,?,"Gheorghiu, Florin","Karpov, Anatoly",2605.0,2725.0,1/2-1/2,draw,draw,E12,,34,17.0,6,1,2,0,True,True,3,0,True,0,3,1
Karpov.pgn,Karpov,white,"Alburt, Lev O",Malta ol (Men),La Valetta,1980.??.??,1980,?,"Karpov, Anatoly","Alburt, Lev O",2725.0,2515.0,1-0,white_win,win,B05,,65,32.5,12,3,2,0,True,True,8,0,True,0,4,3
Karpov.pgn,Karpov,white,"Ermenkov, Evgenij",Malta ol (Men),La Valetta,1980.??.??,1980,?,"Karpov, Anatoly","Ermenkov, Evgenij",2725.0,2495.0,1/2-1/2,draw,draw,E68,,89,44.5,17,4,2,0,True,True,9,2,True,0,8,2
Karpov.pgn,Karpov,white,"Hort, Vlastimil",Malta ol (Men),La Valetta,1980.??.??,1980,?,"Karpov, Anatoly","Hort, Vlastimil",2725.0,2595.0,1-0,white_win,win,D42,,121,60.5,18,4,2,0,True,True,10,4,True,0,8,0
Karpov.pgn,Karpov,white,"Jakobsen, Ole",Malta ol (Men),La Valetta,1980.??.??,1980,?,"Karpov, Anatoly","Jakobsen, Ole",2725.0,2410.0,1-0,white_win,win,D63,,111,55.5,23,7,2,0,True,True,11,2,True,0,12,5
Karpov.pgn,Karpov,white,"Ostos, Julio",Malta ol (Men),La Valetta,1980.??.??,1980,?,"Karpov, Anatoly","Ostos, Julio",2725.0,2365.0,1-0,white_win,win,C06,,89,44.5,12,2,2,0,True,True,7,2,True,0,5,0
Karpov.pgn,Karpov,white,"Portisch, Lajos",Malta ol (Men),La Valetta,1980.??.??,1980,?,"Karpov, Anatoly","Portisch, Lajos",2725.0,2655.0,1/2-1/2,draw,draw,E14,,61,30.5,10,0,2,0,True,True,5,0,True,0,5,0
Karpov.pgn,Karpov,white,"Quinteros, Miguel A",Malta ol (Men),La Valetta,1980.??.??,1980,?,"Karpov, Anatoly","Quinteros, Miguel A",2725.0,2515.0,1-0,white_win,win,E92,,81,40.5,15,1,2,0,True,True,7,1,True,0,8,0
Karpov.pgn,Karpov,black,"Ljubojevic, Ljubomir",Malta ol (Men),La Valetta,1980.??.??,1980,?,"Ljubojevic, Ljubomir","Karpov, Anatoly",2590.0,2725.0,1/2-1/2,draw,draw,B18,,26,13.0,6,0,0,0,False,False,3,0,False,0,3,0
Karpov.pgn,Karpov,black,"Timman, Jan H",Malta ol (Men),La Valetta,1980.??.??,1980,?,"Timman, Jan H","Karpov, Anatoly",2600.0,2725.0,1/2-1/2,draw,draw,E54,,33,16.5,9,3,2,0,True,True,5,0,True,0,4,3
Karpov.pgn,Karpov,white,"Miles, Anthony J",EU-chT,Skara,1980.??.??,1980,1,"Karpov, Anatoly","Miles, Anthony J",2725.0,2545.0,0-1,black_win,loss,B00,,92,46.0,22,2,2,0,True,True,10,1,True,0,12,1
Karpov.pgn,Karpov,black,"Portisch, Lajos",EU-chT,Skara,1980.??.??,1980,2,"Portisch, Lajos","Karpov, Anatoly",2655.0,2725.0,1/2-1/2,draw,draw,E18,,33,16.5,10,0,2,0,True,True,5,0,True,0,5,0
Karpov.pgn,Karpov,white,"Andersson, Ulf",EU-chT,Skara,1980.??.??,1980,3,"Karpov, Anatoly","Andersson, Ulf",2725.0,2590.0,1/2-1/2,draw,draw,B81,,97,48.5,12,0,2,0,True,True,6,0,True,0,6,0
Karpov.pgn,Karpov,white,"Ermenkov, Evgenij",EU-chT,Skara,1980.??.??,1980,4,"Karpov, Anatoly","Ermenkov, Evgenij",2725.0,2495.0,1/2-1/2,draw,draw,B84,,113,56.5,25,10,2,0,True,True,12,2,True,0,13,8
Karpov.pgn,Karpov,black,"Ljubojevic, Ljubomir",EU-chT,Skara,1980.??.??,1980,7,"Ljubojevic, Ljubomir","Karpov, Anatoly",2590.0,2725.0,1/2-1/2,draw,draw,C69,,33,16.5,8,0,2,0,True,True,4,0,True,0,4,0
Karpov.pgn,Karpov,black,"Sosonko, Gennadi",Tilburg,Tilburg,1980.??.??,1980,?,"Sosonko, Gennadi","Karpov, Anatoly",2545.0,2725.0,1/2-1/2,draw,draw,E05,,33,16.5,8,0,2,0,True,True,4,0,True,0,4,0
Karpov.pgn,Karpov,black,"Timman, Jan H",Tilburg,Tilburg,1980.??.??,1980,?,"Timman, Jan H","Karpov, Anatoly",2600.0,2725.0,0-1,black_win,win,C42,,72,36.0,15,3,1,0,True,False,8,2,False,0,7,1
Karpov.pgn,Karpov,black,"Ribli, Zoltan",Tilburg,Tilburg,1980.??.??,1980,?,"Ribli, Zoltan","Karpov, Anatoly",2610.0,2725.0,0-1,black_win,win,A25,,50,25.0,9,2,2,0,True,True,5,1,True,0,4,1
Karpov.pgn,Karpov,black,"Kavalek, Lubomir",Tilburg,Tilburg,1980.??.??,1980,?,"Kavalek, Lubomir","Karpov, Anatoly",2600.0,2725.0,1/2-1/2,draw,draw,C93,,37,18.5,0,0,2,0,True,True,0,0,True,0,0,0
Karpov.pgn,Karpov,white,"Tal, Mihail",Tilburg,Tilburg,1980.??.??,1980,?,"Karpov, Anatoly","Tal, Mihail",2725.0,2705.0,1/2-1/2,draw,draw,C88,,41,20.5,6,0,2,0,True,True,3,0,True,0,3,0
Karpov.pgn,Karpov,white,"Spassky, Boris V",Tilburg,Tilburg,1980.??.??,1980,?,"Karpov, Anatoly","Spassky, Boris V",2725.0,2615.0,1-0,white_win,win,B81,,69,34.5,24,7,1,0,True,False,12,4,True,0,12,3
Karpov.pgn,Karpov,white,"Larsen, Bent",Tilburg,Tilburg,1980.??.??,1980,?,"Karpov, Anatoly","Larsen, Bent",2725.0,2585.0,0-1,black_win,loss,C43,,132,66.0,22,3,2,0,True,True,10,2,True,0,12,1
Karpov.pgn,Karpov,white,"Huebner, Robert",Tilburg,Tilburg,1980.??.??,1980,?,"Karpov, Anatoly","Huebner, Robert",2725.0,2600.0,1-0,white_win,win,D85,,115,57.5,18,5,2,0,True,True,10,1,True,0,8,4
Karpov.pgn,Karpov,white,"Andersson, Ulf",Tilburg,Tilburg,1980.??.??,1980,?,"Karpov, Anatoly","Andersson, Ulf",2725.0,2590.0,1-0,white_win,win,E14,,161,80.5,21,0,2,0,True,True,11,0,True,0,10,0
Karpov.pgn,Karpov,black,"Hort, Vlastimil",Tilburg,Tilburg,1980.??.??,1980,?,"Hort, Vlastimil","Karpov, Anatoly",2595.0,2725.0,1/2-1/2,draw,draw,D59,,38,19.0,12,1,2,0,True,True,6,0,True,0,6,1
Karpov.pgn,Karpov,black,"Portisch, Lajos",Tilburg,Tilburg,1980.??.??,1980,?,"Portisch, Lajos","Karpov, Anatoly",2655.0,2725.0,1/2-1/2,draw,draw,E18,,49,24.5,10,0,2,0,True,True,5,0,True,0,5,0
Karpov.pgn,Karpov,black,"Kavalek, Lubomir",Amsterdam,Amsterdam,1981.??.??,1981,?,"Kavalek, Lubomir","Karpov, Anatoly",2550.0,2690.0,1/2-1/2,draw,draw,A12,,33,16.5,4,0,2,0,True,True,2,0,True,0,2,0
Karpov.pgn,Karpov,white,"Ljubojevic, Ljubomir",Amsterdam,Amsterdam,1981.??.??,1981,?,"Karpov, Anatoly","Ljubojevic, Ljubomir",2690.0,2605.0,1-0,white_win,win,E15,,67,33.5,12,0,2,0,True,True,6,0,True,0,6,0
Karpov.pgn,Karpov,black,"Donner, Jan Hein",Amsterdam,Amsterdam,1981.??.??,1981,?,"Donner, Jan Hein","Karpov, Anatoly",2475.0,2690.0,0-1,black_win,win,E39,,106,53.0,15,8,1,0,False,True,8,8,True,0,7,0
Karpov.pgn,Karpov,white,"Timman, Jan H",Amsterdam,Amsterdam,1981.??.??,1981,?,"Karpov, Anatoly","Timman, Jan H",2690.0,2620.0,1/2-1/2,draw,draw,A30,,64,32.0,15,3,2,0,True,True,8,3,True,0,7,0
Karpov.pgn,Karpov,black,"Ree, Hans",Amsterdam,Amsterdam,1981.??.??,1981,?,"Ree, Hans","Karpov, Anatoly",2485.0,2690.0,1/2-1/2,draw,draw,E16,,62,31.0,11,2,2,0,True,True,6,2,True,0,5,0
Karpov.pgn,Karpov,black,"Langeweg, Kick",Amsterdam,Amsterdam,1981.??.??,1981,?,"Langeweg, Kick","Karpov, Anatoly",2455.0,2690.0,0-1,black_win,win,E13,,82,41.0,12,1,0,0,False,False,6,1,False,0,6,0
Karpov.pgn,Karpov,black,"Smyslov, Vassily",Amsterdam,Amsterdam,1981.??.??,1981,?,"Smyslov, Vassily","Karpov, Anatoly",2545.0,2690.0,1/2-1/2,draw,draw,E15,,25,12.5,7,0,1,0,True,False,3,0,False,0,4,0
Karpov.pgn,Karpov,black,"Hort, Vlastimil",Amsterdam,Amsterdam,1981.??.??,1981,?,"Hort, Vlastimil","Karpov, Anatoly",2575.0,2690.0,1-0,white_win,loss,D58,,51,25.5,14,1,2,0,True,True,6,0,True,0,8,1
Karpov.pgn,Karpov,white,"Polugaevsky, Lev",Amsterdam,Amsterdam,1981.??.??,1981,?,"Karpov, Anatoly","Polugaevsky, Lev",2690.0,2620.0,1/2-1/2,draw,draw,E18,,38,19.0,8,0,2,0,True,True,4,0,True,0,4,0
Karpov.pgn,Karpov,white,"Miles, Anthony J",Amsterdam,Amsterdam,1981.??.??,1981,?,"Karpov, Anatoly","Miles, Anthony J",2690.0,2590.0,1-0,white_win,win,B14,,81,40.5,21,4,2,0,True,True,11,1,True,0,10,3
Karpov.pgn,Karpov,white,"Portisch, Lajos",Amsterdam,Amsterdam,1981.??.??,1981,?,"Karpov, Anatoly","Portisch, Lajos",2690.0,2650.0,1/2-1/2,draw,draw,E39,,96,48.0,14,1,1,0,False,True,7,0,False,0,7,1
Karpov.pgn,Karpov,white,"Ribli, Zoltan",Linares,Linares,1981.??.??,1981,?,"Karpov, Anatoly","Ribli, Zoltan",2690.0,2585.0,1/2-1/2,draw,draw,A30,,45,22.5,2,0,2,0,True,True,1,0,True,0,1,0
Karpov.pgn,Karpov,black,"Ljubojevic, Ljubomir",Linares,Linares,1981.??.??,1981,?,"Ljubojevic, Ljubomir","Karpov, Anatoly",2605.0,2690.0,0-1,black_win,win,B19,,124,62.0,25,7,2,0,True,True,13,4,True,0,12,3
Karpov.pgn,Karpov,black,"Garcia Gonzales, Guillermo",Linares,Linares,1981.??.??,1981,?,"Garcia Gonzales, Guillermo","Karpov, Anatoly",2520.0,2690.0,0-1,black_win,win,A30,,88,44.0,11,0,2,0,True,True,6,0,True,0,5,0
Karpov.pgn,Karpov,white,"Bellon Lopez, Juan Manuel",Linares,Linares,1981.??.??,1981,?,"Karpov, Anatoly","Bellon Lopez, Juan Manuel",2690.0,2415.0,1/2-1/2,draw,draw,B42,,117,58.5,22,1,2,0,True,True,11,0,True,0,11,1
Karpov.pgn,Karpov,white,"Christiansen, Larry Mark",Linares,Linares,1981.??.??,1981,?,"Karpov, Anatoly","Christiansen, Larry Mark",2690.0,2515.0,1-0,white_win,win,B09,,81,40.5,20,3,1,0,False,True,10,1,False,0,10,2
Karpov.pgn,Karpov,white,"Quinteros, Miguel A",Linares,Linares,1981.??.??,1981,?,"Karpov, Anatoly","Quinteros, Miguel A",2690.0,2505.0,1-0,white_win,win,E01,,93,46.5,21,3,2,0,True,True,11,2,True,0,10,1
Karpov.pgn,Karpov,black,"Gligoric, Svetozar",Linares,Linares,1981.??.??,1981,?,"Gligoric, Svetozar","Karpov, Anatoly",2530.0,2690.0,1/2-1/2,draw,draw,E12,,44,22.0,7,0,2,0,True,True,4,0,True,0,3,0
Karpov.pgn,Karpov,black,"Portisch, Lajos",Linares,Linares,1981.??.??,1981,?,"Portisch, Lajos","Karpov, Anatoly",2650.0,2690.0,0-1,black_win,win,A29,,74,37.0,15,3,2,0,True,True,8,2,True,0,7,1
Karpov.pgn,Karpov,black,"Spassky, Boris V",Linares,Linares,1981.??.??,1981,?,"Spassky, Boris V","Karpov, Anatoly",2635.0,2690.0,1/2-1/2,draw,draw,C42,,64,32.0,14,2,2,0,True,True,7,1,True,0,7,1
Karpov.pgn,Karpov,white,"Larsen, Bent",Linares,Linares,1981.??.??,1981,?,"Karpov, Anatoly","Larsen, Bent",2690.0,2610.0,1/2-1/2,draw,draw,B19,,94,47.0,24,0,2,0,True,True,12,0,True,0,12,0
Karpov.pgn,Karpov,white,"Kavalek, Lubomir",Linares,Linares,1981.??.??,1981,?,"Karpov, Anatoly","Kavalek, Lubomir",2690.0,2550.0,1/2-1/2,draw,draw,D59,,37,18.5,6,0,2,0,True,True,3,0,True,0,3,0
Karpov.pgn,Karpov,black,"Kortschnoj, Viktor",World Championship 30th,Merano,1981.??.??,1981,1,"Kortschnoj, Viktor","Karpov, Anatoly",2695.0,2700.0,0-1,black_win,win,D58,,86,43.0,17,3,2,0,True,True,9,2,True,0,8,1
Karpov.pgn,Karpov,white,"Kortschnoj, Viktor",World Championship 30th,Merano,1981.??.??,1981,2,"Karpov, Anatoly","Kortschnoj, Viktor",2700.0,2695.0,1-0,white_win,win,C67,,113,56.5,20,1,2,0,True,True,11,1,True,0,9,0
Karpov.pgn,Karpov,black,"Kortschnoj, Viktor",World Championship 30th,Merano,1981.??.??,1981,3,"Kortschnoj, Viktor","Karpov, Anatoly",2695.0,2700.0,1/2-1/2,draw,draw,D58,,81,40.5,12,0,2,0,True,True,6,0,True,0,6,0
Karpov.pgn,Karpov,white,"Kortschnoj, Viktor",World Championship 30th,Merano,1981.??.??,1981,4,"Karpov, Anatoly","Kortschnoj, Viktor",2700.0,2695.0,1-0,white_win,win,C42,,105,52.5,21,8,2,0,True,True,12,5,True,0,9,3
Karpov.pgn,Karpov,black,"Kortschnoj, Viktor",World Championship 30th,Merano,1981.??.??,1981,5,"Kortschnoj, Viktor","Karpov, Anatoly",2695.0,2700.0,1/2-1/2,draw,draw,D53,,89,44.5,21,2,2,0,True,True,10,0,True,0,11,2
Karpov.pgn,Karpov,white,"Kortschnoj, Viktor",World Championship 30th,Merano,1981.??.??,1981,6,"Karpov, Anatoly","Kortschnoj, Viktor",2700.0,2695.0,0-1,black_win,loss,C82,,82,41.0,12,0,2,0,True,True,6,0,True,0,6,0
Karpov.pgn,Karpov,black,"Kortschnoj, Viktor",World Championship 30th,Merano,1981.??.??,1981,7,"Kortschnoj, Viktor","Karpov, Anatoly",2695.0,2700.0,1-0,white_win,loss,D53,,61,30.5,13,0,2,0,True,True,7,0,True,0,6,0
Karpov.pgn,Karpov,white,"Kortschnoj, Viktor",World Championship 30th,Merano,1981.??.??,1981,8,"Karpov, Anatoly","Kortschnoj, Viktor",2700.0,2695.0,1/2-1/2,draw,draw,C54,,167,83.5,28,6,2,0,True,True,15,2,True,0,13,4
Karpov.pgn,Karpov,black,"Kortschnoj, Viktor",World Championship 30th,Merano,1981.??.??,1981,9,"Kortschnoj, Viktor","Karpov, Anatoly",2695.0,2700.0,0-1,black_win,win,D53,,86,43.0,19,4,2,0,True,True,9,2,True,0,10,2
Karpov.pgn,Karpov,white,"Kortschnoj, Viktor",World Championship 30th,Merano,1981.??.??,1981,10,"Karpov, Anatoly","Kortschnoj, Viktor",2700.0,2695.0,1/2-1/2,draw,draw,C54,,63,31.5,14,1,2,0,True,True,7,1,True,0,7,0
Karpov.pgn,Karpov,black,"Kortschnoj, Viktor",World Championship 30th,Merano,1981.??.??,1981,11,"Kortschnoj, Viktor","Karpov, Anatoly",2695.0,2700.0,1/2-1/2,draw,draw,D37,,70,35.0,17,2,1,0,False,True,8,2,True,0,9,0
Karpov.pgn,Karpov,white,"Kortschnoj, Viktor",World Championship 30th,Merano,1981.??.??,1981,12,"Karpov, Anatoly","Kortschnoj, Viktor",2700.0,2695.0,1/2-1/2,draw,draw,A16,,93,46.5,17,2,2,0,True,True,9,1,True,0,8,1
Karpov.pgn,Karpov,black,"Kortschnoj, Viktor",World Championship 30th,Merano,1981.??.??,1981,13,"Kortschnoj, Viktor","Karpov, Anatoly",2695.0,2700.0,1-0,white_win,loss,D31,,82,41.0,21,7,1,0,False,True,12,3,True,0,9,4
Karpov.pgn,Karpov,white,"Kortschnoj, Viktor",World Championship 30th,Merano,1981.??.??,1981,14,"Karpov, Anatoly","Kortschnoj, Viktor",2700.0,2695.0,1-0,white_win,win,C80,,91,45.5,23,7,2,0,True,True,12,5,True,0,11,2
Karpov.pgn,Karpov,black,"Kortschnoj, Viktor",World Championship 30th,Merano,1981.??.??,1981,15,"Kortschnoj, Viktor","Karpov, Anatoly",2695.0,2700.0,1/2-1/2,draw,draw,A29,,80,40.0,15,2,2,0,True,True,7,2,True,0,8,0
Karpov.pgn,Karpov,white,"Kortschnoj, Viktor",World Championship 30th,Merano,1981.??.??,1981,16,"Karpov, Anatoly","Kortschnoj, Viktor",2700.0,2695.0,1/2-1/2,draw,draw,C80,,84,42.0,16,0,2,0,True,True,8,0,True,0,8,0
Karpov.pgn,Karpov,black,"Kortschnoj, Viktor",World Championship 30th,Merano,1981.??.??,1981,17,"Kortschnoj, Viktor","Karpov, Anatoly",2695.0,2700.0,1/2-1/2,draw,draw,D53,,46,23.0,14,1,1,0,False,True,7,1,True,0,7,0
Karpov.pgn,Karpov,white,"Kortschnoj, Viktor",World Championship 30th,Merano,1981.??.??,1981,18,"Karpov, Anatoly","Kortschnoj, Viktor",2700.0,2695.0,1-0,white_win,win,C80,,81,40.5,19,2,2,0,True,True,10,1,True,0,9,1
Karpov.pgn,Karpov,black,"Petrosian, Tigran V",Moscow,Moscow,1981.??.??,1981,?,"Petrosian, Tigran V","Karpov, Anatoly",2585.0,2690.0,1/2-1/2,draw,draw,D30,,72,36.0,18,2,1,0,False,True,8,2,True,0,10,0
Karpov.pgn,Karpov,black,"Kasparov, Gary",Moscow,Moscow,1981.??.??,1981,?,"Kasparov, Gary","Karpov, Anatoly",2625.0,2690.0,1/2-1/2,draw,draw,D55,,35,17.5,4,0,2,0,True,True,2,0,True,0,2,0
Karpov.pgn,Karpov,white,"Smyslov, Vassily",Moscow,Moscow,1981.??.??,1981,?,"Karpov, Anatoly","Smyslov, Vassily",2690.0,2545.0,1-0,white_win,win,D94,,63,31.5,15,2,2,0,True,True,8,2,True,0,7,0
Karpov.pgn,Karpov,white,"Timman, Jan H",Moscow,Moscow,1981.??.??,1981,?,"Karpov, Anatoly","Timman, Jan H",2690.0,2620.0,1-0,white_win,win,D42,,59,29.5,10,2,2,0,True,True,5,2,True,0,5,0
Karpov.pgn,Karpov,black,"Polugaevsky, Lev",Moscow,Moscow,1981.??.??,1981,?,"Polugaevsky, Lev","Karpov, Anatoly",2620.0,2690.0,1/2-1/2,draw,draw,E18,,33,16.5,6,0,2,0,True,True,3,0,True,0,3,0
Karpov.pgn,Karpov,white,"Smejkal, Jan",Moscow,Moscow,1981.??.??,1981,?,"Karpov, Anatoly","Smejkal, Jan",2690.0,2535.0,1/2-1/2,draw,draw,C95,,39,19.5,4,0,2,0,True,True,2,0,True,0,2,0
Karpov.pgn,Karpov,white,"Portisch, Lajos",Moscow,Moscow,1981.??.??,1981,?,"Karpov, Anatoly","Portisch, Lajos",2690.0,2650.0,1/2-1/2,draw,draw,E55,,60,30.0,18,0,2,0,True,True,9,0,True,0,9,0
Karpov.pgn,Karpov,white,"Geller, Efim P",Moscow,Moscow,1981.??.??,1981,?,"Karpov, Anatoly","Geller, Efim P",2690.0,2615.0,1-0,white_win,win,D58,,65,32.5,17,3,2,0,True,True,10,2,True,0,7,1
Karpov.pgn,Karpov,white,"Beliavsky, Alexander G",Moscow,Moscow,1981.??.??,1981,?,"Karpov, Anatoly","Beliavsky, Alexander G",2690.0,2620.0,1-0,white_win,win,D37,,67,33.5,16,2,2,0,True,True,8,1,True,0,8,1
Karpov.pgn,Karpov,white,"Balashov, Yuri S",Moscow,Moscow,1981.??.??,1981,?,"Karpov, Anatoly","Balashov, Yuri S",2690.0,2600.0,1-0,white_win,win,E69,,81,40.5,17,2,2,0,True,True,9,2,True,0,8,0
Karpov.pgn,Karpov,black,"Gheorghiu, Florin",Moscow,Moscow,1981.??.??,1981,?,"Gheorghiu, Florin","Karpov, Anatoly",2605.0,2690.0,1/2-1/2,draw,draw,E12,,31,15.5,6,2,1,0,True,False,3,0,False,0,3,2
Karpov.pgn,Karpov,black,"Andersson, Ulf",Moscow,Moscow,1981.??.??,1981,?,"Andersson, Ulf","Karpov, Anatoly",2610.0,2690.0,1/2-1/2,draw,draw,E05,,39,19.5,9,0,2,0,True,True,4,0,True,0,5,0
Karpov.pgn,Karpov,black,"Torre, Eugenio",Moscow,Moscow,1981.??.??,1981,?,"Torre, Eugenio","Karpov, Anatoly",2550.0,2690.0,1/2-1/2,draw,draw,B19,,95,47.5,24,2,2,0,True,True,12,0,True,0,12,2
Karpov.pgn,Karpov,black,"Romanishin, Oleg M",Moscow-4teams,Moscow,1981.??.??,1981,?,"Romanishin, Oleg M","Karpov, Anatoly",2595.0,2690.0,1/2-1/2,draw,draw,C43,,86,43.0,21,0,2,0,True,True,10,0,True,0,11,0
Karpov.pgn,Karpov,white,"Smyslov, Vassily",Moscow-4teams,Moscow,1981.??.??,1981,?,"Karpov, Anatoly","Smyslov, Vassily",2690.0,2545.0,1/2-1/2,draw,draw,C42,,44,22.0,8,1,1,0,True,False,4,0,True,0,4,1
Karpov.pgn,Karpov,white,"Kasparov, Gary",Moscow-4teams,Moscow,1981.??.??,1981,?,"Karpov, Anatoly","Kasparov, Gary",2690.0,2625.0,1/2-1/2,draw,draw,A30,,82,41.0,17,5,2,0,True,True,8,4,True,0,9,1
Karpov.pgn,Karpov,white,"Romanishin, Oleg M",Moscow-4teams,Moscow,1981.??.??,1981,?,"Karpov, Anatoly","Romanishin, Oleg M",2690.0,2585.0,1-0,white_win,win,B44,,66,33.0,12,1,2,0,True,True,6,0,True,0,6,1
Karpov.pgn,Karpov,black,"Kasparov, Gary",Moscow-4teams,Moscow,1981.??.??,1981,?,"Kasparov, Gary","Karpov, Anatoly",2625.0,2690.0,1/2-1/2,draw,draw,C42,,81,40.5,15,1,2,0,True,True,7,0,True,0,8,1
Karpov.pgn,Karpov,white,"Nunn, John DM",Hamburg TV-A,Hamburg,1982.??.??,1982,1,"Karpov, Anatoly","Nunn, John DM",2700.0,2565.0,1/2-1/2,draw,draw,B08,,77,38.5,18,6,2,0,True,True,9,3,True,0,9,3
Karpov.pgn,Karpov,white,"Spassky, Boris V",Hamburg TV-1pl,Hamburg,1982.??.??,1982,1,"Karpov, Anatoly","Spassky, Boris V",2700.0,2610.0,1-0,white_win,win,B08,,111,55.5,22,2,2,0,True,True,11,2,True,0,11,0
Karpov.pgn,Karpov,black,"Spassky, Boris V",Hamburg TV-1pl,Hamburg,1982.??.??,1982,2,"Spassky, Boris V","Karpov, Anatoly",2610.0,2700.0,1-0,white_win,loss,C38,,167,83.5,27,33,2,2,True,True,13,13,True,1,14,20
Karpov.pgn,Karpov,black,"Nunn, John DM",Hamburg TV-A,Hamburg,1982.??.??,1982,2,"Nunn, John DM","Karpov, Anatoly",2565.0,2700.0,1/2-1/2,draw,draw,C54,,81,40.5,21,0,2,0,True,True,10,0,True,0,11,0
Karpov.pgn,Karpov,black,"Seirawan, Yasser",Hamburg TV-A,Hamburg,1982.??.??,1982,3,"Seirawan, Yasser","Karpov, Anatoly",2595.0,2700.0,0-1,black_win,win,D53,,60,30.0,12,6,1,0,False,True,5,5,True,0,7,1
Karpov.pgn,Karpov,white,"Seirawan, Yasser",Hamburg TV-A,Hamburg,1982.??.??,1982,4,"Karpov, Anatoly","Seirawan, Yasser",2700.0,2595.0,1-0,white_win,win,E15,,75,37.5,18,2,2,0,True,True,9,2,True,0,9,0
Karpov.pgn,Karpov,black,"Bouaziz, Slim",Hamburg TV-A,Hamburg,1982.??.??,1982,5,"Bouaziz, Slim","Karpov, Anatoly",2360.0,2700.0,0-1,black_win,win,C54,,84,42.0,17,4,2,0,True,True,9,2,True,0,8,2
Karpov.pgn,Karpov,black,"Spassky, Boris V",Hamburg TV-1pl,Hamburg,1982.??.??,1982,15,"Spassky, Boris V","Karpov, Anatoly",2610.0,2700.0,1/2-1/2,draw,draw,C42,,103,51.5,23,7,2,0,True,True,11,3,True,0,12,4
Karpov.pgn,Karpov,white,"Spassky, Boris V",Hamburg TV-1pl,Hamburg,1982.??.??,1982,15,"Karpov, Anatoly","Spassky, Boris V",2700.0,2610.0,1-0,white_win,win,B06,,57,28.5,15,6,1,0,True,False,8,5,True,0,7,1
Karpov.pgn,Karpov,white,"Speelman, Jonathan S",Phillips&Drew,London,1982.??.??,1982,?,"Karpov, Anatoly","Speelman, Jonathan S",2720.0,2550.0,1/2-1/2,draw,draw,E13,,107,53.5,26,8,1,0,False,True,13,2,False,0,13,6
Karpov.pgn,Karpov,white,"Short, Nigel D",Phillips&Drew,London,1982.??.??,1982,?,"Karpov, Anatoly","Short, Nigel D",2720.0,2430.0,1/2-1/2,draw,draw,C19,,110,55.0,22,8,1,0,True,False,11,4,True,0,11,4
Karpov.pgn,Karpov,white,"Timman, Jan H",Phillips&Drew,London,1982.??.??,1982,?,"Karpov, Anatoly","Timman, Jan H",2720.0,2605.0,1/2-1/2,draw,draw,B64,,182,91.0,27,20,2,1,True,True,13,17,True,0,14,3
Karpov.pgn,Karpov,white,"Portisch, Lajos",Phillips&Drew,London,1982.??.??,1982,?,"Karpov, Anatoly","Portisch, Lajos",2720.0,2630.0,1-0,white_win,win,B92,,79,39.5,18,1,2,0,True,True,9,0,True,0,9,1
Karpov.pgn,Karpov,white,"Nunn, John DM",Phillips&Drew,London,1982.??.??,1982,?,"Karpov, Anatoly","Nunn, John DM",2720.0,2590.0,1-0,white_win,win,B33,,101,50.5,19,4,2,0,True,True,9,1,True,0,10,3
Karpov.pgn,Karpov,white,"Miles, Anthony J",Phillips&Drew,London,1982.??.??,1982,?,"Karpov, Anatoly","Miles, Anthony J",2720.0,2575.0,1-0,white_win,win,B76,,75,37.5,19,3,2,0,True,True,10,1,True,0,9,2
Karpov.pgn,Karpov,white,"Mestel, A Jonathan",Phillips&Drew,London,1982.??.??,1982,?,"Karpov, Anatoly","Mestel, A Jonathan",2720.0,2500.0,1-0,white_win,win,B76,,79,39.5,21,5,2,0,True,True,10,2,True,0,11,3
Karpov.pgn,Karpov,black,"Geller, Efim P",Phillips&Drew,London,1982.??.??,1982,?,"Geller, Efim P","Karpov, Anatoly",2575.0,2720.0,1/2-1/2,draw,draw,E18,,35,17.5,11,0,2,0,True,True,5,0,True,0,6,0
Karpov.pgn,Karpov,black,"Christiansen, Larry Mark",Phillips&Drew,London,1982.??.??,1982,?,"Christiansen, Larry Mark","Karpov, Anatoly",2585.0,2720.0,1/2-1/2,draw,draw,D53,,89,44.5,22,1,2,0,True,True,11,0,True,0,11,1
Karpov.pgn,Karpov,black,"Andersson, Ulf",Phillips&Drew,London,1982.??.??,1982,?,"Andersson, Ulf","Karpov, Anatoly",2635.0,2720.0,1/2-1/2,draw,draw,E19,,51,25.5,12,0,2,0,True,True,6,0,True,0,6,0
Karpov.pgn,Karpov,black,"Ljubojevic, Ljubomir",Phillips&Drew,London,1982.??.??,1982,?,"Ljubojevic, Ljubomir","Karpov, Anatoly",2645.0,2720.0,1/2-1/2,draw,draw,C88,,71,35.5,6,0,2,0,True,True,3,0,True,0,3,0
Karpov.pgn,Karpov,black,"Seirawan, Yasser",Phillips&Drew,London,1982.??.??,1982,?,"Seirawan, Yasser","Karpov, Anatoly",2575.0,2720.0,1-0,white_win,loss,D53,,61,30.5,16,3,2,0,True,True,7,0,True,0,9,3
Karpov.pgn,Karpov,black,"Spassky, Boris V",Phillips&Drew,London,1982.??.??,1982,?,"Spassky, Boris V","Karpov, Anatoly",2605.0,2720.0,0-1,black_win,win,C88,,76,38.0,12,0,2,0,True,True,6,0,True,0,6,0
Karpov.pgn,Karpov,white,"Small, Vernon A",Luzern ol (Men),Luzern,1982.??.??,1982,1,"Karpov, Anatoly","Small, Vernon A",2700.0,2290.0,1-0,white_win,win,B44,,93,46.5,12,2,2,0,True,True,6,0,True,0,6,2
Karpov.pgn,Karpov,white,"Seirawan, Yasser",Luzern ol (Men),Luzern,1982.??.??,1982,3,"Karpov, Anatoly","Seirawan, Yasser",2700.0,2595.0,1/2-1/2,draw,draw,B19,,94,47.0,20,6,2,0,True,True,10,2,True,0,10,4
Karpov.pgn,Karpov,black,"Ljubojevic, Ljubomir",Luzern ol (Men),Luzern,1982.??.??,1982,4,"Ljubojevic, Ljubomir","Karpov, Anatoly",2615.0,2700.0,1/2-1/2,draw,draw,C92,,144,72.0,21,4,2,0,True,True,11,2,True,0,10,2
Karpov.pgn,Karpov,white,"Hort, Vlastimil",Luzern ol (Men),Luzern,1982.??.??,1982,5,"Karpov, Anatoly","Hort, Vlastimil",2700.0,2600.0,1-0,white_win,win,C99,,83,41.5,17,3,2,0,True,True,9,3,True,0,8,0
Karpov.pgn,Karpov,black,"Timman, Jan H",Luzern ol (Men),Luzern,1982.??.??,1982,6,"Timman, Jan H","Karpov, Anatoly",2600.0,2700.0,1/2-1/2,draw,draw,E12,,101,50.5,24,2,2,0,True,True,12,0,True,0,12,2
Karpov.pgn,Karpov,white,"Portisch, Lajos",Luzern ol (Men),Luzern,1982.??.??,1982,8,"Karpov, Anatoly","Portisch, Lajos",2700.0,2625.0,1-0,white_win,win,C42,,53,26.5,11,2,2,0,True,True,5,0,True,0,6,2
Karpov.pgn,Karpov,white,"Quinteros, Miguel A",Luzern ol (Men),Luzern,1982.??.??,1982,11,"Karpov, Anatoly","Quinteros, Miguel A",2700.0,2520.0,1-0,white_win,win,B92,,91,45.5,17,0,2,0,True,True,9,0,True,0,8,0
Karpov.pgn,Karpov,black,"Gheorghiu, Florin",Luzern ol (Men),Luzern,1982.??.??,1982,12,"Gheorghiu, Florin","Karpov, Anatoly",2535.0,2700.0,0-1,black_win,win,E15,,126,63.0,21,7,2,0,True,True,11,2,True,0,10,5
Karpov.pgn,Karpov,white,"Seirawan, Yasser",Mar del Plata,Mar del Plata,1982.??.??,1982,?,"Karpov, Anatoly","Seirawan, Yasser",2720.0,2575.0,1/2-1/2,draw,draw,C16,,161,80.5,23,16,1,0,True,False,11,7,True,0,12,9
Karpov.pgn,Karpov,white,"Quinteros, Miguel A",Mar del Plata,Mar del Plata,1982.??.??,1982,?,"Karpov, Anatoly","Quinteros, Miguel A",2720.0,2505.0,1/2-1/2,draw,draw,B20,,94,47.0,20,3,2,0,True,True,10,2,True,0,10,1
Karpov.pgn,Karpov,white,"Timman, Jan H",Mar del Plata,Mar del Plata,1982.??.??,1982,?,"Karpov, Anatoly","Timman, Jan H",2720.0,2605.0,0-1,black_win,loss,B81,,102,51.0,19,2,2,0,True,True,8,0,True,0,11,2
Karpov.pgn,Karpov,white,"Najdorf, Miguel",Mar del Plata,Mar del Plata,1982.??.??,1982,?,"Karpov, Anatoly","Najdorf, Miguel",2720.0,2515.0,1-0,white_win,win,E12,,105,52.5,16,6,2,0,True,True,8,6,True,0,8,0
Karpov.pgn,Karpov,white,"Larsen, Bent",Mar del Plata,Mar del Plata,1982.??.??,1982,?,"Karpov, Anatoly","Larsen, Bent",2720.0,2555.0,1-0,white_win,win,B01,,63,31.5,12,2,1,0,False,True,6,2,False,0,6,0
Karpov.pgn,Karpov,white,"Giardelli, Sergio C",Mar del Plata,Mar del Plata,1982.??.??,1982,?,"Karpov, Anatoly","Giardelli, Sergio C",2720.0,2460.0,1/2-1/2,draw,draw,B42,,108,54.0,17,4,2,0,True,True,8,2,True,0,9,2
Karpov.pgn,Karpov,white,"Franco Ocampo, Zenon",Mar del Plata,Mar del Plata,1982.??.??,1982,?,"Karpov, Anatoly","Franco Ocampo, Zenon",2720.0,2505.0,1-0,white_win,win,B66,,88,44.0,21,4,1,0,True,False,11,2,True,0,10,2
Karpov.pgn,Karpov,black,"Panno, Oscar",Mar del Plata,Mar del Plata,1982.??.??,1982,?,"Panno, Oscar","Karpov, Anatoly",2510.0,2720.0,1/2-1/2,draw,draw,D41,,84,42.0,14,3,2,0,True,True,7,2,True,0,7,1
Karpov.pgn,Karpov,black,"Garcia Palermo, Carlos",Mar del Plata,Mar del Plata,1982.??.??,1982,?,"Garcia Palermo, Carlos","Karpov, Anatoly",2470.0,2720.0,1-0,white_win,loss,E52,,113,56.5,21,4,2,0,True,True,10,2,True,0,11,2
Karpov.pgn,Karpov,black,"Braga, Fernando",Mar del Plata,Mar del Plata,1982.??.??,1982,?,"Braga, Fernando","Karpov, Anatoly",2375.0,2720.0,0-1,black_win,win,B22,,130,65.0,21,10,2,0,True,True,11,10,True,0,10,0
Karpov.pgn,Karpov,black,"Andersson, Ulf",Mar del Plata,Mar del Plata,1982.??.??,1982,?,"Andersson, Ulf","Karpov, Anatoly",2635.0,2720.0,1/2-1/2,draw,draw,E18,,38,19.0,8,0,2,0,True,True,4,0,True,0,4,0
Karpov.pgn,Karpov,black,"Polugaevsky, Lev",Mar del Plata,Mar del Plata,1982.??.??,1982,?,"Polugaevsky, Lev","Karpov, Anatoly",2625.0,2720.0,1/2-1/2,draw,draw,D36,,31,15.5,6,0,2,0,True,True,3,0,True,0,3,0
Karpov.pgn,Karpov,black,"Portisch, Lajos",Mar del Plata,Mar del Plata,1982.??.??,1982,?,"Portisch, Lajos","Karpov, Anatoly",2630.0,2720.0,1/2-1/2,draw,draw,E05,,29,14.5,4,0,2,0,True,True,2,0,True,0,2,0
Karpov.pgn,Karpov,black,"Browne, Walter S",Tilburg,Tilburg,1982.??.??,1982,?,"Browne, Walter S","Karpov, Anatoly",2590.0,2700.0,1/2-1/2,draw,draw,D37,,69,34.5,20,1,2,0,True,True,10,0,True,0,10,1
Karpov.pgn,Karpov,white,"Petrosian, Tigran V",Tilburg,Tilburg,1982.??.??,1982,?,"Karpov, Anatoly","Petrosian, Tigran V",2700.0,2605.0,1-0,white_win,win,B17,,83,41.5,11,0,2,0,True,True,6,0,True,0,5,0
Karpov.pgn,Karpov,white,"Larsen, Bent",Tilburg,Tilburg,1982.??.??,1982,?,"Karpov, Anatoly","Larsen, Bent",2700.0,2595.0,1-0,white_win,win,B19,,89,44.5,16,8,1,0,False,True,7,6,False,0,9,2
Karpov.pgn,Karpov,white,"Smyslov, Vassily",Tilburg,Tilburg,1982.??.??,1982,?,"Karpov, Anatoly","Smyslov, Vassily",2700.0,2565.0,1/2-1/2,draw,draw,C42,,37,18.5,6,1,2,0,True,True,3,0,True,0,3,1
Karpov.pgn,Karpov,white,"Portisch, Lajos",Tilburg,Tilburg,1982.??.??,1982,?,"Karpov, Anatoly","Portisch, Lajos",2700.0,2625.0,0-1,black_win,loss,C42,,64,32.0,13,3,2,0,True,True,6,3,True,0,7,0
Karpov.pgn,Karpov,black,"Sosonko, Gennadi",Tilburg,Tilburg,1982.??.??,1982,?,"Sosonko, Gennadi","Karpov, Anatoly",2575.0,2700.0,1/2-1/2,draw,draw,E05,,31,15.5,3,0,2,0,True,True,1,0,True,0,2,0
Karpov.pgn,Karpov,black,"Timman, Jan H",Tilburg,Tilburg,1982.??.??,1982,?,"Timman, Jan H","Karpov, Anatoly",2600.0,2700.0,1/2-1/2,draw,draw,D58,,54,27.0,10,0,2,0,True,True,5,0,True,0,5,0
Karpov.pgn,Karpov,black,"Torre, Eugenio",Tilburg,Tilburg,1982.??.??,1982,?,"Torre, Eugenio","Karpov, Anatoly",2535.0,2700.0,0-1,black_win,win,E15,,114,57.0,16,9,2,0,True,True,8,7,True,0,8,2
Karpov.pgn,Karpov,white,"Nunn, John DM",Tilburg,Tilburg,1982.??.??,1982,?,"Karpov, Anatoly","Nunn, John DM",2700.0,2565.0,1-0,white_win,win,B08,,61,30.5,15,0,2,0,True,True,8,0,True,0,7,0
Karpov.pgn,Karpov,black,"Andersson, Ulf",Tilburg,Tilburg,1982.??.??,1982,?,"Andersson, Ulf","Karpov, Anatoly",2610.0,2700.0,1/2-1/2,draw,draw,E05,,42,21.0,7,0,2,0,True,True,4,0,True,0,3,0
Karpov.pgn,Karpov,white,"Huebner, Robert",Tilburg,Tilburg,1982.??.??,1982,1,"Karpov, Anatoly","Huebner, Robert",2720.0,2620.0,1-0,white_win,win,B19,,73,36.5,16,3,2,0,True,True,9,2,True,0,7,1
Karpov.pgn,Karpov,white,"Andersson, Ulf",Turin,Turin,1982.??.??,1982,1,"Karpov, Anatoly","Andersson, Ulf",2720.0,2605.0,1/2-1/2,draw,draw,B81,,122,61.0,20,3,2,0,True,True,10,1,True,0,10,2
Karpov.pgn,Karpov,black,"Ljubojevic, Ljubomir",Turin,Turin,1982.??.??,1982,2,"Ljubojevic, Ljubomir","Karpov, Anatoly",2600.0,2720.0,1-0,white_win,loss,C92,,89,44.5,14,1,2,0,True,True,6,0,True,0,8,1
Karpov.pgn,Karpov,white,"Spassky, Boris V",Turin,Turin,1982.??.??,1982,4,"Karpov, Anatoly","Spassky, Boris V",2720.0,2625.0,1/2-1/2,draw,draw,B81,,48,24.0,12,0,1,0,True,False,6,0,True,0,6,0
Karpov.pgn,Karpov,black,"Kavalek, Lubomir",Turin,Turin,1982.??.??,1982,5,"Kavalek, Lubomir","Karpov, Anatoly",2590.0,2720.0,1/2-1/2,draw,draw,C42,,44,22.0,14,0,2,0,True,True,7,0,True,0,7,0
Karpov.pgn,Karpov,white,"Portisch, Lajos",Turin,Turin,1982.??.??,1982,6,"Karpov, Anatoly","Portisch, Lajos",2720.0,2630.0,1-0,white_win,win,C42,,75,37.5,17,2,2,0,True,True,9,1,True,0,8,1
Karpov.pgn,Karpov,black,"Huebner, Robert",Turin,Turin,1982.??.??,1982,7,"Huebner, Robert","Karpov, Anatoly",2620.0,2720.0,1/2-1/2,draw,draw,C92,,27,13.5,0,0,2,0,True,True,0,0,True,0,0,0
Karpov.pgn,Karpov,black,"Andersson, Ulf",Turin,Turin,1982.??.??,1982,8,"Andersson, Ulf","Karpov, Anatoly",2605.0,2720.0,1/2-1/2,draw,draw,E19,,87,43.5,18,0,2,0,True,True,9,0,True,0,9,0
Karpov.pgn,Karpov,white,"Ljubojevic, Ljubomir",Turin,Turin,1982.??.??,1982,9,"Karpov, Anatoly","Ljubojevic, Ljubomir",2720.0,2600.0,1-0,white_win,win,B84,,55,27.5,13,0,2,0,True,True,6,0,True,0,7,0
Karpov.pgn,Karpov,black,"Spassky, Boris V",Turin,Turin,1982.??.??,1982,11,"Spassky, Boris V","Karpov, Anatoly",2625.0,2720.0,1/2-1/2,draw,draw,C42,,47,23.5,9,1,2,0,True,True,5,1,True,0,4,0
Karpov.pgn,Karpov,white,"Kavalek, Lubomir",Turin,Turin,1982.??.??,1982,12,"Karpov, Anatoly","Kavalek, Lubomir",2720.0,2590.0,1/2-1/2,draw,draw,B17,,110,55.0,24,3,2,0,True,True,12,1,True,0,12,2
Karpov.pgn,Karpov,black,"Portisch, Lajos",Turin,Turin,1982.??.??,1982,13,"Portisch, Lajos","Karpov, Anatoly",2630.0,2720.0,1/2-1/2,draw,draw,D58,,29,14.5,5,0,2,0,True,True,2,0,True,0,3,0
Karpov.pgn,Karpov,white,"Miles, Anthony J",Bath TV-1pl,Bath,1983.??.??,1983,?,"Karpov, Anatoly","Miles, Anthony J",2710.0,2585.0,0-1,black_win,loss,B16,,78,39.0,18,5,2,0,True,True,9,2,True,0,9,3
Karpov.pgn,Karpov,black,"Browne, Walter S",Bath TV-A,Bath,1983.??.??,1983,?,"Browne, Walter S","Karpov, Anatoly",2560.0,2710.0,1/2-1/2,draw,draw,E12,,43,21.5,12,2,2,0,True,True,6,0,True,0,6,2
Karpov.pgn,Karpov,black,"Chandler, Murray G",Bath TV-A,Bath,1983.??.??,1983,?,"Chandler, Murray G","Karpov, Anatoly",2485.0,2710.0,0-1,black_win,win,C54,,60,30.0,14,4,2,1,True,True,8,3,True,1,6,1
Karpov.pgn,Karpov,white,"Browne, Walter S",Bath TV-A,Bath,1983.??.??,1983,?,"Karpov, Anatoly","Browne, Walter S",2710.0,2560.0,1-0,white_win,win,A30,,62,31.0,12,0,2,0,True,True,7,0,True,0,5,0
Karpov.pgn,Karpov,white,"Chandler, Murray G",Bath TV-A,Bath,1983.??.??,1983,?,"Karpov, Anatoly","Chandler, Murray G",2710.0,2485.0,1-0,white_win,win,D32,,71,35.5,14,2,2,0,True,True,8,2,True,0,6,0
Karpov.pgn,Karpov,white,"Rogers, Ian",Bath TV-A,Bath,1983.??.??,1983,?,"Karpov, Anatoly","Rogers, Ian",2710.0,2450.0,1-0,white_win,win,B01,,57,28.5,12,2,2,0,True,True,7,1,True,0,5,1
Karpov.pgn,Karpov,black,"Rogers, Ian",Bath TV-A,Bath,1983.??.??,1983,?,"Rogers, Ian","Karpov, Anatoly",2450.0,2710.0,1/2-1/2,draw,draw,E05,,83,41.5,14,0,2,0,True,True,7,0,True,0,7,0
Karpov.pgn,Karpov,white,"Hartmann, W.",Hannover,Hannover,1983.??.??,1983,1,"Karpov, Anatoly","Hartmann, W.",2710.0,2290.0,0-1,black_win,loss,B81,,82,41.0,17,4,2,1,True,True,9,2,True,0,8,2
Karpov.pgn,Karpov,black,"Kavalek, Lubomir",Hannover,Hannover,1983.??.??,1983,2,"Kavalek, Lubomir","Karpov, Anatoly",2560.0,2710.0,1/2-1/2,draw,draw,C42,,27,13.5,4,0,2,0,True,True,2,0,True,0,2,0
Karpov.pgn,Karpov,white,"Pfleger, Helmut",Hannover,Hannover,1983.??.??,1983,3,"Karpov, Anatoly","Pfleger, Helmut",2710.0,2505.0,1-0,white_win,win,B08,,69,34.5,13,2,2,0,True,True,7,1,True,0,6,1
Karpov.pgn,Karpov,black,"Sosonko, Gennadi",Hannover,Hannover,1983.??.??,1983,4,"Sosonko, Gennadi","Karpov, Anatoly",2575.0,2710.0,1/2-1/2,draw,draw,E05,,35,17.5,8,0,2,0,True,True,4,0,True,0,4,0
Karpov.pgn,Karpov,white,Chen De,Hannover,Hannover,1983.??.??,1983,5,"Karpov, Anatoly",Chen De,2710.0,2320.0,1-0,white_win,win,C06,,53,26.5,15,1,2,0,True,True,7,0,True,0,8,1
Karpov.pgn,Karpov,black,"Lobron, Eric",Hannover,Hannover,1983.??.??,1983,6,"Lobron, Eric","Karpov, Anatoly",2480.0,2710.0,0-1,black_win,win,C42,,80,40.0,19,2,2,0,True,True,9,0,True,0,10,2
Karpov.pgn,Karpov,white,"Torre, Eugenio",Hannover,Hannover,1983.??.??,1983,7,"Karpov, Anatoly","Torre, Eugenio",2710.0,2570.0,1-0,white_win,win,C92,,61,30.5,14,0,2,0,True,True,8,0,True,0,6,0
Karpov.pgn,Karpov,black,"Glienke, Manfred",Hannover,Hannover,1983.??.??,1983,8,"Glienke, Manfred","Karpov, Anatoly",2335.0,2710.0,0-1,black_win,win,A46,,60,30.0,7,0,2,0,True,True,3,0,True,0,4,0
Karpov.pgn,Karpov,white,"Quinteros, Miguel A",Hannover,Hannover,1983.??.??,1983,9,"Karpov, Anatoly","Quinteros, Miguel A",2710.0,2500.0,1/2-1/2,draw,draw,B85,,60,30.0,11,2,2,0,True,True,5,2,True,0,6,0
Karpov.pgn,Karpov,black,"Bastian, Herbert",Hannover,Hannover,1983.??.??,1983,10,"Bastian, Herbert","Karpov, Anatoly",2375.0,2710.0,0-1,black_win,win,B25,,54,27.0,11,3,2,0,True,True,6,2,True,0,5,1
Karpov.pgn,Karpov,white,"Balashov, Yuri S",Hannover,Hannover,1983.??.??,1983,11,"Karpov, Anatoly","Balashov, Yuri S",2710.0,2545.0,1/2-1/2,draw,draw,E19,,50,25.0,12,1,2,0,True,True,6,1,True,0,6,0
Karpov.pgn,Karpov,white,"Ostermeyer, Peter",Hannover,Hannover,1983.??.??,1983,12,"Karpov, Anatoly","Ostermeyer, Peter",2710.0,2450.0,1/2-1/2,draw,draw,B92,,159,79.5,28,15,2,0,True,True,14,10,True,0,14,5
Karpov.pgn,Karpov,black,Qi Jingxuan,Hannover,Hannover,1983.??.??,1983,13,Qi Jingxuan,"Karpov, Anatoly",2430.0,2710.0,0-1,black_win,win,B97,,88,44.0,18,3,1,0,True,False,9,1,False,0,9,2
Karpov.pgn,Karpov,white,"Giorgadze, Tamaz",Hannover,Hannover,1983.??.??,1983,14,"Karpov, Anatoly","Giorgadze, Tamaz",2710.0,2495.0,1-0,white_win,win,D55,,111,55.5,17,5,2,0,True,True,9,4,True,0,8,1
Karpov.pgn,Karpov,black,"Bouaziz, Slim",Hannover,Hannover,1983.??.??,1983,15,"Bouaziz, Slim","Karpov, Anatoly",2390.0,2710.0,1/2-1/2,draw,draw,B82,,52,26.0,10,2,2,0,True,True,5,1,True,0,5,1
Karpov.pgn,Karpov,black,"Andersson, Ulf",Linares,Linares,1983.??.??,1983,?,"Andersson, Ulf","Karpov, Anatoly",2635.0,2710.0,1/2-1/2,draw,draw,E19,,133,66.5,26,5,2,0,True,True,14,5,True,0,12,0
Karpov.pgn,Karpov,black,"Geller, Efim P",Linares,Linares,1983.??.??,1983,?,"Geller, Efim P","Karpov, Anatoly",2575.0,2710.0,1/2-1/2,draw,draw,A38,,35,17.5,10,0,2,0,True,True,5,0,True,0,5,0
Karpov.pgn,Karpov,black,"Hort, Vlastimil",Linares,Linares,1983.??.??,1983,?,"Hort, Vlastimil","Karpov, Anatoly",2585.0,2710.0,1/2-1/2,draw,draw,D30,,47,23.5,14,2,2,0,True,True,7,0,True,0,7,2
Karpov.pgn,Karpov,white,"Jussupow, Artur",Linares,Linares,1983.??.??,1983,?,"Karpov, Anatoly","Jussupow, Artur",2710.0,2565.0,1/2-1/2,draw,draw,C80,,92,46.0,23,2,2,0,True,True,12,2,True,0,11,0
Karpov.pgn,Karpov,white,"Larsen, Bent",Linares,Linares,1983.??.??,1983,?,"Karpov, Anatoly","Larsen, Bent",2710.0,2555.0,1-0,white_win,win,B19,,85,42.5,17,3,2,0,True,True,8,3,True,0,9,0
Karpov.pgn,Karpov,white,"Sax, Gyula",Linares,Linares,1983.??.??,1983,?,"Karpov, Anatoly","Sax, Gyula",2710.0,2560.0,1-0,white_win,win,B81,,77,38.5,16,9,1,0,True,False,9,8,True,0,7,1
Karpov.pgn,Karpov,white,"Seirawan, Yasser",Linares,Linares,1983.??.??,1983,?,"Karpov, Anatoly","Seirawan, Yasser",2710.0,2600.0,1/2-1/2,draw,draw,B19,,91,45.5,14,1,2,0,True,True,7,1,True,0,7,0
Karpov.pgn,Karpov,white,"Timman, Jan H",Linares,Linares,1983.??.??,1983,?,"Karpov, Anatoly","Timman, Jan H",2710.0,2605.0,1/2-1/2,draw,draw,B66,,90,45.0,19,6,1,0,True,False,10,5,True,0,9,1
Karpov.pgn,Karpov,black,"Miles, Anthony J",Linares,Linares,1983.??.??,1983,?,"Miles, Anthony J","Karpov, Anatoly",2585.0,2710.0,1/2-1/2,draw,draw,E03,,23,11.5,2,1,1,0,True,False,1,0,False,0,1,1
Karpov.pgn,Karpov,black,"Spassky, Boris V",Linares,Linares,1983.??.??,1983,?,"Spassky, Boris V","Karpov, Anatoly",2605.0,2710.0,1/2-1/2,draw,draw,B25,,35,17.5,4,2,2,0,True,True,2,2,True,0,2,0
Karpov.pgn,Karpov,black,"Balashov, Yuri S",URS-ch50,Moscow,1983.??.??,1983,?,"Balashov, Yuri S","Karpov, Anatoly",2540.0,2710.0,1/2-1/2,draw,draw,C92,,79,39.5,20,2,2,0,True,True,9,1,True,0,11,1
Karpov.pgn,Karpov,black,"Vaganian, Rafael A",URS-ch50,Moscow,1983.??.??,1983,?,"Vaganian, Rafael A","Karpov, Anatoly",2550.0,2710.0,1/2-1/2,draw,draw,E18,,31,15.5,9,0,2,0,True,True,4,0,True,0,5,0
Karpov.pgn,Karpov,white,"Tukmakov, Vladimir B",URS-ch50,Moscow,1983.??.??,1983,?,"Karpov, Anatoly","Tukmakov, Vladimir B",2710.0,2580.0,1/2-1/2,draw,draw,C88,,30,15.0,3,0,2,0,True,True,2,0,True,0,1,0
Karpov.pgn,Karpov,white,"Polugaevsky, Lev",URS-ch50,Moscow,1983.??.??,1983,?,"Karpov, Anatoly","Polugaevsky, Lev",2710.0,2625.0,1/2-1/2,draw,draw,E32,,112,56.0,24,2,2,0,True,True,12,1,True,0,12,1
Karpov.pgn,Karpov,white,"Lerner, Konstantin Z",URS-ch50,Moscow,1983.??.??,1983,?,"Karpov, Anatoly","Lerner, Konstantin Z",2710.0,2525.0,1-0,white_win,win,B07,,99,49.5,18,6,2,0,True,True,10,0,True,0,8,6
Karpov.pgn,Karpov,white,"Jussupow, Artur",URS-ch50,Moscow,1983.??.??,1983,?,"Karpov, Anatoly","Jussupow, Artur",2710.0,2565.0,1-0,white_win,win,C82,,87,43.5,17,3,2,0,True,True,9,1,True,0,8,2
Karpov.pgn,Karpov,white,"Geller, Efim P",URS-ch50,Moscow,1983.??.??,1983,?,"Karpov, Anatoly","Geller, Efim P",2710.0,2575.0,1-0,white_win,win,C88,,61,30.5,10,1,2,0,True,True,6,1,True,0,4,0
Karpov.pgn,Karpov,white,"Beliavsky, Alexander G",URS-ch50,Moscow,1983.??.??,1983,?,"Karpov, Anatoly","Beliavsky, Alexander G",2710.0,2570.0,1-0,white_win,win,C92,,155,77.5,22,4,2,0,True,True,11,3,True,0,11,1
Karpov.pgn,Karpov,white,"Azmaiparashvili, Zurab",URS-ch50,Moscow,1983.??.??,1983,?,"Karpov, Anatoly","Azmaiparashvili, Zurab",2710.0,2455.0,0-1,black_win,loss,B08,,82,41.0,25,2,2,0,True,True,12,1,True,0,13,1
Karpov.pgn,Karpov,black,"Agzamov, Georgy",URS-ch50,Moscow,1983.??.??,1983,?,"Agzamov, Georgy","Karpov, Anatoly",2535.0,2710.0,1/2-1/2,draw,draw,E05,,70,35.0,16,3,2,0,True,True,8,0,True,0,8,3
Karpov.pgn,Karpov,black,"Romanishin, Oleg M",URS-ch50,Moscow,1983.??.??,1983,?,"Romanishin, Oleg M","Karpov, Anatoly",2585.0,2710.0,0-1,black_win,win,D11,,124,62.0,22,9,2,0,True,True,11,6,True,0,11,3
Karpov.pgn,Karpov,black,"Psakhis, Lev",URS-ch50,Moscow,1983.??.??,1983,?,"Psakhis, Lev","Karpov, Anatoly",2580.0,2710.0,1/2-1/2,draw,draw,C42,,35,17.5,10,1,2,0,True,True,5,0,True,0,5,1
Karpov.pgn,Karpov,black,"Razuvaev, Yuri S",URS-ch50,Moscow,1983.??.??,1983,?,"Razuvaev, Yuri S","Karpov, Anatoly",2520.0,2710.0,1/2-1/2,draw,draw,E19,,35,17.5,8,0,2,0,True,True,4,0,True,0,4,0
Karpov.pgn,Karpov,black,"Malaniuk, Vladimir P",URS-ch50,Moscow,1983.??.??,1983,?,"Malaniuk, Vladimir P","Karpov, Anatoly",2460.0,2710.0,1/2-1/2,draw,draw,B46,,80,40.0,21,0,2,0,True,True,11,0,True,0,10,0
Karpov.pgn,Karpov,black,"Petrosian, Tigran V",URS-ch50,Moscow,1983.??.??,1983,?,"Petrosian, Tigran V","Karpov, Anatoly",2605.0,2710.0,1/2-1/2,draw,draw,D58,,56,28.0,12,0,2,0,True,True,6,0,True,0,6,0
Karpov.pgn,Karpov,white,"Timman, Jan H",EU-chT Plovdiv,Plovdiv,1983.??.??,1983,2,"Karpov, Anatoly","Timman, Jan H",2710.0,2605.0,1/2-1/2,draw,draw,B81,,158,79.0,25,10,2,0,True,True,13,6,True,0,12,4
Karpov.pgn,Karpov,black,"Mortensen, Erling",EU-chT Plovdiv,Plovdiv,1983.??.??,1983,4,"Mortensen, Erling","Karpov, Anatoly",2475.0,2710.0,0-1,black_win,win,B92,,86,43.0,12,2,2,0,True,True,6,2,True,0,6,0
Karpov.pgn,Karpov,white,"Ljubojevic, Ljubomir",EU-chT Plovdiv,Plovdiv,1983.??.??,1983,5,"Karpov, Anatoly","Ljubojevic, Ljubomir",2710.0,2645.0,1/2-1/2,draw,draw,D43,,26,13.0,4,0,2,0,True,True,2,0,True,0,2,0
Karpov.pgn,Karpov,black,"Miles, Anthony J",EU-chT Plovdiv,Plovdiv,1983.??.??,1983,6,"Miles, Anthony J","Karpov, Anatoly",2585.0,2710.0,1/2-1/2,draw,draw,D37,,30,15.0,6,0,2,0,True,True,3,0,True,0,3,0
Karpov.pgn,Karpov,white,"Seirawan, Yasser",Tilburg,Tilburg,1983.??.??,1983,?,"Karpov, Anatoly","Seirawan, Yasser",2710.0,2605.0,1-0,white_win,win,B19,,85,42.5,23,7,1,0,True,False,12,6,True,0,11,1
Karpov.pgn,Karpov,black,"Huebner, Robert",Tilburg,Tilburg,1983.??.??,1983,?,"Huebner, Robert","Karpov, Anatoly",2620.0,2710.0,1/2-1/2,draw,draw,D37,,87,43.5,21,3,2,0,True,True,10,0,True,0,11,3
Karpov.pgn,Karpov,black,"Andersson, Ulf",Tilburg,Tilburg,1983.??.??,1983,?,"Andersson, Ulf","Karpov, Anatoly",2640.0,2710.0,1/2-1/2,draw,draw,E19,,41,20.5,10,0,2,0,True,True,5,0,True,0,5,0
Karpov.pgn,Karpov,white,"Ljubojevic, Ljubomir",Tilburg,Tilburg,1983.??.??,1983,?,"Karpov, Anatoly","Ljubojevic, Ljubomir",2710.0,2645.0,1/2-1/2,draw,draw,E03,,26,13.0,4,1,1,0,True,False,2,1,True,0,2,0
Karpov.pgn,Karpov,white,"Polugaevsky, Lev",Tilburg,Tilburg,1983.??.??,1983,?,"Karpov, Anatoly","Polugaevsky, Lev",2710.0,2620.0,1-0,white_win,win,D32,,113,56.5,28,4,2,0,True,True,14,2,True,0,14,2
Karpov.pgn,Karpov,white,"Portisch, Lajos",Tilburg,Tilburg,1983.??.??,1983,?,"Karpov, Anatoly","Portisch, Lajos",2710.0,2600.0,1/2-1/2,draw,draw,D21,,58,29.0,13,0,2,0,True,True,6,0,True,0,7,0
Karpov.pgn,Karpov,black,"Vaganian, Rafael A",Tilburg,Tilburg,1983.??.??,1983,?,"Vaganian, Rafael A","Karpov, Anatoly",2620.0,2710.0,1/2-1/2,draw,draw,A36,,25,12.5,8,0,2,0,True,True,4,0,True,0,4,0
Karpov.pgn,Karpov,white,"Van der Wiel, John TH",Tilburg,Tilburg,1983.??.??,1983,?,"Karpov, Anatoly","Van der Wiel, John TH",2710.0,2515.0,1-0,white_win,win,B44,,113,56.5,17,2,2,0,True,True,9,1,True,0,8,1
Karpov.pgn,Karpov,black,"Sosonko, Gennadi",Tilburg,Tilburg,1983.??.??,1983,?,"Sosonko, Gennadi","Karpov, Anatoly",2575.0,2710.0,1/2-1/2,draw,draw,E05,,51,25.5,12,1,2,0,True,True,6,0,True,0,6,1
Karpov.pgn,Karpov,black,"Spassky, Boris V",Tilburg,Tilburg,1983.??.??,1983,?,"Spassky, Boris V","Karpov, Anatoly",2605.0,2710.0,1/2-1/2,draw,draw,C95,,72,36.0,21,1,2,0,True,True,10,0,True,0,11,1
Karpov.pgn,Karpov,black,"Timman, Jan H",Tilburg,Tilburg,1983.??.??,1983,?,"Timman, Jan H","Karpov, Anatoly",2605.0,2710.0,1/2-1/2,draw,draw,E17,,38,19.0,9,0,2,0,True,True,5,0,True,0,4,0
Karpov.pgn,Karpov,white,"Chandler, Murray G",London,London,1984.??.??,1984,?,"Karpov, Anatoly","Chandler, Murray G",2700.0,2515.0,1-0,white_win,win,D34,,73,36.5,15,1,2,0,True,True,8,1,True,0,7,0
Karpov.pgn,Karpov,black,"Andersson, Ulf",London,London,1984.??.??,1984,?,"Andersson, Ulf","Karpov, Anatoly",2630.0,2700.0,1/2-1/2,draw,draw,E19,,50,25.0,10,0,2,0,True,True,5,0,True,0,5,0
Karpov.pgn,Karpov,white,"Kortschnoj, Viktor",London,London,1984.??.??,1984,?,"Karpov, Anatoly","Kortschnoj, Viktor",2700.0,2635.0,1-0,white_win,win,D91,,75,37.5,17,1,2,0,True,True,9,1,True,0,8,0
Karpov.pgn,Karpov,white,"Mestel, A Jonathan",London,London,1984.??.??,1984,?,"Karpov, Anatoly","Mestel, A Jonathan",2700.0,2540.0,1-0,white_win,win,C06,,121,60.5,18,7,2,0,True,True,11,6,True,0,7,1
Karpov.pgn,Karpov,white,"Miles, Anthony J",London,London,1984.??.??,1984,?,"Karpov, Anatoly","Miles, Anthony J",2700.0,2610.0,1-0,white_win,win,C92,,63,31.5,11,1,2,0,True,True,6,1,True,0,5,0
Karpov.pgn,Karpov,white,"Nunn, John DM",London,London,1984.??.??,1984,?,"Karpov, Anatoly","Nunn, John DM",2700.0,2600.0,1/2-1/2,draw,draw,C88,,43,21.5,7,0,2,0,True,True,4,0,True,0,3,0
Karpov.pgn,Karpov,white,"Polugaevsky, Lev",London,London,1984.??.??,1984,?,"Karpov, Anatoly","Polugaevsky, Lev",2700.0,2615.0,1/2-1/2,draw,draw,A33,,50,25.0,14,5,0,0,False,False,7,2,False,0,7,3
Karpov.pgn,Karpov,black,"Ribli, Zoltan",London,London,1984.??.??,1984,?,"Ribli, Zoltan","Karpov, Anatoly",2610.0,2700.0,1/2-1/2,draw,draw,D55,,41,20.5,12,1,2,0,True,True,6,1,True,0,6,0
Karpov.pgn,Karpov,black,"Seirawan, Yasser",London,London,1984.??.??,1984,?,"Seirawan, Yasser","Karpov, Anatoly",2525.0,2700.0,1/2-1/2,draw,draw,E05,,105,52.5,24,3,2,0,True,True,13,2,True,0,11,1
Karpov.pgn,Karpov,black,"Speelman, Jonathan S",London,London,1984.??.??,1984,?,"Speelman, Jonathan S","Karpov, Anatoly",2495.0,2700.0,0-1,black_win,win,A46,,76,38.0,14,2,2,0,True,True,8,1,True,0,6,1
Karpov.pgn,Karpov,black,"Timman, Jan H",London,London,1984.??.??,1984,?,"Timman, Jan H","Karpov, Anatoly",2610.0,2700.0,0-1,black_win,win,C45,,52,26.0,12,5,1,0,False,True,5,5,True,0,7,0
Karpov.pgn,Karpov,black,"Torre, Eugenio",London,London,1984.??.??,1984,?,"Torre, Eugenio","Karpov, Anatoly",2565.0,2700.0,1-0,white_win,loss,E42,,90,45.0,21,6,2,0,True,True,11,2,True,0,10,4
Karpov.pgn,Karpov,black,"Vaganian, Rafael A",London,London,1984.??.??,1984,?,"Vaganian, Rafael A","Karpov, Anatoly",2630.0,2700.0,1/2-1/2,draw,draw,E11,,30,15.0,6,2,2,0,True,True,3,2,True,0,3,0
Karpov.pgn,Karpov,white,"Andersson, Ulf",URS-World,London,1984.??.??,1984,1.1,"Karpov, Anatoly","Andersson, Ulf",2705.0,2630.0,1-0,white_win,win,E11,,169,84.5,19,10,2,0,True,True,9,7,True,0,10,3
Karpov.pgn,Karpov,black,"Andersson, Ulf",URS-World,London,1984.??.??,1984,2.1,"Andersson, Ulf","Karpov, Anatoly",2630.0,2705.0,1/2-1/2,draw,draw,E19,,34,17.0,5,0,2,0,True,True,3,0,True,0,2,0
Karpov.pgn,Karpov,white,"Andersson, Ulf",URS-World,London,1984.??.??,1984,3.1,"Karpov, Anatoly","Andersson, Ulf",2705.0,2630.0,1/2-1/2,draw,draw,D67,,46,23.0,8,0,2,0,True,True,4,0,True,0,4,0
Karpov.pgn,Karpov,black,"Andersson, Ulf",URS-World,London,1984.??.??,1984,4.1,"Andersson, Ulf","Karpov, Anatoly",2630.0,2705.0,1/2-1/2,draw,draw,E12,,36,18.0,7,0,2,0,True,True,4,0,True,0,3,0
Karpov.pgn,Karpov,white,"Kasparov, Gary",World Championship 31th-KK1,Moscow,1984.??.??,1984,1,"Karpov, Anatoly","Kasparov, Gary",2705.0,2715.0,1/2-1/2,draw,draw,B81,,72,36.0,14,1,2,0,True,True,7,0,True,0,7,1
Karpov.pgn,Karpov,black,"Kasparov, Gary",World Championship 31th-KK1,Moscow,1984.??.??,1984,2,"Kasparov, Gary","Karpov, Anatoly",2715.0,2705.0,1/2-1/2,draw,draw,E17,,93,46.5,20,6,2,0,True,True,11,3,True,0,9,3
Karpov.pgn,Karpov,white,"Kasparov, Gary",World Championship 31th-KK1,Moscow,1984.??.??,1984,3,"Karpov, Anatoly","Kasparov, Gary",2705.0,2715.0,1-0,white_win,win,B44,,61,30.5,15,0,2,0,True,True,8,0,True,0,7,0
Karpov.pgn,Karpov,black,"Kasparov, Gary",World Championship 31th-KK1,Moscow,1984.??.??,1984,4,"Kasparov, Gary","Karpov, Anatoly",2715.0,2705.0,1/2-1/2,draw,draw,E15,,88,44.0,16,1,2,0,True,True,8,1,True,0,8,0
Karpov.pgn,Karpov,white,"Kasparov, Gary",World Championship 31th-KK1,Moscow,1984.??.??,1984,5,"Karpov, Anatoly","Kasparov, Gary",2705.0,2715.0,1/2-1/2,draw,draw,B85,,42,21.0,4,0,2,0,True,True,2,0,True,0,2,0
Karpov.pgn,Karpov,black,"Kasparov, Gary",World Championship 31th-KK1,Moscow,1984.??.??,1984,6,"Kasparov, Gary","Karpov, Anatoly",2715.0,2705.0,0-1,black_win,win,E15,,140,70.0,27,6,2,0,True,True,14,3,True,0,13,3
Karpov.pgn,Karpov,white,"Kasparov, Gary",World Championship 31th-KK1,Moscow,1984.??.??,1984,7,"Karpov, Anatoly","Kasparov, Gary",2705.0,2715.0,1-0,white_win,win,D34,,83,41.5,17,1,2,0,True,True,9,1,True,0,8,0
Karpov.pgn,Karpov,black,"Kasparov, Gary",World Championship 31th-KK1,Moscow,1984.??.??,1984,8,"Kasparov, Gary","Karpov, Anatoly",2715.0,2705.0,1/2-1/2,draw,draw,E05,,39,19.5,4,0,2,0,True,True,2,0,True,0,2,0
Karpov.pgn,Karpov,white,"Kasparov, Gary",World Championship 31th-KK1,Moscow,1984.??.??,1984,9,"Karpov, Anatoly","Kasparov, Gary",2705.0,2715.0,1-0,white_win,win,D34,,139,69.5,25,7,2,0,True,True,14,6,True,0,11,1
Karpov.pgn,Karpov,black,"Kasparov, Gary",World Championship 31th-KK1,Moscow,1984.??.??,1984,10,"Kasparov, Gary","Karpov, Anatoly",2715.0,2705.0,1/2-1/2,draw,draw,E12,,29,14.5,4,0,2,0,True,True,2,0,True,0,2,0
Karpov.pgn,Karpov,white,"Kasparov, Gary",World Championship 31th-KK1,Moscow,1984.??.??,1984,11,"Karpov, Anatoly","Kasparov, Gary",2705.0,2715.0,1/2-1/2,draw,draw,A30,,81,40.5,17,5,2,0,True,True,9,1,True,0,8,4
Karpov.pgn,Karpov,black,"Kasparov, Gary",World Championship 31th-KK1,Moscow,1984.??.??,1984,12,"Kasparov, Gary","Karpov, Anatoly",2715.0,2705.0,1/2-1/2,draw,draw,D58,,41,20.5,12,0,2,0,True,True,6,0,True,0,6,0
Karpov.pgn,Karpov,white,"Kasparov, Gary",World Championship 31th-KK1,Moscow,1984.??.??,1984,13,"Karpov, Anatoly","Kasparov, Gary",2705.0,2715.0,1/2-1/2,draw,draw,A30,,66,33.0,18,0,2,0,True,True,9,0,True,0,9,0
Karpov.pgn,Karpov,black,"Kasparov, Gary",World Championship 31th-KK1,Moscow,1984.??.??,1984,14,"Kasparov, Gary","Karpov, Anatoly",2715.0,2705.0,1/2-1/2,draw,draw,E15,,31,15.5,6,1,2,0,True,True,3,1,True,0,3,0
Karpov.pgn,Karpov,white,"Kasparov, Gary",World Championship 31th-KK1,Moscow,1984.??.??,1984,15,"Karpov, Anatoly","Kasparov, Gary",2705.0,2715.0,1/2-1/2,draw,draw,E15,,186,93.0,22,6,2,0,True,True,11,5,True,0,11,1
Karpov.pgn,Karpov,black,"Kasparov, Gary",World Championship 31th-KK1,Moscow,1984.??.??,1984,16,"Kasparov, Gary","Karpov, Anatoly",2715.0,2705.0,1/2-1/2,draw,draw,E15,,70,35.0,17,7,2,0,True,True,8,4,True,0,9,3
Karpov.pgn,Karpov,white,"Kasparov, Gary",World Championship 31th-KK1,Moscow,1984.??.??,1984,17,"Karpov, Anatoly","Kasparov, Gary",2705.0,2715.0,1/2-1/2,draw,draw,D58,,44,22.0,13,0,2,0,True,True,6,0,True,0,7,0
Karpov.pgn,Karpov,black,"Kasparov, Gary",World Championship 31th-KK1,Moscow,1984.??.??,1984,18,"Kasparov, Gary","Karpov, Anatoly",2715.0,2705.0,1/2-1/2,draw,draw,E15,,43,21.5,10,3,2,0,True,True,5,1,True,0,5,2
Karpov.pgn,Karpov,white,"Kasparov, Gary",World Championship 31th-KK1,Moscow,1984.??.??,1984,19,"Karpov, Anatoly","Kasparov, Gary",2705.0,2715.0,1/2-1/2,draw,draw,D55,,88,44.0,22,2,2,0,True,True,11,1,True,0,11,1
Karpov.pgn,Karpov,black,"Kasparov, Gary",World Championship 31th-KK1,Moscow,1984.??.??,1984,20,"Kasparov, Gary","Karpov, Anatoly",2715.0,2705.0,1/2-1/2,draw,draw,A30,,29,14.5,7,0,2,0,True,True,4,0,True,0,3,0
Karpov.pgn,Karpov,white,"Kasparov, Gary",World Championship 31th-KK1,Moscow,1984.??.??,1984,21,"Karpov, Anatoly","Kasparov, Gary",2705.0,2715.0,1/2-1/2,draw,draw,D53,,61,30.5,20,0,2,0,True,True,10,0,True,0,10,0
Karpov.pgn,Karpov,black,"Kasparov, Gary",World Championship 31th-KK1,Moscow,1984.??.??,1984,22,"Kasparov, Gary","Karpov, Anatoly",2715.0,2705.0,1/2-1/2,draw,draw,E05,,39,19.5,6,0,2,0,True,True,3,0,True,0,3,0
Karpov.pgn,Karpov,white,"Kasparov, Gary",World Championship 31th-KK1,Moscow,1984.??.??,1984,23,"Karpov, Anatoly","Kasparov, Gary",2705.0,2715.0,1/2-1/2,draw,draw,D53,,44,22.0,12,0,2,0,True,True,6,0,True,0,6,0
Karpov.pgn,Karpov,black,"Kasparov, Gary",World Championship 31th-KK1,Moscow,1984.??.??,1984,24,"Kasparov, Gary","Karpov, Anatoly",2715.0,2705.0,1/2-1/2,draw,draw,A33,,33,16.5,10,0,2,0,True,True,5,0,True,0,5,0
Karpov.pgn,Karpov,white,"Kasparov, Gary",World Championship 31th-KK1,Moscow,1984.??.??,1984,25,"Karpov, Anatoly","Kasparov, Gary",2705.0,2715.0,1/2-1/2,draw,draw,D58,,42,21.0,6,0,2,0,True,True,3,0,True,0,3,0
Karpov.pgn,Karpov,black,"Kasparov, Gary",World Championship 31th-KK1,Moscow,1984.??.??,1984,26,"Kasparov, Gary","Karpov, Anatoly",2715.0,2705.0,1/2-1/2,draw,draw,A33,,46,23.0,15,2,2,0,True,True,7,1,True,0,8,1
Karpov.pgn,Karpov,white,"Kasparov, Gary",World Championship 31th-KK1,Moscow,1984.??.??,1984,27,"Karpov, Anatoly","Kasparov, Gary",2705.0,2715.0,1-0,white_win,win,D55,,117,58.5,23,7,2,0,True,True,12,5,True,0,11,2
Karpov.pgn,Karpov,black,"Kasparov, Gary",World Championship 31th-KK1,Moscow,1984.??.??,1984,28,"Kasparov, Gary","Karpov, Anatoly",2715.0,2705.0,1/2-1/2,draw,draw,C42,,49,24.5,11,1,1,0,True,False,6,0,False,0,5,1
Karpov.pgn,Karpov,white,"Kasparov, Gary",World Championship 31th-KK1,Moscow,1984.??.??,1984,29,"Karpov, Anatoly","Kasparov, Gary",2705.0,2715.0,1/2-1/2,draw,draw,D47,,26,13.0,4,0,2,0,True,True,2,0,True,0,2,0
Karpov.pgn,Karpov,black,"Kasparov, Gary",World Championship 31th-KK1,Moscow,1984.??.??,1984,30,"Kasparov, Gary","Karpov, Anatoly",2715.0,2705.0,1/2-1/2,draw,draw,C42,,40,20.0,16,1,2,0,True,True,8,0,True,0,8,1
Karpov.pgn,Karpov,white,"Kasparov, Gary",World Championship 31th-KK1,Moscow,1984.??.??,1984,31,"Karpov, Anatoly","Kasparov, Gary",2705.0,2715.0,1/2-1/2,draw,draw,D58,,70,35.0,13,0,2,0,True,True,7,0,True,0,6,0
Karpov.pgn,Karpov,black,"Kasparov, Gary",World Championship 31th-KK1,Moscow,1984.??.??,1984,32,"Kasparov, Gary","Karpov, Anatoly",2715.0,2705.0,1-0,white_win,loss,E12,,81,40.5,23,5,0,0,False,False,11,3,False,0,12,2
Karpov.pgn,Karpov,white,"Kasparov, Gary",World Championship 31th-KK1,Moscow,1984.??.??,1984,33,"Karpov, Anatoly","Kasparov, Gary",2705.0,2715.0,1/2-1/2,draw,draw,D45,,39,19.5,12,0,2,0,True,True,6,0,True,0,6,0
Karpov.pgn,Karpov,black,"Kasparov, Gary",World Championship 31th-KK1,Moscow,1984.??.??,1984,34,"Kasparov, Gary","Karpov, Anatoly",2715.0,2705.0,1/2-1/2,draw,draw,D58,,40,20.0,6,0,2,0,True,True,3,0,True,0,3,0
Karpov.pgn,Karpov,white,"Kasparov, Gary",World Championship 31th-KK1,Moscow,1984.??.??,1984,35,"Karpov, Anatoly","Kasparov, Gary",2705.0,2715.0,1/2-1/2,draw,draw,B64,,34,17.0,10,0,2,0,True,True,5,0,True,0,5,0
Karpov.pgn,Karpov,black,"Kasparov, Gary",World Championship 31th-KK1,Moscow,1984.??.??,1984,36,"Kasparov, Gary","Karpov, Anatoly",2715.0,2705.0,1/2-1/2,draw,draw,D58,,81,40.5,17,3,2,0,True,True,8,1,True,0,9,2
Karpov.pgn,Karpov,white,"Kasparov, Gary",World Championship 31th-KK1,Moscow,1984.??.??,1984,37,"Karpov, Anatoly","Kasparov, Gary",2705.0,2715.0,1/2-1/2,draw,draw,B63,,30,15.0,7,0,2,0,True,True,3,0,True,0,4,0
Karpov.pgn,Karpov,black,"Kasparov, Gary",World Championship 31th-KK1,Moscow,1984.??.??,1984,38,"Kasparov, Gary","Karpov, Anatoly",2715.0,2705.0,1/2-1/2,draw,draw,D58,,50,25.0,10,0,2,0,True,True,5,0,True,0,5,0
Karpov.pgn,Karpov,white,"Kasparov, Gary",World Championship 31th-KK1,Moscow,1984.??.??,1984,39,"Karpov, Anatoly","Kasparov, Gary",2705.0,2715.0,1/2-1/2,draw,draw,D58,,96,48.0,19,1,2,0,True,True,9,1,True,0,10,0
Karpov.pgn,Karpov,black,"Kasparov, Gary",World Championship 31th-KK1,Moscow,1984.??.??,1984,40,"Kasparov, Gary","Karpov, Anatoly",2715.0,2705.0,1/2-1/2,draw,draw,D58,,140,70.0,25,0,2,0,True,True,12,0,True,0,13,0
Karpov.pgn,Karpov,white,"Kasparov, Gary",World Championship 31th-KK1,Moscow,1984.??.??,1984,41,"Karpov, Anatoly","Kasparov, Gary",2705.0,2715.0,1/2-1/2,draw,draw,C42,,141,70.5,23,10,2,0,True,True,12,4,True,0,11,6
Karpov.pgn,Karpov,black,"Kasparov, Gary",World Championship 31th-KK1,Moscow,1984.??.??,1984,42,"Kasparov, Gary","Karpov, Anatoly",2715.0,2705.0,1/2-1/2,draw,draw,D58,,52,26.0,16,1,2,0,True,True,8,0,True,0,8,1
Karpov.pgn,Karpov,white,"Kasparov, Gary",World Championship 31th-KK1,Moscow,1984.??.??,1984,43,"Karpov, Anatoly","Kasparov, Gary",2705.0,2715.0,1/2-1/2,draw,draw,B84,,42,21.0,10,2,2,0,True,True,5,1,True,0,5,1
Karpov.pgn,Karpov,black,"Kasparov, Gary",World Championship 31th-KK1,Moscow,1984.??.??,1984,44,"Kasparov, Gary","Karpov, Anatoly",2715.0,2705.0,1/2-1/2,draw,draw,C92,,75,37.5,19,3,2,0,True,True,9,2,True,0,10,1
Karpov.pgn,Karpov,white,"Kasparov, Gary",World Championship 31th-KK1,Moscow,1984.??.??,1984,45,"Karpov, Anatoly","Kasparov, Gary",2705.0,2715.0,1/2-1/2,draw,draw,B85,,72,36.0,18,0,2,0,True,True,9,0,True,0,9,0
Karpov.pgn,Karpov,black,"Kasparov, Gary",World Championship 31th-KK1,Moscow,1984.??.??,1984,46,"Kasparov, Gary","Karpov, Anatoly",2715.0,2705.0,1/2-1/2,draw,draw,C92,,82,41.0,12,0,2,0,True,True,6,0,True,0,6,0
Karpov.pgn,Karpov,white,"Kasparov, Gary",World Championship 31th-KK1,Moscow,1984.??.??,1984,47,"Karpov, Anatoly","Kasparov, Gary",2705.0,2715.0,0-1,black_win,loss,D52,,64,32.0,11,5,1,0,False,True,6,0,False,0,5,5
Karpov.pgn,Karpov,black,"Kasparov, Gary",World Championship 31th-KK1,Moscow,1984.??.??,1984,48,"Kasparov, Gary","Karpov, Anatoly",2715.0,2705.0,1-0,white_win,loss,C42,,133,66.5,24,9,2,0,True,True,11,5,True,0,13,4
Karpov.pgn,Karpov,white,"De Firmian, Nick E",Oslo,Oslo,1984.??.??,1984,?,"Karpov, Anatoly","De Firmian, Nick E",2705.0,2550.0,1/2-1/2,draw,draw,D42,,88,44.0,16,0,2,0,True,True,8,0,True,0,8,0
Karpov.pgn,Karpov,white,"Agdestein, Simen",Oslo,Oslo,1984.??.??,1984,?,"Karpov, Anatoly","Agdestein, Simen",2705.0,2435.0,1-0,white_win,win,C18,,75,37.5,20,7,0,0,False,False,11,6,False,0,9,1
Karpov.pgn,Karpov,white,"Huebner, Robert",Oslo,Oslo,1984.??.??,1984,?,"Karpov, Anatoly","Huebner, Robert",2705.0,2620.0,1/2-1/2,draw,draw,D27,,70,35.0,17,1,2,0,True,True,9,1,True,0,8,0
Karpov.pgn,Karpov,white,"Miles, Anthony J",Oslo,Oslo,1984.??.??,1984,?,"Karpov, Anatoly","Miles, Anthony J",2705.0,2615.0,1-0,white_win,win,B16,,75,37.5,22,4,2,0,True,True,12,4,True,0,10,0
Karpov.pgn,Karpov,white,"Hort, Vlastimil",Oslo,Oslo,1984.??.??,1984,?,"Karpov, Anatoly","Hort, Vlastimil",2705.0,2615.0,1-0,white_win,win,B01,,73,36.5,15,3,2,0,True,True,9,3,True,0,6,0
Karpov.pgn,Karpov,black,"Wedberg, Tom",Oslo,Oslo,1984.??.??,1984,?,"Wedberg, Tom","Karpov, Anatoly",2495.0,2705.0,1/2-1/2,draw,draw,C85,,35,17.5,4,0,2,0,True,True,2,0,True,0,2,0
Karpov.pgn,Karpov,black,"Arnason, Jon L",Oslo,Oslo,1984.??.??,1984,?,"Arnason, Jon L","Karpov, Anatoly",2500.0,2705.0,1/2-1/2,draw,draw,C42,,31,15.5,2,0,2,0,True,True,1,0,True,0,1,0
Karpov.pgn,Karpov,black,"Adorjan, Andras",Oslo,Oslo,1984.??.??,1984,?,"Adorjan, Andras","Karpov, Anatoly",2570.0,2705.0,1/2-1/2,draw,draw,A29,,21,10.5,3,0,2,0,True,True,1,0,True,0,2,0
Karpov.pgn,Karpov,black,"Makarichev, Sergey",Oslo,Oslo,1984.??.??,1984,?,"Makarichev, Sergey","Karpov, Anatoly",2495.0,2705.0,1/2-1/2,draw,draw,C43,,46,23.0,19,0,2,0,True,True,9,0,True,0,10,0
Karpov.pgn,Karpov,white,"Nunn, John DM",OHRA,Amsterdam,1985.??.??,1985,1,"Karpov, Anatoly","Nunn, John DM",2720.0,2600.0,1-0,white_win,win,B92,,79,39.5,12,0,2,0,True,True,6,0,True,0,6,0
Karpov.pgn,Karpov,black,"Sunye Neto, Jaime",OHRA,Amsterdam,1985.??.??,1985,2,"Sunye Neto, Jaime","Karpov, Anatoly",2480.0,2720.0,0-1,black_win,win,A25,,66,33.0,13,1,1,0,False,True,7,1,True,0,6,0
Karpov.pgn,Karpov,white,"Martinovic, Slobodan",OHRA,Amsterdam,1985.??.??,1985,3,"Karpov, Anatoly","Martinovic, Slobodan",2720.0,2460.0,1/2-1/2,draw,draw,B85,,144,72.0,24,9,2,0,True,True,11,7,True,0,13,2
Karpov.pgn,Karpov,white,"Miles, Anthony J",OHRA,Amsterdam,1985.??.??,1985,4,"Karpov, Anatoly","Miles, Anthony J",2720.0,2560.0,1-0,white_win,win,B19,,129,64.5,21,5,2,0,True,True,11,4,True,0,10,1
Karpov.pgn,Karpov,black,"Timman, Jan H",OHRA,Amsterdam,1985.??.??,1985,5,"Timman, Jan H","Karpov, Anatoly",2640.0,2720.0,1/2-1/2,draw,draw,C45,,115,57.5,23,7,2,0,True,True,12,6,True,0,11,1
Karpov.pgn,Karpov,black,"Nunn, John DM",OHRA,Amsterdam,1985.??.??,1985,6,"Nunn, John DM","Karpov, Anatoly",2600.0,2720.0,0-1,black_win,win,C90,,78,39.0,11,0,2,0,True,True,6,0,True,0,5,0
Karpov.pgn,Karpov,white,"Sunye Neto, Jaime",OHRA,Amsterdam,1985.??.??,1985,7,"Karpov, Anatoly","Sunye Neto, Jaime",2720.0,2480.0,1/2-1/2,draw,draw,A13,,90,45.0,24,3,2,0,True,True,12,2,True,0,12,1
Karpov.pgn,Karpov,black,"Martinovic, Slobodan",OHRA,Amsterdam,1985.??.??,1985,8,"Martinovic, Slobodan","Karpov, Anatoly",2460.0,2720.0,1/2-1/2,draw,draw,C85,,21,10.5,2,0,1,0,True,False,1,0,False,0,1,0
Karpov.pgn,Karpov,black,"Miles, Anthony J",OHRA,Amsterdam,1985.??.??,1985,9,"Miles, Anthony J","Karpov, Anatoly",2560.0,2720.0,1/2-1/2,draw,draw,D58,,29,14.5,6,0,2,0,True,True,3,0,True,0,3,0
Karpov.pgn,Karpov,white,"Timman, Jan H",OHRA,Amsterdam,1985.??.??,1985,10,"Karpov, Anatoly","Timman, Jan H",2720.0,2640.0,1/2-1/2,draw,draw,A34,,31,15.5,7,0,2,0,True,True,3,0,True,0,4,0
Karpov.pgn,Karpov,white,"Suba, Mihai",WchT,Luzern,1985.??.??,1985,1,"Karpov, Anatoly","Suba, Mihai",2705.0,2465.0,1/2-1/2,draw,draw,E20,,82,41.0,23,5,2,0,True,True,11,0,True,0,12,5
Karpov.pgn,Karpov,black,Qi Jingxuan,WchT,Luzern,1985.??.??,1985,2,Qi Jingxuan,"Karpov, Anatoly",2440.0,2705.0,0-1,black_win,win,A45,,108,54.0,17,2,2,0,True,True,9,1,True,0,8,1
Karpov.pgn,Karpov,white,"Spassky, Boris V",WchT,Luzern,1985.??.??,1985,3,"Karpov, Anatoly","Spassky, Boris V",2705.0,2580.0,1-0,white_win,win,D55,,179,89.5,26,14,2,0,True,True,14,7,True,0,12,7
Karpov.pgn,Karpov,white,"Portisch, Lajos",WchT,Luzern,1985.??.??,1985,5,"Karpov, Anatoly","Portisch, Lajos",2705.0,2635.0,1/2-1/2,draw,draw,E20,,62,31.0,17,5,2,0,True,True,9,2,True,0,8,3
Karpov.pgn,Karpov,black,"Afifi, Assem",WchT,Luzern,1985.??.??,1985,7,"Afifi, Assem","Karpov, Anatoly",2370.0,2705.0,0-1,black_win,win,A29,,140,70.0,21,8,2,0,True,True,11,4,True,0,10,4
Karpov.pgn,Karpov,white,"Miles, Anthony J",WchT,Luzern,1985.??.??,1985,8,"Karpov, Anatoly","Miles, Anthony J",2705.0,2570.0,1/2-1/2,draw,draw,D40,,30,15.0,4,0,2,0,True,True,2,0,True,0,2,0
Karpov.pgn,Karpov,black,"Lobron, Eric",WchT,Luzern,1985.??.??,1985,9,"Lobron, Eric","Karpov, Anatoly",2505.0,2705.0,1/2-1/2,draw,draw,A12,,76,38.0,10,1,2,0,True,True,5,1,True,0,5,0
Karpov.pgn,Karpov,black,"Kasparov, Gary",World Championship 32th-KK2,Moscow,1985.??.??,1985,1,"Kasparov, Gary","Karpov, Anatoly",2700.0,2720.0,1-0,white_win,loss,E20,,83,41.5,21,2,0,0,False,False,10,2,False,0,11,0
Karpov.pgn,Karpov,white,"Kasparov, Gary",World Championship 32th-KK2,Moscow,1985.??.??,1985,2,"Karpov, Anatoly","Kasparov, Gary",2720.0,2700.0,1/2-1/2,draw,draw,B85,,129,64.5,24,4,2,0,True,True,12,0,True,0,12,4
Karpov.pgn,Karpov,black,"Kasparov, Gary",World Championship 32th-KK2,Moscow,1985.??.??,1985,3,"Kasparov, Gary","Karpov, Anatoly",2700.0,2720.0,1/2-1/2,draw,draw,D55,,40,20.0,10,0,2,0,True,True,5,0,True,0,5,0
Karpov.pgn,Karpov,white,"Kasparov, Gary",World Championship 32th-KK2,Moscow,1985.??.??,1985,4,"Karpov, Anatoly","Kasparov, Gary",2720.0,2700.0,1-0,white_win,win,D55,,125,62.5,14,7,2,0,True,True,7,6,True,0,7,1
Karpov.pgn,Karpov,black,"Kasparov, Gary",World Championship 32th-KK2,Moscow,1985.??.??,1985,5,"Kasparov, Gary","Karpov, Anatoly",2700.0,2720.0,0-1,black_win,win,C92,,82,41.0,15,0,2,0,True,True,8,0,True,0,7,0
Karpov.pgn,Karpov,white,"Kasparov, Gary",World Championship 32th-KK2,Moscow,1985.??.??,1985,6,"Karpov, Anatoly","Kasparov, Gary",2720.0,2700.0,1/2-1/2,draw,draw,D55,,54,27.0,15,1,2,0,True,True,8,1,True,0,7,0
Karpov.pgn,Karpov,black,"Kasparov, Gary",World Championship 32th-KK2,Moscow,1985.??.??,1985,7,"Kasparov, Gary","Karpov, Anatoly",2700.0,2720.0,1/2-1/2,draw,draw,E32,,62,31.0,17,3,2,0,True,True,9,1,True,0,8,2
Karpov.pgn,Karpov,white,"Kasparov, Gary",World Championship 32th-KK2,Moscow,1985.??.??,1985,8,"Karpov, Anatoly","Kasparov, Gary",2720.0,2700.0,1/2-1/2,draw,draw,D58,,98,49.0,25,7,2,0,True,True,13,2,True,0,12,5
Karpov.pgn,Karpov,black,"Kasparov, Gary",World Championship 32th-KK2,Moscow,1985.??.??,1985,9,"Kasparov, Gary","Karpov, Anatoly",2700.0,2720.0,1/2-1/2,draw,draw,C92,,105,52.5,22,3,2,0,True,True,12,0,True,0,10,3
Karpov.pgn,Karpov,white,"Kasparov, Gary",World Championship 32th-KK2,Moscow,1985.??.??,1985,10,"Karpov, Anatoly","Kasparov, Gary",2720.0,2700.0,1/2-1/2,draw,draw,B85,,73,36.5,17,3,2,0,True,True,8,0,True,0,9,3
Karpov.pgn,Karpov,black,"Kasparov, Gary",World Championship 32th-KK2,Moscow,1985.??.??,1985,11,"Kasparov, Gary","Karpov, Anatoly",2700.0,2720.0,1-0,white_win,loss,E21,,49,24.5,12,2,2,0,True,True,6,0,True,0,6,2
Karpov.pgn,Karpov,white,"Kasparov, Gary",World Championship 32th-KK2,Moscow,1985.??.??,1985,12,"Karpov, Anatoly","Kasparov, Gary",2720.0,2700.0,1/2-1/2,draw,draw,B44,,36,18.0,10,1,2,0,True,True,5,1,True,0,5,0
Karpov.pgn,Karpov,black,"Kasparov, Gary",World Championship 32th-KK2,Moscow,1985.??.??,1985,13,"Kasparov, Gary","Karpov, Anatoly",2700.0,2720.0,1/2-1/2,draw,draw,E20,,48,24.0,14,0,2,0,True,True,7,0,True,0,7,0
Karpov.pgn,Karpov,white,"Kasparov, Gary",World Championship 32th-KK2,Moscow,1985.??.??,1985,14,"Karpov, Anatoly","Kasparov, Gary",2720.0,2700.0,1/2-1/2,draw,draw,B54,,64,32.0,16,6,0,0,False,False,8,3,False,0,8,3
Karpov.pgn,Karpov,black,"Kasparov, Gary",World Championship 32th-KK2,Moscow,1985.??.??,1985,15,"Kasparov, Gary","Karpov, Anatoly",2700.0,2720.0,1/2-1/2,draw,draw,C42,,44,22.0,12,3,2,0,True,True,6,0,True,0,6,3
Karpov.pgn,Karpov,white,"Kasparov, Gary",World Championship 32th-KK2,Moscow,1985.??.??,1985,16,"Karpov, Anatoly","Kasparov, Gary",2720.0,2700.0,0-1,black_win,loss,B44,,80,40.0,17,4,2,0,True,True,10,0,True,0,7,4
Karpov.pgn,Karpov,black,"Kasparov, Gary",World Championship 32th-KK2,Moscow,1985.??.??,1985,17,"Kasparov, Gary","Karpov, Anatoly",2700.0,2720.0,1/2-1/2,draw,draw,E20,,57,28.5,16,3,2,0,True,True,8,3,True,0,8,0
Karpov.pgn,Karpov,white,"Kasparov, Gary",World Championship 32th-KK2,Moscow,1985.??.??,1985,18,"Karpov, Anatoly","Kasparov, Gary",2720.0,2700.0,1/2-1/2,draw,draw,B85,,45,22.5,6,0,2,0,True,True,3,0,True,0,3,0
Karpov.pgn,Karpov,black,"Kasparov, Gary",World Championship 32th-KK2,Moscow,1985.??.??,1985,19,"Kasparov, Gary","Karpov, Anatoly",2700.0,2720.0,1-0,white_win,loss,E21,,83,41.5,17,1,2,0,True,True,8,0,True,0,9,1
Karpov.pgn,Karpov,white,"Kasparov, Gary",World Championship 32th-KK2,Moscow,1985.??.??,1985,20,"Karpov, Anatoly","Kasparov, Gary",2720.0,2700.0,1/2-1/2,draw,draw,D35,,170,85.0,25,4,2,0,True,True,13,1,True,0,12,3
Karpov.pgn,Karpov,black,"Kasparov, Gary",World Championship 32th-KK2,Moscow,1985.??.??,1985,21,"Kasparov, Gary","Karpov, Anatoly",2700.0,2720.0,1/2-1/2,draw,draw,D31,,88,44.0,16,1,1,0,False,True,8,1,True,0,8,0
Karpov.pgn,Karpov,white,"Kasparov, Gary",World Championship 32th-KK2,Moscow,1985.??.??,1985,22,"Karpov, Anatoly","Kasparov, Gary",2720.0,2700.0,1-0,white_win,win,D35,,83,41.5,21,1,2,0,True,True,11,0,True,0,10,1
Karpov.pgn,Karpov,black,"Kasparov, Gary",World Championship 32th-KK2,Moscow,1985.??.??,1985,23,"Kasparov, Gary","Karpov, Anatoly",2700.0,2720.0,1/2-1/2,draw,draw,D55,,81,40.5,12,2,2,0,True,True,6,1,True,0,6,1
Karpov.pgn,Karpov,white,"Kasparov, Gary",World Championship 32th-KK2,Moscow,1985.??.??,1985,24,"Karpov, Anatoly","Kasparov, Gary",2720.0,2700.0,0-1,black_win,loss,B85,,84,42.0,16,3,2,0,True,True,9,0,True,0,7,3
Karpov.pgn,Karpov,white,"Ljubojevic, Ljubomir",SWIFT,Brussels,1986.??.??,1986,?,"Karpov, Anatoly","Ljubojevic, Ljubomir",2700.0,2605.0,1-0,white_win,win,C05,,67,33.5,17,6,1,0,False,True,9,4,False,0,8,2
Karpov.pgn,Karpov,white,"Miles, Anthony J",SWIFT,Brussels,1986.??.??,1986,?,"Karpov, Anatoly","Miles, Anthony J",2700.0,2610.0,1-0,white_win,win,B41,,79,39.5,6,0,2,0,True,True,3,0,True,0,3,0
Karpov.pgn,Karpov,white,"Seirawan, Yasser",SWIFT,Brussels,1986.??.??,1986,?,"Karpov, Anatoly","Seirawan, Yasser",2700.0,2605.0,1-0,white_win,win,C42,,149,74.5,23,11,2,0,True,True,12,6,True,0,11,5
Karpov.pgn,Karpov,black,"Jadoul, Michel",SWIFT,Brussels,1986.??.??,1986,?,"Jadoul, Michel","Karpov, Anatoly",2360.0,2700.0,0-1,black_win,win,B44,,82,41.0,12,0,2,0,True,True,7,0,True,0,5,0
Karpov.pgn,Karpov,white,"Timman, Jan H",SWIFT,Brussels,1986.??.??,1986,?,"Karpov, Anatoly","Timman, Jan H",2700.0,2645.0,1-0,white_win,win,A30,,209,104.5,24,26,2,2,True,True,13,9,True,1,11,17
Karpov.pgn,Karpov,white,"Van der Wiel, John TH",SWIFT,Brussels,1986.??.??,1986,?,"Karpov, Anatoly","Van der Wiel, John TH",2700.0,2555.0,1/2-1/2,draw,draw,B44,,122,61.0,22,8,1,0,True,False,12,6,True,0,10,2
Karpov.pgn,Karpov,black,"Kortschnoj, Viktor",SWIFT,Brussels,1986.??.??,1986,?,"Kortschnoj, Viktor","Karpov, Anatoly",2635.0,2700.0,1/2-1/2,draw,draw,A30,,41,20.5,6,0,2,0,True,True,3,0,True,0,3,0
Karpov.pgn,Karpov,black,"Romanishin, Oleg M",SWIFT,Brussels,1986.??.??,1986,?,"Romanishin, Oleg M","Karpov, Anatoly",2560.0,2700.0,1/2-1/2,draw,draw,C84,,41,20.5,11,0,2,0,True,True,5,0,True,0,6,0
Karpov.pgn,Karpov,black,"Torre, Eugenio",SWIFT,Brussels,1986.??.??,1986,?,"Torre, Eugenio","Karpov, Anatoly",2525.0,2700.0,1/2-1/2,draw,draw,D53,,59,29.5,16,0,2,0,True,True,8,0,True,0,8,0
Karpov.pgn,Karpov,black,"Winants, Luc",SWIFT,Brussels,1986.??.??,1986,?,"Winants, Luc","Karpov, Anatoly",2340.0,2700.0,0-1,black_win,win,E14,,52,26.0,10,0,2,0,True,True,6,0,True,0,4,0
Karpov.pgn,Karpov,black,"Zapata, Alonso",SWIFT,Brussels,1986.??.??,1986,?,"Zapata, Alonso","Karpov, Anatoly",2515.0,2700.0,0-1,black_win,win,C84,,134,67.0,21,17,2,0,True,True,11,12,True,0,10,5
Karpov.pgn,Karpov,black,"Spassky, Boris V",Bugojno,Bugojno,1986.??.??,1986,1,"Spassky, Boris V","Karpov, Anatoly",2610.0,2700.0,1/2-1/2,draw,draw,B25,,45,22.5,6,0,2,0,True,True,3,0,True,0,3,0
Karpov.pgn,Karpov,white,"Jussupow, Artur",Bugojno,Bugojno,1986.??.??,1986,2,"Karpov, Anatoly","Jussupow, Artur",2700.0,2645.0,1-0,white_win,win,C54,,121,60.5,24,6,2,2,True,True,12,3,True,1,12,3
Karpov.pgn,Karpov,black,"Timman, Jan H",Bugojno,Bugojno,1986.??.??,1986,3,"Timman, Jan H","Karpov, Anatoly",2645.0,2700.0,1/2-1/2,draw,draw,C93,,52,26.0,12,0,2,0,True,True,6,0,True,0,6,0
Karpov.pgn,Karpov,black,"Sokolov, Andrei",Bugojno,Bugojno,1986.??.??,1986,4,"Sokolov, Andrei","Karpov, Anatoly",2595.0,2700.0,1-0,white_win,loss,C92,,85,42.5,10,1,2,0,True,True,5,0,True,0,5,1
Karpov.pgn,Karpov,white,"Ljubojevic, Ljubomir",Bugojno,Bugojno,1986.??.??,1986,5,"Karpov, Anatoly","Ljubojevic, Ljubomir",2700.0,2605.0,1-0,white_win,win,A25,,171,85.5,26,8,2,0,True,True,14,6,True,0,12,2
Karpov.pgn,Karpov,black,"Portisch, Lajos",Bugojno,Bugojno,1986.??.??,1986,6,"Portisch, Lajos","Karpov, Anatoly",2610.0,2700.0,1/2-1/2,draw,draw,D59,,36,18.0,10,0,2,0,True,True,5,0,True,0,5,0
Karpov.pgn,Karpov,white,"Miles, Anthony J",Bugojno,Bugojno,1986.??.??,1986,7,"Karpov, Anatoly","Miles, Anthony J",2700.0,2610.0,1/2-1/2,draw,draw,D07,,101,50.5,26,5,1,0,False,True,12,0,False,0,14,5
Karpov.pgn,Karpov,white,"Spassky, Boris V",Bugojno,Bugojno,1986.??.??,1986,8,"Karpov, Anatoly","Spassky, Boris V",2700.0,2610.0,1-0,white_win,win,C76,,67,33.5,15,2,2,0,True,True,9,2,True,0,6,0
Karpov.pgn,Karpov,black,"Jussupow, Artur",Bugojno,Bugojno,1986.??.??,1986,9,"Jussupow, Artur","Karpov, Anatoly",2645.0,2700.0,1/2-1/2,draw,draw,D58,,45,22.5,8,0,2,0,True,True,4,0,True,0,4,0
Karpov.pgn,Karpov,white,"Timman, Jan H",Bugojno,Bugojno,1986.??.??,1986,10,"Karpov, Anatoly","Timman, Jan H",2700.0,2645.0,1-0,white_win,win,D73,,139,69.5,25,5,2,0,True,True,13,3,True,0,12,2
Karpov.pgn,Karpov,white,"Sokolov, Andrei",Bugojno,Bugojno,1986.??.??,1986,11,"Karpov, Anatoly","Sokolov, Andrei",2700.0,2595.0,1/2-1/2,draw,draw,A34,,31,15.5,2,1,2,0,True,True,1,0,True,0,1,1
Karpov.pgn,Karpov,black,"Ljubojevic, Ljubomir",Bugojno,Bugojno,1986.??.??,1986,12,"Ljubojevic, Ljubomir","Karpov, Anatoly",2605.0,2700.0,1/2-1/2,draw,draw,C42,,88,44.0,19,2,2,0,True,True,9,1,True,0,10,1
Karpov.pgn,Karpov,white,"Portisch, Lajos",Bugojno,Bugojno,1986.??.??,1986,13,"Karpov, Anatoly","Portisch, Lajos",2700.0,2610.0,1/2-1/2,draw,draw,E12,,21,10.5,3,0,2,0,True,True,2,0,True,0,1,0
Karpov.pgn,Karpov,black,"Miles, Anthony J",Bugojno,Bugojno,1986.??.??,1986,14,"Miles, Anthony J","Karpov, Anatoly",2610.0,2700.0,1/2-1/2,draw,draw,E12,,24,12.0,2,0,2,0,True,True,1,0,True,0,1,0
Karpov.pgn,Karpov,black,"Ftacnik, Lubomir",Dubai ol (Men),Dubai,1986.??.??,1986,3,"Ftacnik, Lubomir","Karpov, Anatoly",2555.0,2705.0,1/2-1/2,draw,draw,E18,,67,33.5,10,0,2,0,True,True,5,0,True,0,5,0
Karpov.pgn,Karpov,white,"Ribli, Zoltan",Dubai ol (Men),Dubai,1986.??.??,1986,4,"Karpov, Anatoly","Ribli, Zoltan",2705.0,2585.0,1-0,white_win,win,A30,,111,55.5,15,3,2,0,True,True,7,3,True,0,8,0
Karpov.pgn,Karpov,black,"Ljubojevic, Ljubomir",Dubai ol (Men),Dubai,1986.??.??,1986,5,"Ljubojevic, Ljubomir","Karpov, Anatoly",2600.0,2705.0,1-0,white_win,loss,C90,,97,48.5,19,2,2,0,True,True,9,1,True,0,10,1
Karpov.pgn,Karpov,black,"Hjartarson, Johann",Dubai ol (Men),Dubai,1986.??.??,1986,7,"Hjartarson, Johann","Karpov, Anatoly",2525.0,2705.0,1/2-1/2,draw,draw,C92,,146,73.0,21,11,2,0,True,True,10,4,True,0,11,7
Karpov.pgn,Karpov,black,"Haik, Aldo",Dubai ol (Men),Dubai,1986.??.??,1986,9,"Haik, Aldo","Karpov, Anatoly",2455.0,2705.0,0-1,black_win,win,C00,,86,43.0,21,2,1,0,True,False,11,1,False,0,10,1
Karpov.pgn,Karpov,black,"Gheorghiu, Florin",Dubai ol (Men),Dubai,1986.??.??,1986,10,"Gheorghiu, Florin","Karpov, Anatoly",2555.0,2705.0,1/2-1/2,draw,draw,D27,,119,59.5,22,6,2,0,True,True,11,5,True,0,11,1
Karpov.pgn,Karpov,white,"Georgiev, Kiril",Dubai ol (Men),Dubai,1986.??.??,1986,11,"Karpov, Anatoly","Georgiev, Kiril",2705.0,2535.0,1/2-1/2,draw,draw,B78,,107,53.5,23,1,2,1,True,True,11,0,True,0,12,1
Karpov.pgn,Karpov,black,"Braga, Fernando",Dubai ol (Men),Dubai,1986.??.??,1986,13,"Braga, Fernando","Karpov, Anatoly",2480.0,2705.0,0-1,black_win,win,B47,,77,38.5,15,0,2,0,True,True,8,0,True,0,7,0
Karpov.pgn,Karpov,white,"Sznapik, Aleksander",Dubai ol (Men),Dubai,1986.??.??,1986,14,"Karpov, Anatoly","Sznapik, Aleksander",2705.0,2425.0,1-0,white_win,win,B78,,53,26.5,9,0,2,0,True,True,4,0,True,0,5,0
Karpov.pgn,Karpov,white,"Kasparov, Gary",World Championship 33th-KK3,London/Leningrad,1986.??.??,1986,1,"Karpov, Anatoly","Kasparov, Gary",2705.0,2740.0,1/2-1/2,draw,draw,D92,,41,20.5,10,2,2,0,True,True,5,2,True,0,5,0
Karpov.pgn,Karpov,black,"Kasparov, Gary",World Championship 33th-KK3,London/Leningrad,1986.??.??,1986,2,"Kasparov, Gary","Karpov, Anatoly",2740.0,2705.0,1/2-1/2,draw,draw,E20,,104,52.0,24,10,0,0,False,False,12,7,False,0,12,3
Karpov.pgn,Karpov,white,"Kasparov, Gary",World Championship 33th-KK3,London/Leningrad,1986.??.??,1986,3,"Karpov, Anatoly","Kasparov, Gary",2705.0,2740.0,1/2-1/2,draw,draw,D79,,69,34.5,11,0,2,0,True,True,6,0,True,0,5,0
Karpov.pgn,Karpov,black,"Kasparov, Gary",World Championship 33th-KK3,London/Leningrad,1986.??.??,1986,4,"Kasparov, Gary","Karpov, Anatoly",2740.0,2705.0,1-0,white_win,loss,E20,,80,40.0,17,1,2,0,True,True,8,1,True,0,9,0
Karpov.pgn,Karpov,white,"Kasparov, Gary",World Championship 33th-KK3,London/Leningrad,1986.??.??,1986,5,"Karpov, Anatoly","Kasparov, Gary",2705.0,2740.0,1-0,white_win,win,D82,,63,31.5,13,1,1,0,False,True,7,0,False,0,6,1
Karpov.pgn,Karpov,black,"Kasparov, Gary",World Championship 33th-KK3,London/Leningrad,1986.??.??,1986,6,"Kasparov, Gary","Karpov, Anatoly",2740.0,2705.0,1/2-1/2,draw,draw,C42,,83,41.5,18,2,2,0,True,True,9,1,True,0,9,1
Karpov.pgn,Karpov,white,"Kasparov, Gary",World Championship 33th-KK3,London/Leningrad,1986.??.??,1986,7,"Karpov, Anatoly","Kasparov, Gary",2705.0,2740.0,1/2-1/2,draw,draw,D31,,81,40.5,20,5,0,0,False,False,9,2,False,0,11,3
Karpov.pgn,Karpov,black,"Kasparov, Gary",World Championship 33th-KK3,London/Leningrad,1986.??.??,1986,8,"Kasparov, Gary","Karpov, Anatoly",2740.0,2705.0,1-0,white_win,loss,D35,,61,30.5,16,0,2,0,True,True,9,0,True,0,7,0
Karpov.pgn,Karpov,white,"Kasparov, Gary",World Championship 33th-KK3,London/Leningrad,1986.??.??,1986,9,"Karpov, Anatoly","Kasparov, Gary",2705.0,2740.0,1/2-1/2,draw,draw,D93,,40,20.0,6,0,2,0,True,True,3,0,True,0,3,0
Karpov.pgn,Karpov,black,"Kasparov, Gary",World Championship 33th-KK3,London/Leningrad,1986.??.??,1986,10,"Kasparov, Gary","Karpov, Anatoly",2740.0,2705.0,1/2-1/2,draw,draw,D55,,86,43.0,18,3,2,0,True,True,9,1,True,0,9,2
Karpov.pgn,Karpov,white,"Kasparov, Gary",World Championship 33th-KK3,London/Leningrad,1986.??.??,1986,11,"Karpov, Anatoly","Kasparov, Gary",2705.0,2740.0,1/2-1/2,draw,draw,D93,,81,40.5,25,5,2,0,True,True,12,3,True,0,13,2
Karpov.pgn,Karpov,black,"Kasparov, Gary",World Championship 33th-KK3,London/Leningrad,1986.??.??,1986,12,"Kasparov, Gary","Karpov, Anatoly",2740.0,2705.0,1/2-1/2,draw,draw,D55,,67,33.5,15,1,2,0,True,True,7,0,True,0,8,1
Karpov.pgn,Karpov,white,"Kasparov, Gary",World Championship 33th-KK3,London/Leningrad,1986.??.??,1986,13,"Karpov, Anatoly","Kasparov, Gary",2705.0,2740.0,1/2-1/2,draw,draw,D79,,80,40.0,15,1,2,0,True,True,7,0,True,0,8,1
Karpov.pgn,Karpov,black,"Kasparov, Gary",World Championship 33th-KK3,London/Leningrad,1986.??.??,1986,14,"Kasparov, Gary","Karpov, Anatoly",2740.0,2705.0,1-0,white_win,loss,C92,,81,40.5,18,0,2,0,True,True,9,0,True,0,9,0
Karpov.pgn,Karpov,white,"Kasparov, Gary",World Championship 33th-KK3,London/Leningrad,1986.??.??,1986,15,"Karpov, Anatoly","Kasparov, Gary",2705.0,2740.0,1/2-1/2,draw,draw,D98,,58,29.0,14,1,2,0,True,True,7,0,True,0,7,1
Karpov.pgn,Karpov,black,"Kasparov, Gary",World Championship 33th-KK3,London/Leningrad,1986.??.??,1986,16,"Kasparov, Gary","Karpov, Anatoly",2740.0,2705.0,1-0,white_win,loss,C92,,81,40.5,20,4,2,0,True,True,9,0,True,0,11,4
Karpov.pgn,Karpov,white,"Kasparov, Gary",World Championship 33th-KK3,London/Leningrad,1986.??.??,1986,17,"Karpov, Anatoly","Kasparov, Gary",2705.0,2740.0,1-0,white_win,win,D98,,61,30.5,13,0,2,0,True,True,7,0,True,0,6,0
Karpov.pgn,Karpov,black,"Kasparov, Gary",World Championship 33th-KK3,London/Leningrad,1986.??.??,1986,18,"Kasparov, Gary","Karpov, Anatoly",2740.0,2705.0,0-1,black_win,win,E13,,116,58.0,19,8,0,0,False,False,10,5,False,0,9,3
Karpov.pgn,Karpov,white,"Kasparov, Gary",World Championship 33th-KK3,London/Leningrad,1986.??.??,1986,19,"Karpov, Anatoly","Kasparov, Gary",2705.0,2740.0,1-0,white_win,win,D97,,80,40.0,21,3,2,0,True,True,11,1,True,0,10,2
Karpov.pgn,Karpov,black,"Kasparov, Gary",World Championship 33th-KK3,London/Leningrad,1986.??.??,1986,20,"Kasparov, Gary","Karpov, Anatoly",2740.0,2705.0,1/2-1/2,draw,draw,E05,,42,21.0,10,0,2,0,True,True,5,0,True,0,5,0
Karpov.pgn,Karpov,white,"Kasparov, Gary",World Championship 33th-KK3,London/Leningrad,1986.??.??,1986,21,"Karpov, Anatoly","Kasparov, Gary",2705.0,2740.0,1/2-1/2,draw,draw,E15,,90,45.0,17,8,2,0,True,True,8,4,True,0,9,4
Karpov.pgn,Karpov,black,"Kasparov, Gary",World Championship 33th-KK3,London/Leningrad,1986.??.??,1986,22,"Kasparov, Gary","Karpov, Anatoly",2740.0,2705.0,1-0,white_win,loss,D55,,91,45.5,18,4,2,0,True,True,9,1,True,0,9,3
Karpov.pgn,Karpov,white,"Kasparov, Gary",World Championship 33th-KK3,London/Leningrad,1986.??.??,1986,23,"Karpov, Anatoly","Kasparov, Gary",2705.0,2740.0,1/2-1/2,draw,draw,A30,,64,32.0,13,0,2,0,True,True,7,0,True,0,6,0
Karpov.pgn,Karpov,black,"Kasparov, Gary",World Championship 33th-KK3,London/Leningrad,1986.??.??,1986,24,"Kasparov, Gary","Karpov, Anatoly",2740.0,2705.0,1/2-1/2,draw,draw,E16,,81,40.5,20,7,2,0,True,True,10,4,True,0,10,3
Karpov.pgn,Karpov,black,"Ljubojevic, Ljubomir",Tilburg,Tilburg,1986.??.??,1986,1,"Ljubojevic, Ljubomir","Karpov, Anatoly",2600.0,2705.0,1/2-1/2,draw,draw,C95,,49,24.5,2,0,2,0,True,True,1,0,True,0,1,0
Karpov.pgn,Karpov,black,"Portisch, Lajos",Tilburg,Tilburg,1986.??.??,1986,2,"Portisch, Lajos","Karpov, Anatoly",2605.0,2705.0,0-1,black_win,win,E18,,122,61.0,22,3,2,0,True,True,11,1,True,0,11,2
Karpov.pgn,Karpov,white,"Kortschnoj, Viktor",Tilburg,Tilburg,1986.??.??,1986,3,"Karpov, Anatoly","Kortschnoj, Viktor",2705.0,2650.0,1/2-1/2,draw,draw,E16,,83,41.5,12,1,2,0,True,True,6,0,True,0,6,1
Karpov.pgn,Karpov,black,"Beliavsky, Alexander G",Tilburg,Tilburg,1986.??.??,1986,4,"Beliavsky, Alexander G","Karpov, Anatoly",2585.0,2705.0,1/2-1/2,draw,draw,D58,,46,23.0,15,0,2,0,True,True,8,0,True,0,7,0
Karpov.pgn,Karpov,white,"Timman, Jan H",Tilburg,Tilburg,1986.??.??,1986,5,"Karpov, Anatoly","Timman, Jan H",2705.0,2620.0,1/2-1/2,draw,draw,D98,,66,33.0,16,1,2,0,True,True,8,1,True,0,8,0
Karpov.pgn,Karpov,black,"Miles, Anthony J",Tilburg,Tilburg,1986.??.??,1986,6,"Miles, Anthony J","Karpov, Anatoly",2570.0,2705.0,1/2-1/2,draw,draw,E31,,147,73.5,6,1,2,0,True,True,3,1,True,0,3,0
Karpov.pgn,Karpov,white,"Huebner, Robert",Tilburg,Tilburg,1986.??.??,1986,7,"Karpov, Anatoly","Huebner, Robert",2705.0,2620.0,1/2-1/2,draw,draw,D18,,122,61.0,20,12,2,0,True,True,10,9,True,0,10,3
Karpov.pgn,Karpov,white,"Ljubojevic, Ljubomir",Tilburg,Tilburg,1986.??.??,1986,8,"Karpov, Anatoly","Ljubojevic, Ljubomir",2705.0,2600.0,1/2-1/2,draw,draw,B83,,68,34.0,17,5,2,0,True,True,9,4,True,0,8,1
Karpov.pgn,Karpov,white,"Portisch, Lajos",Tilburg,Tilburg,1986.??.??,1986,9,"Karpov, Anatoly","Portisch, Lajos",2705.0,2605.0,1/2-1/2,draw,draw,E20,,82,41.0,15,0,2,0,True,True,8,0,True,0,7,0
Karpov.pgn,Karpov,black,"Kortschnoj, Viktor",Tilburg,Tilburg,1986.??.??,1986,10,"Kortschnoj, Viktor","Karpov, Anatoly",2650.0,2705.0,0-1,black_win,win,A11,,80,40.0,11,0,2,0,True,True,6,0,True,0,5,0
Karpov.pgn,Karpov,white,"Beliavsky, Alexander G",Tilburg,Tilburg,1986.??.??,1986,11,"Karpov, Anatoly","Beliavsky, Alexander G",2705.0,2585.0,0-1,black_win,loss,D36,,72,36.0,18,1,2,0,True,True,8,0,True,0,10,1
Karpov.pgn,Karpov,black,"Timman, Jan H",Tilburg,Tilburg,1986.??.??,1986,12,"Timman, Jan H","Karpov, Anatoly",2620.0,2705.0,1/2-1/2,draw,draw,C92,,157,78.5,25,7,2,0,True,True,13,7,True,0,12,0
Karpov.pgn,Karpov,white,"Miles, Anthony J",Tilburg,Tilburg,1986.??.??,1986,13,"Karpov, Anatoly","Miles, Anthony J",2705.0,2570.0,1/2-1/2,draw,draw,A57,,51,25.5,14,2,0,0,False,False,7,0,False,0,7,2
Karpov.pgn,Karpov,black,"Hoelzl, Franz",Vienna op,Vienna,1986.??.??,1986,?,"Hoelzl, Franz","Karpov, Anatoly",2370.0,2700.0,0-1,black_win,win,A17,,107,53.5,21,10,2,0,True,True,11,1,True,0,10,9
Karpov.pgn,Karpov,black,"Gheorghiu, Florin",Vienna op,Vienna,1986.??.??,1986,?,"Gheorghiu, Florin","Karpov, Anatoly",2525.0,2700.0,1/2-1/2,draw,draw,E17,,26,13.0,5,0,2,0,True,True,3,0,True,0,2,0
Karpov.pgn,Karpov,white,"Ftacnik, Lubomir",Vienna op,Vienna,1986.??.??,1986,?,"Karpov, Anatoly","Ftacnik, Lubomir",2700.0,2515.0,1/2-1/2,draw,draw,B26,,43,21.5,11,1,2,0,True,True,6,1,True,0,5,0
Karpov.pgn,Karpov,white,"Kindermann, Stefan",Vienna op,Vienna,1986.??.??,1986,?,"Karpov, Anatoly","Kindermann, Stefan",2700.0,2495.0,1-0,white_win,win,B81,,81,40.5,20,9,1,0,False,True,10,1,False,0,10,8
Karpov.pgn,Karpov,white,"Kortschnoj, Viktor",Vienna op,Vienna,1986.??.??,1986,?,"Karpov, Anatoly","Kortschnoj, Viktor",2700.0,2635.0,1/2-1/2,draw,draw,D31,,118,59.0,27,9,0,1,False,False,13,4,False,1,14,5
Karpov.pgn,Karpov,white,"Mednis, Edmar John",Vienna op,Vienna,1986.??.??,1986,?,"Karpov, Anatoly","Mednis, Edmar John",2700.0,2455.0,1-0,white_win,win,C19,,137,68.5,17,5,2,0,True,True,9,3,True,0,8,2
Karpov.pgn,Karpov,black,"Timman, Jan H",Euwe mem,Amsterdam,1987.??.??,1987,?,"Timman, Jan H","Karpov, Anatoly",2590.0,2710.0,1/2-1/2,draw,draw,D39,,111,55.5,20,8,1,0,True,False,11,0,False,0,9,8
Karpov.pgn,Karpov,black,"Van der Wiel, John TH",Euwe mem,Amsterdam,1987.??.??,1987,?,"Van der Wiel, John TH","Karpov, Anatoly",2590.0,2710.0,1/2-1/2,draw,draw,B17,,60,30.0,15,1,1,0,True,False,7,0,False,0,8,1
Karpov.pgn,Karpov,white,"Van der Wiel, John TH",Euwe mem,Amsterdam,1987.??.??,1987,?,"Karpov, Anatoly","Van der Wiel, John TH",2710.0,2590.0,1-0,white_win,win,E15,,77,38.5,12,3,2,0,True,True,6,2,True,0,6,1
Karpov.pgn,Karpov,white,"Kortschnoj, Viktor",Euwe mem,Amsterdam,1987.??.??,1987,?,"Karpov, Anatoly","Kortschnoj, Viktor",2710.0,2625.0,1-0,white_win,win,E16,,73,36.5,18,3,2,0,True,True,9,2,True,0,9,1
Karpov.pgn,Karpov,white,"Timman, Jan H",Euwe mem,Amsterdam,1987.??.??,1987,?,"Karpov, Anatoly","Timman, Jan H",2710.0,2590.0,1/2-1/2,draw,draw,D79,,114,57.0,22,14,2,0,True,True,11,0,True,0,11,14
Karpov.pgn,Karpov,black,"Kortschnoj, Viktor",Euwe mem,Amsterdam,1987.??.??,1987,?,"Kortschnoj, Viktor","Karpov, Anatoly",2625.0,2710.0,1/2-1/2,draw,draw,A28,,115,57.5,25,12,2,0,True,True,13,6,True,0,12,6
Karpov.pgn,Karpov,white,"Izeta Txabarri, Felix",Bilbao,Bilbao,1987.??.??,1987,?,"Karpov, Anatoly","Izeta Txabarri, Felix",2710.0,2380.0,1-0,white_win,win,A34,,107,53.5,20,1,2,0,True,True,11,1,True,0,9,0
Karpov.pgn,Karpov,black,"Andersson, Ulf",Bilbao,Bilbao,1987.??.??,1987,?,"Andersson, Ulf","Karpov, Anatoly",2600.0,2710.0,1/2-1/2,draw,draw,E18,,49,24.5,14,0,2,0,True,True,7,0,True,0,7,0
Karpov.pgn,Karpov,white,"Fernandez Garcia, Jose L",Bilbao,Bilbao,1987.??.??,1987,?,"Karpov, Anatoly","Fernandez Garcia, Jose L",2710.0,2450.0,1-0,white_win,win,C78,,74,37.0,16,0,2,0,True,True,8,0,True,0,8,0
Karpov.pgn,Karpov,white,"Illescas Cordoba, Miguel",Bilbao,Bilbao,1987.??.??,1987,?,"Karpov, Anatoly","Illescas Cordoba, Miguel",2710.0,2505.0,1-0,white_win,win,D32,,95,47.5,23,4,2,0,True,True,12,0,True,0,11,4
Karpov.pgn,Karpov,white,"Chiburdanidze, Maia",Bilbao,Bilbao,1987.??.??,1987,?,"Karpov, Anatoly","Chiburdanidze, Maia",2710.0,2530.0,1/2-1/2,draw,draw,B30,,35,17.5,10,0,2,0,True,True,5,0,True,0,5,0
Karpov.pgn,Karpov,white,"Polgar, Zsuzsa",Bilbao,Bilbao,1987.??.??,1987,?,"Karpov, Anatoly","Polgar, Zsuzsa",2710.0,2495.0,1-0,white_win,win,A25,,81,40.5,15,2,2,0,True,True,9,1,True,0,6,1
Karpov.pgn,Karpov,black,"Ljubojevic, Ljubomir",Bilbao,Bilbao,1987.??.??,1987,?,"Ljubojevic, Ljubomir","Karpov, Anatoly",2620.0,2710.0,1/2-1/2,draw,draw,B10,,31,15.5,6,1,1,0,True,False,3,1,False,0,3,0
Karpov.pgn,Karpov,black,"Ochoa de Echaguen, F Javier",Bilbao,Bilbao,1987.??.??,1987,?,"Ochoa de Echaguen, F Javier","Karpov, Anatoly",2430.0,2710.0,0-1,black_win,win,C67,,100,50.0,22,7,1,0,True,False,12,2,False,0,10,5
Karpov.pgn,Karpov,black,"Ljubojevic, Ljubomir",Brussels blitz,Brussels,1987.??.??,1987,?,"Ljubojevic, Ljubomir","Karpov, Anatoly",2620.0,2710.0,0-1,black_win,win,E14,,88,44.0,19,3,2,0,True,True,10,2,True,0,9,1
Karpov.pgn,Karpov,black,"Kasparov, Gary",Brussels blitz,Brussels,1987.??.??,1987,?,"Kasparov, Gary","Karpov, Anatoly",2735.0,2710.0,1-0,white_win,loss,E12,,118,59.0,25,10,2,0,True,True,14,5,True,0,11,5
Karpov.pgn,Karpov,white,"Van der Wiel, John TH",Brussels blitz,Brussels,1987.??.??,1987,?,"Karpov, Anatoly","Van der Wiel, John TH",2710.0,2590.0,1-0,white_win,win,E16,,77,38.5,16,6,2,0,True,True,10,4,True,0,6,2
Karpov.pgn,Karpov,white,"Torre, Eugenio",Brussels blitz,Brussels,1987.??.??,1987,?,"Karpov, Anatoly","Torre, Eugenio",2710.0,2540.0,1-0,white_win,win,A43,,73,36.5,20,3,2,1,True,True,10,0,True,1,10,3
Karpov.pgn,Karpov,white,"Timman, Jan H",Brussels blitz,Brussels,1987.??.??,1987,?,"Karpov, Anatoly","Timman, Jan H",2710.0,2590.0,0-1,black_win,loss,D79,,110,55.0,26,9,2,0,True,True,12,4,True,0,14,5
Karpov.pgn,Karpov,white,"Tal, Mihail",Brussels blitz,Brussels,1987.??.??,1987,?,"Karpov, Anatoly","Tal, Mihail",2710.0,2605.0,1-0,white_win,win,D38,,101,50.5,18,7,2,0,True,True,10,3,True,0,8,4
Karpov.pgn,Karpov,white,"Sosonko, Gennadi",Brussels blitz,Brussels,1987.??.??,1987,?,"Karpov, Anatoly","Sosonko, Gennadi",2710.0,2545.0,1-0,white_win,win,B78,,67,33.5,15,2,2,0,True,True,8,2,True,0,7,0
Karpov.pgn,Karpov,white,"Short, Nigel D",Brussels blitz,Brussels,1987.??.??,1987,?,"Karpov, Anatoly","Short, Nigel D",2710.0,2615.0,1-0,white_win,win,E16,,81,40.5,16,2,2,0,True,True,9,1,True,0,7,1
Karpov.pgn,Karpov,white,"Ljubojevic, Ljubomir",Brussels blitz,Brussels,1987.??.??,1987,?,"Karpov, Anatoly","Ljubojevic, Ljubomir",2710.0,2620.0,1-0,white_win,win,E66,,101,50.5,20,9,2,0,True,True,9,6,True,0,11,3
Karpov.pgn,Karpov,black,"Larsen, Bent",Brussels blitz,Brussels,1987.??.??,1987,?,"Larsen, Bent","Karpov, Anatoly",2565.0,2710.0,1-0,white_win,loss,E15,,85,42.5,20,3,2,0,True,True,9,3,True,0,11,0
Karpov.pgn,Karpov,white,"Kasparov, Gary",Brussels blitz,Brussels,1987.??.??,1987,?,"Karpov, Anatoly","Kasparov, Gary",2710.0,2735.0,1/2-1/2,draw,draw,E60,,83,41.5,16,2,2,0,True,True,8,0,True,0,8,2
Karpov.pgn,Karpov,white,"Huebner, Robert",Brussels blitz,Brussels,1987.??.??,1987,?,"Karpov, Anatoly","Huebner, Robert",2710.0,2615.0,0-1,black_win,loss,D27,,125,62.5,25,13,2,1,True,True,13,2,True,1,12,11
Karpov.pgn,Karpov,black,"Huebner, Robert",Brussels blitz,Brussels,1987.??.??,1987,?,"Huebner, Robert","Karpov, Anatoly",2615.0,2710.0,0-1,black_win,win,A29,,110,55.0,23,10,2,0,True,True,13,7,True,0,10,3
Karpov.pgn,Karpov,black,"Winants, Luc",Brussels,Brussels,1987.??.??,1987,?,"Winants, Luc","Karpov, Anatoly",2415.0,2710.0,1/2-1/2,draw,draw,E16,,123,61.5,21,7,2,0,True,True,11,6,True,0,10,1
Karpov.pgn,Karpov,black,"Torre, Eugenio",Brussels,Brussels,1987.??.??,1987,?,"Torre, Eugenio","Karpov, Anatoly",2540.0,2710.0,1/2-1/2,draw,draw,E18,,61,30.5,12,1,2,0,True,True,6,1,True,0,6,0
Karpov.pgn,Karpov,black,"Van der Wiel, John TH",Brussels blitz,Brussels,1987.??.??,1987,?,"Van der Wiel, John TH","Karpov, Anatoly",2590.0,2710.0,0-1,black_win,win,C69,,117,58.5,25,5,1,0,True,False,14,2,False,0,11,3
Karpov.pgn,Karpov,white,"Larsen, Bent",Brussels blitz,Brussels,1987.??.??,1987,?,"Karpov, Anatoly","Larsen, Bent",2710.0,2565.0,1-0,white_win,win,B64,,77,38.5,18,5,2,0,True,True,10,4,True,0,8,1
Karpov.pgn,Karpov,white,"Kortschnoj, Viktor",Brussels blitz,Brussels,1987.??.??,1987,?,"Karpov, Anatoly","Kortschnoj, Viktor",2710.0,2625.0,0-1,black_win,loss,E15,,130,65.0,25,5,2,0,True,True,12,1,True,0,13,4
Karpov.pgn,Karpov,black,"Kortschnoj, Viktor",Brussels blitz,Brussels,1987.??.??,1987,?,"Kortschnoj, Viktor","Karpov, Anatoly",2625.0,2710.0,1-0,white_win,loss,E18,,113,56.5,16,1,2,0,True,True,7,0,True,0,9,1
Karpov.pgn,Karpov,white,"Van der Wiel, John TH",Brussels,Brussels,1987.??.??,1987,?,"Karpov, Anatoly","Van der Wiel, John TH",2710.0,2590.0,1/2-1/2,draw,draw,E99,,122,61.0,20,7,2,0,True,True,11,0,True,0,9,7
Karpov.pgn,Karpov,black,"Short, Nigel D",Brussels blitz,Brussels,1987.??.??,1987,?,"Short, Nigel D","Karpov, Anatoly",2615.0,2710.0,1-0,white_win,loss,B10,,91,45.5,19,8,1,0,True,False,9,5,False,0,10,3
Karpov.pgn,Karpov,black,"Meulders, Richard",Brussels,Brussels,1987.??.??,1987,?,"Meulders, Richard","Karpov, Anatoly",2360.0,2710.0,0-1,black_win,win,E41,,124,62.0,16,2,2,0,True,True,8,2,True,0,8,0
Karpov.pgn,Karpov,black,"Torre, Eugenio",Brussels blitz,Brussels,1987.??.??,1987,?,"Torre, Eugenio","Karpov, Anatoly",2540.0,2710.0,1/2-1/2,draw,draw,E11,,91,45.5,17,5,2,0,True,True,8,1,True,0,9,4
Karpov.pgn,Karpov,black,"Timman, Jan H",Brussels blitz,Brussels,1987.??.??,1987,?,"Timman, Jan H","Karpov, Anatoly",2590.0,2710.0,0-1,black_win,win,E15,,76,38.0,13,2,2,0,True,True,7,2,True,0,6,0
Karpov.pgn,Karpov,black,"Tal, Mihail",Brussels blitz,Brussels,1987.??.??,1987,?,"Tal, Mihail","Karpov, Anatoly",2605.0,2710.0,1-0,white_win,loss,B10,,59,29.5,15,4,2,0,True,True,8,1,True,0,7,3
Karpov.pgn,Karpov,black,"Sosonko, Gennadi",Brussels blitz,Brussels,1987.??.??,1987,?,"Sosonko, Gennadi","Karpov, Anatoly",2545.0,2710.0,1/2-1/2,draw,draw,E11,,103,51.5,21,4,2,0,True,True,10,1,True,0,11,3
Karpov.pgn,Karpov,black,"Kortschnoj, Viktor",Brussels,Brussels,1987.??.??,1987,?,"Kortschnoj, Viktor","Karpov, Anatoly",2625.0,2710.0,0-1,black_win,win,D26,,94,47.0,24,8,0,0,False,False,12,7,False,0,12,1
Karpov.pgn,Karpov,white,"Kasparov, Gary",Brussels,Brussels,1987.??.??,1987,?,"Karpov, Anatoly","Kasparov, Gary",2710.0,2735.0,1/2-1/2,draw,draw,A31,,105,52.5,26,3,2,0,True,True,13,1,True,0,13,2
Karpov.pgn,Karpov,white,"Larsen, Bent",Brussels,Brussels,1987.??.??,1987,?,"Karpov, Anatoly","Larsen, Bent",2710.0,2565.0,1/2-1/2,draw,draw,B39,,94,47.0,22,2,1,0,True,False,11,0,True,0,11,2
Karpov.pgn,Karpov,white,"Short, Nigel D",Brussels,Brussels,1987.??.??,1987,?,"Karpov, Anatoly","Short, Nigel D",2710.0,2615.0,1-0,white_win,win,D55,,87,43.5,14,0,2,0,True,True,7,0,True,0,7,0
Karpov.pgn,Karpov,white,"Tal, Mihail",Brussels,Brussels,1987.??.??,1987,?,"Karpov, Anatoly","Tal, Mihail",2710.0,2605.0,1/2-1/2,draw,draw,E06,,120,60.0,22,9,2,0,True,True,11,2,True,0,11,7
Karpov.pgn,Karpov,white,"Timman, Jan H",Brussels,Brussels,1987.??.??,1987,?,"Karpov, Anatoly","Timman, Jan H",2710.0,2590.0,1/2-1/2,draw,draw,E15,,134,67.0,27,10,2,0,True,True,14,4,True,0,13,6
Karpov.pgn,Karpov,black,"Sokolov, Andrei",Linares cf,Linares,1987.??.??,1987,1,"Sokolov, Andrei","Karpov, Anatoly",2645.0,2710.0,1/2-1/2,draw,draw,D41,,70,35.0,20,0,2,0,True,True,10,0,True,0,10,0
Karpov.pgn,Karpov,white,"Sokolov, Andrei",Linares cf,Linares,1987.??.??,1987,2,"Karpov, Anatoly","Sokolov, Andrei",2710.0,2645.0,1-0,white_win,win,E15,,121,60.5,22,4,2,0,True,True,11,1,True,0,11,3
Karpov.pgn,Karpov,black,"Sokolov, Andrei",Linares cf,Linares,1987.??.??,1987,3,"Sokolov, Andrei","Karpov, Anatoly",2645.0,2710.0,1/2-1/2,draw,draw,B17,,40,20.0,11,3,2,0,True,True,6,1,True,0,5,2
Karpov.pgn,Karpov,white,"Sokolov, Andrei",Linares cf,Linares,1987.??.??,1987,4,"Karpov, Anatoly","Sokolov, Andrei",2710.0,2645.0,1/2-1/2,draw,draw,E15,,83,41.5,22,3,2,0,True,True,11,2,True,0,11,1
Karpov.pgn,Karpov,black,"Sokolov, Andrei",Linares cf,Linares,1987.??.??,1987,5,"Sokolov, Andrei","Karpov, Anatoly",2645.0,2710.0,1/2-1/2,draw,draw,B17,,75,37.5,18,5,1,0,False,True,9,2,True,0,9,3
Karpov.pgn,Karpov,white,"Sokolov, Andrei",Linares cf,Linares,1987.??.??,1987,6,"Karpov, Anatoly","Sokolov, Andrei",2710.0,2645.0,1-0,white_win,win,E15,,178,89.0,23,10,2,0,True,True,12,1,True,0,11,9
Karpov.pgn,Karpov,black,"Sokolov, Andrei",Linares cf,Linares,1987.??.??,1987,7,"Sokolov, Andrei","Karpov, Anatoly",2645.0,2710.0,1/2-1/2,draw,draw,B17,,82,41.0,20,3,2,0,True,True,10,1,True,0,10,2
Karpov.pgn,Karpov,white,"Sokolov, Andrei",Linares cf,Linares,1987.??.??,1987,8,"Karpov, Anatoly","Sokolov, Andrei",2710.0,2645.0,1/2-1/2,draw,draw,E15,,82,41.0,20,5,1,0,False,True,10,0,False,0,10,5
Karpov.pgn,Karpov,black,"Sokolov, Andrei",Linares cf,Linares,1987.??.??,1987,9,"Sokolov, Andrei","Karpov, Anatoly",2645.0,2710.0,1/2-1/2,draw,draw,B12,,149,74.5,26,12,1,0,True,False,14,10,False,0,12,2
Karpov.pgn,Karpov,white,"Sokolov, Andrei",Linares cf,Linares,1987.??.??,1987,10,"Karpov, Anatoly","Sokolov, Andrei",2710.0,2645.0,1-0,white_win,win,E15,,125,62.5,26,7,1,0,False,True,13,3,False,0,13,4
Karpov.pgn,Karpov,black,"Sokolov, Andrei",Linares cf,Linares,1987.??.??,1987,11,"Sokolov, Andrei","Karpov, Anatoly",2645.0,2710.0,0-1,black_win,win,B10,,50,25.0,14,1,1,0,False,True,7,1,True,0,7,0
Karpov.pgn,Karpov,white,"Kasparov, Gary",World Championship 34th-KK4,Sevilla,1987.??.??,1987,1,"Karpov, Anatoly","Kasparov, Gary",2700.0,2740.0,1/2-1/2,draw,draw,D79,,59,29.5,6,0,2,0,True,True,3,0,True,0,3,0
Karpov.pgn,Karpov,black,"Kasparov, Gary",World Championship 34th-KK4,Sevilla,1987.??.??,1987,2,"Kasparov, Gary","Karpov, Anatoly",2740.0,2700.0,0-1,black_win,win,A29,,64,32.0,17,2,2,0,True,True,9,2,True,0,8,0
Karpov.pgn,Karpov,white,"Kasparov, Gary",World Championship 34th-KK4,Sevilla,1987.??.??,1987,3,"Karpov, Anatoly","Kasparov, Gary",2700.0,2740.0,1/2-1/2,draw,draw,D79,,58,29.0,4,0,2,0,True,True,2,0,True,0,2,0
Karpov.pgn,Karpov,black,"Kasparov, Gary",World Championship 34th-KK4,Sevilla,1987.??.??,1987,4,"Kasparov, Gary","Karpov, Anatoly",2740.0,2700.0,1-0,white_win,loss,A29,,81,40.5,20,1,2,0,True,True,9,0,True,0,11,1
Karpov.pgn,Karpov,white,"Kasparov, Gary",World Championship 34th-KK4,Sevilla,1987.??.??,1987,5,"Karpov, Anatoly","Kasparov, Gary",2700.0,2740.0,1-0,white_win,win,D87,,75,37.5,16,5,2,0,True,True,9,2,True,0,7,3
Karpov.pgn,Karpov,black,"Kasparov, Gary",World Championship 34th-KK4,Sevilla,1987.??.??,1987,6,"Kasparov, Gary","Karpov, Anatoly",2740.0,2700.0,1/2-1/2,draw,draw,A25,,55,27.5,8,0,2,0,True,True,4,0,True,0,4,0
Karpov.pgn,Karpov,white,"Kasparov, Gary",World Championship 34th-KK4,Sevilla,1987.??.??,1987,7,"Karpov, Anatoly","Kasparov, Gary",2700.0,2740.0,1/2-1/2,draw,draw,D87,,158,79.0,27,19,2,2,True,True,14,8,True,1,13,11
Karpov.pgn,Karpov,black,"Kasparov, Gary",World Championship 34th-KK4,Sevilla,1987.??.??,1987,8,"Kasparov, Gary","Karpov, Anatoly",2740.0,2700.0,1-0,white_win,loss,A21,,99,49.5,13,1,2,0,True,True,7,0,True,0,6,1
Karpov.pgn,Karpov,white,"Kasparov, Gary",World Championship 34th-KK4,Sevilla,1987.??.??,1987,9,"Karpov, Anatoly","Kasparov, Gary",2700.0,2740.0,1/2-1/2,draw,draw,D88,,140,70.0,25,15,2,0,True,True,13,9,True,0,12,6
Karpov.pgn,Karpov,black,"Kasparov, Gary",World Championship 34th-KK4,Sevilla,1987.??.??,1987,10,"Kasparov, Gary","Karpov, Anatoly",2740.0,2700.0,1/2-1/2,draw,draw,B17,,39,19.5,8,1,2,0,True,True,4,0,True,0,4,1
Karpov.pgn,Karpov,white,"Kasparov, Gary",World Championship 34th-KK4,Sevilla,1987.??.??,1987,11,"Karpov, Anatoly","Kasparov, Gary",2700.0,2740.0,0-1,black_win,loss,D87,,100,50.0,20,10,2,0,True,True,10,6,True,0,10,4
Karpov.pgn,Karpov,black,"Kasparov, Gary",World Championship 34th-KK4,Sevilla,1987.??.??,1987,12,"Kasparov, Gary","Karpov, Anatoly",2740.0,2700.0,1/2-1/2,draw,draw,D31,,41,20.5,2,0,2,0,True,True,1,0,True,0,1,0
Karpov.pgn,Karpov,white,"Kasparov, Gary",World Championship 34th-KK4,Sevilla,1987.??.??,1987,13,"Karpov, Anatoly","Kasparov, Gary",2700.0,2740.0,1/2-1/2,draw,draw,D85,,72,36.0,19,2,2,0,True,True,9,0,True,0,10,2
Karpov.pgn,Karpov,black,"Kasparov, Gary",World Championship 34th-KK4,Sevilla,1987.??.??,1987,14,"Kasparov, Gary","Karpov, Anatoly",2740.0,2700.0,1/2-1/2,draw,draw,B17,,41,20.5,6,1,2,0,True,True,3,0,True,0,3,1
Karpov.pgn,Karpov,white,"Kasparov, Gary",World Championship 34th-KK4,Sevilla,1987.??.??,1987,15,"Karpov, Anatoly","Kasparov, Gary",2700.0,2740.0,1/2-1/2,draw,draw,D97,,85,42.5,22,3,2,0,True,True,12,3,True,0,10,0
Karpov.pgn,Karpov,black,"Kasparov, Gary",World Championship 34th-KK4,Sevilla,1987.??.??,1987,16,"Kasparov, Gary","Karpov, Anatoly",2740.0,2700.0,0-1,black_win,win,A29,,81,40.5,17,1,2,0,True,True,9,1,True,0,8,0
Karpov.pgn,Karpov,white,"Kasparov, Gary",World Championship 34th-KK4,Sevilla,1987.??.??,1987,17,"Karpov, Anatoly","Kasparov, Gary",2700.0,2740.0,1/2-1/2,draw,draw,E97,,92,46.0,20,2,2,0,True,True,10,1,True,0,10,1
Karpov.pgn,Karpov,black,"Kasparov, Gary",World Championship 34th-KK4,Sevilla,1987.??.??,1987,18,"Kasparov, Gary","Karpov, Anatoly",2740.0,2700.0,1/2-1/2,draw,draw,D58,,80,40.0,24,1,2,0,True,True,12,1,True,0,12,0
Karpov.pgn,Karpov,white,"Kasparov, Gary",World Championship 34th-KK4,Sevilla,1987.??.??,1987,19,"Karpov, Anatoly","Kasparov, Gary",2700.0,2740.0,1/2-1/2,draw,draw,D58,,120,60.0,25,12,2,0,True,True,13,9,True,0,12,3
Karpov.pgn,Karpov,black,"Kasparov, Gary",World Championship 34th-KK4,Sevilla,1987.??.??,1987,20,"Kasparov, Gary","Karpov, Anatoly",2740.0,2700.0,1/2-1/2,draw,draw,D53,,74,37.0,18,2,2,0,True,True,9,1,True,0,9,1
Karpov.pgn,Karpov,white,"Kasparov, Gary",World Championship 34th-KK4,Sevilla,1987.??.??,1987,21,"Karpov, Anatoly","Kasparov, Gary",2700.0,2740.0,1/2-1/2,draw,draw,D97,,56,28.0,9,0,2,0,True,True,5,0,True,0,4,0
Karpov.pgn,Karpov,black,"Kasparov, Gary",World Championship 34th-KK4,Sevilla,1987.??.??,1987,22,"Kasparov, Gary","Karpov, Anatoly",2740.0,2700.0,1/2-1/2,draw,draw,D37,,37,18.5,10,0,2,0,True,True,5,0,True,0,5,0
Karpov.pgn,Karpov,white,"Kasparov, Gary",World Championship 34th-KK4,Sevilla,1987.??.??,1987,23,"Karpov, Anatoly","Kasparov, Gary",2700.0,2740.0,1-0,white_win,win,A34,,114,57.0,19,3,2,0,True,True,9,1,True,0,10,2
Karpov.pgn,Karpov,black,"Kasparov, Gary",World Championship 34th-KK4,Sevilla,1987.??.??,1987,24,"Kasparov, Gary","Karpov, Anatoly",2740.0,2700.0,1-0,white_win,loss,A14,,127,63.5,19,6,2,0,True,True,9,2,True,0,10,4
Karpov.pgn,Karpov,black,"Short, Nigel D",Euwe mem,Amsterdam,1988.??.??,1988,?,"Short, Nigel D","Karpov, Anatoly",2630.0,2715.0,1/2-1/2,draw,draw,B17,,21,10.5,6,1,1,0,True,False,3,0,False,0,3,1
Karpov.pgn,Karpov,white,"Short, Nigel D",Euwe mem,Amsterdam,1988.??.??,1988,?,"Karpov, Anatoly","Short, Nigel D",2715.0,2630.0,1-0,white_win,win,E15,,75,37.5,16,3,2,0,True,True,9,0,True,0,7,3
Karpov.pgn,Karpov,black,"Timman, Jan H",Euwe mem,Amsterdam,1988.??.??,1988,?,"Timman, Jan H","Karpov, Anatoly",2675.0,2715.0,1/2-1/2,draw,draw,C41,,32,16.0,8,1,2,0,True,True,4,0,True,0,4,1
Karpov.pgn,Karpov,black,"Ljubojevic, Ljubomir",Euwe mem,Amsterdam,1988.??.??,1988,?,"Ljubojevic, Ljubomir","Karpov, Anatoly",2610.0,2715.0,1-0,white_win,loss,A05,,73,36.5,12,0,2,0,True,True,6,0,True,0,6,0
Karpov.pgn,Karpov,white,"Timman, Jan H",Euwe mem,Amsterdam,1988.??.??,1988,?,"Karpov, Anatoly","Timman, Jan H",2715.0,2675.0,1-0,white_win,win,E60,,145,72.5,24,9,2,1,True,True,13,4,True,0,11,5
Karpov.pgn,Karpov,white,"Ljubojevic, Ljubomir",Euwe mem,Amsterdam,1988.??.??,1988,?,"Karpov, Anatoly","Ljubojevic, Ljubomir",2715.0,2610.0,1/2-1/2,draw,draw,D94,,158,79.0,26,7,2,0,True,True,14,5,True,0,12,2
Karpov.pgn,Karpov,black,"Timman, Jan H",Optiebeurs,Amsterdam,1988.??.??,1988,1,"Timman, Jan H","Karpov, Anatoly",2675.0,2715.0,1/2-1/2,draw,draw,D58,,54,27.0,18,2,2,0,True,True,9,1,True,0,9,1
Karpov.pgn,Karpov,black,"Van der Wiel, John TH",Optiebeurs,Amsterdam,1988.??.??,1988,1,"Van der Wiel, John TH","Karpov, Anatoly",2555.0,2715.0,0-1,black_win,win,B17,,80,40.0,20,1,2,0,True,True,11,0,True,0,9,1
Karpov.pgn,Karpov,white,"Kasparov, Gary",Optiebeurs,Amsterdam,1988.??.??,1988,1,"Karpov, Anatoly","Kasparov, Gary",2715.0,2750.0,1/2-1/2,draw,draw,D76,,74,37.0,18,1,2,0,True,True,9,0,True,0,9,1
Karpov.pgn,Karpov,white,"Van der Wiel, John TH",Optiebeurs,Amsterdam,1988.??.??,1988,2,"Karpov, Anatoly","Van der Wiel, John TH",2715.0,2555.0,1-0,white_win,win,E18,,77,38.5,14,1,2,0,True,True,7,1,True,0,7,0
Karpov.pgn,Karpov,white,"Timman, Jan H",Optiebeurs,Amsterdam,1988.??.??,1988,2,"Karpov, Anatoly","Timman, Jan H",2715.0,2675.0,1/2-1/2,draw,draw,B08,,46,23.0,12,2,2,0,True,True,6,2,True,0,6,0
Karpov.pgn,Karpov,black,"Kasparov, Gary",Optiebeurs,Amsterdam,1988.??.??,1988,2,"Kasparov, Gary","Karpov, Anatoly",2750.0,2715.0,1-0,white_win,loss,B17,,77,38.5,19,6,2,0,True,True,8,2,True,0,11,4
Karpov.pgn,Karpov,white,"Kasparov, Gary",Optiebeurs,Amsterdam,1988.??.??,1988,3,"Karpov, Anatoly","Kasparov, Gary",2715.0,2750.0,1/2-1/2,draw,draw,D87,,115,57.5,24,9,2,0,True,True,12,3,True,0,12,6
Karpov.pgn,Karpov,black,"Van der Wiel, John TH",Optiebeurs,Amsterdam,1988.??.??,1988,3,"Van der Wiel, John TH","Karpov, Anatoly",2555.0,2715.0,1/2-1/2,draw,draw,B17,,81,40.5,18,3,2,0,True,True,9,2,True,0,9,1
Karpov.pgn,Karpov,black,"Timman, Jan H",Optiebeurs,Amsterdam,1988.??.??,1988,3,"Timman, Jan H","Karpov, Anatoly",2675.0,2715.0,1/2-1/2,draw,draw,B17,,83,41.5,18,5,1,0,False,True,9,2,True,0,9,3
Karpov.pgn,Karpov,white,"Van der Wiel, John TH",Optiebeurs,Amsterdam,1988.??.??,1988,4,"Karpov, Anatoly","Van der Wiel, John TH",2715.0,2555.0,1-0,white_win,win,E62,,122,61.0,21,6,2,0,True,True,10,0,True,0,11,6
Karpov.pgn,Karpov,white,"Timman, Jan H",Optiebeurs,Amsterdam,1988.??.??,1988,4,"Karpov, Anatoly","Timman, Jan H",2715.0,2675.0,1/2-1/2,draw,draw,D20,,86,43.0,22,4,2,0,True,True,11,1,True,0,11,3
Karpov.pgn,Karpov,black,"Kasparov, Gary",Optiebeurs,Amsterdam,1988.??.??,1988,4,"Kasparov, Gary","Karpov, Anatoly",2750.0,2715.0,1-0,white_win,loss,B17,,123,61.5,20,7,2,0,True,True,9,2,True,0,11,5
Karpov.pgn,Karpov,black,"Jussupow, Artur",World Cup,Belfort,1988.??.??,1988,?,"Jussupow, Artur","Karpov, Anatoly",2620.0,2715.0,1/2-1/2,draw,draw,E04,,47,23.5,15,0,2,0,True,True,7,0,True,0,8,0
Karpov.pgn,Karpov,white,"Short, Nigel D",World Cup,Belfort,1988.??.??,1988,?,"Karpov, Anatoly","Short, Nigel D",2715.0,2630.0,1/2-1/2,draw,draw,D58,,93,46.5,15,0,2,0,True,True,8,0,True,0,7,0
Karpov.pgn,Karpov,white,"Ljubojevic, Ljubomir",World Cup,Belfort,1988.??.??,1988,?,"Karpov, Anatoly","Ljubojevic, Ljubomir",2715.0,2610.0,1/2-1/2,draw,draw,E34,,90,45.0,22,8,0,0,False,False,11,3,False,0,11,5
Karpov.pgn,Karpov,white,"Kasparov, Gary",World Cup,Belfort,1988.??.??,1988,?,"Karpov, Anatoly","Kasparov, Gary",2715.0,2750.0,1-0,white_win,win,D87,,75,37.5,13,5,2,0,True,True,7,3,True,0,6,2
Karpov.pgn,Karpov,white,"Hjartarson, Johann",World Cup,Belfort,1988.??.??,1988,?,"Karpov, Anatoly","Hjartarson, Johann",2715.0,2595.0,1-0,white_win,win,E05,,105,52.5,24,7,2,0,True,True,12,5,True,0,12,2
Karpov.pgn,Karpov,white,"Ehlvest, Jaan",World Cup,Belfort,1988.??.??,1988,?,"Karpov, Anatoly","Ehlvest, Jaan",2715.0,2585.0,1-0,white_win,win,D24,,95,47.5,25,3,2,0,True,True,13,1,True,0,12,2
Karpov.pgn,Karpov,white,"Beliavsky, Alexander G",World Cup,Belfort,1988.??.??,1988,?,"Karpov, Anatoly","Beliavsky, Alexander G",2715.0,2645.0,1-0,white_win,win,D36,,119,59.5,12,1,2,0,True,True,7,1,True,0,5,0
Karpov.pgn,Karpov,white,"Andersson, Ulf",World Cup,Belfort,1988.??.??,1988,?,"Karpov, Anatoly","Andersson, Ulf",2715.0,2605.0,1/2-1/2,draw,draw,E11,,154,77.0,28,15,2,0,True,True,14,11,True,0,14,4
Karpov.pgn,Karpov,black,"Huebner, Robert",World Cup,Belfort,1988.??.??,1988,?,"Huebner, Robert","Karpov, Anatoly",2595.0,2715.0,1/2-1/2,draw,draw,B17,,163,81.5,25,17,2,0,True,True,13,8,True,0,12,9
Karpov.pgn,Karpov,black,"Ribli, Zoltan",World Cup,Belfort,1988.??.??,1988,?,"Ribli, Zoltan","Karpov, Anatoly",2620.0,2715.0,1/2-1/2,draw,draw,E19,,38,19.0,10,0,2,0,True,True,5,0,True,0,5,0
Karpov.pgn,Karpov,black,"Sokolov, Andrei",World Cup,Belfort,1988.??.??,1988,?,"Sokolov, Andrei","Karpov, Anatoly",2595.0,2715.0,1-0,white_win,loss,B17,,149,74.5,25,16,2,1,True,True,11,9,True,1,14,7
Karpov.pgn,Karpov,black,"Spassky, Boris V",World Cup,Belfort,1988.??.??,1988,?,"Spassky, Boris V","Karpov, Anatoly",2565.0,2715.0,0-1,black_win,win,B17,,44,22.0,7,2,1,0,True,False,4,1,False,0,3,1
Karpov.pgn,Karpov,black,"Speelman, Jonathan S",World Cup,Belfort,1988.??.??,1988,?,"Speelman, Jonathan S","Karpov, Anatoly",2625.0,2715.0,1/2-1/2,draw,draw,C95,,41,20.5,3,0,2,0,True,True,1,0,True,0,2,0
Karpov.pgn,Karpov,black,"Nogueiras, Jesus",World Cup,Belfort,1988.??.??,1988,?,"Nogueiras, Jesus","Karpov, Anatoly",2560.0,2715.0,0-1,black_win,win,D26,,86,43.0,16,2,2,0,True,True,9,1,True,0,7,1
Karpov.pgn,Karpov,black,"Timman, Jan H",World Cup,Belfort,1988.??.??,1988,?,"Timman, Jan H","Karpov, Anatoly",2675.0,2715.0,0-1,black_win,win,B12,,148,74.0,26,16,1,0,True,False,14,5,False,0,12,11
Karpov.pgn,Karpov,white,"Nogueiras, Jesus",World Cup,Brussels,1988.??.??,1988,?,"Karpov, Anatoly","Nogueiras, Jesus",2715.0,2560.0,1-0,white_win,win,C18,,103,51.5,16,1,1,0,False,True,8,0,False,0,8,1
Karpov.pgn,Karpov,white,"Andersson, Ulf",World Cup,Brussels,1988.??.??,1988,?,"Karpov, Anatoly","Andersson, Ulf",2715.0,2605.0,1/2-1/2,draw,draw,E11,,123,61.5,23,7,0,0,False,False,12,3,False,0,11,4
Karpov.pgn,Karpov,white,"Kortschnoj, Viktor",World Cup,Brussels,1988.??.??,1988,?,"Karpov, Anatoly","Kortschnoj, Viktor",2715.0,2640.0,1-0,white_win,win,A33,,119,59.5,24,9,2,0,True,True,12,2,True,0,12,7
Karpov.pgn,Karpov,white,"Portisch, Lajos",World Cup,Brussels,1988.??.??,1988,?,"Karpov, Anatoly","Portisch, Lajos",2715.0,2610.0,1/2-1/2,draw,draw,D58,,112,56.0,23,5,2,0,True,True,11,3,True,0,12,2
Karpov.pgn,Karpov,white,"Sokolov, Andrei",World Cup,Brussels,1988.??.??,1988,?,"Karpov, Anatoly","Sokolov, Andrei",2715.0,2595.0,1-0,white_win,win,E06,,101,50.5,24,9,2,0,True,True,13,1,True,0,11,8
Karpov.pgn,Karpov,black,"Beliavsky, Alexander G",World Cup,Brussels,1988.??.??,1988,?,"Beliavsky, Alexander G","Karpov, Anatoly",2645.0,2715.0,1-0,white_win,loss,E05,,119,59.5,23,2,2,1,True,True,11,0,True,0,12,2
Karpov.pgn,Karpov,white,"Timman, Jan H",World Cup,Brussels,1988.??.??,1988,?,"Karpov, Anatoly","Timman, Jan H",2715.0,2675.0,1-0,white_win,win,D20,,81,40.5,21,4,2,0,True,True,11,3,True,0,10,1
Karpov.pgn,Karpov,black,"Ljubojevic, Ljubomir",World Cup,Brussels,1988.??.??,1988,?,"Ljubojevic, Ljubomir","Karpov, Anatoly",2610.0,2715.0,0-1,black_win,win,B10,,106,53.0,20,3,2,1,True,True,10,2,True,1,10,1
Karpov.pgn,Karpov,black,"Nikolic, Predrag",World Cup,Brussels,1988.??.??,1988,?,"Nikolic, Predrag","Karpov, Anatoly",2630.0,2715.0,1/2-1/2,draw,draw,E04,,82,41.0,24,4,2,0,True,True,12,3,True,0,12,1
Karpov.pgn,Karpov,black,"Nunn, John DM",World Cup,Brussels,1988.??.??,1988,?,"Nunn, John DM","Karpov, Anatoly",2615.0,2715.0,1/2-1/2,draw,draw,B17,,23,11.5,8,3,0,0,False,False,4,2,False,0,4,1
Karpov.pgn,Karpov,black,"Winants, Luc",World Cup,Brussels,1988.??.??,1988,?,"Winants, Luc","Karpov, Anatoly",2465.0,2715.0,0-1,black_win,win,E15,,85,42.5,15,3,2,0,True,True,8,2,True,0,7,1
Karpov.pgn,Karpov,black,"Tal, Mihail",World Cup,Brussels,1988.??.??,1988,?,"Tal, Mihail","Karpov, Anatoly",2630.0,2715.0,1/2-1/2,draw,draw,C85,,28,14.0,4,0,2,0,True,True,2,0,True,0,2,0
Karpov.pgn,Karpov,black,"Salov, Valery",World Cup,Brussels,1988.??.??,1988,?,"Salov, Valery","Karpov, Anatoly",2595.0,2715.0,1/2-1/2,draw,draw,E15,,59,29.5,10,3,2,0,True,True,5,0,True,0,5,3
Karpov.pgn,Karpov,white,"Speelman, Jonathan S",World Cup,Brussels,1988.??.??,1988,?,"Karpov, Anatoly","Speelman, Jonathan S",2715.0,2625.0,1-0,white_win,win,D20,,81,40.5,12,1,2,0,True,True,6,1,True,0,6,0
Karpov.pgn,Karpov,black,"Seirawan, Yasser",World Cup,Brussels,1988.??.??,1988,?,"Seirawan, Yasser","Karpov, Anatoly",2595.0,2715.0,1/2-1/2,draw,draw,D58,,76,38.0,14,1,2,0,True,True,7,1,True,0,7,0
Karpov.pgn,Karpov,black,"Sax, Gyula",World Cup,Brussels,1988.??.??,1988,?,"Sax, Gyula","Karpov, Anatoly",2610.0,2715.0,1/2-1/2,draw,draw,B18,,21,10.5,2,0,1,0,True,False,1,0,False,0,1,0
Karpov.pgn,Karpov,white,"Gavrikov, Viktor",Mazatlan rapid,Mazatlan,1988.??.??,1988,?,"Karpov, Anatoly","Gavrikov, Viktor",2715.0,2545.0,1-0,white_win,win,D15,,83,41.5,17,1,2,0,True,True,10,1,True,0,7,0
Karpov.pgn,Karpov,white,"Ehlvest, Jaan",Mazatlan rapid,Mazatlan,1988.??.??,1988,?,"Karpov, Anatoly","Ehlvest, Jaan",2715.0,2585.0,1-0,white_win,win,E94,,53,26.5,14,2,2,0,True,True,7,0,True,0,7,2
Karpov.pgn,Karpov,white,"Ehlvest, Jaan",Mazatlan rapid,Mazatlan,1988.??.??,1988,?,"Karpov, Anatoly","Ehlvest, Jaan",2715.0,2585.0,1/2-1/2,draw,draw,E94,,63,31.5,15,0,2,0,True,True,8,0,True,0,7,0
Karpov.pgn,Karpov,black,"Gavrikov, Viktor",Mazatlan rapid,Mazatlan,1988.??.??,1988,?,"Gavrikov, Viktor","Karpov, Anatoly",2545.0,2715.0,1-0,white_win,loss,B17,,74,37.0,14,0,2,0,True,True,7,0,True,0,7,0
Karpov.pgn,Karpov,black,"Gavrikov, Viktor",Mazatlan rapid,Mazatlan,1988.??.??,1988,?,"Gavrikov, Viktor","Karpov, Anatoly",2545.0,2715.0,1/2-1/2,draw,draw,D58,,48,24.0,16,2,2,0,True,True,8,0,True,0,8,2
Karpov.pgn,Karpov,black,"Gavrikov, Viktor",Mazatlan rapid,Mazatlan,1988.??.??,1988,?,"Gavrikov, Viktor","Karpov, Anatoly",2545.0,2715.0,1/2-1/2,draw,draw,C54,,55,27.5,10,0,2,0,True,True,5,0,True,0,5,0
Karpov.pgn,Karpov,black,"Ehlvest, Jaan",Mazatlan rapid,Mazatlan,1988.??.??,1988,?,"Ehlvest, Jaan","Karpov, Anatoly",2585.0,2715.0,0-1,black_win,win,D54,,44,22.0,10,0,2,0,True,True,5,0,True,0,5,0
Karpov.pgn,Karpov,black,"Dzindzichashvili, Roman",Mazatlan rapid,Mazatlan,1988.??.??,1988,?,"Dzindzichashvili, Roman","Karpov, Anatoly",2530.0,2715.0,0-1,black_win,win,B13,,70,35.0,15,1,2,0,True,True,8,0,True,0,7,1
Karpov.pgn,Karpov,black,"Dzindzichashvili, Roman",Mazatlan rapid,Mazatlan,1988.??.??,1988,?,"Dzindzichashvili, Roman","Karpov, Anatoly",2530.0,2715.0,1/2-1/2,draw,draw,C54,,67,33.5,19,1,2,0,True,True,10,1,True,0,9,0
Karpov.pgn,Karpov,white,"Gavrikov, Viktor",Mazatlan rapid,Mazatlan,1988.??.??,1988,?,"Karpov, Anatoly","Gavrikov, Viktor",2715.0,2545.0,1/2-1/2,draw,draw,E11,,70,35.0,10,1,2,0,True,True,5,0,True,0,5,1
Karpov.pgn,Karpov,white,"Gavrikov, Viktor",Mazatlan rapid,Mazatlan,1988.??.??,1988,?,"Karpov, Anatoly","Gavrikov, Viktor",2715.0,2545.0,1/2-1/2,draw,draw,A30,,52,26.0,8,1,2,0,True,True,4,1,True,0,4,0
Karpov.pgn,Karpov,white,"Gavrikov, Viktor",Mazatlan rapid,Mazatlan,1988.??.??,1988,?,"Karpov, Anatoly","Gavrikov, Viktor",2715.0,2545.0,1-0,white_win,win,D86,,93,46.5,19,4,2,0,True,True,10,3,True,0,9,1
Karpov.pgn,Karpov,white,"Gavrikov, Viktor",Mazatlan rapid,Mazatlan,1988.??.??,1988,?,"Karpov, Anatoly","Gavrikov, Viktor",2715.0,2545.0,0-1,black_win,loss,A61,,71,35.5,15,3,0,0,False,False,8,1,False,0,7,2
Karpov.pgn,Karpov,black,"Gavrikov, Viktor",Mazatlan rapid,Mazatlan,1988.??.??,1988,?,"Gavrikov, Viktor","Karpov, Anatoly",2545.0,2715.0,1/2-1/2,draw,draw,D27,,66,33.0,19,2,2,0,True,True,9,0,True,0,10,2
Karpov.pgn,Karpov,white,"Dzindzichashvili, Roman",Mazatlan rapid,Mazatlan,1988.??.??,1988,?,"Karpov, Anatoly","Dzindzichashvili, Roman",2715.0,2530.0,1/2-1/2,draw,draw,E18,,34,17.0,8,0,2,0,True,True,4,0,True,0,4,0
Karpov.pgn,Karpov,white,"Dzindzichashvili, Roman",Mazatlan rapid,Mazatlan,1988.??.??,1988,?,"Karpov, Anatoly","Dzindzichashvili, Roman",2715.0,2530.0,1/2-1/2,draw,draw,E62,,77,38.5,20,0,2,0,True,True,10,0,True,0,10,0
Karpov.pgn,Karpov,black,"Gavrikov, Viktor",Mazatlan rapid,Mazatlan,1988.??.??,1988,?,"Gavrikov, Viktor","Karpov, Anatoly",2545.0,2715.0,1/2-1/2,draw,draw,C85,,70,35.0,10,1,2,0,True,True,5,0,True,0,5,1
Karpov.pgn,Karpov,white,"Vaganian, Rafael A",URS-ch55,Moscow,1988.??.??,1988,?,"Karpov, Anatoly","Vaganian, Rafael A",2725.0,2595.0,1/2-1/2,draw,draw,D35,,75,37.5,20,2,2,0,True,True,10,2,True,0,10,0
Karpov.pgn,Karpov,white,"Smirin, Ilia",URS-ch55,Moscow,1988.??.??,1988,?,"Karpov, Anatoly","Smirin, Ilia",2725.0,2500.0,1-0,white_win,win,A30,,91,45.5,20,8,2,0,True,True,11,1,True,0,9,7
Karpov.pgn,Karpov,white,"Salov, Valery",URS-ch55,Moscow,1988.??.??,1988,?,"Karpov, Anatoly","Salov, Valery",2725.0,2625.0,1/2-1/2,draw,draw,E18,,101,50.5,18,0,2,0,True,True,9,0,True,0,9,0
Karpov.pgn,Karpov,white,"Malaniuk, Vladimir P",URS-ch55,Moscow,1988.??.??,1988,?,"Karpov, Anatoly","Malaniuk, Vladimir P",2725.0,2520.0,1-0,white_win,win,A88,,69,34.5,14,1,2,0,True,True,8,1,True,0,6,0
Karpov.pgn,Karpov,white,"Kharitonov, Andrei Y",URS-ch55,Moscow,1988.??.??,1988,?,"Karpov, Anatoly","Kharitonov, Andrei Y",2725.0,2550.0,1-0,white_win,win,D36,,83,41.5,15,0,2,0,True,True,8,0,True,0,7,0
Karpov.pgn,Karpov,white,"Kasparov, Gary",URS-ch55,Moscow,1988.??.??,1988,?,"Karpov, Anatoly","Kasparov, Gary",2725.0,2760.0,1/2-1/2,draw,draw,E32,,59,29.5,8,1,2,0,True,True,4,0,True,0,4,1
Karpov.pgn,Karpov,white,"Jussupow, Artur",URS-ch55,Moscow,1988.??.??,1988,?,"Karpov, Anatoly","Jussupow, Artur",2725.0,2620.0,1-0,white_win,win,D36,,86,43.0,16,14,0,0,False,False,8,13,False,0,8,1
Karpov.pgn,Karpov,black,"Khalifman, Alexander",URS-ch55,Moscow,1988.??.??,1988,?,"Khalifman, Alexander","Karpov, Anatoly",2530.0,2725.0,1/2-1/2,draw,draw,E05,,51,25.5,12,0,2,0,True,True,6,0,True,0,6,0
Karpov.pgn,Karpov,white,"Gurevich, Mikhail",URS-ch55,Moscow,1988.??.??,1988,?,"Karpov, Anatoly","Gurevich, Mikhail",2725.0,2630.0,1-0,white_win,win,E15,,119,59.5,17,4,2,0,True,True,9,0,True,0,8,4
Karpov.pgn,Karpov,white,"Gavrikov, Viktor",URS-ch55,Moscow,1988.??.??,1988,?,"Karpov, Anatoly","Gavrikov, Viktor",2725.0,2545.0,1-0,white_win,win,E15,,79,39.5,18,5,2,0,True,True,9,4,True,0,9,1
Karpov.pgn,Karpov,black,"Ivanchuk, Vassily",URS-ch55,Moscow,1988.??.??,1988,?,"Ivanchuk, Vassily","Karpov, Anatoly",2625.0,2725.0,1/2-1/2,draw,draw,D42,,26,13.0,4,0,2,0,True,True,2,0,True,0,2,0
Karpov.pgn,Karpov,black,"Smyslov, Vassily",URS-ch55,Moscow,1988.??.??,1988,?,"Smyslov, Vassily","Karpov, Anatoly",2550.0,2725.0,1/2-1/2,draw,draw,C92,,28,14.0,0,0,2,0,True,True,0,0,True,0,0,0
Karpov.pgn,Karpov,black,"Sokolov, Andrei",URS-ch55,Moscow,1988.??.??,1988,?,"Sokolov, Andrei","Karpov, Anatoly",2600.0,2725.0,1/2-1/2,draw,draw,B17,,31,15.5,8,1,2,0,True,True,4,0,True,0,4,1
Karpov.pgn,Karpov,black,"Eingorn, Vereslav S",URS-ch55,Moscow,1988.??.??,1988,?,"Eingorn, Vereslav S","Karpov, Anatoly",2560.0,2725.0,1/2-1/2,draw,draw,D36,,67,33.5,14,2,1,0,True,False,7,0,False,0,7,2
Karpov.pgn,Karpov,black,"Ehlvest, Jaan",URS-ch55,Moscow,1988.??.??,1988,?,"Ehlvest, Jaan","Karpov, Anatoly",2580.0,2725.0,1/2-1/2,draw,draw,C92,,75,37.5,14,0,2,0,True,True,7,0,True,0,7,0
Karpov.pgn,Karpov,black,"Beliavsky, Alexander G",URS-ch55,Moscow,1988.??.??,1988,?,"Beliavsky, Alexander G","Karpov, Anatoly",2665.0,2725.0,1/2-1/2,draw,draw,E04,,133,66.5,22,6,2,0,True,True,11,2,True,0,11,4
Karpov.pgn,Karpov,black,"Yudasin, Leonid",URS-ch55,Moscow,1988.??.??,1988,?,"Yudasin, Leonid","Karpov, Anatoly",2505.0,2725.0,1/2-1/2,draw,draw,C54,,135,67.5,21,9,2,0,True,True,11,5,True,0,10,4
Karpov.pgn,Karpov,black,"Shirazi, Kamran G",Wch-blitz,Saint John,1988.??.??,1988,1,"Shirazi, Kamran G","Karpov, Anatoly",2455.0,2715.0,0-1,black_win,win,D03,,82,41.0,17,1,2,0,True,True,10,0,True,0,7,1
Karpov.pgn,Karpov,black,"Shirazi, Kamran G",Wch-blitz,Saint John,1988.??.??,1988,1,"Shirazi, Kamran G","Karpov, Anatoly",2455.0,2715.0,0-1,black_win,win,A47,,68,34.0,17,1,2,0,True,True,9,0,True,0,8,1
Karpov.pgn,Karpov,white,"Shirazi, Kamran G",Wch-blitz,Saint John,1988.??.??,1988,1,"Karpov, Anatoly","Shirazi, Kamran G",2715.0,2455.0,1-0,white_win,win,A53,,77,38.5,21,5,2,0,True,True,11,4,True,0,10,1
Karpov.pgn,Karpov,black,"Chernin, Alexander",Wch-blitz,Saint John,1988.??.??,1988,2,"Chernin, Alexander","Karpov, Anatoly",2560.0,2715.0,1-0,white_win,loss,E12,,85,42.5,14,2,2,0,True,True,7,1,True,0,7,1
Karpov.pgn,Karpov,white,"Chernin, Alexander",Wch-blitz,Saint John,1988.??.??,1988,2,"Karpov, Anatoly","Chernin, Alexander",2715.0,2560.0,1-0,white_win,win,C07,,73,36.5,19,1,2,0,True,True,10,0,True,0,9,1
Karpov.pgn,Karpov,white,"Chernin, Alexander",Wch-blitz,Saint John,1988.??.??,1988,2,"Karpov, Anatoly","Chernin, Alexander",2715.0,2560.0,1/2-1/2,draw,draw,A12,,59,29.5,10,0,2,0,True,True,5,0,True,0,5,0
Karpov.pgn,Karpov,black,"Chernin, Alexander",Wch-blitz,Saint John,1988.??.??,1988,2,"Chernin, Alexander","Karpov, Anatoly",2560.0,2715.0,1-0,white_win,loss,E06,,113,56.5,18,7,2,0,True,True,9,4,True,0,9,3
Karpov.pgn,Karpov,white,"Mascarinas, Rico",Thessaloniki ol (Men),Thessaloniki,1988.??.??,1988,2,"Karpov, Anatoly","Mascarinas, Rico",2725.0,2455.0,1/2-1/2,draw,draw,A32,,67,33.5,14,2,2,0,True,True,7,0,True,0,7,2
Karpov.pgn,Karpov,black,"Panno, Oscar",Thessaloniki ol (Men),Thessaloniki,1988.??.??,1988,3,"Panno, Oscar","Karpov, Anatoly",2485.0,2725.0,0-1,black_win,win,A30,,124,62.0,10,2,2,0,True,True,5,1,True,0,5,1
Karpov.pgn,Karpov,black,"Speelman, Jonathan S",Thessaloniki ol (Men),Thessaloniki,1988.??.??,1988,6,"Speelman, Jonathan S","Karpov, Anatoly",2645.0,2725.0,0-1,black_win,win,A14,,70,35.0,17,2,2,0,True,True,9,2,True,0,8,0
Karpov.pgn,Karpov,white,"Andersson, Ulf",Thessaloniki ol (Men),Thessaloniki,1988.??.??,1988,7,"Karpov, Anatoly","Andersson, Ulf",2725.0,2625.0,1-0,white_win,win,E11,,107,53.5,22,6,2,0,True,True,11,4,True,0,11,2
Karpov.pgn,Karpov,white,"Nikolic, Predrag",Thessaloniki ol (Men),Thessaloniki,1988.??.??,1988,8,"Karpov, Anatoly","Nikolic, Predrag",2725.0,2585.0,1/2-1/2,draw,draw,E15,,96,48.0,22,4,2,0,True,True,11,0,True,0,11,4
Karpov.pgn,Karpov,black,"Gulko, Boris F",Thessaloniki ol (Men),Thessaloniki,1988.??.??,1988,9,"Gulko, Boris F","Karpov, Anatoly",2590.0,2725.0,0-1,black_win,win,E06,,114,57.0,19,3,2,0,True,True,10,3,True,0,9,0
Karpov.pgn,Karpov,white,"Ribli, Zoltan",Thessaloniki ol (Men),Thessaloniki,1988.??.??,1988,10,"Karpov, Anatoly","Ribli, Zoltan",2725.0,2630.0,1/2-1/2,draw,draw,D44,,77,38.5,20,3,1,0,True,False,10,1,True,0,10,2
Karpov.pgn,Karpov,white,"Van der Wiel, John TH",Thessaloniki ol (Men),Thessaloniki,1988.??.??,1988,11,"Karpov, Anatoly","Van der Wiel, John TH",2725.0,2540.0,1/2-1/2,draw,draw,E55,,56,28.0,12,1,2,0,True,True,6,1,True,0,6,0
Karpov.pgn,Karpov,white,"Hansen, Lars Bo",Thessaloniki ol (Men),Thessaloniki,1988.??.??,1988,12,"Karpov, Anatoly","Hansen, Lars Bo",2725.0,2455.0,1-0,white_win,win,A30,,51,25.5,11,2,2,0,True,True,6,2,True,0,5,0
Karpov.pgn,Karpov,white,"Ftacnik, Lubomir",Thessaloniki ol (Men),Thessaloniki,1988.??.??,1988,14,"Karpov, Anatoly","Ftacnik, Lubomir",2725.0,2590.0,1-0,white_win,win,A30,,185,92.5,28,6,2,0,True,True,14,2,True,0,14,4
Karpov.pgn,Karpov,white,"Portisch, Lajos",Tilburg,Tilburg,1988.??.??,1988,?,"Karpov, Anatoly","Portisch, Lajos",2725.0,2630.0,1-0,white_win,win,E18,,111,55.5,17,2,2,0,True,True,9,0,True,0,8,2
Karpov.pgn,Karpov,black,"Hjartarson, Johann",Tilburg,Tilburg,1988.??.??,1988,?,"Hjartarson, Johann","Karpov, Anatoly",2610.0,2725.0,1/2-1/2,draw,draw,D55,,63,31.5,19,3,2,0,True,True,10,1,True,0,9,2
Karpov.pgn,Karpov,black,"Van der Wiel, John TH",Tilburg,Tilburg,1988.??.??,1988,?,"Van der Wiel, John TH","Karpov, Anatoly",2540.0,2725.0,0-1,black_win,win,C92,,106,53.0,21,7,2,0,True,True,11,3,True,0,10,4
Karpov.pgn,Karpov,white,"Hjartarson, Johann",Tilburg,Tilburg,1988.??.??,1988,?,"Karpov, Anatoly","Hjartarson, Johann",2725.0,2610.0,1-0,white_win,win,D17,,85,42.5,21,9,1,0,False,True,10,2,False,0,11,7
Karpov.pgn,Karpov,white,"Huebner, Robert",Tilburg,Tilburg,1988.??.??,1988,?,"Karpov, Anatoly","Huebner, Robert",2725.0,2600.0,1/2-1/2,draw,draw,D17,,74,37.0,18,5,1,0,False,True,8,0,False,0,10,5
Karpov.pgn,Karpov,white,"Nikolic, Predrag",Tilburg,Tilburg,1988.??.??,1988,?,"Karpov, Anatoly","Nikolic, Predrag",2725.0,2585.0,1-0,white_win,win,E15,,71,35.5,18,2,2,0,True,True,9,0,True,0,9,2
Karpov.pgn,Karpov,black,"Timman, Jan H",Tilburg,Tilburg,1988.??.??,1988,?,"Timman, Jan H","Karpov, Anatoly",2660.0,2725.0,0-1,black_win,win,E12,,90,45.0,12,4,2,0,True,True,6,2,True,0,6,2
Karpov.pgn,Karpov,white,"Short, Nigel D",Tilburg,Tilburg,1988.??.??,1988,?,"Karpov, Anatoly","Short, Nigel D",2725.0,2665.0,1/2-1/2,draw,draw,E05,,124,62.0,23,3,2,0,True,True,11,0,True,0,12,3
Karpov.pgn,Karpov,white,"Timman, Jan H",Tilburg,Tilburg,1988.??.??,1988,?,"Karpov, Anatoly","Timman, Jan H",2725.0,2660.0,1-0,white_win,win,D17,,81,40.5,24,10,1,0,False,True,12,3,False,0,12,7
Karpov.pgn,Karpov,white,"Van der Wiel, John TH",Tilburg,Tilburg,1988.??.??,1988,?,"Karpov, Anatoly","Van der Wiel, John TH",2725.0,2540.0,1-0,white_win,win,D46,,87,43.5,15,0,2,0,True,True,8,0,True,0,7,0
Karpov.pgn,Karpov,black,"Nikolic, Predrag",Tilburg,Tilburg,1988.??.??,1988,?,"Nikolic, Predrag","Karpov, Anatoly",2585.0,2725.0,1/2-1/2,draw,draw,E15,,82,41.0,17,1,1,0,False,True,9,1,True,0,8,0
Karpov.pgn,Karpov,black,"Portisch, Lajos",Tilburg,Tilburg,1988.??.??,1988,?,"Portisch, Lajos","Karpov, Anatoly",2630.0,2725.0,1/2-1/2,draw,draw,E15,,23,11.5,0,1,2,0,True,True,0,1,True,0,0,0
Karpov.pgn,Karpov,black,"Short, Nigel D",Tilburg,Tilburg,1988.??.??,1988,?,"Short, Nigel D","Karpov, Anatoly",2665.0,2725.0,1/2-1/2,draw,draw,C42,,29,14.5,4,1,1,0,True,False,2,1,False,0,2,0
Karpov.pgn,Karpov,black,"Piket, Jeroen",Hoogovens,Wijk aan Zee,1988.??.??,1988,?,"Piket, Jeroen","Karpov, Anatoly",2470.0,2715.0,1/2-1/2,draw,draw,D55,,87,43.5,18,3,2,0,True,True,9,0,True,0,9,3
Karpov.pgn,Karpov,black,"Sosonko, Gennadi",Hoogovens,Wijk aan Zee,1988.??.??,1988,?,"Sosonko, Gennadi","Karpov, Anatoly",2535.0,2715.0,1/2-1/2,draw,draw,E04,,31,15.5,8,0,2,0,True,True,4,0,True,0,4,0
Karpov.pgn,Karpov,black,"Tal, Mihail",Hoogovens,Wijk aan Zee,1988.??.??,1988,?,"Tal, Mihail","Karpov, Anatoly",2630.0,2715.0,1/2-1/2,draw,draw,A30,,28,14.0,10,0,2,0,True,True,5,0,True,0,5,0
Karpov.pgn,Karpov,white,"Van der Wiel, John TH",Hoogovens,Wijk aan Zee,1988.??.??,1988,?,"Karpov, Anatoly","Van der Wiel, John TH",2715.0,2555.0,1-0,white_win,win,A13,,69,34.5,11,1,2,0,True,True,6,0,True,0,5,1
Karpov.pgn,Karpov,black,"Agdestein, Simen",Hoogovens,Wijk aan Zee,1988.??.??,1988,?,"Agdestein, Simen","Karpov, Anatoly",2560.0,2715.0,1/2-1/2,draw,draw,D94,,126,63.0,24,1,2,0,True,True,12,1,True,0,12,0
Karpov.pgn,Karpov,white,"Van der Sterren, Paul",Hoogovens,Wijk aan Zee,1988.??.??,1988,?,"Karpov, Anatoly","Van der Sterren, Paul",2715.0,2470.0,1-0,white_win,win,C99,,75,37.5,13,1,2,0,True,True,7,0,True,0,6,1
Karpov.pgn,Karpov,white,"Nikolic, Predrag",Hoogovens,Wijk aan Zee,1988.??.??,1988,?,"Karpov, Anatoly","Nikolic, Predrag",2715.0,2630.0,0-1,black_win,loss,A25,,84,42.0,19,3,2,0,True,True,9,1,True,0,10,2
Karpov.pgn,Karpov,white,"Ljubojevic, Ljubomir",Hoogovens,Wijk aan Zee,1988.??.??,1988,?,"Karpov, Anatoly","Ljubojevic, Ljubomir",2715.0,2610.0,1-0,white_win,win,D30,,125,62.5,21,7,2,0,True,True,11,6,True,0,10,1
Karpov.pgn,Karpov,white,"Hansen, Curt",Hoogovens,Wijk aan Zee,1988.??.??,1988,?,"Karpov, Anatoly","Hansen, Curt",2715.0,2560.0,1-0,white_win,win,E32,,115,57.5,11,1,2,0,True,True,6,0,True,0,5,1
Karpov.pgn,Karpov,white,"Georgiev, Kiril",Hoogovens,Wijk aan Zee,1988.??.??,1988,?,"Karpov, Anatoly","Georgiev, Kiril",2715.0,2595.0,1-0,white_win,win,D78,,81,40.5,15,1,2,0,True,True,7,1,True,0,8,0
Karpov.pgn,Karpov,white,"Farago, Ivan",Hoogovens,Wijk aan Zee,1988.??.??,1988,?,"Karpov, Anatoly","Farago, Ivan",2715.0,2475.0,1-0,white_win,win,C18,,79,39.5,14,1,0,0,False,False,8,0,False,0,6,1
Karpov.pgn,Karpov,black,"Huebner, Robert",Hoogovens,Wijk aan Zee,1988.??.??,1988,?,"Huebner, Robert","Karpov, Anatoly",2595.0,2715.0,1/2-1/2,draw,draw,B17,,25,12.5,8,3,0,0,False,False,4,2,False,0,4,1
Karpov.pgn,Karpov,black,"Andersson, Ulf",Hoogovens,Wijk aan Zee,1988.??.??,1988,?,"Andersson, Ulf","Karpov, Anatoly",2605.0,2715.0,1/2-1/2,draw,draw,E02,,72,36.0,24,4,2,0,True,True,12,2,True,0,12,2
Karpov.pgn,Karpov,white,"Wilhelm, Karl",Zuerich sim,Zuerich,1988.??.??,1988,?,"Karpov, Anatoly","Wilhelm, Karl",2715.0,,1-0,white_win,win,E68,,63,31.5,11,2,2,0,True,True,5,2,True,0,6,0
Karpov.pgn,Karpov,white,"Weder, Hanspeter",Zuerich sim,Zuerich,1988.??.??,1988,?,"Karpov, Anatoly","Weder, Hanspeter",2715.0,,1-0,white_win,win,B08,,75,37.5,17,3,2,0,True,True,9,2,True,0,8,1
Karpov.pgn,Karpov,white,"Vucenovic, Dragomir",Zuerich sim,Zuerich,1988.??.??,1988,?,"Karpov, Anatoly","Vucenovic, Dragomir",2715.0,,1-0,white_win,win,E73,,69,34.5,9,2,2,0,True,True,6,2,True,0,3,0
Karpov.pgn,Karpov,white,"Von Allmen, Alain",Zuerich sim,Zuerich,1988.??.??,1988,?,"Karpov, Anatoly","Von Allmen, Alain",2715.0,,1-0,white_win,win,B03,,43,21.5,10,3,0,0,False,False,6,2,False,0,4,1
Karpov.pgn,Karpov,white,"Tarnutzer, Werner",Zuerich sim,Zuerich,1988.??.??,1988,?,"Karpov, Anatoly","Tarnutzer, Werner",2715.0,,1-0,white_win,win,B12,,64,32.0,14,2,2,0,True,True,8,1,True,0,6,1
Karpov.pgn,Karpov,white,"Schmidhauser, H.",Zuerich sim,Zuerich,1988.??.??,1988,?,"Karpov, Anatoly","Schmidhauser, H.",2715.0,,1-0,white_win,win,A18,,51,25.5,9,3,1,0,True,False,6,3,True,0,3,0
Karpov.pgn,Karpov,white,"Schippers, W.",Zuerich sim,Zuerich,1988.??.??,1988,?,"Karpov, Anatoly","Schippers, W.",2715.0,,1-0,white_win,win,D20,,41,20.5,9,3,2,0,True,True,5,2,True,0,4,1
Karpov.pgn,Karpov,white,"Rottmann, D.",Zuerich sim,Zuerich,1988.??.??,1988,?,"Karpov, Anatoly","Rottmann, D.",2715.0,,1-0,white_win,win,A18,,63,31.5,9,3,2,0,True,True,6,3,True,0,3,0
Karpov.pgn,Karpov,white,"Marty, D.",Zuerich sim,Zuerich,1988.??.??,1988,?,"Karpov, Anatoly","Marty, D.",2715.0,,1-0,white_win,win,D61,,41,20.5,8,1,2,0,True,True,5,1,True,0,3,0
Karpov.pgn,Karpov,white,"Maeser, Fabian",Zuerich sim,Zuerich,1988.??.??,1988,?,"Karpov, Anatoly","Maeser, Fabian",2715.0,,1-0,white_win,win,A25,,115,57.5,21,3,2,0,True,True,11,1,True,0,10,2
Karpov.pgn,Karpov,white,"Ludin, A.",Zuerich sim,Zuerich,1988.??.??,1988,?,"Karpov, Anatoly","Ludin, A.",2715.0,,1-0,white_win,win,B12,,57,28.5,11,1,1,0,True,False,6,1,True,0,5,0
Karpov.pgn,Karpov,white,"Lienhard, D.",Zuerich sim,Zuerich,1988.??.??,1988,?,"Karpov, Anatoly","Lienhard, D.",2715.0,,1/2-1/2,draw,draw,B44,,95,47.5,20,9,2,0,True,True,10,9,True,0,10,0
Karpov.pgn,Karpov,white,"Liardet, Fabrice",Zuerich sim,Zuerich,1988.??.??,1988,?,"Karpov, Anatoly","Liardet, Fabrice",2715.0,,1-0,white_win,win,B04,,67,33.5,18,2,2,0,True,True,10,0,True,0,8,2
Karpov.pgn,Karpov,white,"Leuppi, B.",Zuerich sim,Zuerich,1988.??.??,1988,?,"Karpov, Anatoly","Leuppi, B.",2715.0,,1-0,white_win,win,C84,,67,33.5,11,2,2,0,True,True,7,2,True,0,4,0
Karpov.pgn,Karpov,white,"Gloor, P.",Zuerich sim,Zuerich,1988.??.??,1988,?,"Karpov, Anatoly","Gloor, P.",2715.0,,1-0,white_win,win,A50,,53,26.5,16,3,2,0,True,True,10,3,True,0,6,0
Karpov.pgn,Karpov,white,"Glauser, P.",Zuerich sim,Zuerich,1988.??.??,1988,?,"Karpov, Anatoly","Glauser, P.",2715.0,,1-0,white_win,win,D06,,27,13.5,3,2,2,0,True,True,2,2,True,0,1,0
Karpov.pgn,Karpov,white,"Gallati, Marcel",Zuerich sim,Zuerich,1988.??.??,1988,?,"Karpov, Anatoly","Gallati, Marcel",2715.0,,1-0,white_win,win,E81,,55,27.5,16,3,1,0,False,True,8,2,False,0,8,1
Karpov.pgn,Karpov,white,Comp Leonardo Maestro,Zuerich sim,Zuerich,1988.??.??,1988,?,"Karpov, Anatoly",Comp Leonardo Maestro,2715.0,,1-0,white_win,win,D34,,115,57.5,23,12,2,0,True,True,12,11,True,0,11,1
Karpov.pgn,Karpov,white,"Blank, Alexander",Zuerich sim,Zuerich,1988.??.??,1988,?,"Karpov, Anatoly","Blank, Alexander",2715.0,,1-0,white_win,win,E73,,41,20.5,9,0,1,0,False,True,4,0,False,0,5,0
Karpov.pgn,Karpov,white,"Baertschi, W.",Zuerich sim,Zuerich,1988.??.??,1988,?,"Karpov, Anatoly","Baertschi, W.",2715.0,,1-0,white_win,win,C16,,55,27.5,12,3,2,0,True,True,6,2,True,0,6,1
Karpov.pgn,Karpov,black,"Sokolov, Andrei",Linares,Linares,1989.??.??,1989,?,"Sokolov, Andrei","Karpov, Anatoly",2605.0,2750.0,1/2-1/2,draw,draw,C92,,57,28.5,15,0,2,0,True,True,7,0,True,0,8,0
Karpov.pgn,Karpov,black,"Short, Nigel D",Linares,Linares,1989.??.??,1989,?,"Short, Nigel D","Karpov, Anatoly",2650.0,2750.0,1-0,white_win,loss,C90,,87,43.5,15,3,2,0,True,True,7,1,True,0,8,2
Karpov.pgn,Karpov,white,"Timman, Jan H",Linares,Linares,1989.??.??,1989,?,"Karpov, Anatoly","Timman, Jan H",2750.0,2610.0,1/2-1/2,draw,draw,D27,,86,43.0,22,4,2,0,True,True,11,2,True,0,11,2
Karpov.pgn,Karpov,white,"Portisch, Lajos",Linares,Linares,1989.??.??,1989,?,"Karpov, Anatoly","Portisch, Lajos",2750.0,2610.0,1-0,white_win,win,D31,,113,56.5,24,9,1,0,False,True,13,5,False,0,11,4
Karpov.pgn,Karpov,white,"Ljubojevic, Ljubomir",Linares,Linares,1989.??.??,1989,?,"Karpov, Anatoly","Ljubojevic, Ljubomir",2750.0,2580.0,1-0,white_win,win,D36,,89,44.5,21,7,2,0,True,True,11,5,True,0,10,2
Karpov.pgn,Karpov,white,"Jussupow, Artur",Linares,Linares,1989.??.??,1989,?,"Karpov, Anatoly","Jussupow, Artur",2750.0,2610.0,1-0,white_win,win,A88,,83,41.5,19,3,2,0,True,True,11,3,True,0,8,0
Karpov.pgn,Karpov,white,"Gulko, Boris F",Linares,Linares,1989.??.??,1989,?,"Karpov, Anatoly","Gulko, Boris F",2750.0,2610.0,1/2-1/2,draw,draw,A33,,48,24.0,8,0,1,0,False,True,4,0,False,0,4,0
Karpov.pgn,Karpov,black,"Beliavsky, Alexander G",Linares,Linares,1989.??.??,1989,?,"Beliavsky, Alexander G","Karpov, Anatoly",2640.0,2750.0,0-1,black_win,win,E55,,82,41.0,20,2,2,0,True,True,11,2,True,0,9,0
Karpov.pgn,Karpov,black,"Ivanchuk, Vassily",Linares,Linares,1989.??.??,1989,?,"Ivanchuk, Vassily","Karpov, Anatoly",2635.0,2750.0,1/2-1/2,draw,draw,C92,,58,29.0,14,2,2,0,True,True,7,1,True,0,7,1
Karpov.pgn,Karpov,black,"Hjartarson, Johann",Linares,Linares,1989.??.??,1989,?,"Hjartarson, Johann","Karpov, Anatoly",2615.0,2750.0,0-1,black_win,win,C93,,74,37.0,13,0,2,0,True,True,7,0,True,0,6,0
Karpov.pgn,Karpov,black,"Jussupow, Artur",Candidats sf1,London,1989.??.??,1989,1,"Jussupow, Artur","Karpov, Anatoly",2610.0,2755.0,1/2-1/2,draw,draw,E15,,87,43.5,18,10,2,0,True,True,9,7,True,0,9,3
Karpov.pgn,Karpov,white,"Jussupow, Artur",Candidats sf1,London,1989.??.??,1989,2,"Karpov, Anatoly","Jussupow, Artur",2755.0,2610.0,1/2-1/2,draw,draw,E32,,65,32.5,18,2,2,0,True,True,9,1,True,0,9,1
Karpov.pgn,Karpov,white,"Jussupow, Artur",Candidats sf1,London,1989.??.??,1989,3,"Karpov, Anatoly","Jussupow, Artur",2755.0,2610.0,1/2-1/2,draw,draw,D56,,85,42.5,19,8,2,0,True,True,9,3,True,0,10,5
Karpov.pgn,Karpov,black,"Jussupow, Artur",Candidats sf1,London,1989.??.??,1989,4,"Jussupow, Artur","Karpov, Anatoly",2610.0,2755.0,1-0,white_win,loss,A46,,73,36.5,13,2,2,0,True,True,6,0,True,0,7,2
Karpov.pgn,Karpov,white,"Jussupow, Artur",Candidats sf1,London,1989.??.??,1989,5,"Karpov, Anatoly","Jussupow, Artur",2755.0,2610.0,1/2-1/2,draw,draw,D57,,91,45.5,25,3,2,0,True,True,12,2,True,0,13,1
Karpov.pgn,Karpov,black,"Jussupow, Artur",Candidats sf1,London,1989.??.??,1989,6,"Jussupow, Artur","Karpov, Anatoly",2610.0,2755.0,0-1,black_win,win,E29,,121,60.5,21,9,2,0,True,True,10,2,True,0,11,7
Karpov.pgn,Karpov,white,"Jussupow, Artur",Candidats sf1,London,1989.??.??,1989,7,"Karpov, Anatoly","Jussupow, Artur",2755.0,2610.0,1-0,white_win,win,D56,,105,52.5,24,12,2,0,True,True,13,12,True,0,11,0
Karpov.pgn,Karpov,black,"Jussupow, Artur",Candidats sf1,London,1989.??.??,1989,8,"Jussupow, Artur","Karpov, Anatoly",2610.0,2755.0,1/2-1/2,draw,draw,A46,,121,60.5,21,4,2,0,True,True,10,2,True,0,11,2
Karpov.pgn,Karpov,white,"Short, Nigel D",WchT,Luzern,1989.??.??,1989,?,"Karpov, Anatoly","Short, Nigel D",2755.0,2660.0,1-0,white_win,win,D36,,131,65.5,25,2,2,1,True,True,12,2,True,1,13,0
Karpov.pgn,Karpov,white,"Ljubojevic, Ljubomir",WchT,Luzern,1989.??.??,1989,?,"Karpov, Anatoly","Ljubojevic, Ljubomir",2755.0,2635.0,1/2-1/2,draw,draw,E16,,56,28.0,13,3,2,0,True,True,6,0,True,0,7,3
Karpov.pgn,Karpov,white,"Adorjan, Andras",WchT,Luzern,1989.??.??,1989,?,"Karpov, Anatoly","Adorjan, Andras",2755.0,2530.0,1-0,white_win,win,E15,,75,37.5,14,1,2,0,True,True,7,0,True,0,7,1
Karpov.pgn,Karpov,black,"Nogueiras, Jesus",WchT,Luzern,1989.??.??,1989,?,"Nogueiras, Jesus","Karpov, Anatoly",2560.0,2755.0,1/2-1/2,draw,draw,E11,,101,50.5,24,8,2,0,True,True,12,7,True,0,12,1
Karpov.pgn,Karpov,black,"Andersson, Ulf",Marostica m,Marostica,1989.??.??,1989,1,"Andersson, Ulf","Karpov, Anatoly",2620.0,2750.0,1/2-1/2,draw,draw,E12,,100,50.0,23,7,2,0,True,True,11,5,True,0,12,2
Karpov.pgn,Karpov,white,"Andersson, Ulf",Marostica m,Marostica,1989.??.??,1989,2,"Karpov, Anatoly","Andersson, Ulf",2750.0,2620.0,1/2-1/2,draw,draw,A30,,120,60.0,23,5,2,0,True,True,12,3,True,0,11,2
Karpov.pgn,Karpov,black,"Andersson, Ulf",Marostica m,Marostica,1989.??.??,1989,3,"Andersson, Ulf","Karpov, Anatoly",2620.0,2750.0,1/2-1/2,draw,draw,E12,,41,20.5,11,0,2,0,True,True,5,0,True,0,6,0
Karpov.pgn,Karpov,white,"Andersson, Ulf",Marostica m,Marostica,1989.??.??,1989,4,"Karpov, Anatoly","Andersson, Ulf",2750.0,2620.0,1-0,white_win,win,A30,,81,40.5,10,0,2,0,True,True,5,0,True,0,5,0
Karpov.pgn,Karpov,white,"Andersson, Ulf",Reggio Emilia8990,Reggio Emilia,1989.??.??,1989,1,"Karpov, Anatoly","Andersson, Ulf",2750.0,2620.0,1/2-1/2,draw,draw,E32,,123,61.5,25,3,2,0,True,True,13,1,True,0,12,2
Karpov.pgn,Karpov,black,"Georgiev, Kiril",Reggio Emilia8990,Reggio Emilia,1989.??.??,1989,2,"Georgiev, Kiril","Karpov, Anatoly",2590.0,2750.0,1/2-1/2,draw,draw,C92,,107,53.5,25,2,2,0,True,True,13,2,True,0,12,0
Karpov.pgn,Karpov,white,"Gurevich, Mikhail",Reggio Emilia8990,Reggio Emilia,1989.??.??,1989,3,"Karpov, Anatoly","Gurevich, Mikhail",2750.0,2590.0,1/2-1/2,draw,draw,A87,,105,52.5,24,9,2,0,True,True,12,3,True,0,12,6
Karpov.pgn,Karpov,black,"Beliavsky, Alexander G",Reggio Emilia8990,Reggio Emilia,1989.??.??,1989,4,"Beliavsky, Alexander G","Karpov, Anatoly",2640.0,2750.0,0-1,black_win,win,E55,,114,57.0,21,6,2,0,True,True,11,3,True,0,10,3
Karpov.pgn,Karpov,white,"Ehlvest, Jaan",Reggio Emilia8990,Reggio Emilia,1989.??.??,1989,5,"Karpov, Anatoly","Ehlvest, Jaan",2750.0,2600.0,1/2-1/2,draw,draw,E15,,32,16.0,4,1,2,0,True,True,2,0,True,0,2,1
Karpov.pgn,Karpov,black,"Portisch, Lajos",Reggio Emilia8990,Reggio Emilia,1989.??.??,1989,6,"Portisch, Lajos","Karpov, Anatoly",2610.0,2750.0,1/2-1/2,draw,draw,A13,,31,15.5,6,0,2,0,True,True,3,0,True,0,3,0
Karpov.pgn,Karpov,white,"Ribli, Zoltan",Reggio Emilia8990,Reggio Emilia,1989.??.??,1989,8,"Karpov, Anatoly","Ribli, Zoltan",2750.0,2625.0,1/2-1/2,draw,draw,A19,,100,50.0,24,4,1,0,True,False,12,3,True,0,12,1
Karpov.pgn,Karpov,white,"Petursson, Margeir",Reggio Emilia8990,Reggio Emilia,1989.??.??,1989,10,"Karpov, Anatoly","Petursson, Margeir",2750.0,2530.0,1-0,white_win,win,B36,,79,39.5,19,8,2,0,True,True,10,7,True,0,9,1
Karpov.pgn,Karpov,black,"Ivanchuk, Vassily",Reggio Emilia8990,Reggio Emilia,1989.??.??,1989,11,"Ivanchuk, Vassily","Karpov, Anatoly",2635.0,2750.0,1/2-1/2,draw,draw,C92,,61,30.5,15,0,2,0,True,True,7,0,True,0,8,0
Karpov.pgn,Karpov,black,"Ehlvest, Jaan",World Cup,Rotterdam,1989.??.??,1989,?,"Ehlvest, Jaan","Karpov, Anatoly",2600.0,2750.0,1/2-1/2,draw,draw,C54,,51,25.5,4,0,2,0,True,True,2,0,True,0,2,0
Karpov.pgn,Karpov,black,"Van der Wiel, John TH",World Cup,Rotterdam,1989.??.??,1989,?,"Van der Wiel, John TH","Karpov, Anatoly",2560.0,2750.0,1/2-1/2,draw,draw,C92,,55,27.5,6,0,2,0,True,True,3,0,True,0,3,0
Karpov.pgn,Karpov,black,"Vaganian, Rafael A",World Cup,Rotterdam,1989.??.??,1989,?,"Vaganian, Rafael A","Karpov, Anatoly",2600.0,2750.0,1/2-1/2,draw,draw,E18,,29,14.5,8,0,2,0,True,True,4,0,True,0,4,0
Karpov.pgn,Karpov,black,"Sokolov, Andrei",World Cup,Rotterdam,1989.??.??,1989,?,"Sokolov, Andrei","Karpov, Anatoly",2605.0,2750.0,1/2-1/2,draw,draw,C92,,83,41.5,16,1,2,0,True,True,8,0,True,0,8,1
Karpov.pgn,Karpov,black,"Seirawan, Yasser",World Cup,Rotterdam,1989.??.??,1989,?,"Seirawan, Yasser","Karpov, Anatoly",2610.0,2750.0,0-1,black_win,win,E32,,84,42.0,20,13,1,0,False,True,11,13,True,0,9,0
Karpov.pgn,Karpov,black,"Sax, Gyula",World Cup,Rotterdam,1989.??.??,1989,?,"Sax, Gyula","Karpov, Anatoly",2610.0,2750.0,0-1,black_win,win,C92,,126,63.0,20,9,2,0,True,True,11,3,True,0,9,6
Karpov.pgn,Karpov,black,"Nunn, John DM",World Cup,Rotterdam,1989.??.??,1989,?,"Nunn, John DM","Karpov, Anatoly",2620.0,2750.0,1-0,white_win,loss,C92,,161,80.5,23,7,2,1,True,True,11,3,True,0,12,4
Karpov.pgn,Karpov,white,"Timman, Jan H",World Cup,Rotterdam,1989.??.??,1989,?,"Karpov, Anatoly","Timman, Jan H",2750.0,2610.0,1-0,white_win,win,D87,,67,33.5,14,3,2,0,True,True,7,1,True,0,7,2
Karpov.pgn,Karpov,white,"Short, Nigel D",World Cup,Rotterdam,1989.??.??,1989,?,"Karpov, Anatoly","Short, Nigel D",2750.0,2650.0,1/2-1/2,draw,draw,D58,,167,83.5,25,11,2,0,True,True,13,4,True,0,12,7
Karpov.pgn,Karpov,white,"Salov, Valery",World Cup,Rotterdam,1989.??.??,1989,?,"Karpov, Anatoly","Salov, Valery",2750.0,2630.0,0-1,black_win,loss,E17,,104,52.0,21,2,2,0,True,True,10,0,True,0,11,2
Karpov.pgn,Karpov,white,"Portisch, Lajos",World Cup,Rotterdam,1989.??.??,1989,?,"Karpov, Anatoly","Portisch, Lajos",2750.0,2610.0,1-0,white_win,win,E15,,87,43.5,18,2,2,0,True,True,8,0,True,0,10,2
Karpov.pgn,Karpov,white,"Nogueiras, Jesus",World Cup,Rotterdam,1989.??.??,1989,?,"Karpov, Anatoly","Nogueiras, Jesus",2750.0,2575.0,1-0,white_win,win,C17,,81,40.5,16,2,2,0,True,True,9,0,True,0,7,2
Karpov.pgn,Karpov,white,"Ljubojevic, Ljubomir",World Cup,Rotterdam,1989.??.??,1989,?,"Karpov, Anatoly","Ljubojevic, Ljubomir",2750.0,2580.0,0-1,black_win,loss,D16,,100,50.0,18,4,1,0,False,True,7,1,False,0,11,3
Karpov.pgn,Karpov,white,"Jussupow, Artur",World Cup,Rotterdam,1989.??.??,1989,?,"Karpov, Anatoly","Jussupow, Artur",2750.0,2610.0,1-0,white_win,win,D36,,115,57.5,19,17,2,0,True,True,10,17,True,0,9,0
Karpov.pgn,Karpov,white,"Hjartarson, Johann",World Cup,Rotterdam,1989.??.??,1989,?,"Karpov, Anatoly","Hjartarson, Johann",2750.0,2615.0,1-0,white_win,win,A30,,85,42.5,22,2,2,0,True,True,11,1,True,0,11,1
Karpov.pgn,Karpov,black,"Hjartarson, Johann",Candidats qf1,Seattle,1989.??.??,1989,1,"Hjartarson, Johann","Karpov, Anatoly",2615.0,2750.0,1/2-1/2,draw,draw,C85,,29,14.5,6,0,1,0,True,False,3,0,False,0,3,0
Karpov.pgn,Karpov,white,"Hjartarson, Johann",Candidats qf1,Seattle,1989.??.??,1989,2,"Karpov, Anatoly","Hjartarson, Johann",2750.0,2615.0,1-0,white_win,win,A29,,89,44.5,21,4,2,0,True,True,11,4,True,0,10,0
Karpov.pgn,Karpov,black,"Hjartarson, Johann",Candidats qf1,Seattle,1989.??.??,1989,3,"Hjartarson, Johann","Karpov, Anatoly",2615.0,2750.0,0-1,black_win,win,C93,,64,32.0,12,2,2,0,True,True,6,2,True,0,6,0
Karpov.pgn,Karpov,white,"Hjartarson, Johann",Candidats qf1,Seattle,1989.??.??,1989,4,"Karpov, Anatoly","Hjartarson, Johann",2750.0,2615.0,1/2-1/2,draw,draw,D27,,78,39.0,14,0,2,0,True,True,7,0,True,0,7,0
Karpov.pgn,Karpov,black,"Hjartarson, Johann",Candidats qf1,Seattle,1989.??.??,1989,5,"Hjartarson, Johann","Karpov, Anatoly",2615.0,2750.0,1/2-1/2,draw,draw,C92,,64,32.0,17,1,2,0,True,True,9,1,True,0,8,0
Karpov.pgn,Karpov,black,"Tal, Mihail",World Cup,Skelleftea,1989.??.??,1989,?,"Tal, Mihail","Karpov, Anatoly",2585.0,2755.0,1/2-1/2,draw,draw,C92,,66,33.0,16,1,2,0,True,True,8,0,True,0,8,1
Karpov.pgn,Karpov,black,"Vaganian, Rafael A",World Cup,Skelleftea,1989.??.??,1989,?,"Vaganian, Rafael A","Karpov, Anatoly",2585.0,2755.0,1/2-1/2,draw,draw,D58,,34,17.0,12,0,2,0,True,True,6,0,True,0,6,0
Karpov.pgn,Karpov,black,"Short, Nigel D",World Cup,Skelleftea,1989.??.??,1989,?,"Short, Nigel D","Karpov, Anatoly",2660.0,2755.0,1/2-1/2,draw,draw,C54,,26,13.0,6,4,0,0,False,False,3,2,False,0,3,2
Karpov.pgn,Karpov,white,"Andersson, Ulf",World Cup,Skelleftea,1989.??.??,1989,?,"Karpov, Anatoly","Andersson, Ulf",2755.0,2635.0,1-0,white_win,win,E11,,135,67.5,23,6,2,0,True,True,12,1,True,0,11,5
Karpov.pgn,Karpov,white,"Ehlvest, Jaan",World Cup,Skelleftea,1989.??.??,1989,?,"Karpov, Anatoly","Ehlvest, Jaan",2755.0,2620.0,1-0,white_win,win,E15,,103,51.5,15,0,2,0,True,True,8,0,True,0,7,0
Karpov.pgn,Karpov,white,"Huebner, Robert",World Cup,Skelleftea,1989.??.??,1989,?,"Karpov, Anatoly","Huebner, Robert",2755.0,2605.0,1/2-1/2,draw,draw,D39,,59,29.5,15,6,0,0,False,False,7,2,False,0,8,4
Karpov.pgn,Karpov,white,"Kasparov, Gary",World Cup,Skelleftea,1989.??.??,1989,?,"Karpov, Anatoly","Kasparov, Gary",2755.0,2775.0,1/2-1/2,draw,draw,E97,,84,42.0,16,6,2,0,True,True,8,1,True,0,8,5
Karpov.pgn,Karpov,white,"Nikolic, Predrag",World Cup,Skelleftea,1989.??.??,1989,?,"Karpov, Anatoly","Nikolic, Predrag",2755.0,2600.0,1-0,white_win,win,E11,,85,42.5,14,3,2,0,True,True,6,1,True,0,8,2
Karpov.pgn,Karpov,white,"Portisch, Lajos",World Cup,Skelleftea,1989.??.??,1989,?,"Karpov, Anatoly","Portisch, Lajos",2755.0,2600.0,1/2-1/2,draw,draw,D58,,112,56.0,26,6,2,0,True,True,13,2,True,0,13,4
Karpov.pgn,Karpov,white,"Seirawan, Yasser",World Cup,Skelleftea,1989.??.??,1989,?,"Karpov, Anatoly","Seirawan, Yasser",2755.0,2585.0,1-0,white_win,win,D20,,76,38.0,17,6,0,0,False,False,9,2,False,0,8,4
Karpov.pgn,Karpov,black,"Kortschnoj, Viktor",World Cup,Skelleftea,1989.??.??,1989,?,"Kortschnoj, Viktor","Karpov, Anatoly",2655.0,2755.0,1/2-1/2,draw,draw,A33,,43,21.5,16,1,2,0,True,True,8,0,True,0,8,1
Karpov.pgn,Karpov,black,"Ribli, Zoltan",World Cup,Skelleftea,1989.??.??,1989,?,"Ribli, Zoltan","Karpov, Anatoly",2605.0,2755.0,1/2-1/2,draw,draw,E18,,29,14.5,8,0,2,0,True,True,4,0,True,0,4,0
Karpov.pgn,Karpov,black,"Salov, Valery",World Cup,Skelleftea,1989.??.??,1989,?,"Salov, Valery","Karpov, Anatoly",2645.0,2755.0,1/2-1/2,draw,draw,E32,,57,28.5,16,1,1,0,False,True,8,1,True,0,8,0
Karpov.pgn,Karpov,black,"Sax, Gyula",World Cup,Skelleftea,1989.??.??,1989,?,"Sax, Gyula","Karpov, Anatoly",2580.0,2755.0,1/2-1/2,draw,draw,C92,,37,18.5,5,1,2,0,True,True,2,0,True,0,3,1
Karpov.pgn,Karpov,white,"Miles, Anthony J",Biel,Biel,1990.??.??,1990,1,"Karpov, Anatoly","Miles, Anthony J",2730.0,2595.0,1-0,white_win,win,C67,,83,41.5,24,3,1,0,True,False,12,3,True,0,12,0
Karpov.pgn,Karpov,black,"Hort, Vlastimil",Biel,Biel,1990.??.??,1990,2,"Hort, Vlastimil","Karpov, Anatoly",2545.0,2730.0,1/2-1/2,draw,draw,A46,,33,16.5,4,0,2,0,True,True,2,0,True,0,2,0
Karpov.pgn,Karpov,white,"Lautier, Joel",Biel,Biel,1990.??.??,1990,3,"Karpov, Anatoly","Lautier, Joel",2730.0,2570.0,1-0,white_win,win,E69,,101,50.5,21,4,2,0,True,True,10,4,True,0,11,0
Karpov.pgn,Karpov,black,"Andersson, Ulf",Biel,Biel,1990.??.??,1990,4,"Andersson, Ulf","Karpov, Anatoly",2630.0,2730.0,1/2-1/2,draw,draw,E19,,61,30.5,15,1,2,0,True,True,7,0,True,0,8,1
Karpov.pgn,Karpov,white,"Polugaevsky, Lev",Biel,Biel,1990.??.??,1990,5,"Karpov, Anatoly","Polugaevsky, Lev",2730.0,2610.0,1-0,white_win,win,E15,,55,27.5,15,5,2,0,True,True,8,4,True,0,7,1
Karpov.pgn,Karpov,black,"Wahls, Matthias",Biel,Biel,1990.??.??,1990,6,"Wahls, Matthias","Karpov, Anatoly",2525.0,2730.0,1/2-1/2,draw,draw,C66,,47,23.5,6,1,2,0,True,True,3,0,True,0,3,1
Karpov.pgn,Karpov,white,"De Firmian, Nick E",Biel,Biel,1990.??.??,1990,7,"Karpov, Anatoly","De Firmian, Nick E",2730.0,2560.0,1-0,white_win,win,A61,,85,42.5,15,0,2,0,True,True,8,0,True,0,7,0
Karpov.pgn,Karpov,black,"Miles, Anthony J",Biel,Biel,1990.??.??,1990,8,"Miles, Anthony J","Karpov, Anatoly",2595.0,2730.0,1/2-1/2,draw,draw,D23,,39,19.5,10,1,2,0,True,True,5,0,True,0,5,1
Karpov.pgn,Karpov,white,"Hort, Vlastimil",Biel,Biel,1990.??.??,1990,9,"Karpov, Anatoly","Hort, Vlastimil",2730.0,2545.0,1/2-1/2,draw,draw,D15,,37,18.5,6,0,2,0,True,True,3,0,True,0,3,0
Karpov.pgn,Karpov,black,"Lautier, Joel",Biel,Biel,1990.??.??,1990,10,"Lautier, Joel","Karpov, Anatoly",2570.0,2730.0,1/2-1/2,draw,draw,A29,,93,46.5,23,0,2,0,True,True,11,0,True,0,12,0
Karpov.pgn,Karpov,white,"Andersson, Ulf",Biel,Biel,1990.??.??,1990,11,"Karpov, Anatoly","Andersson, Ulf",2730.0,2630.0,1/2-1/2,draw,draw,E11,,114,57.0,20,6,2,0,True,True,10,4,True,0,10,2
Karpov.pgn,Karpov,black,"Polugaevsky, Lev",Biel,Biel,1990.??.??,1990,12,"Polugaevsky, Lev","Karpov, Anatoly",2610.0,2730.0,1/2-1/2,draw,draw,E18,,33,16.5,8,0,2,0,True,True,4,0,True,0,4,0
Karpov.pgn,Karpov,white,"Wahls, Matthias",Biel,Biel,1990.??.??,1990,13,"Karpov, Anatoly","Wahls, Matthias",2730.0,2525.0,1/2-1/2,draw,draw,A30,,121,60.5,24,8,2,0,True,True,12,5,True,0,12,3
Karpov.pgn,Karpov,black,"De Firmian, Nick E",Biel,Biel,1990.??.??,1990,14,"De Firmian, Nick E","Karpov, Anatoly",2560.0,2730.0,0-1,black_win,win,B17,,64,32.0,12,1,2,0,True,True,7,0,True,0,5,1
Karpov.pgn,Karpov,white,"Polugaevsky, Lev",Haninge,Haninge,1990.??.??,1990,1,"Karpov, Anatoly","Polugaevsky, Lev",2730.0,2610.0,1/2-1/2,draw,draw,E15,,60,30.0,18,3,2,0,True,True,9,0,True,0,9,3
Karpov.pgn,Karpov,black,"Seirawan, Yasser",Haninge,Haninge,1990.??.??,1990,2,"Seirawan, Yasser","Karpov, Anatoly",2595.0,2730.0,1-0,white_win,loss,A20,,72,36.0,17,2,1,0,True,False,9,0,False,0,8,2
Karpov.pgn,Karpov,white,"Ehlvest, Jaan",Haninge,Haninge,1990.??.??,1990,3,"Karpov, Anatoly","Ehlvest, Jaan",2730.0,2620.0,1/2-1/2,draw,draw,E18,,94,47.0,14,0,2,0,True,True,7,0,True,0,7,0
Karpov.pgn,Karpov,black,"Wojtkiewicz, Aleksander",Haninge,Haninge,1990.??.??,1990,4,"Wojtkiewicz, Aleksander","Karpov, Anatoly",2550.0,2730.0,0-1,black_win,win,D79,,122,61.0,16,6,2,0,True,True,8,6,True,0,8,0
Karpov.pgn,Karpov,white,"Andersson, Ulf",Haninge,Haninge,1990.??.??,1990,5,"Karpov, Anatoly","Andersson, Ulf",2730.0,2630.0,1-0,white_win,win,E32,,70,35.0,10,1,2,0,True,True,6,0,True,0,4,1
Karpov.pgn,Karpov,black,"Hellers, Ferdinand",Haninge,Haninge,1990.??.??,1990,6,"Hellers, Ferdinand","Karpov, Anatoly",2525.0,2730.0,0-1,black_win,win,C29,,78,39.0,22,6,1,0,True,False,11,3,False,0,11,3
Karpov.pgn,Karpov,white,"Hector, Jonny",Haninge,Haninge,1990.??.??,1990,7,"Karpov, Anatoly","Hector, Jonny",2730.0,2465.0,1-0,white_win,win,D32,,47,23.5,9,1,2,0,True,True,5,1,True,0,4,0
Karpov.pgn,Karpov,black,"Ftacnik, Lubomir",Haninge,Haninge,1990.??.??,1990,8,"Ftacnik, Lubomir","Karpov, Anatoly",2560.0,2730.0,1/2-1/2,draw,draw,E19,,43,21.5,14,0,2,0,True,True,7,0,True,0,7,0
Karpov.pgn,Karpov,white,"Van der Wiel, John TH",Haninge,Haninge,1990.??.??,1990,9,"Karpov, Anatoly","Van der Wiel, John TH",2730.0,2550.0,1-0,white_win,win,A13,,83,41.5,21,5,2,0,True,True,12,2,True,0,9,3
Karpov.pgn,Karpov,white,"Karlsson, Lars",Haninge,Haninge,1990.??.??,1990,10,"Karpov, Anatoly","Karlsson, Lars",2730.0,2520.0,1/2-1/2,draw,draw,A90,,147,73.5,26,10,2,0,True,True,13,4,True,0,13,6
Karpov.pgn,Karpov,black,"Sax, Gyula",Haninge,Haninge,1990.??.??,1990,11,"Sax, Gyula","Karpov, Anatoly",2605.0,2730.0,1/2-1/2,draw,draw,B19,,47,23.5,9,1,2,0,True,True,4,1,True,0,5,0
Karpov.pgn,Karpov,white,"Metrick, Andrew",Harvard sim,Harvard,1990.??.??,1990,?,"Karpov, Anatoly","Metrick, Andrew",2730.0,2250.0,1-0,white_win,win,B82,,65,32.5,18,4,2,0,True,True,10,3,True,0,8,1
Karpov.pgn,Karpov,white,"Seltzer, B.",Harvard sim,Harvard,1990.??.??,1990,?,"Karpov, Anatoly","Seltzer, B.",2730.0,,1/2-1/2,draw,draw,A58,,158,79.0,29,13,2,0,True,True,14,5,True,0,15,8
Karpov.pgn,Karpov,white,"Mercuri, Louis A",Harvard sim,Harvard,1990.??.??,1990,?,"Karpov, Anatoly","Mercuri, Louis A",2730.0,2205.0,0-1,black_win,loss,B33,,64,32.0,15,1,2,0,True,True,7,0,True,0,8,1
Karpov.pgn,Karpov,white,"Harris, David",Harvard sim,Harvard,1990.??.??,1990,?,"Karpov, Anatoly","Harris, David",2730.0,2215.0,1/2-1/2,draw,draw,B82,,94,47.0,22,13,0,0,False,False,11,2,False,0,11,11
Karpov.pgn,Karpov,white,Comp Deep Thought,Harvard,Harvard,1990.??.??,1990,?,"Karpov, Anatoly",Comp Deep Thought,2730.0,,1-0,white_win,win,B12,,129,64.5,25,11,2,0,True,True,13,6,True,0,12,5
Karpov.pgn,Karpov,white,"Ofiesh, A.",Harvard sim,Harvard,1990.??.??,1990,?,"Karpov, Anatoly","Ofiesh, A.",2730.0,,1-0,white_win,win,D34,,49,24.5,14,3,2,0,True,True,8,3,True,0,6,0
Karpov.pgn,Karpov,black,"Timman, Jan H",Candidats final,Kuala Lumpur,1990.??.??,1990,1,"Timman, Jan H","Karpov, Anatoly",2680.0,2730.0,0-1,black_win,win,C92,,72,36.0,15,0,2,0,True,True,9,0,True,0,6,0
Karpov.pgn,Karpov,white,"Timman, Jan H",Candidats final,Kuala Lumpur,1990.??.??,1990,2,"Karpov, Anatoly","Timman, Jan H",2730.0,2680.0,1/2-1/2,draw,draw,D73,,83,41.5,22,2,2,0,True,True,11,1,True,0,11,1
Karpov.pgn,Karpov,black,"Timman, Jan H",Candidats final,Kuala Lumpur,1990.??.??,1990,3,"Timman, Jan H","Karpov, Anatoly",2680.0,2730.0,1/2-1/2,draw,draw,E25,,122,61.0,22,10,2,0,True,True,11,8,True,0,11,2
Karpov.pgn,Karpov,white,"Timman, Jan H",Candidats final,Kuala Lumpur,1990.??.??,1990,4,"Karpov, Anatoly","Timman, Jan H",2730.0,2680.0,1-0,white_win,win,D79,,149,74.5,19,0,2,0,True,True,10,0,True,0,9,0
Karpov.pgn,Karpov,black,"Timman, Jan H",Candidats final,Kuala Lumpur,1990.??.??,1990,5,"Timman, Jan H","Karpov, Anatoly",2680.0,2730.0,1/2-1/2,draw,draw,C92,,75,37.5,14,4,2,0,True,True,8,0,True,0,6,4
Karpov.pgn,Karpov,white,"Timman, Jan H",Candidats final,Kuala Lumpur,1990.??.??,1990,6,"Karpov, Anatoly","Timman, Jan H",2730.0,2680.0,1/2-1/2,draw,draw,A70,,124,62.0,25,10,2,0,True,True,13,6,True,0,12,4
Karpov.pgn,Karpov,black,"Timman, Jan H",Candidats final,Kuala Lumpur,1990.??.??,1990,7,"Timman, Jan H","Karpov, Anatoly",2680.0,2730.0,1/2-1/2,draw,draw,C92,,86,43.0,21,2,2,0,True,True,11,1,True,0,10,1
Karpov.pgn,Karpov,white,"Timman, Jan H",Candidats final,Kuala Lumpur,1990.??.??,1990,8,"Karpov, Anatoly","Timman, Jan H",2730.0,2680.0,1-0,white_win,win,E15,,75,37.5,18,7,1,0,False,True,10,4,False,0,8,3
Karpov.pgn,Karpov,black,"Timman, Jan H",Candidats final,Kuala Lumpur,1990.??.??,1990,9,"Timman, Jan H","Karpov, Anatoly",2680.0,2730.0,0-1,black_win,win,C92,,112,56.0,23,7,2,0,True,True,12,4,True,0,11,3
Karpov.pgn,Karpov,white,"Kasparov, Gary",World Championship 35th-KK5,Lyon/New York,1990.??.??,1990,1,"Karpov, Anatoly","Kasparov, Gary",2730.0,2800.0,1/2-1/2,draw,draw,E81,,60,30.0,17,0,2,0,True,True,9,0,True,0,8,0
Karpov.pgn,Karpov,black,"Kasparov, Gary",World Championship 35th-KK5,Lyon/New York,1990.??.??,1990,2,"Kasparov, Gary","Karpov, Anatoly",2800.0,2730.0,1-0,white_win,loss,C92,,87,43.5,18,4,2,0,True,True,8,2,True,0,10,2
Karpov.pgn,Karpov,white,"Kasparov, Gary",World Championship 35th-KK5,Lyon/New York,1990.??.??,1990,3,"Karpov, Anatoly","Kasparov, Gary",2730.0,2800.0,1/2-1/2,draw,draw,E92,,105,52.5,24,8,2,0,True,True,12,6,True,0,12,2
Karpov.pgn,Karpov,black,"Kasparov, Gary",World Championship 35th-KK5,Lyon/New York,1990.??.??,1990,4,"Kasparov, Gary","Karpov, Anatoly",2800.0,2730.0,1/2-1/2,draw,draw,C92,,80,40.0,16,6,2,0,True,True,9,1,True,0,7,5
Karpov.pgn,Karpov,white,"Kasparov, Gary",World Championship 35th-KK5,Lyon/New York,1990.??.??,1990,5,"Karpov, Anatoly","Kasparov, Gary",2730.0,2800.0,1/2-1/2,draw,draw,E94,,71,35.5,16,0,2,0,True,True,8,0,True,0,8,0
Karpov.pgn,Karpov,black,"Kasparov, Gary",World Championship 35th-KK5,Lyon/New York,1990.??.??,1990,6,"Kasparov, Gary","Karpov, Anatoly",2800.0,2730.0,1/2-1/2,draw,draw,C92,,82,41.0,17,0,2,0,True,True,9,0,True,0,8,0
Karpov.pgn,Karpov,white,"Kasparov, Gary",World Championship 35th-KK5,Lyon/New York,1990.??.??,1990,7,"Karpov, Anatoly","Kasparov, Gary",2730.0,2800.0,1-0,white_win,win,E94,,87,43.5,21,1,2,0,True,True,11,0,True,0,10,1
Karpov.pgn,Karpov,black,"Kasparov, Gary",World Championship 35th-KK5,Lyon/New York,1990.??.??,1990,8,"Kasparov, Gary","Karpov, Anatoly",2800.0,2730.0,1/2-1/2,draw,draw,C92,,167,83.5,23,14,2,0,True,True,12,10,True,0,11,4
Karpov.pgn,Karpov,white,"Kasparov, Gary",World Championship 35th-KK5,Lyon/New York,1990.??.??,1990,9,"Karpov, Anatoly","Kasparov, Gary",2730.0,2800.0,1/2-1/2,draw,draw,D85,,67,33.5,16,0,2,0,True,True,8,0,True,0,8,0
Karpov.pgn,Karpov,black,"Kasparov, Gary",World Championship 35th-KK5,Lyon/New York,1990.??.??,1990,10,"Kasparov, Gary","Karpov, Anatoly",2800.0,2730.0,1/2-1/2,draw,draw,C43,,35,17.5,8,3,1,0,True,False,4,0,False,0,4,3
Karpov.pgn,Karpov,white,"Kasparov, Gary",World Championship 35th-KK5,Lyon/New York,1990.??.??,1990,11,"Karpov, Anatoly","Kasparov, Gary",2730.0,2800.0,1/2-1/2,draw,draw,E92,,48,24.0,11,2,2,0,True,True,6,0,True,0,5,2
Karpov.pgn,Karpov,black,"Kasparov, Gary",World Championship 35th-KK5,Lyon/New York,1990.??.??,1990,12,"Kasparov, Gary","Karpov, Anatoly",2800.0,2730.0,1/2-1/2,draw,draw,C92,,73,36.5,14,2,2,0,True,True,7,0,True,0,7,2
Karpov.pgn,Karpov,white,"Kasparov, Gary",World Championship 35th-KK5,Lyon/New York,1990.??.??,1990,13,"Karpov, Anatoly","Kasparov, Gary",2730.0,2800.0,1/2-1/2,draw,draw,D85,,83,41.5,20,0,2,0,True,True,10,0,True,0,10,0
Karpov.pgn,Karpov,black,"Kasparov, Gary",World Championship 35th-KK5,Lyon/New York,1990.??.??,1990,14,"Kasparov, Gary","Karpov, Anatoly",2800.0,2730.0,1/2-1/2,draw,draw,C45,,80,40.0,20,7,2,0,True,True,10,5,True,0,10,2
Karpov.pgn,Karpov,white,"Kasparov, Gary",World Championship 35th-KK5,Lyon/New York,1990.??.??,1990,15,"Karpov, Anatoly","Kasparov, Gary",2730.0,2800.0,1/2-1/2,draw,draw,D85,,66,33.0,16,3,1,0,False,True,8,1,False,0,8,2
Karpov.pgn,Karpov,black,"Kasparov, Gary",World Championship 35th-KK5,Lyon/New York,1990.??.??,1990,16,"Kasparov, Gary","Karpov, Anatoly",2800.0,2730.0,1-0,white_win,loss,C45,,203,101.5,24,19,2,0,True,True,12,7,True,0,12,12
Karpov.pgn,Karpov,white,"Kasparov, Gary",World Championship 35th-KK5,Lyon/New York,1990.??.??,1990,17,"Karpov, Anatoly","Kasparov, Gary",2730.0,2800.0,1-0,white_win,win,D85,,79,39.5,12,0,2,0,True,True,6,0,True,0,6,0
Karpov.pgn,Karpov,black,"Kasparov, Gary",World Championship 35th-KK5,Lyon/New York,1990.??.??,1990,18,"Kasparov, Gary","Karpov, Anatoly",2800.0,2730.0,1-0,white_win,loss,C92,,113,56.5,21,2,2,0,True,True,10,0,True,0,11,2
Karpov.pgn,Karpov,white,"Kasparov, Gary",World Championship 35th-KK5,Lyon/New York,1990.??.??,1990,19,"Karpov, Anatoly","Kasparov, Gary",2730.0,2800.0,1/2-1/2,draw,draw,E92,,78,39.0,9,0,1,0,False,True,5,0,False,0,4,0
Karpov.pgn,Karpov,black,"Kasparov, Gary",World Championship 35th-KK5,Lyon/New York,1990.??.??,1990,20,"Kasparov, Gary","Karpov, Anatoly",2800.0,2730.0,1-0,white_win,loss,C92,,81,40.5,18,7,2,0,True,True,8,0,True,0,10,7
Karpov.pgn,Karpov,white,"Kasparov, Gary",World Championship 35th-KK5,Lyon/New York,1990.??.??,1990,21,"Karpov, Anatoly","Kasparov, Gary",2730.0,2800.0,1/2-1/2,draw,draw,E87,,172,86.0,25,23,2,2,True,True,12,6,True,1,13,17
Karpov.pgn,Karpov,black,"Kasparov, Gary",World Championship 35th-KK5,Lyon/New York,1990.??.??,1990,22,"Kasparov, Gary","Karpov, Anatoly",2800.0,2730.0,1/2-1/2,draw,draw,C92,,85,42.5,20,5,2,0,True,True,9,1,True,0,11,4
Karpov.pgn,Karpov,white,"Kasparov, Gary",World Championship 35th-KK5,Lyon/New York,1990.??.??,1990,23,"Karpov, Anatoly","Kasparov, Gary",2730.0,2800.0,1-0,white_win,win,E87,,57,28.5,12,2,2,0,True,True,6,0,True,0,6,2
Karpov.pgn,Karpov,black,"Kasparov, Gary",World Championship 35th-KK5,Lyon/New York,1990.??.??,1990,24,"Kasparov, Gary","Karpov, Anatoly",2800.0,2730.0,1/2-1/2,draw,draw,A17,,71,35.5,12,0,2,0,True,True,5,0,True,0,7,0
Karpov.pgn,Karpov,black,"Hjartarson, Johann",Euwe mem,Amsterdam,1991.??.??,1991,1,"Hjartarson, Johann","Karpov, Anatoly",2535.0,2725.0,1/2-1/2,draw,draw,E15,,41,20.5,8,1,2,0,True,True,4,0,True,0,4,1
Karpov.pgn,Karpov,white,"Kortschnoj, Viktor",Euwe mem,Amsterdam,1991.??.??,1991,2,"Karpov, Anatoly","Kortschnoj, Viktor",2725.0,2615.0,1/2-1/2,draw,draw,D45,,38,19.0,8,0,2,0,True,True,4,0,True,0,4,0
Karpov.pgn,Karpov,black,"Ljubojevic, Ljubomir",Euwe mem,Amsterdam,1991.??.??,1991,3,"Ljubojevic, Ljubomir","Karpov, Anatoly",2590.0,2725.0,1/2-1/2,draw,draw,C92,,79,39.5,16,0,2,0,True,True,8,0,True,0,8,0
Karpov.pgn,Karpov,white,"Gurevich, Mikhail",Euwe mem,Amsterdam,1991.??.??,1991,4,"Karpov, Anatoly","Gurevich, Mikhail",2725.0,2650.0,1-0,white_win,win,A87,,93,46.5,18,3,2,0,True,True,9,2,True,0,9,1
Karpov.pgn,Karpov,black,"Salov, Valery",Euwe mem,Amsterdam,1991.??.??,1991,5,"Salov, Valery","Karpov, Anatoly",2645.0,2725.0,1/2-1/2,draw,draw,A34,,49,24.5,11,0,2,0,True,True,5,0,True,0,6,0
Karpov.pgn,Karpov,black,"Kasparov, Gary",Euwe mem,Amsterdam,1991.??.??,1991,6,"Kasparov, Gary","Karpov, Anatoly",2800.0,2725.0,1/2-1/2,draw,draw,C92,,122,61.0,23,6,2,1,True,True,11,3,True,1,12,3
Karpov.pgn,Karpov,white,"Timman, Jan H",Euwe mem,Amsterdam,1991.??.??,1991,7,"Karpov, Anatoly","Timman, Jan H",2725.0,2630.0,1-0,white_win,win,D20,,61,30.5,20,3,2,0,True,True,10,2,True,0,10,1
Karpov.pgn,Karpov,black,"Van der Wiel, John TH",Euwe mem,Amsterdam,1991.??.??,1991,8,"Van der Wiel, John TH","Karpov, Anatoly",2530.0,2725.0,1/2-1/2,draw,draw,C92,,99,49.5,23,3,2,0,True,True,12,2,True,0,11,1
Karpov.pgn,Karpov,white,"Short, Nigel D",Euwe mem,Amsterdam,1991.??.??,1991,9,"Karpov, Anatoly","Short, Nigel D",2725.0,2635.0,1/2-1/2,draw,draw,D58,,60,30.0,16,2,2,0,True,True,8,0,True,0,8,2
Karpov.pgn,Karpov,black,"Anand, Viswanathan",Candidats qf4,Brussels,1991.??.??,1991,1,"Anand, Viswanathan","Karpov, Anatoly",2650.0,2730.0,1/2-1/2,draw,draw,B10,,151,75.5,28,8,1,0,True,False,14,4,False,0,14,4
Karpov.pgn,Karpov,white,"Anand, Viswanathan",Candidats qf4,Brussels,1991.??.??,1991,2,"Karpov, Anatoly","Anand, Viswanathan",2730.0,2650.0,1/2-1/2,draw,draw,D46,,153,76.5,19,12,2,0,True,True,9,3,True,0,10,9
Karpov.pgn,Karpov,black,"Anand, Viswanathan",Candidats qf4,Brussels,1991.??.??,1991,3,"Anand, Viswanathan","Karpov, Anatoly",2650.0,2730.0,1/2-1/2,draw,draw,B11,,94,47.0,15,2,1,0,True,False,7,0,False,0,8,2
Karpov.pgn,Karpov,white,"Anand, Viswanathan",Candidats qf4,Brussels,1991.??.??,1991,4,"Karpov, Anatoly","Anand, Viswanathan",2730.0,2650.0,1-0,white_win,win,D46,,85,42.5,18,0,2,1,True,True,10,0,True,0,8,0
Karpov.pgn,Karpov,black,"Anand, Viswanathan",Candidats qf4,Brussels,1991.??.??,1991,5,"Anand, Viswanathan","Karpov, Anatoly",2650.0,2730.0,1/2-1/2,draw,draw,B12,,187,93.5,27,14,2,2,True,True,13,1,True,1,14,13
Karpov.pgn,Karpov,white,"Anand, Viswanathan",Candidats qf4,Brussels,1991.??.??,1991,6,"Karpov, Anatoly","Anand, Viswanathan",2730.0,2650.0,0-1,black_win,loss,D46,,140,70.0,19,2,2,0,True,True,9,1,True,0,10,1
Karpov.pgn,Karpov,black,"Anand, Viswanathan",Candidats qf4,Brussels,1991.??.??,1991,7,"Anand, Viswanathan","Karpov, Anatoly",2650.0,2730.0,1/2-1/2,draw,draw,B12,,125,62.5,18,2,2,0,True,True,9,0,True,0,9,2
Karpov.pgn,Karpov,white,"Anand, Viswanathan",Candidats qf4,Brussels,1991.??.??,1991,8,"Karpov, Anatoly","Anand, Viswanathan",2730.0,2650.0,1-0,white_win,win,D46,,63,31.5,16,0,2,0,True,True,9,0,True,0,7,0
Karpov.pgn,Karpov,white,"Agdestein, Simen",Gjovik m,Gjovik,1991.??.??,1991,1,"Karpov, Anatoly","Agdestein, Simen",2730.0,2590.0,0-1,black_win,loss,C10,,118,59.0,21,5,2,1,True,True,11,4,True,0,10,1
Karpov.pgn,Karpov,black,"Agdestein, Simen",Gjovik m,Gjovik,1991.??.??,1991,2,"Agdestein, Simen","Karpov, Anatoly",2590.0,2730.0,0-1,black_win,win,E15,,98,49.0,21,12,1,0,False,True,10,4,True,0,11,8
Karpov.pgn,Karpov,white,"Agdestein, Simen",Gjovik m,Gjovik,1991.??.??,1991,3,"Karpov, Anatoly","Agdestein, Simen",2730.0,2590.0,1/2-1/2,draw,draw,C10,,176,88.0,8,0,2,0,True,True,4,0,True,0,4,0
Karpov.pgn,Karpov,black,"Agdestein, Simen",Gjovik m,Gjovik,1991.??.??,1991,4,"Agdestein, Simen","Karpov, Anatoly",2590.0,2730.0,1/2-1/2,draw,draw,A28,,127,63.5,22,3,2,0,True,True,12,1,True,0,10,2
Karpov.pgn,Karpov,black,"Ehlvest, Jaan",Linares,Linares,1991.??.??,1991,1,"Ehlvest, Jaan","Karpov, Anatoly",2650.0,2725.0,0-1,black_win,win,A25,,120,60.0,29,6,2,0,True,True,15,2,True,0,14,4
Karpov.pgn,Karpov,white,"Anand, Viswanathan",Linares,Linares,1991.??.??,1991,2,"Karpov, Anatoly","Anand, Viswanathan",2725.0,2635.0,0-1,black_win,loss,A35,,92,46.0,19,3,2,0,True,True,9,2,True,0,10,1
Karpov.pgn,Karpov,black,"Ljubojevic, Ljubomir",Linares,Linares,1991.??.??,1991,3,"Ljubojevic, Ljubomir","Karpov, Anatoly",2590.0,2725.0,1-0,white_win,loss,C92,,175,87.5,27,12,2,2,True,True,14,7,True,1,13,5
Karpov.pgn,Karpov,white,"Jussupow, Artur",Linares,Linares,1991.??.??,1991,4,"Karpov, Anatoly","Jussupow, Artur",2725.0,2605.0,1/2-1/2,draw,draw,A18,,136,68.0,27,10,2,0,True,True,14,3,True,0,13,7
Karpov.pgn,Karpov,black,"Ivanchuk, Vassily",Linares,Linares,1991.??.??,1991,5,"Ivanchuk, Vassily","Karpov, Anatoly",2695.0,2725.0,1-0,white_win,loss,E54,,70,35.0,15,0,2,0,True,True,8,0,True,0,7,0
Karpov.pgn,Karpov,white,"Gelfand, Boris",Linares,Linares,1991.??.??,1991,6,"Karpov, Anatoly","Gelfand, Boris",2725.0,2700.0,1-0,white_win,win,D79,,113,56.5,24,1,2,0,True,True,12,1,True,0,12,0
Karpov.pgn,Karpov,black,"Timman, Jan H",Linares,Linares,1991.??.??,1991,7,"Timman, Jan H","Karpov, Anatoly",2630.0,2725.0,1/2-1/2,draw,draw,E25,,117,58.5,20,7,1,0,False,True,10,5,True,0,10,2
Karpov.pgn,Karpov,white,"Kasparov, Gary",Linares,Linares,1991.??.??,1991,8,"Karpov, Anatoly","Kasparov, Gary",2725.0,2800.0,1/2-1/2,draw,draw,D45,,64,32.0,16,4,2,0,True,True,8,2,True,0,8,2
Karpov.pgn,Karpov,black,"Speelman, Jonathan S",Linares,Linares,1991.??.??,1991,9,"Speelman, Jonathan S","Karpov, Anatoly",2610.0,2725.0,1-0,white_win,loss,E49,,103,51.5,19,14,2,0,True,True,9,2,True,0,10,12
Karpov.pgn,Karpov,white,"Salov, Valery",Linares,Linares,1991.??.??,1991,10,"Karpov, Anatoly","Salov, Valery",2725.0,2645.0,1/2-1/2,draw,draw,D18,,60,30.0,5,4,2,0,True,True,3,0,True,0,2,4
Karpov.pgn,Karpov,black,"Kamsky, Gata",Linares,Linares,1991.??.??,1991,11,"Kamsky, Gata","Karpov, Anatoly",2640.0,2725.0,0-1,black_win,win,E41,,167,83.5,13,6,1,0,True,False,7,2,False,0,6,4
Karpov.pgn,Karpov,black,"Gurevich, Mikhail",Linares,Linares,1991.??.??,1991,12,"Gurevich, Mikhail","Karpov, Anatoly",2650.0,2725.0,1/2-1/2,draw,draw,E32,,94,47.0,24,6,2,0,True,True,11,2,True,0,13,4
Karpov.pgn,Karpov,white,"Beliavsky, Alexander G",Linares,Linares,1991.??.??,1991,13,"Karpov, Anatoly","Beliavsky, Alexander G",2725.0,2640.0,1-0,white_win,win,D36,,124,62.0,23,12,2,0,True,True,12,6,True,0,11,6
Karpov.pgn,Karpov,white,"Speelman, Jonathan S",Paris Immopar rapid,Paris,1991.??.??,1991,1,"Karpov, Anatoly","Speelman, Jonathan S",2730.0,2630.0,1-0,white_win,win,B08,,75,37.5,21,4,2,0,True,True,11,4,True,0,10,0
Karpov.pgn,Karpov,black,"Speelman, Jonathan S",Paris Immopar rapid,Paris,1991.??.??,1991,1,"Speelman, Jonathan S","Karpov, Anatoly",2630.0,2730.0,1/2-1/2,draw,draw,E54,,104,52.0,25,7,2,0,True,True,13,0,True,0,12,7
Karpov.pgn,Karpov,black,"Timman, Jan H",Paris Immopar rapid,Paris,1991.??.??,1991,2,"Timman, Jan H","Karpov, Anatoly",2630.0,2730.0,1-0,white_win,loss,E15,,109,54.5,20,3,2,1,True,True,9,1,True,0,11,2
Karpov.pgn,Karpov,white,"Timman, Jan H",Paris Immopar rapid,Paris,1991.??.??,1991,2,"Karpov, Anatoly","Timman, Jan H",2730.0,2630.0,0-1,black_win,loss,E15,,96,48.0,15,2,2,0,True,True,7,0,True,0,8,2
Karpov.pgn,Karpov,black,"Ribli, Zoltan",Reggio Emilia91 Top16,Reggio Emilia,1991.??.??,1991,?,"Ribli, Zoltan","Karpov, Anatoly",2595.0,2725.0,1/2-1/2,draw,draw,E19,,32,16.0,6,0,2,0,True,True,3,0,True,0,3,0
Karpov.pgn,Karpov,white,"Andersson, Ulf",Reggio Emilia91 Top16,Reggio Emilia,1991.??.??,1991,?,"Karpov, Anatoly","Andersson, Ulf",2725.0,2640.0,1-0,white_win,win,E15,,71,35.5,5,2,2,0,True,True,3,0,True,0,2,2
Karpov.pgn,Karpov,white,"Ehlvest, Jaan",Reggio Emilia91 Top16,Reggio Emilia,1991.??.??,1991,?,"Karpov, Anatoly","Ehlvest, Jaan",2725.0,2650.0,1/2-1/2,draw,draw,E17,,84,42.0,11,0,2,0,True,True,5,0,True,0,6,0
Karpov.pgn,Karpov,white,"Gurevich, Mikhail",Reggio Emilia91 Top16,Reggio Emilia,1991.??.??,1991,?,"Karpov, Anatoly","Gurevich, Mikhail",2725.0,2650.0,1-0,white_win,win,E81,,155,77.5,19,6,2,0,True,True,9,6,True,0,10,0
Karpov.pgn,Karpov,white,"Kamsky, Gata",Reggio Emilia91 Top16,Reggio Emilia,1991.??.??,1991,?,"Karpov, Anatoly","Kamsky, Gata",2725.0,2640.0,1-0,white_win,win,E17,,141,70.5,22,12,2,0,True,True,12,10,True,0,10,2
Karpov.pgn,Karpov,white,"Polugaevsky, Lev",Reggio Emilia91 Top16,Reggio Emilia,1991.??.??,1991,?,"Karpov, Anatoly","Polugaevsky, Lev",2725.0,2610.0,1/2-1/2,draw,draw,D32,,80,40.0,12,1,2,0,True,True,6,0,True,0,6,1
Karpov.pgn,Karpov,white,"Ribli, Zoltan",Reggio Emilia91 Top16,Reggio Emilia,1991.??.??,1991,?,"Karpov, Anatoly","Ribli, Zoltan",2725.0,2595.0,1/2-1/2,draw,draw,D27,,23,11.5,6,0,1,0,True,False,3,0,True,0,3,0
Karpov.pgn,Karpov,black,"Polugaevsky, Lev",Reggio Emilia91 Top16,Reggio Emilia,1991.??.??,1991,?,"Polugaevsky, Lev","Karpov, Anatoly",2610.0,2725.0,1/2-1/2,draw,draw,D59,,31,15.5,8,0,2,0,True,True,4,0,True,0,4,0
Karpov.pgn,Karpov,black,"Ehlvest, Jaan",Reggio Emilia91 Top16,Reggio Emilia,1991.??.??,1991,?,"Ehlvest, Jaan","Karpov, Anatoly",2650.0,2725.0,1/2-1/2,draw,draw,A26,,51,25.5,7,1,2,0,True,True,3,0,True,0,4,1
Karpov.pgn,Karpov,black,"Andersson, Ulf",Reggio Emilia91 Top16,Reggio Emilia,1991.??.??,1991,?,"Andersson, Ulf","Karpov, Anatoly",2640.0,2725.0,1/2-1/2,draw,draw,E18,,57,28.5,13,1,2,0,True,True,6,0,True,0,7,1
Karpov.pgn,Karpov,black,"Kamsky, Gata",Reggio Emilia91 Top16,Reggio Emilia,1991.??.??,1991,?,"Kamsky, Gata","Karpov, Anatoly",2640.0,2725.0,1/2-1/2,draw,draw,A17,,123,61.5,25,5,2,0,True,True,13,2,True,0,12,3
Karpov.pgn,Karpov,black,"Gurevich, Mikhail",Reggio Emilia91 Top16,Reggio Emilia,1991.??.??,1991,?,"Gurevich, Mikhail","Karpov, Anatoly",2650.0,2725.0,1/2-1/2,draw,draw,E32,,55,27.5,13,1,2,0,True,True,6,1,True,0,7,0
Karpov.pgn,Karpov,white,"Speelman, Jonathan S",World Cup,Reykjavik,1991.??.??,1991,1,"Karpov, Anatoly","Speelman, Jonathan S",2730.0,2630.0,1-0,white_win,win,C10,,103,51.5,21,18,2,0,True,True,11,8,True,0,10,10
Karpov.pgn,Karpov,black,"Portisch, Lajos",World Cup,Reykjavik,1991.??.??,1991,2,"Portisch, Lajos","Karpov, Anatoly",2570.0,2730.0,1/2-1/2,draw,draw,E18,,31,15.5,9,0,2,0,True,True,4,0,True,0,5,0
Karpov.pgn,Karpov,white,"Salov, Valery",World Cup,Reykjavik,1991.??.??,1991,3,"Karpov, Anatoly","Salov, Valery",2730.0,2665.0,1-0,white_win,win,E18,,133,66.5,17,3,2,1,True,True,8,0,True,1,9,3
Karpov.pgn,Karpov,black,"Beliavsky, Alexander G",World Cup,Reykjavik,1991.??.??,1991,4,"Beliavsky, Alexander G","Karpov, Anatoly",2655.0,2730.0,1/2-1/2,draw,draw,E05,,138,69.0,19,5,2,0,True,True,9,3,True,0,10,2
Karpov.pgn,Karpov,white,"Hjartarson, Johann",World Cup,Reykjavik,1991.??.??,1991,5,"Karpov, Anatoly","Hjartarson, Johann",2730.0,2550.0,1-0,white_win,win,D38,,95,47.5,19,7,2,0,True,True,10,2,True,0,9,5
Karpov.pgn,Karpov,white,"Khalifman, Alexander",World Cup,Reykjavik,1991.??.??,1991,6,"Karpov, Anatoly","Khalifman, Alexander",2730.0,2630.0,1-0,white_win,win,E15,,65,32.5,17,1,2,0,True,True,8,0,True,0,9,1
Karpov.pgn,Karpov,black,"Gulko, Boris F",World Cup,Reykjavik,1991.??.??,1991,7,"Gulko, Boris F","Karpov, Anatoly",2565.0,2730.0,0-1,black_win,win,A28,,72,36.0,17,0,1,0,False,True,9,0,True,0,8,0
Karpov.pgn,Karpov,white,"Ljubojevic, Ljubomir",World Cup,Reykjavik,1991.??.??,1991,8,"Karpov, Anatoly","Ljubojevic, Ljubomir",2730.0,2600.0,0-1,black_win,loss,E32,,102,51.0,26,7,1,0,False,True,12,0,False,0,14,7
Karpov.pgn,Karpov,black,"Ivanchuk, Vassily",World Cup,Reykjavik,1991.??.??,1991,9,"Ivanchuk, Vassily","Karpov, Anatoly",2735.0,2730.0,1/2-1/2,draw,draw,B17,,89,44.5,14,1,2,0,True,True,7,0,True,0,7,1
Karpov.pgn,Karpov,white,"Andersson, Ulf",World Cup,Reykjavik,1991.??.??,1991,10,"Karpov, Anatoly","Andersson, Ulf",2730.0,2625.0,1-0,white_win,win,E11,,47,23.5,9,2,2,0,True,True,5,0,True,0,4,2
Karpov.pgn,Karpov,black,"Seirawan, Yasser",World Cup,Reykjavik,1991.??.??,1991,11,"Seirawan, Yasser","Karpov, Anatoly",2615.0,2730.0,1/2-1/2,draw,draw,E05,,34,17.0,12,1,2,0,True,True,6,0,True,0,6,1
Karpov.pgn,Karpov,white,"Nikolic, Predrag",World Cup,Reykjavik,1991.??.??,1991,12,"Karpov, Anatoly","Nikolic, Predrag",2730.0,2625.0,1/2-1/2,draw,draw,A91,,48,24.0,6,0,2,0,True,True,3,0,True,0,3,0
Karpov.pgn,Karpov,black,"Timman, Jan H",World Cup,Reykjavik,1991.??.??,1991,13,"Timman, Jan H","Karpov, Anatoly",2630.0,2730.0,1/2-1/2,draw,draw,E25,,44,22.0,11,1,2,0,True,True,6,1,True,0,5,0
Karpov.pgn,Karpov,white,"Ehlvest, Jaan",World Cup,Reykjavik,1991.??.??,1991,14,"Karpov, Anatoly","Ehlvest, Jaan",2730.0,2605.0,1-0,white_win,win,D85,,75,37.5,12,3,2,0,True,True,6,1,True,0,6,2
Karpov.pgn,Karpov,black,"Chandler, Murray G",World Cup,Reykjavik,1991.??.??,1991,15,"Chandler, Murray G","Karpov, Anatoly",2605.0,2730.0,1/2-1/2,draw,draw,C49,,237,118.5,27,22,2,0,True,True,14,7,True,0,13,15
Karpov.pgn,Karpov,white,"Bareev, Evgeny",Tilburg,Tilburg,1991.??.??,1991,1,"Karpov, Anatoly","Bareev, Evgeny",2730.0,2680.0,1/2-1/2,draw,draw,C11,,166,83.0,27,3,2,0,True,True,14,1,True,0,13,2
Karpov.pgn,Karpov,white,"Short, Nigel D",Tilburg,Tilburg,1991.??.??,1991,2,"Karpov, Anatoly","Short, Nigel D",2730.0,2660.0,1/2-1/2,draw,draw,C89,,82,41.0,22,1,2,0,True,True,11,0,True,0,11,1
Karpov.pgn,Karpov,black,"Timman, Jan H",Tilburg,Tilburg,1991.??.??,1991,3,"Timman, Jan H","Karpov, Anatoly",2630.0,2730.0,1/2-1/2,draw,draw,E25,,34,17.0,5,1,1,0,False,True,2,1,True,0,3,0
Karpov.pgn,Karpov,white,"Kortschnoj, Viktor",Tilburg,Tilburg,1991.??.??,1991,4,"Karpov, Anatoly","Kortschnoj, Viktor",2730.0,2610.0,1/2-1/2,draw,draw,E15,,80,40.0,19,8,2,0,True,True,10,1,True,0,9,7
Karpov.pgn,Karpov,black,"Kamsky, Gata",Tilburg,Tilburg,1991.??.??,1991,5,"Kamsky, Gata","Karpov, Anatoly",2595.0,2730.0,1/2-1/2,draw,draw,B17,,96,48.0,22,4,2,0,True,True,11,2,True,0,11,2
Karpov.pgn,Karpov,black,"Anand, Viswanathan",Tilburg,Tilburg,1991.??.??,1991,6,"Anand, Viswanathan","Karpov, Anatoly",2650.0,2730.0,1-0,white_win,loss,B12,,113,56.5,18,5,2,1,True,True,9,0,True,0,9,5
Karpov.pgn,Karpov,white,"Kasparov, Gary",Tilburg,Tilburg,1991.??.??,1991,7,"Karpov, Anatoly","Kasparov, Gary",2730.0,2770.0,1/2-1/2,draw,draw,E97,,228,114.0,26,24,2,0,True,True,14,15,True,0,12,9
Karpov.pgn,Karpov,black,"Bareev, Evgeny",Tilburg,Tilburg,1991.??.??,1991,8,"Bareev, Evgeny","Karpov, Anatoly",2680.0,2730.0,0-1,black_win,win,E15,,48,24.0,8,0,2,0,True,True,4,0,True,0,4,0
Karpov.pgn,Karpov,black,"Short, Nigel D",Tilburg,Tilburg,1991.??.??,1991,9,"Short, Nigel D","Karpov, Anatoly",2660.0,2730.0,1/2-1/2,draw,draw,C28,,94,47.0,14,3,2,0,True,True,7,0,True,0,7,3
Karpov.pgn,Karpov,white,"Timman, Jan H",Tilburg,Tilburg,1991.??.??,1991,10,"Karpov, Anatoly","Timman, Jan H",2730.0,2630.0,1-0,white_win,win,D43,,111,55.5,26,3,2,0,True,True,13,2,True,0,13,1
Karpov.pgn,Karpov,black,"Kortschnoj, Viktor",Tilburg,Tilburg,1991.??.??,1991,11,"Kortschnoj, Viktor","Karpov, Anatoly",2610.0,2730.0,0-1,black_win,win,A29,,78,39.0,17,6,2,1,True,True,9,6,True,1,8,0
Karpov.pgn,Karpov,white,"Kamsky, Gata",Tilburg,Tilburg,1991.??.??,1991,12,"Karpov, Anatoly","Kamsky, Gata",2730.0,2595.0,0-1,black_win,loss,D85,,144,72.0,22,5,1,0,False,True,11,0,False,0,11,5
Karpov.pgn,Karpov,white,"Anand, Viswanathan",Tilburg,Tilburg,1991.??.??,1991,13,"Karpov, Anatoly","Anand, Viswanathan",2730.0,2650.0,1-0,white_win,win,E15,,105,52.5,18,5,2,0,True,True,9,1,True,0,9,4
Karpov.pgn,Karpov,black,"Kasparov, Gary",Tilburg,Tilburg,1991.??.??,1991,14,"Kasparov, Gary","Karpov, Anatoly",2770.0,2730.0,1-0,white_win,loss,C45,,87,43.5,20,5,1,0,True,False,10,4,False,0,10,1
Karpov.pgn,Karpov,white,"Boensch, Uwe",Baden-Baden,Baden-Baden,1992.??.??,1992,1,"Karpov, Anatoly","Boensch, Uwe",2715.0,2490.0,1-0,white_win,win,D58,,81,40.5,16,3,2,0,True,True,9,0,True,0,7,3
Karpov.pgn,Karpov,black,"Huebner, Robert",Baden-Baden,Baden-Baden,1992.??.??,1992,2,"Huebner, Robert","Karpov, Anatoly",2630.0,2715.0,0-1,black_win,win,A22,,122,61.0,23,8,2,0,True,True,12,8,True,0,11,0
Karpov.pgn,Karpov,white,"Kindermann, Stefan",Baden-Baden,Baden-Baden,1992.??.??,1992,3,"Karpov, Anatoly","Kindermann, Stefan",2715.0,2505.0,1-0,white_win,win,E84,,67,33.5,18,2,2,0,True,True,9,1,True,0,9,1
Karpov.pgn,Karpov,black,"Psakhis, Lev",Baden-Baden,Baden-Baden,1992.??.??,1992,4,"Psakhis, Lev","Karpov, Anatoly",2570.0,2715.0,1/2-1/2,draw,draw,E15,,30,15.0,2,1,2,0,True,True,1,1,True,0,1,0
Karpov.pgn,Karpov,white,"Lobron, Eric",Baden-Baden,Baden-Baden,1992.??.??,1992,5,"Karpov, Anatoly","Lobron, Eric",2715.0,2625.0,1-0,white_win,win,E15,,65,32.5,8,1,2,0,True,True,5,0,True,0,3,1
Karpov.pgn,Karpov,black,"Hertneck, Gerald",Baden-Baden,Baden-Baden,1992.??.??,1992,6,"Hertneck, Gerald","Karpov, Anatoly",2540.0,2785.0,0-1,black_win,win,E39,,78,39.0,13,1,2,0,True,True,8,1,True,0,5,0
Karpov.pgn,Karpov,white,"Jussupow, Artur",Baden-Baden,Baden-Baden,1992.??.??,1992,7,"Karpov, Anatoly","Jussupow, Artur",2715.0,2640.0,1/2-1/2,draw,draw,E19,,172,86.0,22,3,2,0,True,True,11,2,True,0,11,1
Karpov.pgn,Karpov,white,"Lautier, Joel",Baden-Baden,Baden-Baden,1992.??.??,1992,8,"Karpov, Anatoly","Lautier, Joel",2715.0,2580.0,1-0,white_win,win,D38,,135,67.5,25,9,1,0,False,True,13,4,False,0,12,5
Karpov.pgn,Karpov,black,"Lutz, Christopher",Baden-Baden,Baden-Baden,1992.??.??,1992,9,"Lutz, Christopher","Karpov, Anatoly",2550.0,2715.0,1/2-1/2,draw,draw,E32,,68,34.0,12,1,2,0,True,True,6,1,True,0,6,0
Karpov.pgn,Karpov,white,"Knaak, Rainer",Baden-Baden,Baden-Baden,1992.??.??,1992,10,"Karpov, Anatoly","Knaak, Rainer",2715.0,2525.0,1-0,white_win,win,D45,,123,61.5,21,9,2,0,True,True,11,7,True,0,10,2
Karpov.pgn,Karpov,black,"Wahls, Matthias",Baden-Baden,Baden-Baden,1992.??.??,1992,11,"Wahls, Matthias","Karpov, Anatoly",2540.0,2715.0,0-1,black_win,win,B14,,74,37.0,10,0,2,0,True,True,6,0,True,0,4,0
Karpov.pgn,Karpov,white,"Lautier, Joel",Biel,Biel,1992.??.??,1992,1,"Karpov, Anatoly","Lautier, Joel",2715.0,2580.0,1-0,white_win,win,D45,,81,40.5,20,2,2,0,True,True,10,0,True,0,10,2
Karpov.pgn,Karpov,black,"Miles, Anthony J",Biel,Biel,1992.??.??,1992,2,"Miles, Anthony J","Karpov, Anatoly",2595.0,2715.0,1/2-1/2,draw,draw,C68,,81,40.5,12,2,2,0,True,True,6,0,True,0,6,2
Karpov.pgn,Karpov,white,"Kortschnoj, Viktor",Biel,Biel,1992.??.??,1992,3,"Karpov, Anatoly","Kortschnoj, Viktor",2715.0,2575.0,1-0,white_win,win,E15,,105,52.5,22,7,2,0,True,True,11,5,True,0,11,2
Karpov.pgn,Karpov,black,"Hansen, Curt",Biel,Biel,1992.??.??,1992,4,"Hansen, Curt","Karpov, Anatoly",2635.0,2715.0,1/2-1/2,draw,draw,E12,,37,18.5,4,0,2,0,True,True,2,0,True,0,2,0
Karpov.pgn,Karpov,white,"Beliavsky, Alexander G",Biel,Biel,1992.??.??,1992,5,"Karpov, Anatoly","Beliavsky, Alexander G",2715.0,2595.0,1-0,white_win,win,C95,,77,38.5,14,1,2,0,True,True,7,1,True,0,7,0
Karpov.pgn,Karpov,black,"Shirov, Alexei",Biel,Biel,1992.??.??,1992,6,"Shirov, Alexei","Karpov, Anatoly",2710.0,2715.0,0-1,black_win,win,E25,,78,39.0,20,5,1,0,False,True,10,5,True,0,10,0
Karpov.pgn,Karpov,white,"Georgiev, Kiril",Biel,Biel,1992.??.??,1992,7,"Karpov, Anatoly","Georgiev, Kiril",2715.0,2610.0,0-1,black_win,loss,E15,,192,96.0,26,33,2,0,True,True,14,3,True,0,12,30
Karpov.pgn,Karpov,black,"Lautier, Joel",Biel,Biel,1992.??.??,1992,8,"Lautier, Joel","Karpov, Anatoly",2580.0,2715.0,1/2-1/2,draw,draw,C47,,55,27.5,20,6,1,0,True,False,10,3,False,0,10,3
Karpov.pgn,Karpov,white,"Miles, Anthony J",Biel,Biel,1992.??.??,1992,9,"Karpov, Anatoly","Miles, Anthony J",2715.0,2595.0,1-0,white_win,win,A40,,69,34.5,18,4,2,0,True,True,9,1,True,0,9,3
Karpov.pgn,Karpov,black,"Kortschnoj, Viktor",Biel,Biel,1992.??.??,1992,10,"Kortschnoj, Viktor","Karpov, Anatoly",2575.0,2715.0,0-1,black_win,win,E32,,112,56.0,19,5,2,0,True,True,9,2,True,0,10,3
Karpov.pgn,Karpov,white,"Hansen, Curt",Biel,Biel,1992.??.??,1992,11,"Karpov, Anatoly","Hansen, Curt",2715.0,2635.0,1-0,white_win,win,B08,,85,42.5,19,2,2,0,True,True,11,1,True,0,8,1
Karpov.pgn,Karpov,black,"Beliavsky, Alexander G",Biel,Biel,1992.??.??,1992,12,"Beliavsky, Alexander G","Karpov, Anatoly",2595.0,2715.0,1/2-1/2,draw,draw,C42,,25,12.5,4,1,1,0,True,False,2,1,False,0,2,0
Karpov.pgn,Karpov,white,"Shirov, Alexei",Biel,Biel,1992.??.??,1992,13,"Karpov, Anatoly","Shirov, Alexei",2715.0,2710.0,1-0,white_win,win,D46,,63,31.5,14,2,2,0,True,True,7,1,True,0,7,1
Karpov.pgn,Karpov,black,"Georgiev, Kiril",Biel,Biel,1992.??.??,1992,14,"Georgiev, Kiril","Karpov, Anatoly",2610.0,2715.0,1/2-1/2,draw,draw,B17,,23,11.5,6,1,1,0,True,False,3,0,False,0,3,1
Karpov.pgn,Karpov,white,"Seirawan, Yasser",Brussels SWIFT rapid,Brussels,1992.??.??,1992,?,"Karpov, Anatoly","Seirawan, Yasser",2725.0,2600.0,0-1,black_win,loss,B06,,164,82.0,25,11,2,0,True,True,11,7,True,0,14,4
Karpov.pgn,Karpov,black,"Seirawan, Yasser",Brussels SWIFT rapid,Brussels,1992.??.??,1992,?,"Seirawan, Yasser","Karpov, Anatoly",2600.0,2725.0,1/2-1/2,draw,draw,E12,,55,27.5,16,0,1,0,True,False,8,0,False,0,8,0
Karpov.pgn,Karpov,black,"Ljubojevic, Ljubomir",Linares,Linares,1992.??.??,1992,1,"Ljubojevic, Ljubomir","Karpov, Anatoly",2610.0,2725.0,0-1,black_win,win,B10,,120,60.0,17,2,2,0,True,True,9,2,True,0,8,0
Karpov.pgn,Karpov,white,"Short, Nigel D",Candidats sf1,Linares,1992.??.??,1992,1,"Karpov, Anatoly","Short, Nigel D",2725.0,2685.0,1-0,white_win,win,A52,,85,42.5,16,5,2,0,True,True,9,4,True,0,7,1
Karpov.pgn,Karpov,black,"Kasparov, Gary",Linares,Linares,1992.??.??,1992,2,"Kasparov, Gary","Karpov, Anatoly",2780.0,2725.0,1-0,white_win,loss,B17,,81,40.5,16,8,2,0,True,True,8,0,True,0,8,8
Karpov.pgn,Karpov,black,"Short, Nigel D",Candidats sf1,Linares,1992.??.??,1992,2,"Short, Nigel D","Karpov, Anatoly",2685.0,2725.0,1/2-1/2,draw,draw,B12,,63,31.5,6,0,2,0,True,True,3,0,True,0,3,0
Karpov.pgn,Karpov,white,"Anand, Viswanathan",Linares,Linares,1992.??.??,1992,3,"Karpov, Anatoly","Anand, Viswanathan",2725.0,2670.0,1/2-1/2,draw,draw,D20,,85,42.5,18,4,2,0,True,True,9,1,True,0,9,3
Karpov.pgn,Karpov,white,"Short, Nigel D",Candidats sf1,Linares,1992.??.??,1992,3,"Karpov, Anatoly","Short, Nigel D",2725.0,2685.0,1/2-1/2,draw,draw,D20,,187,93.5,27,18,2,1,True,True,13,13,True,0,14,5
Karpov.pgn,Karpov,black,"Speelman, Jonathan S",Linares,Linares,1992.??.??,1992,4,"Speelman, Jonathan S","Karpov, Anatoly",2630.0,2725.0,1/2-1/2,draw,draw,C49,,81,40.5,19,0,2,0,True,True,9,0,True,0,10,0
Karpov.pgn,Karpov,black,"Short, Nigel D",Candidats sf1,Linares,1992.??.??,1992,4,"Short, Nigel D","Karpov, Anatoly",2685.0,2725.0,1-0,white_win,loss,B12,,151,75.5,26,6,2,0,True,True,13,5,True,0,13,1
Karpov.pgn,Karpov,white,"Short, Nigel D",Linares,Linares,1992.??.??,1992,5,"Karpov, Anatoly","Short, Nigel D",2725.0,2685.0,1-0,white_win,win,A91,,73,36.5,19,1,2,1,True,True,10,1,True,1,9,0
Karpov.pgn,Karpov,white,"Short, Nigel D",Candidats sf1,Linares,1992.??.??,1992,5,"Karpov, Anatoly","Short, Nigel D",2725.0,2685.0,1/2-1/2,draw,draw,D20,,134,67.0,20,7,0,0,False,False,10,4,False,0,10,3
Karpov.pgn,Karpov,black,"Illescas Cordoba, Miguel",Linares,Linares,1992.??.??,1992,6,"Illescas Cordoba, Miguel","Karpov, Anatoly",2555.0,2725.0,0-1,black_win,win,C45,,150,75.0,21,8,2,1,True,True,11,5,True,1,10,3
Karpov.pgn,Karpov,black,"Short, Nigel D",Candidats sf1,Linares,1992.??.??,1992,6,"Short, Nigel D","Karpov, Anatoly",2685.0,2725.0,1-0,white_win,loss,C86,,55,27.5,14,0,2,0,True,True,8,0,True,0,6,0
Karpov.pgn,Karpov,white,"Short, Nigel D",Candidats sf1,Linares,1992.??.??,1992,7,"Karpov, Anatoly","Short, Nigel D",2725.0,2685.0,1-0,white_win,win,D58,,89,44.5,19,2,2,0,True,True,9,1,True,0,10,1
Karpov.pgn,Karpov,white,"Salov, Valery",Linares,Linares,1992.??.??,1992,7,"Karpov, Anatoly","Salov, Valery",2725.0,2655.0,1-0,white_win,win,E15,,123,61.5,21,5,2,0,True,True,11,2,True,0,10,3
Karpov.pgn,Karpov,black,"Timman, Jan H",Linares,Linares,1992.??.??,1992,8,"Timman, Jan H","Karpov, Anatoly",2620.0,2725.0,1-0,white_win,loss,B12,,109,54.5,16,6,1,0,True,False,7,1,False,0,9,5
Karpov.pgn,Karpov,black,"Short, Nigel D",Candidats sf1,Linares,1992.??.??,1992,8,"Short, Nigel D","Karpov, Anatoly",2685.0,2725.0,1-0,white_win,loss,C86,,71,35.5,18,1,2,1,True,True,9,0,True,0,9,1
Karpov.pgn,Karpov,white,"Ivanchuk, Vassily",Linares,Linares,1992.??.??,1992,9,"Karpov, Anatoly","Ivanchuk, Vassily",2725.0,2720.0,1/2-1/2,draw,draw,E19,,63,31.5,14,2,2,0,True,True,7,1,True,0,7,1
Karpov.pgn,Karpov,white,"Short, Nigel D",Candidats sf1,Linares,1992.??.??,1992,9,"Karpov, Anatoly","Short, Nigel D",2725.0,2685.0,1/2-1/2,draw,draw,D20,,126,63.0,25,4,2,0,True,True,13,3,True,0,12,1
Karpov.pgn,Karpov,black,"Gelfand, Boris",Linares,Linares,1992.??.??,1992,10,"Gelfand, Boris","Karpov, Anatoly",2665.0,2725.0,1/2-1/2,draw,draw,C45,,47,23.5,14,3,2,0,True,True,7,1,True,0,7,2
Karpov.pgn,Karpov,black,"Short, Nigel D",Candidats sf1,Linares,1992.??.??,1992,10,"Short, Nigel D","Karpov, Anatoly",2685.0,2725.0,1-0,white_win,loss,B63,,81,40.5,20,3,2,0,True,True,9,2,True,0,11,1
Karpov.pgn,Karpov,white,"Bareev, Evgeny",Linares,Linares,1992.??.??,1992,11,"Karpov, Anatoly","Bareev, Evgeny",2725.0,2635.0,0-1,black_win,loss,D10,,114,57.0,25,5,2,0,True,True,12,2,True,0,13,3
Karpov.pgn,Karpov,black,"Beliavsky, Alexander G",Linares,Linares,1992.??.??,1992,12,"Beliavsky, Alexander G","Karpov, Anatoly",2620.0,2725.0,0-1,black_win,win,E15,,88,44.0,21,4,2,0,True,True,12,4,True,0,9,0
Karpov.pgn,Karpov,white,"Jussupow, Artur",Linares,Linares,1992.??.??,1992,13,"Karpov, Anatoly","Jussupow, Artur",2725.0,2655.0,1/2-1/2,draw,draw,E11,,114,57.0,18,4,2,0,True,True,9,3,True,0,9,1
Karpov.pgn,Karpov,black,"San Segundo, Pablo",Madrid,Madrid,1992.??.??,1992,1,"San Segundo, Pablo","Karpov, Anatoly",2415.0,2725.0,0-1,black_win,win,B30,,64,32.0,10,1,2,0,True,True,4,0,True,0,6,1
Karpov.pgn,Karpov,white,"Salov, Valery",Madrid,Madrid,1992.??.??,1992,2,"Karpov, Anatoly","Salov, Valery",2725.0,2655.0,1-0,white_win,win,E17,,91,45.5,19,1,2,0,True,True,10,1,True,0,9,0
Karpov.pgn,Karpov,black,"Magem Badals, Jorge",Madrid,Madrid,1992.??.??,1992,3,"Magem Badals, Jorge","Karpov, Anatoly",2515.0,2725.0,0-1,black_win,win,C92,,82,41.0,13,1,2,0,True,True,6,1,True,0,7,0
Karpov.pgn,Karpov,white,"Polgar, Zsuzsa",Madrid,Madrid,1992.??.??,1992,4,"Karpov, Anatoly","Polgar, Zsuzsa",2725.0,2530.0,1-0,white_win,win,D46,,113,56.5,26,2,2,0,True,True,14,1,True,0,12,1
Karpov.pgn,Karpov,black,"Granda Zuniga, Julio E",Madrid,Madrid,1992.??.??,1992,5,"Granda Zuniga, Julio E","Karpov, Anatoly",2615.0,2725.0,0-1,black_win,win,E15,,82,41.0,14,2,2,0,True,True,8,2,True,0,6,0
Karpov.pgn,Karpov,white,"Epishin, Vladimir",Madrid,Madrid,1992.??.??,1992,6,"Karpov, Anatoly","Epishin, Vladimir",2725.0,2620.0,1/2-1/2,draw,draw,E18,,43,21.5,11,0,2,0,True,True,6,0,True,0,5,0
Karpov.pgn,Karpov,black,"Polgar, Judit",Madrid,Madrid,1992.??.??,1992,7,"Polgar, Judit","Karpov, Anatoly",2550.0,2725.0,1/2-1/2,draw,draw,C10,,35,17.5,6,0,2,0,True,True,3,0,True,0,3,0
Karpov.pgn,Karpov,black,"Romero Holmes, Alfonso",Madrid,Madrid,1992.??.??,1992,8,"Romero Holmes, Alfonso","Karpov, Anatoly",2490.0,2725.0,0-1,black_win,win,C22,,68,34.0,13,5,2,0,True,True,6,1,True,0,7,4
Karpov.pgn,Karpov,white,"Yudasin, Leonid",Madrid,Madrid,1992.??.??,1992,9,"Karpov, Anatoly","Yudasin, Leonid",2725.0,2580.0,1/2-1/2,draw,draw,D43,,124,62.0,25,17,0,0,False,False,13,6,False,0,12,11
Karpov.pgn,Karpov,white,"Gulko, Boris F",Moscow rapid g/15,Moscow,1992.??.??,1992,?,"Karpov, Anatoly","Gulko, Boris F",2715.0,2610.0,1-0,white_win,win,D85,,61,30.5,16,2,1,0,False,True,8,1,False,0,8,1
Karpov.pgn,Karpov,white,"Ivanov, Alexander",Moscow rapid g/15,Moscow,1992.??.??,1992,?,"Karpov, Anatoly","Ivanov, Alexander",2715.0,2545.0,1-0,white_win,win,E15,,69,34.5,12,1,2,0,True,True,6,0,True,0,6,1
Karpov.pgn,Karpov,black,"Yakovich, Yuri",Moscow rapid,Moscow,1992.??.??,1992,?,"Yakovich, Yuri","Karpov, Anatoly",2520.0,2715.0,0-1,black_win,win,E38,,58,29.0,16,2,2,0,True,True,8,2,True,0,8,0
Karpov.pgn,Karpov,black,"Savon, Vladimir A",Moscow rapid,Moscow,1992.??.??,1992,?,"Savon, Vladimir A","Karpov, Anatoly",2420.0,2715.0,0-1,black_win,win,C92,,70,35.0,21,0,2,0,True,True,11,0,True,0,10,0
Karpov.pgn,Karpov,black,"Morozevich, Alexander",Moscow rapid,Moscow,1992.??.??,1992,?,"Morozevich, Alexander","Karpov, Anatoly",2385.0,2715.0,0-1,black_win,win,B10,,60,30.0,13,0,2,0,True,True,7,0,True,0,6,0
Karpov.pgn,Karpov,white,"Sveshnikov, Evgeny",Moscow rapid,Moscow,1992.??.??,1992,?,"Karpov, Anatoly","Sveshnikov, Evgeny",2715.0,2525.0,1/2-1/2,draw,draw,D45,,87,43.5,21,6,2,0,True,True,11,1,True,0,10,5
Karpov.pgn,Karpov,white,"Krasenkow, Michal",Moscow rapid,Moscow,1992.??.??,1992,?,"Karpov, Anatoly","Krasenkow, Michal",2715.0,2555.0,1-0,white_win,win,D85,,67,33.5,14,4,1,0,False,True,7,3,False,0,7,1
Karpov.pgn,Karpov,white,"Akopian, Vladimir",Moscow rapid,Moscow,1992.??.??,1992,?,"Karpov, Anatoly","Akopian, Vladimir",2715.0,2600.0,1/2-1/2,draw,draw,D46,,102,51.0,19,5,2,0,True,True,9,3,True,0,10,2
Karpov.pgn,Karpov,black,"Ivanov, Alexander",Moscow rapid,Moscow,1992.??.??,1992,?,"Ivanov, Alexander","Karpov, Anatoly",2545.0,2715.0,0-1,black_win,win,B17,,40,20.0,9,0,2,0,True,True,5,0,True,0,4,0
Karpov.pgn,Karpov,black,"Gulko, Boris F",Moscow rapid,Moscow,1992.??.??,1992,?,"Gulko, Boris F","Karpov, Anatoly",2610.0,2715.0,1/2-1/2,draw,draw,A25,,109,54.5,25,3,2,0,True,True,13,1,True,0,12,2
Karpov.pgn,Karpov,black,"Shirov, Alexei",Alekhine mem,Moscow,1992.??.??,1992,?,"Shirov, Alexei","Karpov, Anatoly",2710.0,2715.0,1/2-1/2,draw,draw,C47,,107,53.5,24,5,1,0,False,True,12,5,True,0,12,0
Karpov.pgn,Karpov,black,"Salov, Valery",Alekhine mem,Moscow,1992.??.??,1992,?,"Salov, Valery","Karpov, Anatoly",2655.0,2715.0,1/2-1/2,draw,draw,D27,,28,14.0,6,0,2,0,True,True,3,0,True,0,3,0
Karpov.pgn,Karpov,white,"Timman, Jan H",Alekhine mem,Moscow,1992.??.??,1992,?,"Karpov, Anatoly","Timman, Jan H",2715.0,2665.0,1-0,white_win,win,D85,,111,55.5,21,6,1,0,False,True,11,3,False,0,10,3
Karpov.pgn,Karpov,white,"Kamsky, Gata",Alekhine mem,Moscow,1992.??.??,1992,?,"Karpov, Anatoly","Kamsky, Gata",2715.0,2655.0,1-0,white_win,win,D79,,107,53.5,18,7,2,0,True,True,8,4,True,0,10,3
Karpov.pgn,Karpov,white,"Jussupow, Artur",Alekhine mem,Moscow,1992.??.??,1992,?,"Karpov, Anatoly","Jussupow, Artur",2715.0,2640.0,1/2-1/2,draw,draw,D94,,121,60.5,16,2,2,0,True,True,8,1,True,0,8,1
Karpov.pgn,Karpov,white,"Anand, Viswanathan",Alekhine mem,Moscow,1992.??.??,1992,?,"Karpov, Anatoly","Anand, Viswanathan",2715.0,2690.0,0-1,black_win,loss,D47,,100,50.0,19,12,2,0,True,True,9,12,True,0,10,0
Karpov.pgn,Karpov,black,"Gelfand, Boris",Alekhine mem,Moscow,1992.??.??,1992,?,"Gelfand, Boris","Karpov, Anatoly",2685.0,2715.0,1-0,white_win,loss,E12,,73,36.5,17,1,2,0,True,True,9,1,True,0,8,0
Karpov.pgn,Karpov,black,"Bareev, Evgeny",Paris Immopar rapid,Paris,1992.??.??,1992,1,"Bareev, Evgeny","Karpov, Anatoly",2670.0,2715.0,1-0,white_win,loss,E12,,106,53.0,23,4,2,0,True,True,11,0,True,0,12,4
Karpov.pgn,Karpov,white,"Bareev, Evgeny",Paris Immopar rapid,Paris,1992.??.??,1992,1,"Karpov, Anatoly","Bareev, Evgeny",2715.0,2670.0,1-0,white_win,win,D45,,121,60.5,23,7,2,0,True,True,11,0,True,0,12,7
Karpov.pgn,Karpov,black,"Bareev, Evgeny",Paris Immopar rapid,Paris,1992.??.??,1992,1,"Bareev, Evgeny","Karpov, Anatoly",2670.0,2715.0,1-0,white_win,loss,E12,,67,33.5,16,1,2,0,True,True,8,1,True,0,8,0
Karpov.pgn,Karpov,white,"Beliavsky, Alexander G",Reggio Emilia9192,Reggio Emilia,1992.??.??,1992,1,"Karpov, Anatoly","Beliavsky, Alexander G",2730.0,2655.0,1-0,white_win,win,D58,,82,41.0,19,4,2,0,True,True,10,2,True,0,9,2
Karpov.pgn,Karpov,black,"Salov, Valery",Reggio Emilia9192,Reggio Emilia,1992.??.??,1992,2,"Salov, Valery","Karpov, Anatoly",2665.0,2730.0,1/2-1/2,draw,draw,C45,,62,31.0,19,3,2,0,True,True,9,2,True,0,10,1
Karpov.pgn,Karpov,white,"Kasparov, Gary",Reggio Emilia9192,Reggio Emilia,1992.??.??,1992,3,"Karpov, Anatoly","Kasparov, Gary",2730.0,2770.0,1/2-1/2,draw,draw,E88,,121,60.5,25,5,2,0,True,True,12,2,True,0,13,3
Karpov.pgn,Karpov,black,"Khalifman, Alexander",Reggio Emilia9192,Reggio Emilia,1992.??.??,1992,4,"Khalifman, Alexander","Karpov, Anatoly",2630.0,2730.0,1-0,white_win,loss,C92,,85,42.5,17,4,2,1,True,True,9,3,True,1,8,1
Karpov.pgn,Karpov,white,"Gurevich, Mikhail",Reggio Emilia9192,Reggio Emilia,1992.??.??,1992,5,"Karpov, Anatoly","Gurevich, Mikhail",2730.0,2630.0,1-0,white_win,win,D45,,91,45.5,17,2,2,0,True,True,10,1,True,0,7,1
Karpov.pgn,Karpov,black,"Anand, Viswanathan",Reggio Emilia9192,Reggio Emilia,1992.??.??,1992,6,"Anand, Viswanathan","Karpov, Anatoly",2650.0,2730.0,1/2-1/2,draw,draw,B12,,53,26.5,16,1,2,0,True,True,8,0,True,0,8,1
Karpov.pgn,Karpov,white,"Polugaevsky, Lev",Reggio Emilia9192,Reggio Emilia,1992.??.??,1992,7,"Karpov, Anatoly","Polugaevsky, Lev",2730.0,2630.0,1/2-1/2,draw,draw,E15,,46,23.0,6,1,2,0,True,True,3,0,True,0,3,1
Karpov.pgn,Karpov,white,"Ivanchuk, Vassily",Reggio Emilia9192,Reggio Emilia,1992.??.??,1992,8,"Karpov, Anatoly","Ivanchuk, Vassily",2730.0,2735.0,1/2-1/2,draw,draw,D20,,90,45.0,18,11,2,0,True,True,9,10,True,0,9,1
Karpov.pgn,Karpov,black,"Gelfand, Boris",Reggio Emilia9192,Reggio Emilia,1992.??.??,1992,9,"Gelfand, Boris","Karpov, Anatoly",2665.0,2730.0,1/2-1/2,draw,draw,E12,,179,89.5,27,20,2,0,True,True,14,7,True,0,13,13
Karpov.pgn,Karpov,white,"Larsen, Bent",Roquebrune,Roquebrune,1992.??.??,1992,?,"Karpov, Anatoly","Larsen, Bent",2725.0,2535.0,1-0,white_win,win,E16,,70,35.0,18,2,2,0,True,True,9,0,True,0,9,2
Karpov.pgn,Karpov,white,"Ljubojevic, Ljubomir",Roquebrune,Roquebrune,1992.??.??,1992,?,"Karpov, Anatoly","Ljubojevic, Ljubomir",2725.0,2610.0,1/2-1/2,draw,draw,E15,,97,48.5,17,7,2,0,True,True,9,4,True,0,8,3
Karpov.pgn,Karpov,white,"Anand, Viswanathan",Roquebrune,Roquebrune,1992.??.??,1992,?,"Karpov, Anatoly","Anand, Viswanathan",2725.0,2670.0,1/2-1/2,draw,draw,D45,,104,52.0,23,5,2,0,True,True,12,3,True,0,11,2
Karpov.pgn,Karpov,black,"Ivanchuk, Vassily",Roquebrune,Roquebrune,1992.??.??,1992,?,"Ivanchuk, Vassily","Karpov, Anatoly",2720.0,2725.0,0-1,black_win,win,E12,,78,39.0,13,5,2,0,True,True,7,4,True,0,6,1
Karpov.pgn,Karpov,black,"Christiansen, Larry Mark",Roquebrune,Roquebrune,1992.??.??,1992,?,"Christiansen, Larry Mark","Karpov, Anatoly",2595.0,2725.0,1/2-1/2,draw,draw,B17,,107,53.5,26,6,2,0,True,True,13,0,True,0,13,6
Karpov.pgn,Karpov,white,"Seirawan, Yasser",Roquebrune,Roquebrune,1992.??.??,1992,?,"Karpov, Anatoly","Seirawan, Yasser",2725.0,2600.0,0-1,black_win,loss,A56,,105,52.5,17,3,1,0,False,True,10,2,False,0,7,1
Karpov.pgn,Karpov,white,"Kortschnoj, Viktor",Roquebrune,Roquebrune,1992.??.??,1992,?,"Karpov, Anatoly","Kortschnoj, Viktor",2725.0,2585.0,1-0,white_win,win,E11,,89,44.5,19,5,2,0,True,True,10,3,True,0,9,2
Karpov.pgn,Karpov,black,"Polgar, Zsuzsa",Roquebrune,Roquebrune,1992.??.??,1992,?,"Polgar, Zsuzsa","Karpov, Anatoly",2530.0,2725.0,1-0,white_win,loss,E15,,71,35.5,10,3,2,0,True,True,5,2,True,0,5,1
Karpov.pgn,Karpov,black,"Speelman, Jonathan S",Roquebrune,Roquebrune,1992.??.??,1992,?,"Speelman, Jonathan S","Karpov, Anatoly",2630.0,2725.0,1-0,white_win,loss,A46,,88,44.0,19,5,1,0,True,False,9,1,False,0,10,4
Karpov.pgn,Karpov,black,"Polugaevsky, Lev",Roquebrune,Roquebrune,1992.??.??,1992,?,"Polugaevsky, Lev","Karpov, Anatoly",2630.0,2725.0,0-1,black_win,win,A08,,66,33.0,7,0,2,0,True,True,4,0,True,0,3,0
Karpov.pgn,Karpov,black,"Seirawan, Yasser",Roquebrune rapid,Roquebrune,1992.??.??,1992,1,"Seirawan, Yasser","Karpov, Anatoly",2600.0,2725.0,1-0,white_win,loss,E21,,116,58.0,21,5,2,0,True,True,10,3,True,0,11,2
Karpov.pgn,Karpov,black,"Kortschnoj, Viktor",Roquebrune rapid,Roquebrune,1992.??.??,1992,2,"Kortschnoj, Viktor","Karpov, Anatoly",2585.0,2725.0,1/2-1/2,draw,draw,A20,,150,75.0,29,17,2,1,True,True,15,8,True,1,14,9
Karpov.pgn,Karpov,white,"Ivanchuk, Vassily",Roquebrune rapid,Roquebrune,1992.??.??,1992,3,"Karpov, Anatoly","Ivanchuk, Vassily",2725.0,2720.0,1/2-1/2,draw,draw,D20,,100,50.0,23,7,0,0,False,False,12,3,False,0,11,4
Karpov.pgn,Karpov,black,"Polugaevsky, Lev",Roquebrune rapid,Roquebrune,1992.??.??,1992,4,"Polugaevsky, Lev","Karpov, Anatoly",2630.0,2725.0,0-1,black_win,win,E14,,118,59.0,21,11,2,1,True,True,12,2,True,1,9,9
Karpov.pgn,Karpov,white,"Larsen, Bent",Roquebrune rapid,Roquebrune,1992.??.??,1992,5,"Karpov, Anatoly","Larsen, Bent",2725.0,2535.0,1-0,white_win,win,E16,,101,50.5,18,4,2,0,True,True,9,1,True,0,9,3
Karpov.pgn,Karpov,black,"Ljubojevic, Ljubomir",Roquebrune rapid,Roquebrune,1992.??.??,1992,6,"Ljubojevic, Ljubomir","Karpov, Anatoly",2610.0,2725.0,1-0,white_win,loss,B10,,103,51.5,19,7,0,0,False,False,8,2,False,0,11,5
Karpov.pgn,Karpov,white,"Anand, Viswanathan",Roquebrune rapid,Roquebrune,1992.??.??,1992,7,"Karpov, Anatoly","Anand, Viswanathan",2725.0,2670.0,1/2-1/2,draw,draw,A21,,111,55.5,26,6,2,0,True,True,13,4,True,0,13,2
Karpov.pgn,Karpov,black,"Adams, Michael",Roquebrune rapid,Roquebrune,1992.??.??,1992,8,"Adams, Michael","Karpov, Anatoly",2590.0,2725.0,1/2-1/2,draw,draw,D42,,95,47.5,21,5,2,0,True,True,10,0,True,0,11,5
Karpov.pgn,Karpov,white,"Speelman, Jonathan S",Roquebrune rapid,Roquebrune,1992.??.??,1992,9,"Karpov, Anatoly","Speelman, Jonathan S",2725.0,2630.0,1-0,white_win,win,B12,,141,70.5,21,6,2,0,True,True,11,1,True,0,10,5
Karpov.pgn,Karpov,black,"Piket, Jeroen",Roquebrune rapid,Roquebrune,1992.??.??,1992,10,"Piket, Jeroen","Karpov, Anatoly",2615.0,2725.0,1/2-1/2,draw,draw,E22,,143,71.5,23,2,2,0,True,True,11,1,True,0,12,1
Karpov.pgn,Karpov,white,"Polgar, Judit",Roquebrune rapid,Roquebrune,1992.??.??,1992,11,"Karpov, Anatoly","Polgar, Judit",2725.0,2550.0,1-0,white_win,win,E81,,85,42.5,21,9,1,0,False,True,11,3,False,0,10,6
Karpov.pgn,Karpov,white,"Seirawan, Yasser",Roquebrune rapid,Roquebrune,1992.??.??,1992,12,"Karpov, Anatoly","Seirawan, Yasser",2725.0,2600.0,0-1,black_win,loss,A42,,119,59.5,23,11,1,0,True,False,12,5,True,0,11,6
Karpov.pgn,Karpov,white,"Kortschnoj, Viktor",Roquebrune rapid,Roquebrune,1992.??.??,1992,13,"Karpov, Anatoly","Kortschnoj, Viktor",2725.0,2585.0,1/2-1/2,draw,draw,E12,,86,43.0,18,4,2,0,True,True,9,4,True,0,9,0
Karpov.pgn,Karpov,black,"Ivanchuk, Vassily",Roquebrune rapid,Roquebrune,1992.??.??,1992,14,"Ivanchuk, Vassily","Karpov, Anatoly",2720.0,2725.0,1-0,white_win,loss,D42,,79,39.5,17,1,2,0,True,True,9,0,True,0,8,1
Karpov.pgn,Karpov,white,"Polugaevsky, Lev",Roquebrune rapid,Roquebrune,1992.??.??,1992,15,"Karpov, Anatoly","Polugaevsky, Lev",2725.0,2630.0,1-0,white_win,win,E12,,53,26.5,13,2,2,0,True,True,6,1,True,0,7,1
Karpov.pgn,Karpov,black,"Larsen, Bent",Roquebrune rapid,Roquebrune,1992.??.??,1992,16,"Larsen, Bent","Karpov, Anatoly",2535.0,2725.0,0-1,black_win,win,A03,,114,57.0,20,8,2,0,True,True,9,4,True,0,11,4
Karpov.pgn,Karpov,white,"Ljubojevic, Ljubomir",Roquebrune rapid,Roquebrune,1992.??.??,1992,17,"Karpov, Anatoly","Ljubojevic, Ljubomir",2725.0,2610.0,1-0,white_win,win,D58,,103,51.5,19,8,2,1,True,True,10,5,True,1,9,3
Karpov.pgn,Karpov,black,"Anand, Viswanathan",Roquebrune rapid,Roquebrune,1992.??.??,1992,18,"Anand, Viswanathan","Karpov, Anatoly",2670.0,2725.0,1-0,white_win,loss,B12,,103,51.5,22,3,2,0,True,True,10,0,True,0,12,3
Karpov.pgn,Karpov,white,"Adams, Michael",Roquebrune rapid,Roquebrune,1992.??.??,1992,19,"Karpov, Anatoly","Adams, Michael",2725.0,2590.0,1/2-1/2,draw,draw,E11,,153,76.5,28,7,2,0,True,True,14,3,True,0,14,4
Karpov.pgn,Karpov,black,"Speelman, Jonathan S",Roquebrune rapid,Roquebrune,1992.??.??,1992,20,"Speelman, Jonathan S","Karpov, Anatoly",2630.0,2725.0,0-1,black_win,win,E54,,82,41.0,16,1,2,0,True,True,9,0,True,0,7,1
Karpov.pgn,Karpov,white,"Piket, Jeroen",Roquebrune rapid,Roquebrune,1992.??.??,1992,21,"Karpov, Anatoly","Piket, Jeroen",2725.0,2615.0,0-1,black_win,loss,E80,,124,62.0,21,9,1,0,True,False,10,7,True,0,11,2
Karpov.pgn,Karpov,black,"Polgar, Judit",Roquebrune rapid,Roquebrune,1992.??.??,1992,22,"Polgar, Judit","Karpov, Anatoly",2550.0,2725.0,0-1,black_win,win,B13,,124,62.0,21,19,0,0,False,False,12,8,False,0,9,11
Karpov.pgn,Karpov,white,"Porubszki, Georg",St Martin simul,St Martin,1992.??.??,1992,?,"Karpov, Anatoly","Porubszki, Georg",2725.0,,1-0,white_win,win,E96,,96,48.0,20,2,2,0,True,True,10,2,True,0,10,0
Karpov.pgn,Karpov,white,"Bakus, Michel",St Martin simul,St Martin,1992.??.??,1992,?,"Karpov, Anatoly","Bakus, Michel",2725.0,,1-0,white_win,win,D32,,91,45.5,24,5,1,0,False,True,13,4,False,0,11,1
Karpov.pgn,Karpov,white,"Dyson, Peter B",St Martin simul,St Martin,1992.??.??,1992,?,"Karpov, Anatoly","Dyson, Peter B",2725.0,,1-0,white_win,win,E15,,53,26.5,16,0,1,0,True,False,9,0,True,0,7,0
Karpov.pgn,Karpov,white,"Lapalus, P.",St Martin simul,St Martin,1992.??.??,1992,?,"Karpov, Anatoly","Lapalus, P.",2725.0,,1/2-1/2,draw,draw,E16,,83,41.5,17,1,2,0,True,True,9,0,True,0,8,1
Karpov.pgn,Karpov,white,"Jacques, Robert",St Martin simul,St Martin,1992.??.??,1992,?,"Karpov, Anatoly","Jacques, Robert",2725.0,2230.0,0-1,black_win,loss,E87,,144,72.0,25,12,2,1,True,True,12,5,True,0,13,7
Karpov.pgn,Karpov,white,"Shmulevich, Mark",St Martin simul,St Martin,1992.??.??,1992,?,"Karpov, Anatoly","Shmulevich, Mark",2725.0,,1/2-1/2,draw,draw,C17,,86,43.0,22,3,1,0,True,False,11,2,True,0,11,1
Karpov.pgn,Karpov,white,Stuebing,St Martin simul,St Martin,1992.??.??,1992,?,"Karpov, Anatoly",Stuebing,2725.0,,1-0,white_win,win,A16,,44,22.0,10,4,0,0,False,False,5,3,False,0,5,1
Karpov.pgn,Karpov,white,"Trammell, George",St Martin simul,St Martin,1992.??.??,1992,?,"Karpov, Anatoly","Trammell, George",2725.0,,1-0,white_win,win,D85,,155,77.5,27,19,1,1,False,True,13,13,False,1,14,6
Karpov.pgn,Karpov,white,"Chernin, Alexander",Tilburg,Tilburg,1992.??.??,1992,1,"Karpov, Anatoly","Chernin, Alexander",2715.0,2600.0,1/2-1/2,draw,draw,D46,,130,65.0,23,5,2,0,True,True,12,3,True,0,11,2
Karpov.pgn,Karpov,black,"Chernin, Alexander",Tilburg,Tilburg,1992.??.??,1992,2,"Chernin, Alexander","Karpov, Anatoly",2600.0,2715.0,1/2-1/2,draw,draw,E15,,33,16.5,9,1,2,0,True,True,4,1,True,0,5,0
Karpov.pgn,Karpov,white,"Chernin, Alexander",Tilburg rapid,Tilburg,1992.??.??,1992,3,"Karpov, Anatoly","Chernin, Alexander",2715.0,2600.0,0-1,black_win,loss,D10,,112,56.0,25,11,2,1,True,True,12,3,True,1,13,8
Karpov.pgn,Karpov,black,"Chernin, Alexander",Tilburg rapid,Tilburg,1992.??.??,1992,4,"Chernin, Alexander","Karpov, Anatoly",2600.0,2715.0,1/2-1/2,draw,draw,A26,,83,41.5,16,4,2,0,True,True,8,0,True,0,8,4
Karpov.pgn,Karpov,white,"Duer, Arne",AUT-chT,?,1993.??.??,1993,?,"Karpov, Anatoly","Duer, Arne",2725.0,2390.0,1-0,white_win,win,A53,,109,54.5,16,2,2,0,True,True,8,0,True,0,8,2
Karpov.pgn,Karpov,black,"Blatny, Pavel",AUT-chT,?,1993.??.??,1993,?,"Blatny, Pavel","Karpov, Anatoly",2505.0,2725.0,1/2-1/2,draw,draw,C01,,45,22.5,8,1,2,0,True,True,4,1,True,0,4,0
Karpov.pgn,Karpov,white,"Kloster, Josef",Dortmund simul,Dortmund,1993.??.??,1993,?,"Karpov, Anatoly","Kloster, Josef",2725.0,,1/2-1/2,draw,draw,C40,,29,14.5,5,0,2,0,True,True,3,0,True,0,2,0
Karpov.pgn,Karpov,black,"Kamsky, Gata",Dortmund,Dortmund,1993.??.??,1993,1,"Kamsky, Gata","Karpov, Anatoly",2655.0,2725.0,0-1,black_win,win,B17,,98,49.0,21,6,1,0,True,False,11,2,False,0,10,4
Karpov.pgn,Karpov,black,"Lutz, Christopher",Dortmund,Dortmund,1993.??.??,1993,2,"Lutz, Christopher","Karpov, Anatoly",2550.0,2725.0,0-1,black_win,win,E12,,148,74.0,20,8,2,0,True,True,11,8,True,0,9,0
Karpov.pgn,Karpov,white,"Dolmatov, Sergey",Dortmund,Dortmund,1993.??.??,1993,3,"Karpov, Anatoly","Dolmatov, Sergey",2725.0,2615.0,1-0,white_win,win,E89,,71,35.5,14,2,2,0,True,True,7,2,True,0,7,0
Karpov.pgn,Karpov,black,"Lautier, Joel",Dortmund,Dortmund,1993.??.??,1993,4,"Lautier, Joel","Karpov, Anatoly",2645.0,2725.0,1-0,white_win,loss,A29,,75,37.5,17,1,2,0,True,True,8,0,True,0,9,1
Karpov.pgn,Karpov,white,"Serper, Grigory",Dortmund,Dortmund,1993.??.??,1993,5,"Karpov, Anatoly","Serper, Grigory",2725.0,2590.0,1-0,white_win,win,E11,,85,42.5,19,4,2,0,True,True,10,1,True,0,9,3
Karpov.pgn,Karpov,black,"Lobron, Eric",Dortmund,Dortmund,1993.??.??,1993,6,"Lobron, Eric","Karpov, Anatoly",2620.0,2725.0,0-1,black_win,win,A17,,120,60.0,24,3,2,0,True,True,12,1,True,0,12,2
Karpov.pgn,Karpov,white,"Kramnik, Vladimir",Dortmund,Dortmund,1993.??.??,1993,7,"Karpov, Anatoly","Kramnik, Vladimir",2725.0,2685.0,1/2-1/2,draw,draw,D12,,21,10.5,4,0,2,0,True,True,2,0,True,0,2,0
Karpov.pgn,Karpov,white,"Epishin, Vladimir",Dos Hermanas,Dos Hermanas,1993.??.??,1993,1,"Karpov, Anatoly","Epishin, Vladimir",2725.0,2620.0,1/2-1/2,draw,draw,A21,,47,23.5,13,1,2,0,True,True,6,1,True,0,7,0
Karpov.pgn,Karpov,black,"Izeta Txabarri, Felix",Dos Hermanas,Dos Hermanas,1993.??.??,1993,2,"Izeta Txabarri, Felix","Karpov, Anatoly",2505.0,2725.0,0-1,black_win,win,B17,,80,40.0,10,0,2,0,True,True,5,0,True,0,5,0
Karpov.pgn,Karpov,white,"Adams, Michael",Dos Hermanas,Dos Hermanas,1993.??.??,1993,3,"Karpov, Anatoly","Adams, Michael",2725.0,2630.0,1-0,white_win,win,A31,,81,40.5,17,3,2,0,True,True,9,2,True,0,8,1
Karpov.pgn,Karpov,white,"Fernandez Garcia, Jose L",Dos Hermanas,Dos Hermanas,1993.??.??,1993,4,"Karpov, Anatoly","Fernandez Garcia, Jose L",2725.0,2475.0,1-0,white_win,win,D85,,53,26.5,9,0,2,0,True,True,5,0,True,0,4,0
Karpov.pgn,Karpov,black,"Magem Badals, Jorge",Dos Hermanas,Dos Hermanas,1993.??.??,1993,5,"Magem Badals, Jorge","Karpov, Anatoly",2510.0,2725.0,0-1,black_win,win,C92,,66,33.0,10,0,2,0,True,True,5,0,True,0,5,0
Karpov.pgn,Karpov,white,"Yudasin, Leonid",Dos Hermanas,Dos Hermanas,1993.??.??,1993,6,"Karpov, Anatoly","Yudasin, Leonid",2725.0,2610.0,1-0,white_win,win,E15,,111,55.5,18,1,2,0,True,True,10,0,True,0,8,1
Karpov.pgn,Karpov,black,"Khalifman, Alexander",Dos Hermanas,Dos Hermanas,1993.??.??,1993,7,"Khalifman, Alexander","Karpov, Anatoly",2630.0,2725.0,1/2-1/2,draw,draw,D41,,85,42.5,22,10,2,0,True,True,11,3,True,0,11,7
Karpov.pgn,Karpov,white,"Polgar, Judit",Dos Hermanas,Dos Hermanas,1993.??.??,1993,8,"Karpov, Anatoly","Polgar, Judit",2725.0,2595.0,1-0,white_win,win,E62,,101,50.5,24,1,2,0,True,True,13,1,True,0,11,0
Karpov.pgn,Karpov,black,"Rivas Pastor, Manuel",Dos Hermanas,Dos Hermanas,1993.??.??,1993,9,"Rivas Pastor, Manuel","Karpov, Anatoly",2515.0,2725.0,1/2-1/2,draw,draw,D58,,41,20.5,14,0,2,0,True,True,7,0,True,0,7,0
Karpov.pgn,Karpov,white,"Lautier, Joel",FRA,FRA,1993.??.??,1993,?,"Karpov, Anatoly","Lautier, Joel",2725.0,2645.0,1/2-1/2,draw,draw,D38,,73,36.5,21,3,1,0,False,True,11,0,False,0,10,3
Karpov.pgn,Karpov,white,"Kallai, Gabor",FRA,FRA,1993.??.??,1993,?,"Karpov, Anatoly","Kallai, Gabor",2725.0,2450.0,1-0,white_win,win,B31,,85,42.5,10,0,2,0,True,True,6,0,True,0,4,0
Karpov.pgn,Karpov,white,"Chevallier, Didier",FRA,FRA,1993.??.??,1993,?,"Karpov, Anatoly","Chevallier, Didier",2725.0,2295.0,1-0,white_win,win,A50,,85,42.5,19,3,0,0,False,False,10,2,False,0,9,1
Karpov.pgn,Karpov,white,"Belotti, Bruno",FRA,FRA,1993.??.??,1993,?,"Karpov, Anatoly","Belotti, Bruno",2725.0,2410.0,1-0,white_win,win,A57,,99,49.5,12,1,2,0,True,True,6,1,True,0,6,0
Karpov.pgn,Karpov,black,"Pinter, Jozsef",FRA,FRA,1993.??.??,1993,?,"Pinter, Jozsef","Karpov, Anatoly",2580.0,2725.0,1/2-1/2,draw,draw,E16,,175,87.5,23,12,2,0,True,True,11,9,True,0,12,3
Karpov.pgn,Karpov,black,"Gurevich, Mikhail",EUCup f,Hilversum,1993.??.??,1993,2,"Gurevich, Mikhail","Karpov, Anatoly",2605.0,2760.0,1/2-1/2,draw,draw,A28,,101,50.5,18,4,2,0,True,True,10,0,True,0,8,4
Karpov.pgn,Karpov,white,"Ekstroem, Roland",EUCup f,Hilversum,1993.??.??,1993,3,"Karpov, Anatoly","Ekstroem, Roland",2760.0,2420.0,1-0,white_win,win,D36,,69,34.5,18,0,2,0,True,True,10,0,True,0,8,0
Karpov.pgn,Karpov,black,"Leko, Peter",Leon,Leon,1993.??.??,1993,1,"Leko, Peter","Karpov, Anatoly",2465.0,2725.0,1/2-1/2,draw,draw,B11,,139,69.5,20,10,2,0,True,True,10,6,True,0,10,4
Karpov.pgn,Karpov,white,"Morovic Fernandez, Ivan",Leon,Leon,1993.??.??,1993,2,"Karpov, Anatoly","Morovic Fernandez, Ivan",2725.0,2570.0,1/2-1/2,draw,draw,D45,,174,87.0,25,13,2,0,True,True,13,9,True,0,12,4
Karpov.pgn,Karpov,black,"Garcia Ilundain, David",Leon,Leon,1993.??.??,1993,3,"Garcia Ilundain, David","Karpov, Anatoly",2475.0,2725.0,1/2-1/2,draw,draw,E15,,89,44.5,12,1,2,0,True,True,6,1,True,0,6,0
Karpov.pgn,Karpov,black,"Sion Castro, Marcelino",Leon,Leon,1993.??.??,1993,4,"Sion Castro, Marcelino","Karpov, Anatoly",2390.0,2725.0,0-1,black_win,win,B17,,70,35.0,15,2,2,0,True,True,8,1,True,0,7,1
Karpov.pgn,Karpov,white,"Romero Holmes, Alfonso",Leon,Leon,1993.??.??,1993,5,"Karpov, Anatoly","Romero Holmes, Alfonso",2725.0,2210.0,1/2-1/2,draw,draw,E81,,99,49.5,25,3,2,0,True,True,12,2,True,0,13,1
Karpov.pgn,Karpov,black,"Vyzmanavin, Alexey",Leon,Leon,1993.??.??,1993,6,"Vyzmanavin, Alexey","Karpov, Anatoly",2620.0,2725.0,1/2-1/2,draw,draw,E15,,30,15.0,4,1,2,0,True,True,2,1,True,0,2,0
Karpov.pgn,Karpov,white,"Topalov, Veselin",Leon,Leon,1993.??.??,1993,7,"Karpov, Anatoly","Topalov, Veselin",2725.0,2635.0,1/2-1/2,draw,draw,E81,,144,72.0,25,13,1,0,False,True,13,7,False,0,12,6
Karpov.pgn,Karpov,black,"Yudasin, Leonid",Leon,Leon,1993.??.??,1993,8,"Yudasin, Leonid","Karpov, Anatoly",2610.0,2725.0,1/2-1/2,draw,draw,E11,,35,17.5,8,4,0,0,False,False,4,4,False,0,4,0
Karpov.pgn,Karpov,white,"Illescas Cordoba, Miguel",Leon,Leon,1993.??.??,1993,9,"Karpov, Anatoly","Illescas Cordoba, Miguel",2725.0,2615.0,1-0,white_win,win,D34,,71,35.5,16,1,2,0,True,True,8,0,True,0,8,1
Karpov.pgn,Karpov,white,"Salov, Valery",Linares,Linares,1993.??.??,1993,1,"Karpov, Anatoly","Salov, Valery",2725.0,2660.0,1-0,white_win,win,E18,,65,32.5,11,1,2,0,True,True,6,1,True,0,5,0
Karpov.pgn,Karpov,black,"Timman, Jan H",Linares,Linares,1993.??.??,1993,2,"Timman, Jan H","Karpov, Anatoly",2635.0,2725.0,1-0,white_win,loss,A17,,70,35.0,10,0,2,0,True,True,5,0,True,0,5,0
Karpov.pgn,Karpov,white,"Beliavsky, Alexander G",Linares,Linares,1993.??.??,1993,3,"Karpov, Anatoly","Beliavsky, Alexander G",2725.0,2610.0,1-0,white_win,win,E15,,82,41.0,21,7,2,0,True,True,11,5,True,0,10,2
Karpov.pgn,Karpov,black,"Anand, Viswanathan",Linares,Linares,1993.??.??,1993,4,"Anand, Viswanathan","Karpov, Anatoly",2710.0,2725.0,1/2-1/2,draw,draw,C10,,75,37.5,14,0,2,0,True,True,7,0,True,0,7,0
Karpov.pgn,Karpov,white,"Ivanchuk, Vassily",Linares,Linares,1993.??.??,1993,5,"Karpov, Anatoly","Ivanchuk, Vassily",2725.0,2710.0,1/2-1/2,draw,draw,E17,,84,42.0,26,3,2,0,True,True,13,1,True,0,13,2
Karpov.pgn,Karpov,white,"Gelfand, Boris",Linares,Linares,1993.??.??,1993,6,"Karpov, Anatoly","Gelfand, Boris",2725.0,2690.0,1-0,white_win,win,D43,,89,44.5,17,4,2,0,True,True,9,4,True,0,8,0
Karpov.pgn,Karpov,black,"Shirov, Alexei",Linares,Linares,1993.??.??,1993,7,"Shirov, Alexei","Karpov, Anatoly",2670.0,2725.0,1/2-1/2,draw,draw,E12,,53,26.5,12,2,2,0,True,True,6,1,True,0,6,1
Karpov.pgn,Karpov,white,"Kamsky, Gata",Linares,Linares,1993.??.??,1993,8,"Karpov, Anatoly","Kamsky, Gata",2725.0,2655.0,1-0,white_win,win,E89,,153,76.5,25,9,1,0,False,True,12,2,False,0,13,7
Karpov.pgn,Karpov,black,"Ljubojevic, Ljubomir",Linares,Linares,1993.??.??,1993,9,"Ljubojevic, Ljubomir","Karpov, Anatoly",2605.0,2725.0,0-1,black_win,win,A28,,80,40.0,13,4,2,0,True,True,7,3,True,0,6,1
Karpov.pgn,Karpov,white,"Kasparov, Gary",Linares,Linares,1993.??.??,1993,10,"Karpov, Anatoly","Kasparov, Gary",2725.0,2805.0,0-1,black_win,loss,E86,,54,27.0,13,2,1,1,False,True,7,0,False,0,6,2
Karpov.pgn,Karpov,black,"Jussupow, Artur",Linares,Linares,1993.??.??,1993,11,"Jussupow, Artur","Karpov, Anatoly",2645.0,2725.0,0-1,black_win,win,E29,,80,40.0,27,7,2,0,True,True,14,2,True,0,13,5
Karpov.pgn,Karpov,white,"Kramnik, Vladimir",Linares,Linares,1993.??.??,1993,12,"Karpov, Anatoly","Kramnik, Vladimir",2725.0,2685.0,1/2-1/2,draw,draw,B13,,198,99.0,24,27,1,0,True,False,12,15,True,0,12,12
Karpov.pgn,Karpov,black,"Bareev, Evgeny",Linares,Linares,1993.??.??,1993,13,"Bareev, Evgeny","Karpov, Anatoly",2670.0,2725.0,1/2-1/2,draw,draw,E32,,86,43.0,19,4,2,0,True,True,9,3,True,0,10,1
Karpov.pgn,Karpov,white,"Polgar, Zsuzsa",Amber-rapid 2nd,Monte Carlo,1993.??.??,1993,1,"Karpov, Anatoly","Polgar, Zsuzsa",2725.0,2560.0,1/2-1/2,draw,draw,D20,,97,48.5,24,9,0,0,False,False,12,5,False,0,12,4
Karpov.pgn,Karpov,black,"Polgar, Zsuzsa",Amber-blind 2nd,Monte Carlo,1993.??.??,1993,1,"Polgar, Zsuzsa","Karpov, Anatoly",2560.0,2725.0,0-1,black_win,win,E15,,104,52.0,22,6,2,0,True,True,11,2,True,0,11,4
Karpov.pgn,Karpov,black,"Christiansen, Larry Mark",Amber-rapid 2nd,Monte Carlo,1993.??.??,1993,2,"Christiansen, Larry Mark","Karpov, Anatoly",2620.0,2725.0,0-1,black_win,win,C10,,114,57.0,26,4,2,0,True,True,14,1,True,0,12,3
Karpov.pgn,Karpov,white,"Christiansen, Larry Mark",Amber-blind 2nd,Monte Carlo,1993.??.??,1993,2,"Karpov, Anatoly","Christiansen, Larry Mark",2725.0,2620.0,1-0,white_win,win,A55,,89,44.5,13,2,2,0,True,True,7,2,True,0,6,0
Karpov.pgn,Karpov,black,"Seirawan, Yasser",Amber-blind 2nd,Monte Carlo,1993.??.??,1993,3,"Seirawan, Yasser","Karpov, Anatoly",2595.0,2725.0,0-1,black_win,win,C69,,72,36.0,17,1,2,0,True,True,9,1,True,0,8,0
Karpov.pgn,Karpov,white,"Seirawan, Yasser",Amber-rapid 2nd,Monte Carlo,1993.??.??,1993,3,"Karpov, Anatoly","Seirawan, Yasser",2725.0,2595.0,1/2-1/2,draw,draw,D41,,65,32.5,19,3,2,0,True,True,9,1,True,0,10,2
Karpov.pgn,Karpov,white,"Kortschnoj, Viktor",Amber-blind 2nd,Monte Carlo,1993.??.??,1993,4,"Karpov, Anatoly","Kortschnoj, Viktor",2725.0,2605.0,1-0,white_win,win,E12,,77,38.5,17,3,2,0,True,True,9,2,True,0,8,1
Karpov.pgn,Karpov,black,"Kortschnoj, Viktor",Amber-rapid 2nd,Monte Carlo,1993.??.??,1993,4,"Kortschnoj, Viktor","Karpov, Anatoly",2605.0,2725.0,1/2-1/2,draw,draw,A17,,108,54.0,16,1,2,0,True,True,8,0,True,0,8,1
Karpov.pgn,Karpov,black,"Polgar, Judit",Amber-blind 2nd,Monte Carlo,1993.??.??,1993,5,"Polgar, Judit","Karpov, Anatoly",2595.0,2725.0,1-0,white_win,loss,B14,,63,31.5,12,1,2,0,True,True,5,1,True,0,7,0
Karpov.pgn,Karpov,white,"Polgar, Judit",Amber-rapid 2nd,Monte Carlo,1993.??.??,1993,5,"Karpov, Anatoly","Polgar, Judit",2725.0,2595.0,0-1,black_win,loss,A48,,56,28.0,10,0,2,0,True,True,5,0,True,0,5,0
Karpov.pgn,Karpov,white,"Piket, Jeroen",Amber-blind 2nd,Monte Carlo,1993.??.??,1993,6,"Karpov, Anatoly","Piket, Jeroen",2725.0,2245.0,1-0,white_win,win,E82,,77,38.5,15,0,2,0,True,True,8,0,True,0,7,0
Karpov.pgn,Karpov,black,"Piket, Jeroen",Amber-rapid 2nd,Monte Carlo,1993.??.??,1993,6,"Piket, Jeroen","Karpov, Anatoly",2245.0,2725.0,1/2-1/2,draw,draw,E15,,145,72.5,26,5,2,0,True,True,13,3,True,0,13,2
Karpov.pgn,Karpov,white,"Polugaevsky, Lev",Amber-rapid 2nd,Monte Carlo,1993.??.??,1993,7,"Karpov, Anatoly","Polugaevsky, Lev",2725.0,2635.0,1/2-1/2,draw,draw,E32,,121,60.5,23,6,2,0,True,True,11,2,True,0,12,4
Karpov.pgn,Karpov,black,"Polugaevsky, Lev",Amber-blind 2nd,Monte Carlo,1993.??.??,1993,7,"Polugaevsky, Lev","Karpov, Anatoly",2635.0,2725.0,1/2-1/2,draw,draw,E18,,78,39.0,18,3,2,0,True,True,9,1,True,0,9,2
Karpov.pgn,Karpov,white,"Anand, Viswanathan",Amber-blind 2nd,Monte Carlo,1993.??.??,1993,8,"Karpov, Anatoly","Anand, Viswanathan",2725.0,2710.0,1/2-1/2,draw,draw,D18,,92,46.0,18,0,2,0,True,True,9,0,True,0,9,0
Karpov.pgn,Karpov,black,"Anand, Viswanathan",Amber-rapid 2nd,Monte Carlo,1993.??.??,1993,8,"Anand, Viswanathan","Karpov, Anatoly",2710.0,2725.0,0-1,black_win,win,B17,,136,68.0,24,5,2,0,True,True,13,4,True,0,11,1
Karpov.pgn,Karpov,white,"Short, Nigel D",Amber-rapid 2nd,Monte Carlo,1993.??.??,1993,9,"Karpov, Anatoly","Short, Nigel D",2725.0,2655.0,1/2-1/2,draw,draw,D58,,81,40.5,23,1,2,0,True,True,11,1,True,0,12,0
Karpov.pgn,Karpov,black,"Short, Nigel D",Amber-blind 2nd,Monte Carlo,1993.??.??,1993,9,"Short, Nigel D","Karpov, Anatoly",2655.0,2725.0,0-1,black_win,win,B11,,100,50.0,22,9,2,0,True,True,12,4,True,0,10,5
Karpov.pgn,Karpov,black,"Ivanchuk, Vassily",Amber-rapid 2nd,Monte Carlo,1993.??.??,1993,10,"Ivanchuk, Vassily","Karpov, Anatoly",2710.0,2725.0,1-0,white_win,loss,C92,,79,39.5,18,3,2,0,True,True,9,1,True,0,9,2
Karpov.pgn,Karpov,white,"Ivanchuk, Vassily",Amber-blind 2nd,Monte Carlo,1993.??.??,1993,10,"Karpov, Anatoly","Ivanchuk, Vassily",2725.0,2710.0,1-0,white_win,win,E81,,102,51.0,21,1,1,0,False,True,11,1,False,0,10,0
Karpov.pgn,Karpov,white,"Ljubojevic, Ljubomir",Amber-rapid 2nd,Monte Carlo,1993.??.??,1993,11,"Karpov, Anatoly","Ljubojevic, Ljubomir",2725.0,2605.0,0-1,black_win,loss,E16,,118,59.0,18,12,2,0,True,True,8,7,True,0,10,5
Karpov.pgn,Karpov,black,"Ljubojevic, Ljubomir",Amber-blind 2nd,Monte Carlo,1993.??.??,1993,11,"Ljubojevic, Ljubomir","Karpov, Anatoly",2605.0,2725.0,1/2-1/2,draw,draw,B10,,113,56.5,26,2,2,0,True,True,13,0,True,0,13,2
Karpov.pgn,Karpov,white,"Smyslov, Vassily",Moscow blitz,Moscow,1993.??.??,1993,?,"Karpov, Anatoly","Smyslov, Vassily",2725.0,2530.0,1-0,white_win,win,A91,,72,36.0,20,1,2,0,True,True,11,0,True,0,9,1
Karpov.pgn,Karpov,white,"Timman, Jan H",Moscow blitz,Moscow,1993.??.??,1993,?,"Karpov, Anatoly","Timman, Jan H",2725.0,2635.0,1-0,white_win,win,A70,,69,34.5,16,4,2,0,True,True,8,1,True,0,8,3
Karpov.pgn,Karpov,black,"Bareev, Evgeny",Moscow blitz,Moscow,1993.??.??,1993,?,"Bareev, Evgeny","Karpov, Anatoly",2670.0,2725.0,0-1,black_win,win,E12,,78,39.0,15,1,2,0,True,True,8,1,True,0,7,0
Karpov.pgn,Karpov,black,"Goldin, Alexander",Moscow blitz,Moscow,1993.??.??,1993,?,"Goldin, Alexander","Karpov, Anatoly",2555.0,2725.0,0-1,black_win,win,D01,,80,40.0,17,4,2,0,True,True,9,4,True,0,8,0
Karpov.pgn,Karpov,black,"Ivanchuk, Vassily",Moscow blitz,Moscow,1993.??.??,1993,?,"Ivanchuk, Vassily","Karpov, Anatoly",2710.0,2725.0,0-1,black_win,win,E32,,64,32.0,16,2,1,0,False,True,9,2,True,0,7,0
Karpov.pgn,Karpov,white,"Budnikov, Alexandar",Moscow blitz,Moscow,1993.??.??,1993,?,"Karpov, Anatoly","Budnikov, Alexandar",2725.0,2520.0,1-0,white_win,win,A52,,53,26.5,11,1,2,0,True,True,6,0,True,0,5,1
Karpov.pgn,Karpov,black,"Ljubojevic, Ljubomir",Moscow blitz,Moscow,1993.??.??,1993,?,"Ljubojevic, Ljubomir","Karpov, Anatoly",2605.0,2725.0,1/2-1/2,draw,draw,A22,,47,23.5,13,0,2,0,True,True,6,0,True,0,7,0
Karpov.pgn,Karpov,black,"Vaganian, Rafael A",Moscow blitz,Moscow,1993.??.??,1993,?,"Vaganian, Rafael A","Karpov, Anatoly",2615.0,2725.0,1/2-1/2,draw,draw,A07,,56,28.0,12,0,2,0,True,True,6,0,True,0,6,0
Karpov.pgn,Karpov,white,"Dreev, Alexey",Moscow blitz,Moscow,1993.??.??,1993,?,"Karpov, Anatoly","Dreev, Alexey",2725.0,2560.0,0-1,black_win,loss,D45,,79,39.5,12,1,2,0,True,True,6,1,True,0,6,0
Karpov.pgn,Karpov,black,"Shirov, Alexei",Moscow blitz,Moscow,1993.??.??,1993,?,"Shirov, Alexei","Karpov, Anatoly",2670.0,2725.0,0-1,black_win,win,E25,,76,38.0,18,2,2,0,True,True,9,2,True,0,9,0
Karpov.pgn,Karpov,black,"Sherbakov, Ruslan",Moscow blitz,Moscow,1993.??.??,1993,?,"Sherbakov, Ruslan","Karpov, Anatoly",2570.0,2725.0,0-1,black_win,win,E32,,80,40.0,17,2,1,0,False,True,9,2,True,0,8,0
Karpov.pgn,Karpov,white,"Ivanovic, Bozidar",Moscow blitz,Moscow,1993.??.??,1993,?,"Karpov, Anatoly","Ivanovic, Bozidar",2725.0,2470.0,1-0,white_win,win,D94,,43,21.5,6,1,2,0,True,True,3,0,True,0,3,1
Karpov.pgn,Karpov,black,"Timman, Jan H",FIDE-Wch,NLD/INA,1993.??.??,1993,1,"Timman, Jan H","Karpov, Anatoly",2620.0,2760.0,0-1,black_win,win,B17,,112,56.0,21,11,1,0,False,True,11,2,True,0,10,9
Karpov.pgn,Karpov,white,"Timman, Jan H",FIDE-Wch,NLD/INA,1993.??.??,1993,2,"Karpov, Anatoly","Timman, Jan H",2760.0,2620.0,0-1,black_win,loss,E15,,92,46.0,23,5,2,0,True,True,12,0,True,0,11,5
Karpov.pgn,Karpov,black,"Timman, Jan H",FIDE-Wch,NLD/INA,1993.??.??,1993,3,"Timman, Jan H","Karpov, Anatoly",2620.0,2760.0,1/2-1/2,draw,draw,B17,,97,48.5,18,4,1,0,False,True,9,4,True,0,9,0
Karpov.pgn,Karpov,white,"Timman, Jan H",FIDE-Wch,NLD/INA,1993.??.??,1993,4,"Karpov, Anatoly","Timman, Jan H",2760.0,2620.0,1/2-1/2,draw,draw,D43,,40,20.0,10,3,2,0,True,True,5,2,True,0,5,1
Karpov.pgn,Karpov,black,"Timman, Jan H",FIDE-Wch,NLD/INA,1993.??.??,1993,5,"Timman, Jan H","Karpov, Anatoly",2620.0,2760.0,1/2-1/2,draw,draw,A29,,109,54.5,19,5,2,0,True,True,9,1,True,0,10,4
Karpov.pgn,Karpov,white,"Timman, Jan H",FIDE-Wch,NLD/INA,1993.??.??,1993,6,"Karpov, Anatoly","Timman, Jan H",2760.0,2620.0,1-0,white_win,win,D39,,65,32.5,13,7,1,0,True,False,7,5,True,0,6,2
Karpov.pgn,Karpov,black,"Timman, Jan H",FIDE-Wch,NLD/INA,1993.??.??,1993,7,"Timman, Jan H","Karpov, Anatoly",2620.0,2760.0,1/2-1/2,draw,draw,B17,,41,20.5,8,3,1,0,False,True,4,3,True,0,4,0
Karpov.pgn,Karpov,white,"Timman, Jan H",FIDE-Wch,NLD/INA,1993.??.??,1993,8,"Karpov, Anatoly","Timman, Jan H",2760.0,2620.0,1/2-1/2,draw,draw,D39,,55,27.5,14,2,2,0,True,True,7,0,True,0,7,2
Karpov.pgn,Karpov,black,"Timman, Jan H",FIDE-Wch,NLD/INA,1993.??.??,1993,9,"Timman, Jan H","Karpov, Anatoly",2620.0,2760.0,1/2-1/2,draw,draw,A46,,93,46.5,16,2,2,0,True,True,8,0,True,0,8,2
Karpov.pgn,Karpov,white,"Timman, Jan H",FIDE-Wch,NLD/INA,1993.??.??,1993,10,"Karpov, Anatoly","Timman, Jan H",2760.0,2620.0,1-0,white_win,win,D85,,105,52.5,21,10,1,0,False,True,10,6,False,0,11,4
Karpov.pgn,Karpov,black,"Timman, Jan H",FIDE-Wch,NLD/INA,1993.??.??,1993,11,"Timman, Jan H","Karpov, Anatoly",2620.0,2760.0,1/2-1/2,draw,draw,E15,,21,10.5,0,1,2,0,True,True,0,1,True,0,0,0
Karpov.pgn,Karpov,white,"Timman, Jan H",FIDE-Wch,NLD/INA,1993.??.??,1993,12,"Karpov, Anatoly","Timman, Jan H",2760.0,2620.0,1/2-1/2,draw,draw,D79,,102,51.0,16,2,2,0,True,True,8,2,True,0,8,0
Karpov.pgn,Karpov,black,"Timman, Jan H",FIDE-Wch,NLD/INA,1993.??.??,1993,13,"Timman, Jan H","Karpov, Anatoly",2620.0,2760.0,1/2-1/2,draw,draw,A12,,53,26.5,14,0,2,0,True,True,7,0,True,0,7,0
Karpov.pgn,Karpov,white,"Timman, Jan H",FIDE-Wch,NLD/INA,1993.??.??,1993,14,"Karpov, Anatoly","Timman, Jan H",2760.0,2620.0,1-0,white_win,win,D39,,105,52.5,23,3,2,0,True,True,11,1,True,0,12,2
Karpov.pgn,Karpov,black,"Timman, Jan H",FIDE-Wch,NLD/INA,1993.??.??,1993,15,"Timman, Jan H","Karpov, Anatoly",2620.0,2760.0,0-1,black_win,win,E32,,68,34.0,16,4,1,0,False,True,9,4,True,0,7,0
Karpov.pgn,Karpov,white,"Timman, Jan H",FIDE-Wch,NLD/INA,1993.??.??,1993,16,"Karpov, Anatoly","Timman, Jan H",2760.0,2620.0,1-0,white_win,win,E81,,117,58.5,20,4,2,0,True,True,10,2,True,0,10,2
Karpov.pgn,Karpov,black,"Timman, Jan H",FIDE-Wch,NLD/INA,1993.??.??,1993,17,"Timman, Jan H","Karpov, Anatoly",2620.0,2760.0,1/2-1/2,draw,draw,B12,,66,33.0,12,7,0,0,False,False,6,1,False,0,6,6
Karpov.pgn,Karpov,white,"Timman, Jan H",FIDE-Wch,NLD/INA,1993.??.??,1993,18,"Karpov, Anatoly","Timman, Jan H",2760.0,2620.0,1/2-1/2,draw,draw,E81,,76,38.0,20,7,2,0,True,True,10,2,True,0,10,5
Karpov.pgn,Karpov,black,"Timman, Jan H",FIDE-Wch,NLD/INA,1993.??.??,1993,19,"Timman, Jan H","Karpov, Anatoly",2620.0,2760.0,1/2-1/2,draw,draw,E12,,85,42.5,25,4,0,0,False,False,12,0,False,0,13,4
Karpov.pgn,Karpov,white,"Timman, Jan H",FIDE-Wch,NLD/INA,1993.??.??,1993,20,"Karpov, Anatoly","Timman, Jan H",2760.0,2620.0,0-1,black_win,loss,A33,,80,40.0,18,7,1,0,False,True,9,0,False,0,9,7
Karpov.pgn,Karpov,black,"Timman, Jan H",FIDE-Wch,NLD/INA,1993.??.??,1993,21,"Timman, Jan H","Karpov, Anatoly",2620.0,2760.0,1/2-1/2,draw,draw,E32,,37,18.5,7,1,2,0,True,True,3,1,True,0,4,0
Karpov.pgn,Karpov,white,"Romanishin, Oleg M",Tilburg,Tilburg,1993.??.??,1993,2,"Karpov, Anatoly","Romanishin, Oleg M",2760.0,2615.0,1-0,white_win,win,E15,,75,37.5,18,3,2,0,True,True,9,1,True,0,9,2
Karpov.pgn,Karpov,black,"Romanishin, Oleg M",Tilburg,Tilburg,1993.??.??,1993,2,"Romanishin, Oleg M","Karpov, Anatoly",2615.0,2760.0,1/2-1/2,draw,draw,E15,,163,81.5,23,13,2,0,True,True,11,4,True,0,12,9
Karpov.pgn,Karpov,black,"Vyzmanavin, Alexey",Tilburg rapid20,Tilburg,1993.??.??,1993,3,"Vyzmanavin, Alexey","Karpov, Anatoly",2605.0,2760.0,0-1,black_win,win,E14,,82,41.0,18,1,2,0,True,True,10,0,True,0,8,1
Karpov.pgn,Karpov,black,"Vyzmanavin, Alexey",Tilburg,Tilburg,1993.??.??,1993,3,"Vyzmanavin, Alexey","Karpov, Anatoly",2605.0,2760.0,1/2-1/2,draw,draw,E15,,35,17.5,8,1,2,0,True,True,4,1,True,0,4,0
Karpov.pgn,Karpov,white,"Vyzmanavin, Alexey",Tilburg rapid20,Tilburg,1993.??.??,1993,3,"Karpov, Anatoly","Vyzmanavin, Alexey",2760.0,2605.0,1-0,white_win,win,E15,,85,42.5,18,2,2,0,True,True,8,0,True,0,10,2
Karpov.pgn,Karpov,white,"Vyzmanavin, Alexey",Tilburg,Tilburg,1993.??.??,1993,3,"Karpov, Anatoly","Vyzmanavin, Alexey",2760.0,2605.0,1/2-1/2,draw,draw,A29,,84,42.0,16,1,2,0,True,True,8,0,True,0,8,1
Karpov.pgn,Karpov,black,"Kaidanov, Grigory S",Tilburg rapid20,Tilburg,1993.??.??,1993,4,"Kaidanov, Grigory S","Karpov, Anatoly",2640.0,2760.0,0-1,black_win,win,E05,,116,58.0,16,1,2,0,True,True,9,1,True,0,7,0
Karpov.pgn,Karpov,white,"Kaidanov, Grigory S",Tilburg,Tilburg,1993.??.??,1993,4,"Karpov, Anatoly","Kaidanov, Grigory S",2760.0,2640.0,1/2-1/2,draw,draw,D45,,92,46.0,22,2,2,0,True,True,11,2,True,0,11,0
Karpov.pgn,Karpov,black,"Kaidanov, Grigory S",Tilburg,Tilburg,1993.??.??,1993,4,"Kaidanov, Grigory S","Karpov, Anatoly",2640.0,2760.0,1/2-1/2,draw,draw,E05,,33,16.5,4,0,2,0,True,True,2,0,True,0,2,0
Karpov.pgn,Karpov,white,"Kaidanov, Grigory S",Tilburg rapid20,Tilburg,1993.??.??,1993,4,"Karpov, Anatoly","Kaidanov, Grigory S",2760.0,2640.0,1/2-1/2,draw,draw,D30,,96,48.0,22,5,2,0,True,True,11,2,True,0,11,3
Karpov.pgn,Karpov,black,"Jussupow, Artur",Tilburg,Tilburg,1993.??.??,1993,5,"Jussupow, Artur","Karpov, Anatoly",2630.0,2760.0,1/2-1/2,draw,draw,E54,,39,19.5,15,0,2,0,True,True,7,0,True,0,8,0
Karpov.pgn,Karpov,white,"Jussupow, Artur",Tilburg,Tilburg,1993.??.??,1993,5,"Karpov, Anatoly","Jussupow, Artur",2760.0,2630.0,1-0,white_win,win,E17,,113,56.5,15,1,2,0,True,True,7,1,True,0,8,0
Karpov.pgn,Karpov,white,"Beliavsky, Alexander G",Tilburg,Tilburg,1993.??.??,1993,6,"Karpov, Anatoly","Beliavsky, Alexander G",2760.0,2635.0,1/2-1/2,draw,draw,D37,,70,35.0,20,2,2,0,True,True,10,1,True,0,10,1
Karpov.pgn,Karpov,black,"Beliavsky, Alexander G",Tilburg,Tilburg,1993.??.??,1993,6,"Beliavsky, Alexander G","Karpov, Anatoly",2635.0,2760.0,0-1,black_win,win,B17,,122,61.0,24,6,2,0,True,True,12,5,True,0,12,1
Karpov.pgn,Karpov,black,"Ivanchuk, Vassily",Tilburg rapid20,Tilburg,1993.??.??,1993,7,"Ivanchuk, Vassily","Karpov, Anatoly",2705.0,2760.0,0-1,black_win,win,B12,,104,52.0,25,13,0,2,False,False,13,11,False,1,12,2
Karpov.pgn,Karpov,white,"Ivanchuk, Vassily",Tilburg rapid20,Tilburg,1993.??.??,1993,7,"Karpov, Anatoly","Ivanchuk, Vassily",2760.0,2705.0,1/2-1/2,draw,draw,D45,,73,36.5,20,1,2,0,True,True,10,1,True,0,10,0
Karpov.pgn,Karpov,white,"Ivanchuk, Vassily",Tilburg,Tilburg,1993.??.??,1993,7,"Karpov, Anatoly","Ivanchuk, Vassily",2760.0,2705.0,1/2-1/2,draw,draw,A84,,94,47.0,16,2,2,0,True,True,8,1,True,0,8,1
Karpov.pgn,Karpov,black,"Ivanchuk, Vassily",Tilburg,Tilburg,1993.??.??,1993,7,"Ivanchuk, Vassily","Karpov, Anatoly",2705.0,2760.0,1/2-1/2,draw,draw,B17,,139,69.5,24,8,2,1,True,True,13,2,True,0,11,6
Karpov.pgn,Karpov,white,"Christiansen, Larry Mark",Wijk m rapid,Wijk aan Zee,1993.??.??,1993,2,"Karpov, Anatoly","Christiansen, Larry Mark",2725.0,2620.0,1-0,white_win,win,E15,,103,51.5,24,7,2,0,True,True,14,5,True,0,10,2
Karpov.pgn,Karpov,white,"Christiansen, Larry Mark",Wijk m rapid,Wijk aan Zee,1993.??.??,1993,2,"Karpov, Anatoly","Christiansen, Larry Mark",2725.0,2620.0,1-0,white_win,win,A57,,77,38.5,21,6,1,0,False,True,11,0,False,0,10,6
Karpov.pgn,Karpov,white,"Christiansen, Larry Mark",Wijk m,Wijk aan Zee,1993.??.??,1993,2,"Karpov, Anatoly","Christiansen, Larry Mark",2725.0,2620.0,1-0,white_win,win,E15,,93,46.5,20,4,2,0,True,True,10,1,True,0,10,3
Karpov.pgn,Karpov,black,"Christiansen, Larry Mark",Wijk m,Wijk aan Zee,1993.??.??,1993,2,"Christiansen, Larry Mark","Karpov, Anatoly",2620.0,2725.0,1-0,white_win,loss,E12,,23,11.5,4,0,0,0,False,False,2,0,False,0,2,0
Karpov.pgn,Karpov,black,"Christiansen, Larry Mark",Wijk m rapid,Wijk aan Zee,1993.??.??,1993,2,"Christiansen, Larry Mark","Karpov, Anatoly",2620.0,2725.0,1-0,white_win,loss,E22,,117,58.5,25,7,2,0,True,True,12,1,True,0,13,6
Karpov.pgn,Karpov,black,"Christiansen, Larry Mark",Wijk m rapid,Wijk aan Zee,1993.??.??,1993,2,"Christiansen, Larry Mark","Karpov, Anatoly",2620.0,2725.0,1/2-1/2,draw,draw,E32,,72,36.0,12,2,1,0,True,False,6,2,False,0,6,0
Karpov.pgn,Karpov,black,"Nunn, John DM",Wijk m,Wijk aan Zee,1993.??.??,1993,3,"Nunn, John DM","Karpov, Anatoly",2580.0,2725.0,1/2-1/2,draw,draw,C10,,59,29.5,14,0,2,0,True,True,7,0,True,0,7,0
Karpov.pgn,Karpov,white,"Nunn, John DM",Wijk m,Wijk aan Zee,1993.??.??,1993,3,"Karpov, Anatoly","Nunn, John DM",2725.0,2580.0,1-0,white_win,win,E81,,87,43.5,20,10,2,0,True,True,10,8,True,0,10,2
Karpov.pgn,Karpov,white,"Salov, Valery",Wijk m,Wijk aan Zee,1993.??.??,1993,4,"Karpov, Anatoly","Salov, Valery",2725.0,2660.0,1-0,white_win,win,D10,,113,56.5,20,12,0,0,False,False,11,3,False,0,9,9
Karpov.pgn,Karpov,black,"Salov, Valery",Wijk m,Wijk aan Zee,1993.??.??,1993,4,"Salov, Valery","Karpov, Anatoly",2660.0,2725.0,1/2-1/2,draw,draw,E15,,134,67.0,16,5,1,0,True,False,8,2,False,0,8,3
Karpov.pgn,Karpov,white,"Illescas Cordoba, Miguel",Wijk m,Wijk aan Zee,1993.??.??,1993,5,"Karpov, Anatoly","Illescas Cordoba, Miguel",2725.0,2615.0,1/2-1/2,draw,draw,D47,,163,81.5,27,13,2,0,True,True,13,7,True,0,14,6
Karpov.pgn,Karpov,black,"Illescas Cordoba, Miguel",Wijk m,Wijk aan Zee,1993.??.??,1993,5,"Illescas Cordoba, Miguel","Karpov, Anatoly",2615.0,2725.0,1/2-1/2,draw,draw,A17,,81,40.5,18,1,2,0,True,True,9,1,True,0,9,0
Karpov.pgn,Karpov,white,"Illescas Cordoba, Miguel",Wijk m,Wijk aan Zee,1993.??.??,1993,5,"Karpov, Anatoly","Illescas Cordoba, Miguel",2725.0,2615.0,1-0,white_win,win,D45,,121,60.5,22,7,2,0,True,True,11,4,True,0,11,3
Karpov.pgn,Karpov,white,"Kamsky, Gata",Buenos Aires Sicilian,Buenos Aires,1994.??.??,1994,1,"Karpov, Anatoly","Kamsky, Gata",2780.0,2695.0,1/2-1/2,draw,draw,B65,,52,26.0,13,0,2,0,True,True,7,0,True,0,6,0
Karpov.pgn,Karpov,white,"Spangenberg, Hugo",Buenos Aires m rapid,Buenos Aires,1994.??.??,1994,1,"Karpov, Anatoly","Spangenberg, Hugo",2740.0,2510.0,1-0,white_win,win,D20,,133,66.5,26,13,2,1,True,True,13,4,True,1,13,9
Karpov.pgn,Karpov,black,"Salov, Valery",Buenos Aires Sicilian,Buenos Aires,1994.??.??,1994,2,"Salov, Valery","Karpov, Anatoly",2710.0,2780.0,1-0,white_win,loss,B49,,123,61.5,19,1,2,0,True,True,9,1,True,0,10,0
Karpov.pgn,Karpov,black,"Spangenberg, Hugo",Buenos Aires m rapid,Buenos Aires,1994.??.??,1994,2,"Spangenberg, Hugo","Karpov, Anatoly",2510.0,2740.0,1-0,white_win,loss,B17,,113,56.5,26,13,2,0,True,True,12,10,True,0,14,3
Karpov.pgn,Karpov,white,"Spangenberg, Hugo",Buenos Aires m rapid,Buenos Aires,1994.??.??,1994,3,"Karpov, Anatoly","Spangenberg, Hugo",2740.0,2510.0,1-0,white_win,win,D20,,135,67.5,23,28,2,0,True,True,12,5,True,0,11,23
Karpov.pgn,Karpov,white,"Ljubojevic, Ljubomir",Buenos Aires Sicilian,Buenos Aires,1994.??.??,1994,3,"Karpov, Anatoly","Ljubojevic, Ljubomir",2780.0,2580.0,1-0,white_win,win,B85,,91,45.5,18,8,2,0,True,True,9,8,True,0,9,0
Karpov.pgn,Karpov,black,"Ivanchuk, Vassily",Buenos Aires Sicilian,Buenos Aires,1994.??.??,1994,4,"Ivanchuk, Vassily","Karpov, Anatoly",2695.0,2780.0,0-1,black_win,win,B85,,104,52.0,20,5,2,0,True,True,10,2,True,0,10,3
Karpov.pgn,Karpov,black,"Spangenberg, Hugo",Buenos Aires m rapid,Buenos Aires,1994.??.??,1994,4,"Spangenberg, Hugo","Karpov, Anatoly",2510.0,2740.0,0-1,black_win,win,C29,,98,49.0,19,7,2,1,True,True,11,4,True,1,8,3
Karpov.pgn,Karpov,white,"Anand, Viswanathan",Buenos Aires Sicilian,Buenos Aires,1994.??.??,1994,5,"Karpov, Anatoly","Anand, Viswanathan",2780.0,2720.0,1/2-1/2,draw,draw,B92,,98,49.0,23,7,2,0,True,True,12,2,True,0,11,5
Karpov.pgn,Karpov,black,"Shirov, Alexei",Buenos Aires Sicilian,Buenos Aires,1994.??.??,1994,6,"Shirov, Alexei","Karpov, Anatoly",2740.0,2780.0,1/2-1/2,draw,draw,B49,,73,36.5,15,1,2,0,True,True,7,1,True,0,8,0
Karpov.pgn,Karpov,white,"Polgar, Judit",Buenos Aires Sicilian,Buenos Aires,1994.??.??,1994,7,"Karpov, Anatoly","Polgar, Judit",2780.0,2630.0,1/2-1/2,draw,draw,B81,,106,53.0,17,8,0,0,False,False,8,0,False,0,9,8
Karpov.pgn,Karpov,black,"Kamsky, Gata",Buenos Aires Sicilian,Buenos Aires,1994.??.??,1994,8,"Kamsky, Gata","Karpov, Anatoly",2695.0,2780.0,1/2-1/2,draw,draw,B49,,89,44.5,21,6,2,0,True,True,9,6,True,0,12,0
Karpov.pgn,Karpov,white,"Salov, Valery",Buenos Aires Sicilian,Buenos Aires,1994.??.??,1994,9,"Karpov, Anatoly","Salov, Valery",2780.0,2710.0,0-1,black_win,loss,B66,,134,67.0,23,18,1,0,True,False,11,2,True,0,12,16
Karpov.pgn,Karpov,black,"Ljubojevic, Ljubomir",Buenos Aires Sicilian,Buenos Aires,1994.??.??,1994,10,"Ljubojevic, Ljubomir","Karpov, Anatoly",2580.0,2780.0,1/2-1/2,draw,draw,B85,,64,32.0,11,0,2,0,True,True,6,0,True,0,5,0
Karpov.pgn,Karpov,white,"Ivanchuk, Vassily",Buenos Aires Sicilian,Buenos Aires,1994.??.??,1994,11,"Karpov, Anatoly","Ivanchuk, Vassily",2780.0,2695.0,1/2-1/2,draw,draw,B91,,78,39.0,19,1,2,0,True,True,10,1,True,0,9,0
Karpov.pgn,Karpov,black,"Anand, Viswanathan",Buenos Aires Sicilian,Buenos Aires,1994.??.??,1994,12,"Anand, Viswanathan","Karpov, Anatoly",2720.0,2780.0,1-0,white_win,loss,B49,,69,34.5,17,4,1,0,True,False,7,0,False,0,10,4
Karpov.pgn,Karpov,white,"Shirov, Alexei",Buenos Aires Sicilian,Buenos Aires,1994.??.??,1994,13,"Karpov, Anatoly","Shirov, Alexei",2780.0,2740.0,1/2-1/2,draw,draw,B66,,96,48.0,27,5,2,0,True,True,14,3,True,0,13,2
Karpov.pgn,Karpov,black,"Polgar, Judit",Buenos Aires Sicilian,Buenos Aires,1994.??.??,1994,14,"Polgar, Judit","Karpov, Anatoly",2630.0,2780.0,1/2-1/2,draw,draw,B66,,105,52.5,25,3,2,0,True,True,12,0,True,0,13,3
Karpov.pgn,Karpov,black,"Gelfand, Boris",Cap d'Agde,Cap d'Agde,1994.??.??,1994,7.3,"Gelfand, Boris","Karpov, Anatoly",2680.0,2780.0,1/2-1/2,draw,draw,B58,,87,43.5,17,5,2,0,True,True,8,2,True,0,9,3
Karpov.pgn,Karpov,white,"Gelfand, Boris",Cap d'Agde,Cap d'Agde,1994.??.??,1994,7.2,"Karpov, Anatoly","Gelfand, Boris",2780.0,2680.0,0-1,black_win,loss,A48,,165,82.5,24,15,2,1,True,True,12,12,True,0,12,3
Karpov.pgn,Karpov,white,"Gelfand, Boris",Cap d'Agde,Cap d'Agde,1994.??.??,1994,7.4,"Karpov, Anatoly","Gelfand, Boris",2780.0,2680.0,1/2-1/2,draw,draw,A48,,62,31.0,6,0,2,0,True,True,3,0,True,0,3,0
Karpov.pgn,Karpov,black,"Gelfand, Boris",Cap d'Agde,Cap d'Agde,1994.??.??,1994,7.1,"Gelfand, Boris","Karpov, Anatoly",2680.0,2780.0,0-1,black_win,win,B66,,84,42.0,14,3,1,1,True,False,7,3,False,1,7,0
Karpov.pgn,Karpov,black,"Gelfand, Boris",Cap d'Agde,Cap d'Agde,1994.??.??,1994,8.2,"Gelfand, Boris","Karpov, Anatoly",2680.0,2780.0,1-0,white_win,loss,B51,,143,71.5,19,7,2,0,True,True,9,5,True,0,10,2
Karpov.pgn,Karpov,white,"Gelfand, Boris",Cap d'Agde,Cap d'Agde,1994.??.??,1994,8.1,"Karpov, Anatoly","Gelfand, Boris",2780.0,2680.0,0-1,black_win,loss,A48,,138,69.0,24,6,2,0,True,True,11,1,True,0,13,5
Karpov.pgn,Karpov,black,"Adams, Michael",Dortmund,Dortmund,1994.??.??,1994,1,"Adams, Michael","Karpov, Anatoly",2675.0,2740.0,1-0,white_win,loss,B17,,117,58.5,23,4,2,0,True,True,12,0,True,0,11,4
Karpov.pgn,Karpov,white,"Leko, Peter",Dortmund,Dortmund,1994.??.??,1994,2,"Karpov, Anatoly","Leko, Peter",2740.0,2545.0,1-0,white_win,win,D32,,107,53.5,24,2,2,0,True,True,13,0,True,0,11,2
Karpov.pgn,Karpov,black,"Epishin, Vladimir",Dortmund,Dortmund,1994.??.??,1994,3,"Epishin, Vladimir","Karpov, Anatoly",2650.0,2740.0,1/2-1/2,draw,draw,E15,,53,26.5,6,0,2,0,True,True,3,0,True,0,3,0
Karpov.pgn,Karpov,white,"Lutz, Christopher",Dortmund,Dortmund,1994.??.??,1994,4,"Karpov, Anatoly","Lutz, Christopher",2740.0,2595.0,1-0,white_win,win,D48,,137,68.5,19,10,2,0,True,True,10,2,True,0,9,8
Karpov.pgn,Karpov,black,"Jussupow, Artur",Dortmund,Dortmund,1994.??.??,1994,5,"Jussupow, Artur","Karpov, Anatoly",2665.0,2740.0,1/2-1/2,draw,draw,E41,,90,45.0,17,8,0,0,False,False,8,4,False,0,9,4
Karpov.pgn,Karpov,black,"Timman, Jan H",Dortmund,Dortmund,1994.??.??,1994,6,"Timman, Jan H","Karpov, Anatoly",2620.0,2740.0,1/2-1/2,draw,draw,A46,,34,17.0,9,0,2,0,True,True,5,0,True,0,4,0
Karpov.pgn,Karpov,white,"Kortschnoj, Viktor",Dortmund,Dortmund,1994.??.??,1994,7,"Karpov, Anatoly","Kortschnoj, Viktor",2740.0,2615.0,0-1,black_win,loss,E12,,144,72.0,18,3,2,1,True,True,8,2,True,1,10,1
Karpov.pgn,Karpov,black,"Dreev, Alexey",Dortmund,Dortmund,1994.??.??,1994,8,"Dreev, Alexey","Karpov, Anatoly",2645.0,2740.0,1/2-1/2,draw,draw,E21,,40,20.0,10,1,2,0,True,True,5,1,True,0,5,0
Karpov.pgn,Karpov,white,"Piket, Jeroen",Dortmund,Dortmund,1994.??.??,1994,9,"Karpov, Anatoly","Piket, Jeroen",2740.0,2660.0,1/2-1/2,draw,draw,A13,,47,23.5,8,1,2,0,True,True,4,0,True,0,4,1
Karpov.pgn,Karpov,black,"Rivas Pastor, Manuel",Dos Hermanas,Dos Hermanas,1994.??.??,1994,1,"Rivas Pastor, Manuel","Karpov, Anatoly",2505.0,2740.0,1/2-1/2,draw,draw,E61,,74,37.0,19,5,2,0,True,True,10,1,True,0,9,4
Karpov.pgn,Karpov,white,"Gelfand, Boris",Dos Hermanas,Dos Hermanas,1994.??.??,1994,2,"Karpov, Anatoly","Gelfand, Boris",2740.0,2685.0,1/2-1/2,draw,draw,E62,,118,59.0,27,7,2,0,True,True,14,6,True,0,13,1
Karpov.pgn,Karpov,black,"Morovic Fernandez, Ivan",Dos Hermanas,Dos Hermanas,1994.??.??,1994,3,"Morovic Fernandez, Ivan","Karpov, Anatoly",2605.0,2740.0,0-1,black_win,win,A26,,75,37.5,17,2,2,0,True,True,9,2,True,0,8,0
Karpov.pgn,Karpov,white,"Illescas Cordoba, Miguel",Dos Hermanas,Dos Hermanas,1994.??.??,1994,4,"Karpov, Anatoly","Illescas Cordoba, Miguel",2740.0,2590.0,1-0,white_win,win,A21,,101,50.5,22,4,2,0,True,True,10,1,True,0,12,3
Karpov.pgn,Karpov,black,"Lautier, Joel",Dos Hermanas,Dos Hermanas,1994.??.??,1994,5,"Lautier, Joel","Karpov, Anatoly",2625.0,2740.0,1/2-1/2,draw,draw,E32,,59,29.5,12,1,2,0,True,True,6,1,True,0,6,0
Karpov.pgn,Karpov,white,"Polgar, Judit",Dos Hermanas,Dos Hermanas,1994.??.??,1994,6,"Karpov, Anatoly","Polgar, Judit",2740.0,2630.0,1-0,white_win,win,B22,,83,41.5,17,3,2,0,True,True,9,3,True,0,8,0
Karpov.pgn,Karpov,black,"Gulko, Boris F",Dos Hermanas,Dos Hermanas,1994.??.??,1994,7,"Gulko, Boris F","Karpov, Anatoly",2615.0,2740.0,1-0,white_win,loss,B12,,107,53.5,24,10,1,0,True,False,11,4,False,0,13,6
Karpov.pgn,Karpov,black,"Epishin, Vladimir",Dos Hermanas,Dos Hermanas,1994.??.??,1994,8,"Epishin, Vladimir","Karpov, Anatoly",2675.0,2740.0,1/2-1/2,draw,draw,E15,,31,15.5,12,4,0,0,False,False,6,3,False,0,6,1
Karpov.pgn,Karpov,white,"Topalov, Veselin",Dos Hermanas,Dos Hermanas,1994.??.??,1994,9,"Karpov, Anatoly","Topalov, Veselin",2740.0,2640.0,1-0,white_win,win,A43,,71,35.5,15,3,2,0,True,True,7,3,True,0,8,0
Karpov.pgn,Karpov,black,"Rozentalis, Eduardas",Bundesliga 9394,Germany,1994.??.??,1994,?,"Rozentalis, Eduardas","Karpov, Anatoly",2610.0,2740.0,1/2-1/2,draw,draw,E54,,155,77.5,24,25,2,2,True,True,12,5,True,1,12,20
Karpov.pgn,Karpov,white,"Huebner, Robert",Bundesliga 9394,Germany,1994.??.??,1994,?,"Karpov, Anatoly","Huebner, Robert",2740.0,2610.0,1-0,white_win,win,D20,,81,40.5,15,5,2,0,True,True,8,3,True,0,7,2
Karpov.pgn,Karpov,white,"Lutz, Christopher",Bundesliga 9394,Germany,1994.??.??,1994,?,"Karpov, Anatoly","Lutz, Christopher",2740.0,2595.0,1/2-1/2,draw,draw,D48,,90,45.0,21,3,2,0,True,True,10,3,True,0,11,0
Karpov.pgn,Karpov,black,"Hertneck, Gerald",Bundesliga 9394,Germany,1994.??.??,1994,?,"Hertneck, Gerald","Karpov, Anatoly",2615.0,2740.0,0-1,black_win,win,E39,,122,61.0,25,4,2,0,True,True,13,4,True,0,12,0
Karpov.pgn,Karpov,white,"Morovic Fernandez, Ivan",Las Palmas m,Las Palmas,1994.??.??,1994,1,"Karpov, Anatoly","Morovic Fernandez, Ivan",2740.0,2605.0,1-0,white_win,win,D32,,73,36.5,14,4,2,0,True,True,6,2,True,0,8,2
Karpov.pgn,Karpov,white,"Topalov, Veselin",Las Palmas,Las Palmas,1994.??.??,1994,1,"Karpov, Anatoly","Topalov, Veselin",2740.0,2640.0,1/2-1/2,draw,draw,D27,,58,29.0,14,7,2,0,True,True,7,1,True,0,7,6
Karpov.pgn,Karpov,black,"Shirov, Alexei",Las Palmas,Las Palmas,1994.??.??,1994,2,"Shirov, Alexei","Karpov, Anatoly",2705.0,2740.0,0-1,black_win,win,B12,,76,38.0,12,2,2,0,True,True,7,2,True,0,5,0
Karpov.pgn,Karpov,black,"Morovic Fernandez, Ivan",Las Palmas m,Las Palmas,1994.??.??,1994,2,"Morovic Fernandez, Ivan","Karpov, Anatoly",2605.0,2740.0,1/2-1/2,draw,draw,B17,,65,32.5,10,4,2,0,True,True,5,0,True,0,5,4
Karpov.pgn,Karpov,white,"Morovic Fernandez, Ivan",Las Palmas m,Las Palmas,1994.??.??,1994,3,"Karpov, Anatoly","Morovic Fernandez, Ivan",2740.0,2605.0,1-0,white_win,win,E14,,77,38.5,14,3,2,0,True,True,7,1,True,0,7,2
Karpov.pgn,Karpov,white,"Morovic Fernandez, Ivan",Las Palmas,Las Palmas,1994.??.??,1994,3,"Karpov, Anatoly","Morovic Fernandez, Ivan",2740.0,2605.0,1/2-1/2,draw,draw,D48,,76,38.0,10,1,2,0,True,True,5,1,True,0,5,0
Karpov.pgn,Karpov,black,"Morovic Fernandez, Ivan",Las Palmas m,Las Palmas,1994.??.??,1994,4,"Morovic Fernandez, Ivan","Karpov, Anatoly",2605.0,2740.0,0-1,black_win,win,B17,,81,40.5,17,4,1,0,False,True,9,3,True,0,8,1
Karpov.pgn,Karpov,black,"Lautier, Joel",Las Palmas,Las Palmas,1994.??.??,1994,4,"Lautier, Joel","Karpov, Anatoly",2625.0,2740.0,1-0,white_win,loss,E32,,62,31.0,11,2,2,0,True,True,5,1,True,0,6,1
Karpov.pgn,Karpov,white,"Morovic Fernandez, Ivan",Las Palmas m,Las Palmas,1994.??.??,1994,5,"Karpov, Anatoly","Morovic Fernandez, Ivan",2740.0,2605.0,1-0,white_win,win,E05,,73,36.5,10,0,2,0,True,True,5,0,True,0,5,0
Karpov.pgn,Karpov,white,"Epishin, Vladimir",Las Palmas,Las Palmas,1994.??.??,1994,5,"Karpov, Anatoly","Epishin, Vladimir",2740.0,2675.0,1-0,white_win,win,D79,,81,40.5,15,2,2,0,True,True,8,2,True,0,7,0
Karpov.pgn,Karpov,white,"Kamsky, Gata",Las Palmas,Las Palmas,1994.??.??,1994,6,"Karpov, Anatoly","Kamsky, Gata",2740.0,2695.0,1/2-1/2,draw,draw,D48,,104,52.0,20,2,1,0,True,False,10,2,True,0,10,0
Karpov.pgn,Karpov,black,"Morovic Fernandez, Ivan",Las Palmas m,Las Palmas,1994.??.??,1994,6,"Morovic Fernandez, Ivan","Karpov, Anatoly",2605.0,2740.0,1/2-1/2,draw,draw,B17,,27,13.5,8,1,2,0,True,True,4,0,True,0,4,1
Karpov.pgn,Karpov,black,"Illescas Cordoba, Miguel",Las Palmas,Las Palmas,1994.??.??,1994,7,"Illescas Cordoba, Miguel","Karpov, Anatoly",2590.0,2740.0,1/2-1/2,draw,draw,B17,,59,29.5,14,2,2,0,True,True,7,0,True,0,7,2
Karpov.pgn,Karpov,white,"Polgar, Judit",Las Palmas,Las Palmas,1994.??.??,1994,8,"Karpov, Anatoly","Polgar, Judit",2740.0,2630.0,1-0,white_win,win,E62,,55,27.5,10,1,2,0,True,True,5,1,True,0,5,0
Karpov.pgn,Karpov,black,"Adams, Michael",Las Palmas,Las Palmas,1994.??.??,1994,9,"Adams, Michael","Karpov, Anatoly",2660.0,2740.0,0-1,black_win,win,A45,,78,39.0,19,7,2,0,True,True,10,5,True,0,9,2
Karpov.pgn,Karpov,black,"Lautier, Joel",Linares,Linares,1994.??.??,1994,1,"Lautier, Joel","Karpov, Anatoly",2625.0,2740.0,0-1,black_win,win,A29,,98,49.0,18,1,2,0,True,True,9,1,True,0,9,0
Karpov.pgn,Karpov,white,"Bareev, Evgeny",Linares,Linares,1994.??.??,1994,2,"Karpov, Anatoly","Bareev, Evgeny",2740.0,2685.0,1-0,white_win,win,C08,,71,35.5,17,4,2,0,True,True,9,4,True,0,8,0
Karpov.pgn,Karpov,black,"Illescas Cordoba, Miguel",Linares,Linares,1994.??.??,1994,3,"Illescas Cordoba, Miguel","Karpov, Anatoly",2590.0,2740.0,0-1,black_win,win,A17,,126,63.0,20,19,2,0,True,True,10,11,True,0,10,8
Karpov.pgn,Karpov,white,"Topalov, Veselin",Linares,Linares,1994.??.??,1994,4,"Karpov, Anatoly","Topalov, Veselin",2740.0,2640.0,1-0,white_win,win,A33,,77,38.5,21,9,2,0,True,True,13,9,True,0,8,0
Karpov.pgn,Karpov,black,"Ivanchuk, Vassily",Linares,Linares,1994.??.??,1994,5,"Ivanchuk, Vassily","Karpov, Anatoly",2710.0,2740.0,0-1,black_win,win,E15,,60,30.0,6,0,2,0,True,True,3,0,True,0,3,0
Karpov.pgn,Karpov,white,"Polgar, Judit",Linares,Linares,1994.??.??,1994,6,"Karpov, Anatoly","Polgar, Judit",2740.0,2630.0,1-0,white_win,win,B22,,65,32.5,14,2,1,0,True,False,7,1,True,0,7,1
Karpov.pgn,Karpov,black,"Kasparov, Gary",Linares,Linares,1994.??.??,1994,7,"Kasparov, Gary","Karpov, Anatoly",2800.0,2740.0,1/2-1/2,draw,draw,B17,,81,40.5,21,3,0,0,False,False,11,3,False,0,10,0
Karpov.pgn,Karpov,black,"Gelfand, Boris",Linares,Linares,1994.??.??,1994,8,"Gelfand, Boris","Karpov, Anatoly",2685.0,2740.0,0-1,black_win,win,E54,,104,52.0,14,1,2,0,True,True,8,1,True,0,6,0
Karpov.pgn,Karpov,white,"Shirov, Alexei",Linares,Linares,1994.??.??,1994,9,"Karpov, Anatoly","Shirov, Alexei",2740.0,2705.0,1/2-1/2,draw,draw,D47,,134,67.0,24,10,1,0,True,False,12,6,True,0,12,4
Karpov.pgn,Karpov,black,"Kamsky, Gata",Linares,Linares,1994.??.??,1994,10,"Kamsky, Gata","Karpov, Anatoly",2695.0,2740.0,1/2-1/2,draw,draw,C42,,133,66.5,27,10,2,0,True,True,14,3,True,0,13,7
Karpov.pgn,Karpov,white,"Kramnik, Vladimir",Linares,Linares,1994.??.??,1994,11,"Karpov, Anatoly","Kramnik, Vladimir",2740.0,2710.0,1-0,white_win,win,D48,,79,39.5,21,0,2,0,True,True,11,0,True,0,10,0
Karpov.pgn,Karpov,black,"Anand, Viswanathan",Linares,Linares,1994.??.??,1994,12,"Anand, Viswanathan","Karpov, Anatoly",2715.0,2740.0,1/2-1/2,draw,draw,B17,,52,26.0,6,0,2,0,True,True,3,0,True,0,3,0
Karpov.pgn,Karpov,white,"Beliavsky, Alexander G",Linares,Linares,1994.??.??,1994,13,"Karpov, Anatoly","Beliavsky, Alexander G",2740.0,2650.0,1-0,white_win,win,E05,,39,19.5,7,0,2,0,True,True,3,0,True,0,4,0
Karpov.pgn,Karpov,black,"Seirawan, Yasser",Amber-blind 3rd,Monte Carlo,1994.??.??,1994,1,"Seirawan, Yasser","Karpov, Anatoly",2585.0,2740.0,1-0,white_win,loss,A46,,131,65.5,20,2,2,0,True,True,10,0,True,0,10,2
Karpov.pgn,Karpov,white,"Seirawan, Yasser",Amber-rapid 3rd,Monte Carlo,1994.??.??,1994,1,"Karpov, Anatoly","Seirawan, Yasser",2740.0,2585.0,1-0,white_win,win,A41,,87,43.5,21,4,2,0,True,True,11,3,True,0,10,1
Karpov.pgn,Karpov,white,"Nunn, John DM",Amber-blind 3rd,Monte Carlo,1994.??.??,1994,2,"Karpov, Anatoly","Nunn, John DM",2740.0,2605.0,1/2-1/2,draw,draw,D79,,72,36.0,15,2,2,0,True,True,6,2,True,0,9,0
Karpov.pgn,Karpov,black,"Nunn, John DM",Amber-rapid 3rd,Monte Carlo,1994.??.??,1994,2,"Nunn, John DM","Karpov, Anatoly",2605.0,2740.0,1-0,white_win,loss,B12,,110,55.0,20,7,1,0,True,False,9,2,False,0,11,5
Karpov.pgn,Karpov,black,"Anand, Viswanathan",Amber-blind 3rd,Monte Carlo,1994.??.??,1994,3,"Anand, Viswanathan","Karpov, Anatoly",2715.0,2740.0,0-1,black_win,win,B17,,152,76.0,28,5,2,0,True,True,15,4,True,0,13,1
Karpov.pgn,Karpov,white,"Anand, Viswanathan",Amber-rapid 3rd,Monte Carlo,1994.??.??,1994,3,"Karpov, Anatoly","Anand, Viswanathan",2740.0,2715.0,0-1,black_win,loss,D48,,200,100.0,27,12,2,0,True,True,13,5,True,0,14,7
Karpov.pgn,Karpov,black,"Ivanchuk, Vassily",Amber-rapid 3rd,Monte Carlo,1994.??.??,1994,4,"Ivanchuk, Vassily","Karpov, Anatoly",2710.0,2740.0,0-1,black_win,win,B17,,123,61.5,22,10,2,0,True,True,11,3,True,0,11,7
Karpov.pgn,Karpov,white,"Ivanchuk, Vassily",Amber-blind 3rd,Monte Carlo,1994.??.??,1994,4,"Karpov, Anatoly","Ivanchuk, Vassily",2740.0,2710.0,1/2-1/2,draw,draw,A32,,136,68.0,18,4,2,0,True,True,9,0,True,0,9,4
Karpov.pgn,Karpov,black,"Polgar, Judit",Amber-blind 3rd,Monte Carlo,1994.??.??,1994,5,"Polgar, Judit","Karpov, Anatoly",2630.0,2740.0,0-1,black_win,win,E54,,84,42.0,17,1,2,0,True,True,9,1,True,0,8,0
Karpov.pgn,Karpov,white,"Polgar, Judit",Amber-rapid 3rd,Monte Carlo,1994.??.??,1994,5,"Karpov, Anatoly","Polgar, Judit",2740.0,2630.0,0-1,black_win,loss,B22,,136,68.0,22,13,2,1,True,True,11,9,True,1,11,4
Karpov.pgn,Karpov,black,"Polgar, Zsuzsa",Amber-blind 3rd,Monte Carlo,1994.??.??,1994,6,"Polgar, Zsuzsa","Karpov, Anatoly",2550.0,2740.0,1-0,white_win,loss,E14,,87,43.5,15,0,2,0,True,True,7,0,True,0,8,0
Karpov.pgn,Karpov,white,"Polgar, Zsuzsa",Amber-rapid 3rd,Monte Carlo,1994.??.??,1994,6,"Karpov, Anatoly","Polgar, Zsuzsa",2740.0,2550.0,1-0,white_win,win,E65,,96,48.0,23,2,2,0,True,True,12,1,True,0,11,1
Karpov.pgn,Karpov,white,"Kortschnoj, Viktor",Amber-blind 3rd,Monte Carlo,1994.??.??,1994,7,"Karpov, Anatoly","Kortschnoj, Viktor",2740.0,2615.0,1-0,white_win,win,E15,,43,21.5,6,1,2,0,True,True,3,0,True,0,3,1
Karpov.pgn,Karpov,black,"Kortschnoj, Viktor",Amber-rapid 3rd,Monte Carlo,1994.??.??,1994,7,"Kortschnoj, Viktor","Karpov, Anatoly",2615.0,2740.0,1/2-1/2,draw,draw,A29,,109,54.5,25,7,2,0,True,True,12,2,True,0,13,5
Karpov.pgn,Karpov,black,"Kramnik, Vladimir",Amber-blind 3rd,Monte Carlo,1994.??.??,1994,8,"Kramnik, Vladimir","Karpov, Anatoly",2710.0,2740.0,1/2-1/2,draw,draw,A30,,115,57.5,16,2,2,0,True,True,8,1,True,0,8,1
Karpov.pgn,Karpov,white,"Kramnik, Vladimir",Amber-rapid 3rd,Monte Carlo,1994.??.??,1994,8,"Karpov, Anatoly","Kramnik, Vladimir",2740.0,2710.0,0-1,black_win,loss,D48,,80,40.0,16,4,1,0,True,False,7,3,True,0,9,1
Karpov.pgn,Karpov,black,"Ljubojevic, Ljubomir",Amber-rapid 3rd,Monte Carlo,1994.??.??,1994,9,"Ljubojevic, Ljubomir","Karpov, Anatoly",2600.0,2740.0,1-0,white_win,loss,B12,,87,43.5,19,9,1,0,False,True,10,4,True,0,9,5
Karpov.pgn,Karpov,white,"Ljubojevic, Ljubomir",Amber-blind 3rd,Monte Carlo,1994.??.??,1994,9,"Karpov, Anatoly","Ljubojevic, Ljubomir",2740.0,2600.0,1-0,white_win,win,A46,,99,49.5,22,1,2,0,True,True,11,0,True,0,11,1
Karpov.pgn,Karpov,white,"Piket, Jeroen",Amber-rapid 3rd,Monte Carlo,1994.??.??,1994,10,"Karpov, Anatoly","Piket, Jeroen",2740.0,2605.0,1/2-1/2,draw,draw,E20,,126,63.0,27,4,2,0,True,True,13,3,True,0,14,1
Karpov.pgn,Karpov,black,"Piket, Jeroen",Amber-blind 3rd,Monte Carlo,1994.??.??,1994,10,"Piket, Jeroen","Karpov, Anatoly",2605.0,2740.0,0-1,black_win,win,E13,,118,59.0,15,4,1,0,True,False,8,3,False,0,7,1
Karpov.pgn,Karpov,black,"Kamsky, Gata",Amber-rapid 3rd,Monte Carlo,1994.??.??,1994,11,"Kamsky, Gata","Karpov, Anatoly",2695.0,2740.0,1-0,white_win,loss,E54,,115,57.5,21,9,2,0,True,True,10,5,True,0,11,4
Karpov.pgn,Karpov,white,"Kamsky, Gata",Amber-blind 3rd,Monte Carlo,1994.??.??,1994,11,"Karpov, Anatoly","Kamsky, Gata",2740.0,2695.0,0-1,black_win,loss,E69,,124,62.0,25,4,2,0,True,True,12,2,True,0,13,2
Karpov.pgn,Karpov,white,"Bacrot, Etienne",Disney rapid sim,Paris,1994.??.??,1994,?,"Karpov, Anatoly","Bacrot, Etienne",2740.0,2255.0,1-0,white_win,win,D20,,51,25.5,14,1,2,0,True,True,7,1,True,0,7,0
Karpov.pgn,Karpov,white,"Sheldon, Ruth",Disney rapid sim,Paris,1994.??.??,1994,?,"Karpov, Anatoly","Sheldon, Ruth",2740.0,2095.0,1/2-1/2,draw,draw,E72,,49,24.5,8,0,2,0,True,True,4,0,True,0,4,0
Karpov.pgn,Karpov,white,"De Vreugt, Dennis",Disney rapid sim,Paris,1994.??.??,1994,?,"Karpov, Anatoly","De Vreugt, Dennis",2740.0,,1-0,white_win,win,E18,,53,26.5,8,1,2,0,True,True,4,1,True,0,4,0
Karpov.pgn,Karpov,white,"Ismailova, Parvana",Disney rapid sim,Paris,1994.??.??,1994,?,"Karpov, Anatoly","Ismailova, Parvana",2740.0,,1-0,white_win,win,E85,,61,30.5,11,0,2,0,True,True,6,0,True,0,5,0
Karpov.pgn,Karpov,black,"Stefansson, Hannes",Reykjavik rapid,Reykjavik,1994.??.??,1994,1,"Stefansson, Hannes","Karpov, Anatoly",2525.0,2740.0,1/2-1/2,draw,draw,B10,,120,60.0,24,9,2,0,True,True,13,0,True,0,11,9
Karpov.pgn,Karpov,white,"Olafsson, Helgi",Reykjavik rapid,Reykjavik,1994.??.??,1994,2,"Karpov, Anatoly","Olafsson, Helgi",2740.0,2535.0,1-0,white_win,win,A21,,69,34.5,16,0,2,0,True,True,8,0,True,0,8,0
Karpov.pgn,Karpov,black,"Petursson, Margeir",Reykjavik rapid,Reykjavik,1994.??.??,1994,3,"Petursson, Margeir","Karpov, Anatoly",2550.0,2740.0,0-1,black_win,win,A29,,120,60.0,24,14,2,0,True,True,13,12,True,0,11,2
Karpov.pgn,Karpov,black,"Campora, Daniel H",San Nicolas m,San Nicolas,1994.??.??,1994,1,"Campora, Daniel H","Karpov, Anatoly",2560.0,2780.0,1/2-1/2,draw,draw,B17,,63,31.5,20,1,2,0,True,True,10,0,True,0,10,1
Karpov.pgn,Karpov,white,"Campora, Daniel H",San Nicolas m,San Nicolas,1994.??.??,1994,2,"Karpov, Anatoly","Campora, Daniel H",2780.0,2560.0,1-0,white_win,win,D36,,77,38.5,19,0,2,0,True,True,11,0,True,0,8,0
Karpov.pgn,Karpov,black,"Kurajica, Bojan",Tilburg,Tilburg,1994.??.??,1994,2,"Kurajica, Bojan","Karpov, Anatoly",2565.0,2780.0,1/2-1/2,draw,draw,A46,,61,30.5,8,4,2,0,True,True,4,0,True,0,4,4
Karpov.pgn,Karpov,white,"Kurajica, Bojan",Tilburg,Tilburg,1994.??.??,1994,2,"Karpov, Anatoly","Kurajica, Bojan",2780.0,2565.0,1/2-1/2,draw,draw,E15,,102,51.0,20,4,2,0,True,True,10,2,True,0,10,2
Karpov.pgn,Karpov,white,"Kurajica, Bojan",Tilburg blitz,Tilburg,1994.??.??,1994,2,"Karpov, Anatoly","Kurajica, Bojan",2780.0,2565.0,1-0,white_win,win,E17,,115,57.5,18,3,2,0,True,True,8,0,True,0,10,3
Karpov.pgn,Karpov,black,"Kurajica, Bojan",Tilburg blitz,Tilburg,1994.??.??,1994,2,"Kurajica, Bojan","Karpov, Anatoly",2565.0,2780.0,1/2-1/2,draw,draw,E14,,143,71.5,22,13,2,0,True,True,11,3,True,0,11,10
Karpov.pgn,Karpov,white,"Kurajica, Bojan",Tilburg rapid20,Tilburg,1994.??.??,1994,2,"Karpov, Anatoly","Kurajica, Bojan",2780.0,2565.0,1-0,white_win,win,E15,,67,33.5,11,1,2,0,True,True,6,0,True,0,5,1
Karpov.pgn,Karpov,black,"Kurajica, Bojan",Tilburg rapid20,Tilburg,1994.??.??,1994,2,"Kurajica, Bojan","Karpov, Anatoly",2565.0,2780.0,1-0,white_win,loss,E14,,81,40.5,18,5,2,0,True,True,8,0,True,0,10,5
Karpov.pgn,Karpov,white,"Antunes, Antonio",Tilburg,Tilburg,1994.??.??,1994,3,"Karpov, Anatoly","Antunes, Antonio",2780.0,2510.0,1-0,white_win,win,D47,,79,39.5,16,4,2,0,True,True,9,2,True,0,7,2
Karpov.pgn,Karpov,black,"Antunes, Antonio",Tilburg,Tilburg,1994.??.??,1994,3,"Antunes, Antonio","Karpov, Anatoly",2510.0,2780.0,0-1,black_win,win,E05,,146,73.0,19,13,2,0,True,True,10,8,True,0,9,5
Karpov.pgn,Karpov,white,"Shabalov, Alexander",Tilburg,Tilburg,1994.??.??,1994,4,"Karpov, Anatoly","Shabalov, Alexander",2780.0,2600.0,1-0,white_win,win,D30,,89,44.5,16,1,2,0,True,True,8,1,True,0,8,0
Karpov.pgn,Karpov,black,"Shabalov, Alexander",Tilburg,Tilburg,1994.??.??,1994,4,"Shabalov, Alexander","Karpov, Anatoly",2600.0,2780.0,0-1,black_win,win,B17,,80,40.0,13,5,2,0,True,True,7,1,True,0,6,4
Karpov.pgn,Karpov,white,"Georgiev, Kiril",Tilburg,Tilburg,1994.??.??,1994,5,"Karpov, Anatoly","Georgiev, Kiril",2780.0,2615.0,1-0,white_win,win,D58,,67,33.5,14,2,2,0,True,True,7,2,True,0,7,0
Karpov.pgn,Karpov,black,"Georgiev, Kiril",Tilburg,Tilburg,1994.??.??,1994,5,"Georgiev, Kiril","Karpov, Anatoly",2615.0,2780.0,0-1,black_win,win,E32,,80,40.0,14,1,2,0,True,True,7,1,True,0,7,0
Karpov.pgn,Karpov,black,"Bareev, Evgeny",Tilburg,Tilburg,1994.??.??,1994,6,"Bareev, Evgeny","Karpov, Anatoly",2675.0,2780.0,1-0,white_win,loss,E43,,107,53.5,23,1,2,0,True,True,11,0,True,0,12,1
Karpov.pgn,Karpov,white,"Bareev, Evgeny",Tilburg,Tilburg,1994.??.??,1994,6,"Karpov, Anatoly","Bareev, Evgeny",2780.0,2675.0,1/2-1/2,draw,draw,C08,,140,70.0,27,11,2,0,True,True,14,6,True,0,13,5
Karpov.pgn,Karpov,black,"Lautier, Joel",Ubeda m,Ubeda,1994.??.??,1994,1,"Lautier, Joel","Karpov, Anatoly",2645.0,2780.0,1/2-1/2,draw,draw,E04,,68,34.0,12,1,2,0,True,True,6,1,True,0,6,0
Karpov.pgn,Karpov,white,"Lautier, Joel",Ubeda m,Ubeda,1994.??.??,1994,2,"Karpov, Anatoly","Lautier, Joel",2780.0,2645.0,1-0,white_win,win,C63,,85,42.5,24,6,2,0,True,True,12,4,True,0,12,2
Karpov.pgn,Karpov,black,"Lautier, Joel",Ubeda m,Ubeda,1994.??.??,1994,3,"Lautier, Joel","Karpov, Anatoly",2645.0,2780.0,1/2-1/2,draw,draw,E04,,116,58.0,27,7,1,0,True,False,13,3,False,0,14,4
Karpov.pgn,Karpov,white,"Lautier, Joel",Ubeda m,Ubeda,1994.??.??,1994,4,"Karpov, Anatoly","Lautier, Joel",2780.0,2645.0,1/2-1/2,draw,draw,D12,,87,43.5,17,0,2,0,True,True,9,0,True,0,8,0
Karpov.pgn,Karpov,black,"Lautier, Joel",Ubeda m,Ubeda,1994.??.??,1994,5,"Lautier, Joel","Karpov, Anatoly",2645.0,2780.0,0-1,black_win,win,E04,,116,58.0,21,5,2,0,True,True,11,3,True,0,10,2
Karpov.pgn,Karpov,white,"Lautier, Joel",Ubeda m,Ubeda,1994.??.??,1994,6,"Karpov, Anatoly","Lautier, Joel",2780.0,2645.0,1/2-1/2,draw,draw,B33,,104,52.0,26,2,2,0,True,True,13,1,True,0,13,1
Karpov.pgn,Karpov,black,"Polgar, Judit",Alma-Ata m3,Alma-Ata,1995.??.??,1995,?,"Polgar, Judit","Karpov, Anatoly",2630.0,2765.0,1/2-1/2,draw,draw,B17,,66,33.0,10,0,2,0,True,True,5,0,True,0,5,0
Karpov.pgn,Karpov,white,"Salov, Valery",Alma-Ata m1,Alma-Ata,1995.??.??,1995,?,"Karpov, Anatoly","Salov, Valery",2765.0,2715.0,1-0,white_win,win,E11,,38,19.0,8,1,2,0,True,True,4,0,True,0,4,1
Karpov.pgn,Karpov,black,"Salov, Valery",Alma-Ata m1,Alma-Ata,1995.??.??,1995,?,"Salov, Valery","Karpov, Anatoly",2715.0,2765.0,1/2-1/2,draw,draw,B14,,89,44.5,20,6,2,0,True,True,11,5,True,0,9,1
Karpov.pgn,Karpov,black,"Polgar, Judit",Alma-Ata m3,Alma-Ata,1995.??.??,1995,?,"Polgar, Judit","Karpov, Anatoly",2630.0,2765.0,0-1,black_win,win,E54,,69,34.5,15,2,2,0,True,True,9,2,True,0,6,0
Karpov.pgn,Karpov,white,"Salov, Valery",Alma-Ata m1,Alma-Ata,1995.??.??,1995,?,"Karpov, Anatoly","Salov, Valery",2765.0,2715.0,1/2-1/2,draw,draw,A53,,88,44.0,20,5,2,0,True,True,10,1,True,0,10,4
Karpov.pgn,Karpov,white,"Polgar, Judit",Alma-Ata m3,Alma-Ata,1995.??.??,1995,?,"Karpov, Anatoly","Polgar, Judit",2765.0,2630.0,0-1,black_win,loss,E68,,66,33.0,15,7,2,0,True,True,6,0,True,0,9,7
Karpov.pgn,Karpov,white,"Tkachiev, Vladislav",Alma-Ata m2,Alma-Ata,1995.??.??,1995,?,"Karpov, Anatoly","Tkachiev, Vladislav",2765.0,2575.0,0-1,black_win,loss,A48,,102,51.0,28,8,2,0,True,True,13,2,True,0,15,6
Karpov.pgn,Karpov,white,"Tkachiev, Vladislav",Alma-Ata m2,Alma-Ata,1995.??.??,1995,?,"Karpov, Anatoly","Tkachiev, Vladislav",2765.0,2575.0,0-1,black_win,loss,A48,,78,39.0,18,4,1,0,False,True,8,0,False,0,10,4
Karpov.pgn,Karpov,black,"Polgar, Judit",Alma-Ata m3,Alma-Ata,1995.??.??,1995,?,"Polgar, Judit","Karpov, Anatoly",2630.0,2765.0,0-1,black_win,win,B13,,66,33.0,15,0,2,0,True,True,9,0,True,0,6,0
Karpov.pgn,Karpov,black,"Tkachiev, Vladislav",Alma-Ata m2,Alma-Ata,1995.??.??,1995,?,"Tkachiev, Vladislav","Karpov, Anatoly",2575.0,2765.0,0-1,black_win,win,B11,,69,34.5,8,1,2,0,True,True,4,1,True,0,4,0
Karpov.pgn,Karpov,black,"Tkachiev, Vladislav",Alma-Ata m2,Alma-Ata,1995.??.??,1995,?,"Tkachiev, Vladislav","Karpov, Anatoly",2575.0,2765.0,0-1,black_win,win,B11,,80,40.0,13,0,1,0,True,False,6,0,False,0,7,0
Karpov.pgn,Karpov,black,"Salov, Valery",Alma-Ata m1,Alma-Ata,1995.??.??,1995,?,"Salov, Valery","Karpov, Anatoly",2715.0,2765.0,0-1,black_win,win,A46,,80,40.0,17,5,2,0,True,True,9,4,True,0,8,1
Karpov.pgn,Karpov,white,"Salov, Valery",Alma-Ata m1,Alma-Ata,1995.??.??,1995,?,"Karpov, Anatoly","Salov, Valery",2765.0,2715.0,1/2-1/2,draw,draw,A41,,76,38.0,20,1,2,0,True,True,9,0,True,0,11,1
Karpov.pgn,Karpov,black,"Salov, Valery",Alma-Ata m1,Alma-Ata,1995.??.??,1995,?,"Salov, Valery","Karpov, Anatoly",2715.0,2765.0,0-1,black_win,win,B13,,76,38.0,14,2,2,0,True,True,7,1,True,0,7,1
Karpov.pgn,Karpov,white,"Tkachiev, Vladislav",Alma-Ata m2,Alma-Ata,1995.??.??,1995,?,"Karpov, Anatoly","Tkachiev, Vladislav",2765.0,2575.0,1-0,white_win,win,E68,,51,25.5,8,1,2,0,True,True,4,0,True,0,4,1
Karpov.pgn,Karpov,white,"Tkachiev, Vladislav",Alma-Ata m2,Alma-Ata,1995.??.??,1995,?,"Karpov, Anatoly","Tkachiev, Vladislav",2765.0,2575.0,0-1,black_win,loss,A49,,58,29.0,13,5,2,0,True,True,6,2,True,0,7,3
Karpov.pgn,Karpov,white,"Salov, Valery",Alma-Ata m1,Alma-Ata,1995.??.??,1995,?,"Karpov, Anatoly","Salov, Valery",2765.0,2715.0,1-0,white_win,win,E11,,73,36.5,17,4,2,0,True,True,9,3,True,0,8,1
Karpov.pgn,Karpov,black,"Tkachiev, Vladislav",Alma-Ata m2,Alma-Ata,1995.??.??,1995,?,"Tkachiev, Vladislav","Karpov, Anatoly",2575.0,2765.0,0-1,black_win,win,A00,,48,24.0,16,1,2,0,True,True,8,1,True,0,8,0
Karpov.pgn,Karpov,black,"Salov, Valery",Alma-Ata m1,Alma-Ata,1995.??.??,1995,?,"Salov, Valery","Karpov, Anatoly",2715.0,2765.0,0-1,black_win,win,A46,,80,40.0,16,4,2,0,True,True,9,3,True,0,7,1
Karpov.pgn,Karpov,white,"Polgar, Judit",Alma-Ata m3,Alma-Ata,1995.??.??,1995,?,"Karpov, Anatoly","Polgar, Judit",2765.0,2630.0,0-1,black_win,loss,A25,,72,36.0,12,1,2,0,True,True,6,0,True,0,6,1
Karpov.pgn,Karpov,white,"Polgar, Judit",Alma-Ata m3,Alma-Ata,1995.??.??,1995,?,"Karpov, Anatoly","Polgar, Judit",2765.0,2630.0,1/2-1/2,draw,draw,A59,,82,41.0,21,0,1,0,False,True,10,0,False,0,11,0
Karpov.pgn,Karpov,white,"Polgar, Judit",Alma-Ata m3,Alma-Ata,1995.??.??,1995,?,"Karpov, Anatoly","Polgar, Judit",2765.0,2630.0,1/2-1/2,draw,draw,E95,,55,27.5,15,0,2,0,True,True,8,0,True,0,7,0
Karpov.pgn,Karpov,black,"Tkachiev, Vladislav",Alma-Ata m2,Alma-Ata,1995.??.??,1995,?,"Tkachiev, Vladislav","Karpov, Anatoly",2575.0,2765.0,0-1,black_win,win,B11,,95,47.5,23,6,2,0,True,True,12,4,True,0,11,2
Karpov.pgn,Karpov,white,"Hickl, Joerg",Hofmann Cup,Baden-Baden,1995.??.??,1995,4,"Karpov, Anatoly","Hickl, Joerg",2775.0,2570.0,1-0,white_win,win,A41,,58,29.0,11,1,2,0,True,True,6,1,True,0,5,0
Karpov.pgn,Karpov,black,"Hickl, Joerg",Hofmann Cup,Baden-Baden,1995.??.??,1995,4,"Hickl, Joerg","Karpov, Anatoly",2570.0,2775.0,1/2-1/2,draw,draw,A12,,68,34.0,16,0,2,0,True,True,8,0,True,0,8,0
Karpov.pgn,Karpov,black,"Vaisser, Anatoli",Hofmann Cup,Baden-Baden,1995.??.??,1995,5,"Vaisser, Anatoli","Karpov, Anatoly",2555.0,2775.0,1/2-1/2,draw,draw,E54,,119,59.5,20,3,2,0,True,True,10,1,True,0,10,2
Karpov.pgn,Karpov,white,"Vaisser, Anatoli",Hofmann Cup,Baden-Baden,1995.??.??,1995,5,"Karpov, Anatoly","Vaisser, Anatoli",2775.0,2555.0,1-0,white_win,win,A90,,134,67.0,23,8,2,0,True,True,12,5,True,0,11,3
Karpov.pgn,Karpov,white,"Jussupow, Artur",Hofmann Cup,Baden-Baden,1995.??.??,1995,6,"Karpov, Anatoly","Jussupow, Artur",2775.0,2680.0,1-0,white_win,win,D56,,103,51.5,22,3,2,0,True,True,12,1,True,0,10,2
Karpov.pgn,Karpov,black,"Jussupow, Artur",Hofmann Cup,Baden-Baden,1995.??.??,1995,6,"Jussupow, Artur","Karpov, Anatoly",2680.0,2775.0,0-1,black_win,win,E31,,122,61.0,14,3,1,0,True,False,7,3,False,0,7,0
Karpov.pgn,Karpov,black,"Gavrikov, Viktor",Hofmann Cup,Baden-Baden,1995.??.??,1995,7,"Gavrikov, Viktor","Karpov, Anatoly",2605.0,2775.0,0-1,black_win,win,E32,,78,39.0,17,3,2,0,True,True,10,3,True,0,7,0
Karpov.pgn,Karpov,white,"Gavrikov, Viktor",Hofmann Cup,Baden-Baden,1995.??.??,1995,7,"Karpov, Anatoly","Gavrikov, Viktor",2775.0,2605.0,1-0,white_win,win,D15,,103,51.5,21,1,2,0,True,True,11,0,True,0,10,1
Karpov.pgn,Karpov,white,"Speelman, Jonathan S",ESP-chT,Cordoba,1995.??.??,1995,1,"Karpov, Anatoly","Speelman, Jonathan S",2780.0,2610.0,1/2-1/2,draw,draw,A41,,98,49.0,21,5,2,0,True,True,10,2,True,0,11,3
Karpov.pgn,Karpov,black,"Franco Ocampo, Zenon",ESP-chT,Cordoba,1995.??.??,1995,2,"Franco Ocampo, Zenon","Karpov, Anatoly",2490.0,2780.0,1/2-1/2,draw,draw,E14,,83,41.5,20,3,2,0,True,True,10,3,True,0,10,0
Karpov.pgn,Karpov,white,"Cramling, Pia",ESP-chT,Cordoba,1995.??.??,1995,3,"Karpov, Anatoly","Cramling, Pia",2780.0,2520.0,1/2-1/2,draw,draw,E69,,90,45.0,24,3,2,0,True,True,12,0,True,0,12,3
Karpov.pgn,Karpov,black,"Bareev, Evgeny",Dortmund,Dortmund,1995.??.??,1995,1,"Bareev, Evgeny","Karpov, Anatoly",2560.0,2775.0,0-1,black_win,win,A17,,98,49.0,16,3,2,0,True,True,8,2,True,0,8,1
Karpov.pgn,Karpov,white,"Kramnik, Vladimir",Dortmund,Dortmund,1995.??.??,1995,2,"Karpov, Anatoly","Kramnik, Vladimir",2775.0,2730.0,1/2-1/2,draw,draw,D47,,36,18.0,10,0,1,0,False,True,5,0,False,0,5,0
Karpov.pgn,Karpov,black,"Ivanchuk, Vassily",Dortmund,Dortmund,1995.??.??,1995,3,"Ivanchuk, Vassily","Karpov, Anatoly",2740.0,2775.0,1/2-1/2,draw,draw,B17,,34,17.0,10,1,0,0,False,False,5,0,False,0,5,1
Karpov.pgn,Karpov,black,"Piket, Jeroen",Dortmund,Dortmund,1995.??.??,1995,4,"Piket, Jeroen","Karpov, Anatoly",2625.0,2775.0,1/2-1/2,draw,draw,E05,,133,66.5,19,5,2,0,True,True,9,1,True,0,10,4
Karpov.pgn,Karpov,white,"Beliavsky, Alexander G",Dortmund,Dortmund,1995.??.??,1995,5,"Karpov, Anatoly","Beliavsky, Alexander G",2775.0,2650.0,1-0,white_win,win,D53,,119,59.5,16,0,2,0,True,True,8,0,True,0,8,0
Karpov.pgn,Karpov,black,"Lobron, Eric",Dortmund,Dortmund,1995.??.??,1995,6,"Lobron, Eric","Karpov, Anatoly",2595.0,2775.0,0-1,black_win,win,E12,,62,31.0,14,2,2,0,True,True,7,1,True,0,7,1
Karpov.pgn,Karpov,white,"Short, Nigel D",Dortmund,Dortmund,1995.??.??,1995,7,"Karpov, Anatoly","Short, Nigel D",2775.0,2645.0,1/2-1/2,draw,draw,D15,,66,33.0,12,0,2,0,True,True,6,0,True,0,6,0
Karpov.pgn,Karpov,black,"Leko, Peter",Dortmund,Dortmund,1995.??.??,1995,8,"Leko, Peter","Karpov, Anatoly",2605.0,2775.0,1/2-1/2,draw,draw,B17,,111,55.5,22,6,1,0,True,False,11,0,False,0,11,6
Karpov.pgn,Karpov,white,"Lautier, Joel",Dortmund,Dortmund,1995.??.??,1995,8,"Karpov, Anatoly","Lautier, Joel",2770.0,2645.0,1-0,white_win,win,D45,,87,43.5,16,1,2,0,True,True,8,0,True,0,8,1
Karpov.pgn,Karpov,white,"Adams, Michael",Dos Hermanas,Dos Hermanas,1995.??.??,1995,1,"Karpov, Anatoly","Adams, Michael",2780.0,2655.0,1/2-1/2,draw,draw,E11,,122,61.0,24,13,0,0,False,False,12,6,False,0,12,7
Karpov.pgn,Karpov,black,"Piket, Jeroen",Dos Hermanas,Dos Hermanas,1995.??.??,1995,2,"Piket, Jeroen","Karpov, Anatoly",2670.0,2780.0,1/2-1/2,draw,draw,E15,,85,42.5,21,2,2,0,True,True,11,0,True,0,10,2
Karpov.pgn,Karpov,white,"Salov, Valery",Dos Hermanas,Dos Hermanas,1995.??.??,1995,3,"Karpov, Anatoly","Salov, Valery",2780.0,2715.0,1-0,white_win,win,E15,,109,54.5,21,8,2,0,True,True,11,2,True,0,10,6
Karpov.pgn,Karpov,black,"Lautier, Joel",Dos Hermanas,Dos Hermanas,1995.??.??,1995,4,"Lautier, Joel","Karpov, Anatoly",2655.0,2780.0,0-1,black_win,win,E05,,60,30.0,16,3,2,0,True,True,8,3,True,0,8,0
Karpov.pgn,Karpov,white,"Illescas Cordoba, Miguel",Dos Hermanas,Dos Hermanas,1995.??.??,1995,5,"Karpov, Anatoly","Illescas Cordoba, Miguel",2780.0,2595.0,1/2-1/2,draw,draw,A29,,107,53.5,14,0,2,0,True,True,7,0,True,0,7,0
Karpov.pgn,Karpov,black,"Shirov, Alexei",Dos Hermanas,Dos Hermanas,1995.??.??,1995,6,"Shirov, Alexei","Karpov, Anatoly",2710.0,2780.0,0-1,black_win,win,C22,,46,23.0,7,0,2,0,True,True,4,0,True,0,3,0
Karpov.pgn,Karpov,white,"Gelfand, Boris",Dos Hermanas,Dos Hermanas,1995.??.??,1995,7,"Karpov, Anatoly","Gelfand, Boris",2780.0,2700.0,1/2-1/2,draw,draw,D12,,52,26.0,9,0,2,0,True,True,4,0,True,0,5,0
Karpov.pgn,Karpov,black,"Kamsky, Gata",Dos Hermanas,Dos Hermanas,1995.??.??,1995,8,"Kamsky, Gata","Karpov, Anatoly",2710.0,2780.0,1-0,white_win,loss,B12,,75,37.5,12,1,1,0,True,False,6,0,False,0,6,1
Karpov.pgn,Karpov,white,"Polgar, Judit",Dos Hermanas,Dos Hermanas,1995.??.??,1995,9,"Karpov, Anatoly","Polgar, Judit",2780.0,2630.0,1/2-1/2,draw,draw,E62,,92,46.0,22,6,2,0,True,True,11,5,True,0,11,1
Karpov.pgn,Karpov,black,"Sokolov, Ivan",Groningen,Groningen,1995.??.??,1995,1,"Sokolov, Ivan","Karpov, Anatoly",2630.0,2775.0,1/2-1/2,draw,draw,E21,,141,70.5,23,4,2,0,True,True,11,2,True,0,12,2
Karpov.pgn,Karpov,white,"Adams, Michael",Groningen,Groningen,1995.??.??,1995,2,"Karpov, Anatoly","Adams, Michael",2775.0,2660.0,1/2-1/2,draw,draw,A17,,94,47.0,20,1,2,0,True,True,10,1,True,0,10,0
Karpov.pgn,Karpov,black,"Lautier, Joel",Groningen,Groningen,1995.??.??,1995,3,"Lautier, Joel","Karpov, Anatoly",2645.0,2775.0,1/2-1/2,draw,draw,E12,,75,37.5,18,2,2,0,True,True,9,1,True,0,9,1
Karpov.pgn,Karpov,white,"Piket, Jeroen",Groningen,Groningen,1995.??.??,1995,4,"Karpov, Anatoly","Piket, Jeroen",2775.0,2625.0,1-0,white_win,win,D20,,83,41.5,24,7,1,0,True,False,13,3,True,0,11,4
Karpov.pgn,Karpov,black,"Kamsky, Gata",Groningen,Groningen,1995.??.??,1995,6,"Kamsky, Gata","Karpov, Anatoly",2735.0,2775.0,1/2-1/2,draw,draw,B12,,203,101.5,25,21,2,0,True,True,13,12,True,0,12,9
Karpov.pgn,Karpov,white,"Hansen, Curt",Groningen,Groningen,1995.??.??,1995,7,"Karpov, Anatoly","Hansen, Curt",2775.0,2635.0,1-0,white_win,win,E84,,115,57.5,23,2,2,0,True,True,12,1,True,0,11,1
Karpov.pgn,Karpov,black,"Almasi, Zoltan",Groningen,Groningen,1995.??.??,1995,8,"Almasi, Zoltan","Karpov, Anatoly",2630.0,2775.0,0-1,black_win,win,B17,,148,74.0,24,9,2,0,True,True,13,5,True,0,11,4
Karpov.pgn,Karpov,white,"Svidler, Peter",Groningen,Groningen,1995.??.??,1995,9,"Karpov, Anatoly","Svidler, Peter",2775.0,2635.0,1/2-1/2,draw,draw,D02,,64,32.0,8,2,2,0,True,True,4,0,True,0,4,2
Karpov.pgn,Karpov,black,"Van Wely, Loek",Groningen,Groningen,1995.??.??,1995,10,"Van Wely, Loek","Karpov, Anatoly",2585.0,2775.0,0-1,black_win,win,E12,,128,64.0,24,8,1,0,True,False,13,1,False,0,11,7
Karpov.pgn,Karpov,white,"Shirov, Alexei",Linares,Linares,1995.??.??,1995,1,"Karpov, Anatoly","Shirov, Alexei",2780.0,2710.0,1/2-1/2,draw,draw,B08,,96,48.0,18,5,2,0,True,True,9,5,True,0,9,0
Karpov.pgn,Karpov,black,"Dreev, Alexey",Linares,Linares,1995.??.??,1995,2,"Dreev, Alexey","Karpov, Anatoly",2650.0,2780.0,1/2-1/2,draw,draw,E14,,45,22.5,13,1,2,0,True,True,7,1,True,0,6,0
Karpov.pgn,Karpov,white,"Tiviakov, Sergei",Linares,Linares,1995.??.??,1995,3,"Karpov, Anatoly","Tiviakov, Sergei",2780.0,2625.0,1/2-1/2,draw,draw,E16,,85,42.5,22,3,2,0,True,True,11,1,True,0,11,2
Karpov.pgn,Karpov,black,"Akopian, Vladimir",Linares,Linares,1995.??.??,1995,4,"Akopian, Vladimir","Karpov, Anatoly",2655.0,2780.0,1/2-1/2,draw,draw,A07,,87,43.5,21,5,1,0,True,False,10,1,False,0,11,4
Karpov.pgn,Karpov,white,"Short, Nigel D",Linares,Linares,1995.??.??,1995,5,"Karpov, Anatoly","Short, Nigel D",2780.0,2655.0,1-0,white_win,win,D27,,103,51.5,19,1,2,0,True,True,10,0,True,0,9,1
Karpov.pgn,Karpov,black,"Sokolov, Ivan",Linares,Linares,1995.??.??,1995,6,"Sokolov, Ivan","Karpov, Anatoly",2645.0,2780.0,0-1,black_win,win,A46,,90,45.0,17,6,2,0,True,True,8,0,True,0,9,6
Karpov.pgn,Karpov,white,"Khalifman, Alexander",Linares,Linares,1995.??.??,1995,7,"Karpov, Anatoly","Khalifman, Alexander",2780.0,2635.0,1-0,white_win,win,E60,,81,40.5,15,2,2,0,True,True,7,1,True,0,8,1
Karpov.pgn,Karpov,black,"Lautier, Joel",Linares,Linares,1995.??.??,1995,8,"Lautier, Joel","Karpov, Anatoly",2655.0,2780.0,0-1,black_win,win,E32,,80,40.0,18,7,1,0,False,True,10,7,True,0,8,0
Karpov.pgn,Karpov,white,"Ivanchuk, Vassily",Linares,Linares,1995.??.??,1995,9,"Karpov, Anatoly","Ivanchuk, Vassily",2780.0,2700.0,1/2-1/2,draw,draw,A81,,102,51.0,22,14,2,0,True,True,12,1,True,0,10,13
Karpov.pgn,Karpov,black,"Topalov, Veselin",Linares,Linares,1995.??.??,1995,10,"Topalov, Veselin","Karpov, Anatoly",2630.0,2780.0,0-1,black_win,win,D42,,108,54.0,21,15,2,0,True,True,11,11,True,0,10,4
Karpov.pgn,Karpov,white,"Beliavsky, Alexander G",Linares,Linares,1995.??.??,1995,11,"Karpov, Anatoly","Beliavsky, Alexander G",2780.0,2650.0,1/2-1/2,draw,draw,D42,,138,69.0,17,7,2,0,True,True,8,0,True,0,9,7
Karpov.pgn,Karpov,black,"Ljubojevic, Ljubomir",Linares,Linares,1995.??.??,1995,12,"Ljubojevic, Ljubomir","Karpov, Anatoly",2580.0,2780.0,1/2-1/2,draw,draw,B11,,41,20.5,5,0,2,0,True,True,2,0,True,0,3,0
Karpov.pgn,Karpov,white,"Illescas Cordoba, Miguel",Linares,Linares,1995.??.??,1995,13,"Karpov, Anatoly","Illescas Cordoba, Miguel",2780.0,2595.0,1/2-1/2,draw,draw,D48,,122,61.0,23,5,2,0,True,True,12,4,True,0,11,1
Karpov.pgn,Karpov,black,"Nunn, John DM",Amber-blind 4th,Monte Carlo,1995.??.??,1995,1,"Nunn, John DM","Karpov, Anatoly",2630.0,2780.0,0-1,black_win,win,B12,,98,49.0,25,6,2,0,True,True,14,2,True,0,11,4
Karpov.pgn,Karpov,white,"Nunn, John DM",Amber-rapid 4th,Monte Carlo,1995.??.??,1995,1,"Karpov, Anatoly","Nunn, John DM",2780.0,2630.0,1-0,white_win,win,E69,,61,30.5,10,1,2,0,True,True,5,0,True,0,5,1
Karpov.pgn,Karpov,black,"Kramnik, Vladimir",Amber-rapid 4th,Monte Carlo,1995.??.??,1995,2,"Kramnik, Vladimir","Karpov, Anatoly",2715.0,2780.0,0-1,black_win,win,A17,,92,46.0,15,1,2,0,True,True,8,0,True,0,7,1
Karpov.pgn,Karpov,white,"Kramnik, Vladimir",Amber-blind 4th,Monte Carlo,1995.??.??,1995,2,"Karpov, Anatoly","Kramnik, Vladimir",2780.0,2715.0,0-1,black_win,loss,D19,,82,41.0,14,7,2,0,True,True,6,0,True,0,8,7
Karpov.pgn,Karpov,white,"Ivanchuk, Vassily",Amber-rapid 4th,Monte Carlo,1995.??.??,1995,3,"Karpov, Anatoly","Ivanchuk, Vassily",2780.0,2700.0,1-0,white_win,win,E19,,83,41.5,15,0,2,0,True,True,7,0,True,0,8,0
Karpov.pgn,Karpov,black,"Ivanchuk, Vassily",Amber-blind 4th,Monte Carlo,1995.??.??,1995,3,"Ivanchuk, Vassily","Karpov, Anatoly",2700.0,2780.0,1-0,white_win,loss,B17,,69,34.5,18,6,2,0,True,True,9,4,True,0,9,2
Karpov.pgn,Karpov,black,"Nikolic, Predrag",Amber-blind 4th,Monte Carlo,1995.??.??,1995,4,"Nikolic, Predrag","Karpov, Anatoly",2645.0,2780.0,1/2-1/2,draw,draw,E15,,55,27.5,15,1,2,0,True,True,7,1,True,0,8,0
Karpov.pgn,Karpov,white,"Nikolic, Predrag",Amber-rapid 4th,Monte Carlo,1995.??.??,1995,4,"Karpov, Anatoly","Nikolic, Predrag",2780.0,2645.0,1-0,white_win,win,E16,,101,50.5,22,6,2,1,True,True,12,5,True,1,10,1
Karpov.pgn,Karpov,white,"Kamsky, Gata",Amber-blind 4th,Monte Carlo,1995.??.??,1995,5,"Karpov, Anatoly","Kamsky, Gata",2780.0,2710.0,1-0,white_win,win,E69,,107,53.5,21,5,2,0,True,True,11,5,True,0,10,0
Karpov.pgn,Karpov,black,"Kamsky, Gata",Amber-rapid 4th,Monte Carlo,1995.??.??,1995,5,"Kamsky, Gata","Karpov, Anatoly",2710.0,2780.0,0-1,black_win,win,E12,,130,65.0,24,14,2,0,True,True,13,12,True,0,11,2
Karpov.pgn,Karpov,white,"Ljubojevic, Ljubomir",Amber-rapid 4th,Monte Carlo,1995.??.??,1995,6,"Karpov, Anatoly","Ljubojevic, Ljubomir",2780.0,2580.0,1-0,white_win,win,D72,,147,73.5,26,8,2,0,True,True,13,7,True,0,13,1
Karpov.pgn,Karpov,black,"Ljubojevic, Ljubomir",Amber-blind 4th,Monte Carlo,1995.??.??,1995,6,"Ljubojevic, Ljubomir","Karpov, Anatoly",2580.0,2780.0,0-1,black_win,win,B11,,102,51.0,23,7,0,0,False,False,12,2,False,0,11,5
Karpov.pgn,Karpov,black,"Anand, Viswanathan",Amber-rapid 4th,Monte Carlo,1995.??.??,1995,7,"Anand, Viswanathan","Karpov, Anatoly",2715.0,2780.0,1/2-1/2,draw,draw,B17,,47,23.5,12,1,2,0,True,True,6,0,True,0,6,1
Karpov.pgn,Karpov,white,"Anand, Viswanathan",Amber-blind 4th,Monte Carlo,1995.??.??,1995,7,"Karpov, Anatoly","Anand, Viswanathan",2780.0,2715.0,1/2-1/2,draw,draw,D71,,48,24.0,14,0,1,0,False,True,6,0,False,0,8,0
Karpov.pgn,Karpov,white,"Polgar, Judit",Amber-rapid 4th,Monte Carlo,1995.??.??,1995,8,"Karpov, Anatoly","Polgar, Judit",2780.0,2630.0,1-0,white_win,win,E35,,85,42.5,20,3,2,0,True,True,11,1,True,0,9,2
Karpov.pgn,Karpov,black,"Polgar, Judit",Amber-blind 4th,Monte Carlo,1995.??.??,1995,8,"Polgar, Judit","Karpov, Anatoly",2630.0,2780.0,1/2-1/2,draw,draw,E54,,107,53.5,23,7,2,0,True,True,12,3,True,0,11,4
Karpov.pgn,Karpov,white,"Lautier, Joel",Amber-blind 4th,Monte Carlo,1995.??.??,1995,9,"Karpov, Anatoly","Lautier, Joel",2780.0,2655.0,1/2-1/2,draw,draw,D12,,68,34.0,19,1,2,0,True,True,10,0,True,0,9,1
Karpov.pgn,Karpov,black,"Lautier, Joel",Amber-rapid 4th,Monte Carlo,1995.??.??,1995,9,"Lautier, Joel","Karpov, Anatoly",2655.0,2780.0,0-1,black_win,win,E32,,94,47.0,19,4,2,0,True,True,10,4,True,0,9,0
Karpov.pgn,Karpov,white,"Piket, Jeroen",Amber-rapid 4th,Monte Carlo,1995.??.??,1995,10,"Karpov, Anatoly","Piket, Jeroen",2780.0,2670.0,1/2-1/2,draw,draw,D36,,108,54.0,24,3,2,0,True,True,12,1,True,0,12,2
Karpov.pgn,Karpov,black,"Piket, Jeroen",Amber-blind 4th,Monte Carlo,1995.??.??,1995,10,"Piket, Jeroen","Karpov, Anatoly",2670.0,2780.0,1-0,white_win,loss,E15,,55,27.5,13,1,2,0,True,True,6,0,True,0,7,1
Karpov.pgn,Karpov,black,"Shirov, Alexei",Amber-rapid 4th,Monte Carlo,1995.??.??,1995,11,"Shirov, Alexei","Karpov, Anatoly",2710.0,2780.0,0-1,black_win,win,E12,,78,39.0,17,2,2,0,True,True,9,2,True,0,8,0
Karpov.pgn,Karpov,white,"Shirov, Alexei",Amber-blind 4th,Monte Carlo,1995.??.??,1995,11,"Karpov, Anatoly","Shirov, Alexei",2780.0,2710.0,1-0,white_win,win,D30,,87,43.5,21,2,2,0,True,True,11,1,True,0,10,1
Karpov.pgn,Karpov,white,"Andersson, Ulf",Nykopping rapid25,Nykopping,1995.??.??,1995,1,"Karpov, Anatoly","Andersson, Ulf",2775.0,2630.0,1-0,white_win,win,E11,,75,37.5,19,7,2,0,True,True,10,0,True,0,9,7
Karpov.pgn,Karpov,black,"Andersson, Ulf",Nykopping rapid25,Nykopping,1995.??.??,1995,2,"Andersson, Ulf","Karpov, Anatoly",2630.0,2775.0,1-0,white_win,loss,D28,,35,17.5,10,0,2,0,True,True,5,0,True,0,5,0
Karpov.pgn,Karpov,white,"Bacrot, Etienne",Blindfold sim,Paris,1995.??.??,1995,1,"Karpov, Anatoly","Bacrot, Etienne",2765.0,2300.0,0-1,black_win,loss,A29,,82,41.0,20,0,2,0,True,True,10,0,True,0,10,0
Karpov.pgn,Karpov,black,"Tiviakov, Sergei",San Giorgio m rap,San Giorgio,1995.??.??,1995,1,"Tiviakov, Sergei","Karpov, Anatoly",2655.0,2775.0,1/2-1/2,draw,draw,B17,,105,52.5,16,4,2,0,True,True,8,4,True,0,8,0
Karpov.pgn,Karpov,black,De Gremont,San Giorgio sim rapid,San Giorgio,1995.??.??,1995,1,De Gremont,"Karpov, Anatoly",,2765.0,0-1,black_win,win,B12,,58,29.0,14,0,2,0,True,True,8,0,True,0,6,0
Karpov.pgn,Karpov,white,"Tiviakov, Sergei",San Giorgio m rap,San Giorgio,1995.??.??,1995,2,"Karpov, Anatoly","Tiviakov, Sergei",2775.0,2655.0,1-0,white_win,win,E17,,137,68.5,22,5,2,0,True,True,11,1,True,0,11,4
Karpov.pgn,Karpov,white,"Tortarolo, Massimiliano",San Giorgio sim rapid,San Giorgio,1995.??.??,1995,2,"Karpov, Anatoly","Tortarolo, Massimiliano",2765.0,2240.0,1-0,white_win,win,D79,,111,55.5,17,1,2,0,True,True,9,1,True,0,8,0
Karpov.pgn,Karpov,black,"Bellia, Fabrizio",San Giorgio sim rapid,San Giorgio,1995.??.??,1995,3,"Bellia, Fabrizio","Karpov, Anatoly",2300.0,2765.0,0-1,black_win,win,B11,,104,52.0,26,6,2,0,True,True,14,3,True,0,12,3
Karpov.pgn,Karpov,black,"Tiviakov, Sergei",San Giorgio m rap,San Giorgio,1995.??.??,1995,3,"Tiviakov, Sergei","Karpov, Anatoly",2655.0,2775.0,1-0,white_win,loss,B17,,111,55.5,25,13,2,0,True,True,11,1,True,0,14,12
Karpov.pgn,Karpov,white,"Rogulj, Branko",San Giorgio sim rapid,San Giorgio,1995.??.??,1995,4,"Karpov, Anatoly","Rogulj, Branko",2765.0,2425.0,1-0,white_win,win,D94,,85,42.5,18,4,2,0,True,True,10,1,True,0,8,3
Karpov.pgn,Karpov,black,"Efimov, Igor",San Giorgio sim rapid,San Giorgio,1995.??.??,1995,5,"Efimov, Igor","Karpov, Anatoly",2460.0,2765.0,0-1,black_win,win,E44,,62,31.0,14,1,2,0,True,True,7,1,True,0,7,0
Karpov.pgn,Karpov,white,"Cebalo, Miso",San Giorgio sim rapid,San Giorgio,1995.??.??,1995,6,"Karpov, Anatoly","Cebalo, Miso",2765.0,2570.0,1-0,white_win,win,E14,,109,54.5,25,6,2,0,True,True,14,5,True,0,11,1
Karpov.pgn,Karpov,white,"Arlandi, Ennio",San Giorgio sim rapid,San Giorgio,1995.??.??,1995,8,"Karpov, Anatoly","Arlandi, Ennio",2765.0,2440.0,1-0,white_win,win,D58,,91,45.5,12,1,2,0,True,True,7,1,True,0,5,0
Karpov.pgn,Karpov,black,"Mantovani, Renzo",San Giorgio sim rapid,San Giorgio,1995.??.??,1995,9,"Mantovani, Renzo","Karpov, Anatoly",2370.0,2765.0,0-1,black_win,win,A46,,82,41.0,12,6,2,0,True,True,6,5,True,0,6,1
Karpov.pgn,Karpov,black,"Gelfand, Boris",Candidats FIDE f1,Sanghi Nagar,1995.??.??,1995,1,"Gelfand, Boris","Karpov, Anatoly",2700.0,2765.0,1/2-1/2,draw,draw,B12,,51,25.5,14,6,1,0,True,False,7,0,False,0,7,6
Karpov.pgn,Karpov,white,"Gelfand, Boris",Candidats FIDE f1,Sanghi Nagar,1995.??.??,1995,2,"Karpov, Anatoly","Gelfand, Boris",2765.0,2700.0,1/2-1/2,draw,draw,D73,,92,46.0,20,4,1,0,True,False,10,4,True,0,10,0
Karpov.pgn,Karpov,black,"Gelfand, Boris",Candidats FIDE f1,Sanghi Nagar,1995.??.??,1995,3,"Gelfand, Boris","Karpov, Anatoly",2700.0,2765.0,1-0,white_win,loss,B12,,89,44.5,21,2,2,0,True,True,10,1,True,0,11,1
Karpov.pgn,Karpov,white,"Gelfand, Boris",Candidats FIDE f1,Sanghi Nagar,1995.??.??,1995,4,"Karpov, Anatoly","Gelfand, Boris",2765.0,2700.0,1-0,white_win,win,D79,,99,49.5,16,4,2,0,True,True,8,2,True,0,8,2
Karpov.pgn,Karpov,black,"Gelfand, Boris",Candidats FIDE f1,Sanghi Nagar,1995.??.??,1995,5,"Gelfand, Boris","Karpov, Anatoly",2700.0,2765.0,1/2-1/2,draw,draw,C92,,41,20.5,6,0,2,0,True,True,3,0,True,0,3,0
Karpov.pgn,Karpov,white,"Gelfand, Boris",Candidats FIDE f1,Sanghi Nagar,1995.??.??,1995,6,"Karpov, Anatoly","Gelfand, Boris",2765.0,2700.0,1-0,white_win,win,A59,,97,48.5,14,1,1,0,False,True,7,1,False,0,7,0
Karpov.pgn,Karpov,black,"Gelfand, Boris",Candidats FIDE f1,Sanghi Nagar,1995.??.??,1995,7,"Gelfand, Boris","Karpov, Anatoly",2700.0,2780.0,0-1,black_win,win,E14,,160,80.0,23,6,2,0,True,True,12,3,True,0,11,3
Karpov.pgn,Karpov,white,"Gelfand, Boris",Candidats FIDE f1,Sanghi Nagar,1995.??.??,1995,8,"Karpov, Anatoly","Gelfand, Boris",2765.0,2700.0,1/2-1/2,draw,draw,D12,,87,43.5,16,4,2,0,True,True,8,1,True,0,8,3
Karpov.pgn,Karpov,black,"Gelfand, Boris",Candidats FIDE f1,Sanghi Nagar,1995.??.??,1995,9,"Gelfand, Boris","Karpov, Anatoly",2700.0,2765.0,0-1,black_win,win,A29,,72,36.0,20,3,2,0,True,True,9,3,True,0,11,0
Karpov.pgn,Karpov,black,"Alterman, Boris",EUCup Gr4,Tyniste,1995.??.??,1995,3,"Alterman, Boris","Karpov, Anatoly",2595.0,2775.0,0-1,black_win,win,E15,,112,56.0,22,2,2,0,True,True,12,1,True,0,10,1
Karpov.pgn,Karpov,white,"Topalov, Veselin",Varna rap m,Varna,1995.??.??,1995,1,"Karpov, Anatoly","Topalov, Veselin",2775.0,2640.0,1/2-1/2,draw,draw,E89,,108,54.0,18,2,2,0,True,True,9,0,True,0,9,2
Karpov.pgn,Karpov,black,"Topalov, Veselin",Varna rap m,Varna,1995.??.??,1995,2,"Topalov, Veselin","Karpov, Anatoly",2640.0,2775.0,1-0,white_win,loss,B17,,79,39.5,14,5,1,0,False,True,7,5,True,0,7,0
Karpov.pgn,Karpov,white,"Topalov, Veselin",Varna rap m,Varna,1995.??.??,1995,3,"Karpov, Anatoly","Topalov, Veselin",2775.0,2640.0,1-0,white_win,win,E89,,133,66.5,20,14,2,0,True,True,10,2,True,0,10,12
Karpov.pgn,Karpov,black,"Topalov, Veselin",Varna rap m,Varna,1995.??.??,1995,4,"Topalov, Veselin","Karpov, Anatoly",2640.0,2775.0,0-1,black_win,win,B17,,108,54.0,19,7,1,0,False,True,10,3,True,0,9,4
Karpov.pgn,Karpov,white,"Topalov, Veselin",Varna rap m,Varna,1995.??.??,1995,5,"Karpov, Anatoly","Topalov, Veselin",2775.0,2640.0,1/2-1/2,draw,draw,A31,,83,41.5,17,0,2,0,True,True,9,0,True,0,8,0
Karpov.pgn,Karpov,black,"Topalov, Veselin",Varna rap m,Varna,1995.??.??,1995,6,"Topalov, Veselin","Karpov, Anatoly",2640.0,2775.0,1-0,white_win,loss,B12,,67,33.5,14,3,2,0,True,True,7,2,True,0,7,1
Karpov.pgn,Karpov,white,"Ivanchuk, Vassily",Las Palmas,Las Palmas,1996.12.09,1996,1,"Karpov, Anatoly","Ivanchuk, Vassily",2775.0,2730.0,1/2-1/2,draw,draw,E62,,122,61.0,20,4,2,0,True,True,10,2,True,0,10,2
Karpov.pgn,Karpov,black,"Topalov, Veselin",Las Palmas,Las Palmas,1996.12.11,1996,3,"Topalov, Veselin","Karpov, Anatoly",2750.0,2775.0,1/2-1/2,draw,draw,D27,,53,26.5,11,1,2,0,True,True,5,1,True,0,6,0
Karpov.pgn,Karpov,black,"Kramnik, Vladimir",Las Palmas,Las Palmas,1996.12.12,1996,4,"Kramnik, Vladimir","Karpov, Anatoly",2765.0,2775.0,1/2-1/2,draw,draw,A28,,41,20.5,9,1,2,0,True,True,4,1,True,0,5,0
Karpov.pgn,Karpov,white,"Kasparov, Gary",Las Palmas,Las Palmas,1996.12.15,1996,5,"Karpov, Anatoly","Kasparov, Gary",2775.0,2785.0,1/2-1/2,draw,draw,D43,,89,44.5,22,9,0,0,False,False,11,6,False,0,11,3
Karpov.pgn,Karpov,black,"Ivanchuk, Vassily",Las Palmas,Las Palmas,1996.12.16,1996,6,"Ivanchuk, Vassily","Karpov, Anatoly",2730.0,2775.0,1/2-1/2,draw,draw,C10,,29,14.5,10,3,2,0,True,True,5,0,True,0,5,3
Karpov.pgn,Karpov,black,"Anand, Viswanathan",Las Palmas,Las Palmas,1996.12.17,1996,7,"Anand, Viswanathan","Karpov, Anatoly",2735.0,2775.0,1-0,white_win,loss,D21,,71,35.5,17,3,2,0,True,True,8,0,True,0,9,3
Karpov.pgn,Karpov,white,"Topalov, Veselin",Las Palmas,Las Palmas,1996.12.19,1996,8,"Karpov, Anatoly","Topalov, Veselin",2775.0,2750.0,1/2-1/2,draw,draw,A70,,140,70.0,25,13,2,0,True,True,13,5,True,0,12,8
Karpov.pgn,Karpov,black,"Kasparov, Gary",Las Palmas,Las Palmas,1996.12.20,1996,9,"Kasparov, Gary","Karpov, Anatoly",2785.0,2775.0,1-0,white_win,loss,E32,,87,43.5,21,7,2,0,True,True,10,7,True,0,11,0
Karpov.pgn,Karpov,white,"Kramnik, Vladimir",Las Palmas,Las Palmas,1996.12.21,1996,10,"Karpov, Anatoly","Kramnik, Vladimir",2775.0,2765.0,1/2-1/2,draw,draw,D46,,76,38.0,18,7,2,0,True,True,10,2,True,0,8,5
Karpov.pgn,Karpov,white,"Salov, Valery",Belgrade,Belgrade,1996.??.??,1996,1,"Karpov, Anatoly","Salov, Valery",2770.0,2670.0,1/2-1/2,draw,draw,A59,,69,34.5,18,0,1,0,False,True,9,0,False,0,9,0
Karpov.pgn,Karpov,white,"Ilincic, Zlatko",Belgrade,Belgrade,1996.??.??,1996,2,"Karpov, Anatoly","Ilincic, Zlatko",2770.0,2555.0,1-0,white_win,win,E94,,95,47.5,10,4,2,0,True,True,5,4,True,0,5,0
Karpov.pgn,Karpov,black,"Bareev, Evgeny",Belgrade,Belgrade,1996.??.??,1996,3,"Bareev, Evgeny","Karpov, Anatoly",2645.0,2770.0,1-0,white_win,loss,E12,,85,42.5,19,6,1,0,True,False,9,2,False,0,10,4
Karpov.pgn,Karpov,white,"Popovic, Petar",Belgrade,Belgrade,1996.??.??,1996,4,"Karpov, Anatoly","Popovic, Petar",2770.0,2570.0,1/2-1/2,draw,draw,D73,,63,31.5,15,0,2,0,True,True,7,0,True,0,8,0
Karpov.pgn,Karpov,black,"Leko, Peter",Belgrade,Belgrade,1996.??.??,1996,5,"Leko, Peter","Karpov, Anatoly",2625.0,2770.0,1/2-1/2,draw,draw,B17,,32,16.0,10,2,2,0,True,True,5,1,True,0,5,1
Karpov.pgn,Karpov,black,"Lautier, Joel",Biel SKA,Biel,1996.??.??,1996,1,"Lautier, Joel","Karpov, Anatoly",2620.0,2775.0,1/2-1/2,draw,draw,E12,,39,19.5,4,0,2,0,True,True,2,0,True,0,2,0
Karpov.pgn,Karpov,white,"Almasi, Zoltan",Biel SKA,Biel,1996.??.??,1996,2,"Karpov, Anatoly","Almasi, Zoltan",2775.0,2655.0,1-0,white_win,win,E15,,99,49.5,20,3,2,0,True,True,11,2,True,0,9,1
Karpov.pgn,Karpov,black,"Andersson, Ulf",Biel SKA,Biel,1996.??.??,1996,3,"Andersson, Ulf","Karpov, Anatoly",2640.0,2775.0,1/2-1/2,draw,draw,A13,,28,14.0,8,0,1,0,True,False,4,0,False,0,4,0
Karpov.pgn,Karpov,white,"Glek, Igor V",Biel SKA,Biel,1996.??.??,1996,4,"Karpov, Anatoly","Glek, Igor V",2775.0,2670.0,1/2-1/2,draw,draw,E94,,44,22.0,10,1,2,0,True,True,5,0,True,0,5,1
Karpov.pgn,Karpov,black,"Onischuk, Alexander",Biel SKA,Biel,1996.??.??,1996,5,"Onischuk, Alexander","Karpov, Anatoly",2605.0,2775.0,0-1,black_win,win,E48,,66,33.0,15,2,2,0,True,True,8,1,True,0,7,1
Karpov.pgn,Karpov,white,"Tukmakov, Vladimir B",Biel SKA,Biel,1996.??.??,1996,6,"Karpov, Anatoly","Tukmakov, Vladimir B",2775.0,2580.0,1/2-1/2,draw,draw,D45,,134,67.0,26,10,2,0,True,True,13,3,True,0,13,7
Karpov.pgn,Karpov,black,"Ehlvest, Jaan",Biel SKA,Biel,1996.??.??,1996,7,"Ehlvest, Jaan","Karpov, Anatoly",2660.0,2775.0,1/2-1/2,draw,draw,E15,,27,13.5,4,1,2,0,True,True,2,1,True,0,2,0
Karpov.pgn,Karpov,black,"Portisch, Lajos",Biel SKA,Biel,1996.??.??,1996,8,"Portisch, Lajos","Karpov, Anatoly",2600.0,2775.0,0-1,black_win,win,E12,,40,20.0,13,1,0,0,False,False,6,0,False,0,7,1
Karpov.pgn,Karpov,white,"Milov, Vadim",Biel SKA,Biel,1996.??.??,1996,9,"Karpov, Anatoly","Milov, Vadim",2775.0,2565.0,1/2-1/2,draw,draw,E94,,100,50.0,18,1,2,0,True,True,9,1,True,0,9,0
Karpov.pgn,Karpov,black,"Miles, Anthony J",Biel SKA,Biel,1996.??.??,1996,10,"Miles, Anthony J","Karpov, Anatoly",2630.0,2775.0,1/2-1/2,draw,draw,A07,,31,15.5,6,0,2,0,True,True,3,0,True,0,3,0
Karpov.pgn,Karpov,white,"Romanishin, Oleg M",Biel SKA,Biel,1996.??.??,1996,11,"Karpov, Anatoly","Romanishin, Oleg M",2775.0,2555.0,1-0,white_win,win,E12,,65,32.5,9,0,2,0,True,True,4,0,True,0,5,0
Karpov.pgn,Karpov,white,"Smirin, Ilia",EU-ch Rapid-30',Cap d`Agde,1996.??.??,1996,?,"Karpov, Anatoly","Smirin, Ilia",2775.0,2625.0,1-0,white_win,win,E63,,83,41.5,18,1,2,0,True,True,10,1,True,0,8,0
Karpov.pgn,Karpov,white,"Van Wely, Loek",EU-ch Rapid-30',Cap d`Agde,1996.??.??,1996,?,"Karpov, Anatoly","Van Wely, Loek",2775.0,2605.0,1/2-1/2,draw,draw,E68,,86,43.0,24,3,2,0,True,True,12,1,True,0,12,2
Karpov.pgn,Karpov,white,"Van Wely, Loek",EU-ch Rapid-30',Cap d`Agde,1996.??.??,1996,?,"Karpov, Anatoly","Van Wely, Loek",2775.0,2605.0,1-0,white_win,win,A48,,85,42.5,21,6,2,0,True,True,11,4,True,0,10,2
Karpov.pgn,Karpov,black,"Van Wely, Loek",EU-ch Rapid-30',Cap d`Agde,1996.??.??,1996,?,"Van Wely, Loek","Karpov, Anatoly",2605.0,2775.0,0-1,black_win,win,E15,,68,34.0,14,3,2,0,True,True,8,2,True,0,6,1
Karpov.pgn,Karpov,black,"Van Wely, Loek",EU-ch Rapid-30',Cap d`Agde,1996.??.??,1996,?,"Van Wely, Loek","Karpov, Anatoly",2605.0,2775.0,1/2-1/2,draw,draw,E15,,91,45.5,27,4,2,0,True,True,13,2,True,0,14,2
Karpov.pgn,Karpov,black,"Smagin, Sergey",EU-ch Rapid-30',Cap d`Agde,1996.??.??,1996,?,"Smagin, Sergey","Karpov, Anatoly",2580.0,2775.0,0-1,black_win,win,B10,,92,46.0,21,5,1,0,True,False,12,4,False,0,9,1
Karpov.pgn,Karpov,black,"Magem Badals, Jorge",EU-ch Rapid-30',Cap d`Agde,1996.??.??,1996,?,"Magem Badals, Jorge","Karpov, Anatoly",2570.0,2775.0,0-1,black_win,win,B12,,100,50.0,14,3,0,0,False,False,7,3,False,0,7,0
Karpov.pgn,Karpov,black,"Hracek, Zbynek",EU-ch Rapid-30',Cap d`Agde,1996.??.??,1996,?,"Hracek, Zbynek","Karpov, Anatoly",2625.0,2775.0,0-1,black_win,win,A17,,72,36.0,15,2,2,0,True,True,6,1,True,0,9,1
Karpov.pgn,Karpov,white,"Glek, Igor V",EU-ch Rapid-30',Cap d`Agde,1996.??.??,1996,?,"Karpov, Anatoly","Glek, Igor V",2775.0,2670.0,1-0,white_win,win,D79,,99,49.5,19,6,2,1,True,True,9,4,True,1,10,2
Karpov.pgn,Karpov,black,"Hracek, Zbynek",EU-ch Rapid-30',Cap d`Agde,1996.??.??,1996,?,"Hracek, Zbynek","Karpov, Anatoly",2625.0,2775.0,1/2-1/2,draw,draw,A17,,83,41.5,17,4,2,0,True,True,8,2,True,0,9,2
Karpov.pgn,Karpov,white,"Hracek, Zbynek",EU-ch Rapid-30',Cap d`Agde,1996.??.??,1996,?,"Karpov, Anatoly","Hracek, Zbynek",2775.0,2625.0,1/2-1/2,draw,draw,A35,,117,58.5,16,3,2,0,True,True,8,2,True,0,8,1
Karpov.pgn,Karpov,white,"Hracek, Zbynek",EU-ch Rapid-30',Cap d`Agde,1996.??.??,1996,?,"Karpov, Anatoly","Hracek, Zbynek",2775.0,2625.0,0-1,black_win,loss,E10,,100,50.0,24,4,2,0,True,True,12,3,True,0,12,1
Karpov.pgn,Karpov,white,"Hracek, Zbynek",EU-ch Rapid-30',Cap d`Agde,1996.??.??,1996,?,"Karpov, Anatoly","Hracek, Zbynek",2775.0,2625.0,1-0,white_win,win,A32,,91,45.5,20,10,1,0,True,False,11,7,True,0,9,3
Karpov.pgn,Karpov,black,"Smirin, Ilia",EU-ch Rapid-30',Cap d`Agde,1996.??.??,1996,?,"Smirin, Ilia","Karpov, Anatoly",2625.0,2775.0,1/2-1/2,draw,draw,B12,,79,39.5,19,7,1,0,True,False,10,3,False,0,9,4
Karpov.pgn,Karpov,white,"Kamsky, Gata",FIDE-Wch,Elista,1996.??.??,1996,1,"Karpov, Anatoly","Kamsky, Gata",2770.0,2735.0,1-0,white_win,win,D98,,112,56.0,18,2,2,0,True,True,9,2,True,0,9,0
Karpov.pgn,Karpov,black,"Kamsky, Gata",FIDE-Wch,Elista,1996.??.??,1996,2,"Kamsky, Gata","Karpov, Anatoly",2735.0,2770.0,1-0,white_win,loss,B14,,129,64.5,19,4,2,0,True,True,10,1,True,0,9,3
Karpov.pgn,Karpov,white,"Kamsky, Gata",FIDE-Wch,Elista,1996.??.??,1996,3,"Karpov, Anatoly","Kamsky, Gata",2770.0,2735.0,1/2-1/2,draw,draw,E15,,98,49.0,20,7,2,0,True,True,10,2,True,0,10,5
Karpov.pgn,Karpov,black,"Kamsky, Gata",FIDE-Wch,Elista,1996.??.??,1996,4,"Kamsky, Gata","Karpov, Anatoly",2735.0,2770.0,0-1,black_win,win,B14,,90,45.0,14,1,2,0,True,True,7,0,True,0,7,1
Karpov.pgn,Karpov,white,"Kamsky, Gata",FIDE-Wch,Elista,1996.??.??,1996,5,"Karpov, Anatoly","Kamsky, Gata",2770.0,2735.0,1/2-1/2,draw,draw,D97,,46,23.0,9,1,1,0,False,True,4,1,False,0,5,0
Karpov.pgn,Karpov,black,"Kamsky, Gata",FIDE-Wch,Elista,1996.??.??,1996,6,"Kamsky, Gata","Karpov, Anatoly",2735.0,2770.0,0-1,black_win,win,C43,,58,29.0,11,1,1,0,True,False,6,0,False,0,5,1
Karpov.pgn,Karpov,white,"Kamsky, Gata",FIDE-Wch,Elista,1996.??.??,1996,7,"Karpov, Anatoly","Kamsky, Gata",2770.0,2735.0,1-0,white_win,win,E97,,141,70.5,24,9,2,0,True,True,13,6,True,0,11,3
Karpov.pgn,Karpov,black,"Kamsky, Gata",FIDE-Wch,Elista,1996.??.??,1996,8,"Kamsky, Gata","Karpov, Anatoly",2735.0,2770.0,1/2-1/2,draw,draw,B17,,123,61.5,20,7,1,0,True,False,10,1,False,0,10,6
Karpov.pgn,Karpov,white,"Kamsky, Gata",FIDE-Wch,Elista,1996.??.??,1996,9,"Karpov, Anatoly","Kamsky, Gata",2770.0,2735.0,1-0,white_win,win,D97,,81,40.5,18,4,2,0,True,True,9,4,True,0,9,0
Karpov.pgn,Karpov,black,"Kamsky, Gata",FIDE-Wch,Elista,1996.??.??,1996,10,"Kamsky, Gata","Karpov, Anatoly",2735.0,2770.0,1-0,white_win,loss,E12,,117,58.5,25,13,0,0,False,False,12,2,False,0,13,11
Karpov.pgn,Karpov,white,"Kamsky, Gata",FIDE-Wch,Elista,1996.??.??,1996,11,"Karpov, Anatoly","Kamsky, Gata",2770.0,2735.0,1/2-1/2,draw,draw,D45,,132,66.0,25,4,2,0,True,True,13,2,True,0,12,2
Karpov.pgn,Karpov,black,"Kamsky, Gata",FIDE-Wch,Elista,1996.??.??,1996,12,"Kamsky, Gata","Karpov, Anatoly",2735.0,2770.0,1/2-1/2,draw,draw,B17,,107,53.5,24,15,2,0,True,True,12,11,True,0,12,4
Karpov.pgn,Karpov,white,"Kamsky, Gata",FIDE-Wch,Elista,1996.??.??,1996,13,"Karpov, Anatoly","Kamsky, Gata",2770.0,2735.0,1/2-1/2,draw,draw,E15,,179,89.5,26,5,2,0,True,True,12,2,True,0,14,3
Karpov.pgn,Karpov,black,"Kamsky, Gata",FIDE-Wch,Elista,1996.??.??,1996,14,"Kamsky, Gata","Karpov, Anatoly",2735.0,2770.0,0-1,black_win,win,E48,,122,61.0,26,3,2,0,True,True,14,1,True,0,12,2
Karpov.pgn,Karpov,white,"Kamsky, Gata",FIDE-Wch,Elista,1996.??.??,1996,15,"Karpov, Anatoly","Kamsky, Gata",2770.0,2735.0,1/2-1/2,draw,draw,A70,,84,42.0,18,9,2,0,True,True,9,2,True,0,9,7
Karpov.pgn,Karpov,black,"Kamsky, Gata",FIDE-Wch,Elista,1996.??.??,1996,16,"Kamsky, Gata","Karpov, Anatoly",2735.0,2770.0,1-0,white_win,loss,E15,,97,48.5,17,4,2,0,True,True,8,1,True,0,9,3
Karpov.pgn,Karpov,white,"Kamsky, Gata",FIDE-Wch,Elista,1996.??.??,1996,17,"Karpov, Anatoly","Kamsky, Gata",2770.0,2735.0,1/2-1/2,draw,draw,A13,,119,59.5,24,8,2,0,True,True,12,5,True,0,12,3
Karpov.pgn,Karpov,black,"Kamsky, Gata",FIDE-Wch,Elista,1996.??.??,1996,18,"Kamsky, Gata","Karpov, Anatoly",2735.0,2770.0,1/2-1/2,draw,draw,E15,,160,80.0,24,11,2,0,True,True,12,7,True,0,12,4
Karpov.pgn,Karpov,black,"Valkesalmi, Kimmo",Helsinki sim,Helsinki,1996.??.??,1996,1,"Valkesalmi, Kimmo","Karpov, Anatoly",2370.0,2770.0,1/2-1/2,draw,draw,A29,,53,26.5,6,0,2,0,True,True,3,0,True,0,3,0
Karpov.pgn,Karpov,white,"Pyhala, Antti",Helsinki sim,Helsinki,1996.??.??,1996,2,"Karpov, Anatoly","Pyhala, Antti",2770.0,2330.0,1/2-1/2,draw,draw,D22,,88,44.0,18,1,2,0,True,True,9,1,True,0,9,0
Karpov.pgn,Karpov,black,"Westerinen, Heikki MJ",Helsinki sim,Helsinki,1996.??.??,1996,3,"Westerinen, Heikki MJ","Karpov, Anatoly",2410.0,2770.0,1-0,white_win,loss,B17,,73,36.5,18,5,2,0,True,True,9,0,True,0,9,5
Karpov.pgn,Karpov,white,"Yrjola, Jouni",Helsinki sim,Helsinki,1996.??.??,1996,4,"Karpov, Anatoly","Yrjola, Jouni",2770.0,2460.0,1-0,white_win,win,E97,,111,55.5,19,11,2,0,True,True,10,10,True,0,9,1
Karpov.pgn,Karpov,white,"Maki, Veijo",Helsinki sim,Helsinki,1996.??.??,1996,5,"Karpov, Anatoly","Maki, Veijo",2770.0,2420.0,0-1,black_win,loss,E97,,93,46.5,19,4,2,0,True,True,9,1,True,0,10,3
Karpov.pgn,Karpov,white,"Raaste, Eero J",Helsinki sim,Helsinki,1996.??.??,1996,6,"Karpov, Anatoly","Raaste, Eero J",2770.0,2355.0,1-0,white_win,win,A85,,113,56.5,23,4,2,0,True,True,12,4,True,0,11,0
Karpov.pgn,Karpov,black,The World,Internet FIN m,Internet,1996.??.??,1996,1,The World,"Karpov, Anatoly",,2770.0,0-1,black_win,win,B17,,64,32.0,14,2,2,0,True,True,7,2,True,0,7,0
Karpov.pgn,Karpov,black,"Stefansson, Hannes",Chess.net m1 blitz,Internet,1996.??.??,1996,1,"Stefansson, Hannes","Karpov, Anatoly",2560.0,2775.0,1-0,white_win,loss,A22,,81,40.5,15,8,2,0,True,True,7,2,True,0,8,6
Karpov.pgn,Karpov,white,"Stefansson, Hannes",Chess.net m1 blitz,Internet,1996.??.??,1996,2,"Karpov, Anatoly","Stefansson, Hannes",2540.0,2480.0,1-0,white_win,win,E15,,111,55.5,21,3,2,0,True,True,10,1,True,0,11,2
Karpov.pgn,Karpov,black,"Wojtkiewicz, Aleksander",Chess.net m1 blitz,Internet,1996.??.??,1996,3,"Wojtkiewicz, Aleksander","Karpov, Anatoly",2525.0,2775.0,0-1,black_win,win,E06,,70,35.0,12,2,2,0,True,True,6,0,True,0,6,2
Karpov.pgn,Karpov,white,"Kaidanov, Grigory S",Chess.net m1 blitz,Internet,1996.??.??,1996,4,"Karpov, Anatoly","Kaidanov, Grigory S",2775.0,2580.0,1-0,white_win,win,D45,,61,30.5,15,3,2,0,True,True,8,2,True,0,7,1
Karpov.pgn,Karpov,white,"Anand, Viswanathan",Las Palmas,Las Palmas,1996.??.??,1996,2,"Karpov, Anatoly","Anand, Viswanathan",2775.0,2735.0,1/2-1/2,draw,draw,E15,,88,44.0,18,2,2,0,True,True,9,0,True,0,9,2
Karpov.pgn,Karpov,white,"Kamsky, Gata",Amber-blind 5th,Monte Carlo,1996.??.??,1996,1,"Karpov, Anatoly","Kamsky, Gata",2770.0,2735.0,1-0,white_win,win,E62,,107,53.5,23,4,2,0,True,True,12,2,True,0,11,2
Karpov.pgn,Karpov,black,"Kamsky, Gata",Amber-rapid 5th,Monte Carlo,1996.??.??,1996,1,"Kamsky, Gata","Karpov, Anatoly",2735.0,2770.0,0-1,black_win,win,C10,,130,65.0,23,8,2,0,True,True,12,1,True,0,11,7
Karpov.pgn,Karpov,white,"Anand, Viswanathan",Amber-rapid 5th,Monte Carlo,1996.??.??,1996,2,"Karpov, Anatoly","Anand, Viswanathan",2770.0,2725.0,1/2-1/2,draw,draw,D47,,76,38.0,22,2,2,0,True,True,11,2,True,0,11,0
Karpov.pgn,Karpov,black,"Anand, Viswanathan",Amber-blind 5th,Monte Carlo,1996.??.??,1996,2,"Anand, Viswanathan","Karpov, Anatoly",2725.0,2770.0,1-0,white_win,loss,B17,,103,51.5,23,10,1,0,True,False,12,5,False,0,11,5
Karpov.pgn,Karpov,white,"Nikolic, Predrag",Amber-blind 5th,Monte Carlo,1996.??.??,1996,3,"Karpov, Anatoly","Nikolic, Predrag",2770.0,2645.0,1/2-1/2,draw,draw,A88,,56,28.0,6,0,2,0,True,True,3,0,True,0,3,0
Karpov.pgn,Karpov,black,"Nikolic, Predrag",Amber-rapid 5th,Monte Carlo,1996.??.??,1996,3,"Nikolic, Predrag","Karpov, Anatoly",2645.0,2770.0,1-0,white_win,loss,D78,,119,59.5,19,1,2,0,True,True,9,0,True,0,10,1
Karpov.pgn,Karpov,white,"Ivanchuk, Vassily",Amber-blind 5th,Monte Carlo,1996.??.??,1996,4,"Karpov, Anatoly","Ivanchuk, Vassily",2770.0,2735.0,1/2-1/2,draw,draw,E66,,80,40.0,18,2,2,0,True,True,9,2,True,0,9,0
Karpov.pgn,Karpov,black,"Ivanchuk, Vassily",Amber-rapid 5th,Monte Carlo,1996.??.??,1996,4,"Ivanchuk, Vassily","Karpov, Anatoly",2735.0,2770.0,1-0,white_win,loss,B17,,101,50.5,23,7,1,0,True,False,11,1,False,0,12,6
Karpov.pgn,Karpov,white,"Lautier, Joel",Amber-rapid 5th,Monte Carlo,1996.??.??,1996,5,"Karpov, Anatoly","Lautier, Joel",2770.0,2630.0,1/2-1/2,draw,draw,D20,,114,57.0,23,6,2,0,True,True,12,4,True,0,11,2
Karpov.pgn,Karpov,black,"Lautier, Joel",Amber-blind 5th,Monte Carlo,1996.??.??,1996,5,"Lautier, Joel","Karpov, Anatoly",2630.0,2770.0,1-0,white_win,loss,E12,,67,33.5,16,2,2,0,True,True,8,0,True,0,8,2
Karpov.pgn,Karpov,white,"Piket, Jeroen",Amber-rapid 5th,Monte Carlo,1996.??.??,1996,6,"Karpov, Anatoly","Piket, Jeroen",2770.0,2570.0,1/2-1/2,draw,draw,E15,,68,34.0,20,3,2,0,True,True,10,1,True,0,10,2
Karpov.pgn,Karpov,black,"Piket, Jeroen",Amber-blind 5th,Monte Carlo,1996.??.??,1996,6,"Piket, Jeroen","Karpov, Anatoly",2570.0,2770.0,0-1,black_win,win,E05,,136,68.0,20,5,2,0,True,True,9,0,True,0,11,5
Karpov.pgn,Karpov,black,"Shirov, Alexei",Amber-rapid 5th,Monte Carlo,1996.??.??,1996,7,"Shirov, Alexei","Karpov, Anatoly",2690.0,2770.0,0-1,black_win,win,B12,,168,84.0,25,18,2,0,True,True,13,9,True,0,12,9
Karpov.pgn,Karpov,white,"Shirov, Alexei",Amber-blind 5th,Monte Carlo,1996.??.??,1996,7,"Karpov, Anatoly","Shirov, Alexei",2770.0,2690.0,0-1,black_win,loss,D30,,100,50.0,22,5,2,0,True,True,11,4,True,0,11,1
Karpov.pgn,Karpov,white,"Kramnik, Vladimir",Amber-rapid 5th,Monte Carlo,1996.??.??,1996,8,"Karpov, Anatoly","Kramnik, Vladimir",2770.0,2775.0,1/2-1/2,draw,draw,D47,,54,27.0,12,0,2,0,True,True,6,0,True,0,6,0
Karpov.pgn,Karpov,black,"Kramnik, Vladimir",Amber-blind 5th,Monte Carlo,1996.??.??,1996,8,"Kramnik, Vladimir","Karpov, Anatoly",2775.0,2770.0,1/2-1/2,draw,draw,E17,,51,25.5,12,1,2,0,True,True,6,1,True,0,6,0
Karpov.pgn,Karpov,black,"Ljubojevic, Ljubomir",Amber-rapid 5th,Monte Carlo,1996.??.??,1996,9,"Ljubojevic, Ljubomir","Karpov, Anatoly",2600.0,2770.0,1/2-1/2,draw,draw,B12,,32,16.0,4,0,1,0,True,False,2,0,False,0,2,0
Karpov.pgn,Karpov,white,"Ljubojevic, Ljubomir",Amber-blind 5th,Monte Carlo,1996.??.??,1996,9,"Karpov, Anatoly","Ljubojevic, Ljubomir",2770.0,2600.0,1-0,white_win,win,E12,,187,93.5,27,3,2,0,True,True,14,1,True,0,13,2
Karpov.pgn,Karpov,white,Xie Jun,Amber-rapid 5th,Monte Carlo,1996.??.??,1996,10,"Karpov, Anatoly",Xie Jun,2770.0,2530.0,1/2-1/2,draw,draw,D76,,168,84.0,20,10,2,0,True,True,11,8,True,0,9,2
Karpov.pgn,Karpov,black,Xie Jun,Amber-blind 5th,Monte Carlo,1996.??.??,1996,10,Xie Jun,"Karpov, Anatoly",2530.0,2770.0,0-1,black_win,win,B12,,130,65.0,20,8,2,0,True,True,10,6,True,0,10,2
Karpov.pgn,Karpov,black,"Polgar, Judit",Amber-rapid 5th,Monte Carlo,1996.??.??,1996,11,"Polgar, Judit","Karpov, Anatoly",2675.0,2770.0,1-0,white_win,loss,B17,,87,43.5,17,8,1,0,True,False,8,2,False,0,9,6
Karpov.pgn,Karpov,white,"Polgar, Judit",Amber-blind 5th,Monte Carlo,1996.??.??,1996,11,"Karpov, Anatoly","Polgar, Judit",2770.0,2675.0,1-0,white_win,win,E69,,109,54.5,21,9,2,1,True,True,12,4,True,0,9,5
Karpov.pgn,Karpov,white,"Georgiev, Kiril",JUG-chT,Niksic,1996.??.??,1996,?,"Karpov, Anatoly","Georgiev, Kiril",2770.0,2615.0,1/2-1/2,draw,draw,A59,,112,56.0,14,2,1,0,False,True,8,1,False,0,6,1
Karpov.pgn,Karpov,white,"Beliavsky, Alexander G",JUG-chT,Niksic,1996.??.??,1996,?,"Karpov, Anatoly","Beliavsky, Alexander G",2775.0,2620.0,1-0,white_win,win,D58,,123,61.5,21,8,2,0,True,True,12,7,True,0,9,1
Karpov.pgn,Karpov,black,"Beliavsky, Alexander G",JUG-chT,Niksic,1996.??.??,1996,?,"Beliavsky, Alexander G","Karpov, Anatoly",2615.0,2770.0,1/2-1/2,draw,draw,E05,,89,44.5,22,7,2,0,True,True,11,4,True,0,11,3
Karpov.pgn,Karpov,white,"Lobron, Eric",Nussloch m,Nussloch,1996.??.??,1996,1,"Karpov, Anatoly","Lobron, Eric",2770.0,2590.0,1-0,white_win,win,E01,,85,42.5,18,11,2,0,True,True,10,5,True,0,8,6
Karpov.pgn,Karpov,black,"Lobron, Eric",Nussloch m,Nussloch,1996.??.??,1996,2,"Lobron, Eric","Karpov, Anatoly",2590.0,2770.0,0-1,black_win,win,E12,,92,46.0,22,3,1,0,True,False,12,1,False,0,10,2
Karpov.pgn,Karpov,black,"Campora, Daniel H",ESP-chT,Oropesa del Mar,1996.??.??,1996,1,"Campora, Daniel H","Karpov, Anatoly",2545.0,2775.0,1/2-1/2,draw,draw,B17,,83,41.5,22,4,2,0,True,True,11,1,True,0,11,3
Karpov.pgn,Karpov,white,"Rogers, Ian",ESP-chT,Oropesa del Mar,1996.??.??,1996,2,"Karpov, Anatoly","Rogers, Ian",2775.0,2575.0,1/2-1/2,draw,draw,E11,,88,44.0,20,4,2,0,True,True,10,0,True,0,10,4
Karpov.pgn,Karpov,black,"Cramling, Pia",ESP-chT,Oropesa del Mar,1996.??.??,1996,3,"Cramling, Pia","Karpov, Anatoly",2545.0,2775.0,0-1,black_win,win,E12,,114,57.0,22,16,2,0,True,True,12,16,True,0,10,0
Karpov.pgn,Karpov,white,"Gulko, Boris F",ESP-chT,Oropesa del Mar,1996.??.??,1996,4,"Karpov, Anatoly","Gulko, Boris F",2775.0,2615.0,1-0,white_win,win,D26,,83,41.5,19,7,1,0,True,False,11,5,True,0,8,2
Karpov.pgn,Karpov,white,Comp Fritz,The Hague exh3,The Hague,1996.??.??,1996,1,"Karpov, Anatoly",Comp Fritz,2770.0,,1-0,white_win,win,D34,,108,54.0,24,1,2,0,True,True,12,0,True,0,12,1
Karpov.pgn,Karpov,black,Comp Fritz,The Hague exh3,The Hague,1996.??.??,1996,2,Comp Fritz,"Karpov, Anatoly",,2770.0,1/2-1/2,draw,draw,C10,,135,67.5,24,5,2,0,True,True,12,3,True,0,12,2
Karpov.pgn,Karpov,black,"Almasi, Zoltan",Tilburg Fontys,Tilburg,1996.??.??,1996,1,"Almasi, Zoltan","Karpov, Anatoly",2655.0,2775.0,1-0,white_win,loss,B17,,105,52.5,18,2,2,0,True,True,9,1,True,0,9,1
Karpov.pgn,Karpov,white,"Lautier, Joel",Tilburg Fontys,Tilburg,1996.??.??,1996,2,"Karpov, Anatoly","Lautier, Joel",2775.0,2620.0,1-0,white_win,win,D43,,81,40.5,23,5,1,0,False,True,12,4,False,0,11,1
Karpov.pgn,Karpov,black,"Sutovskij, Emil",Tilburg Fontys,Tilburg,1996.??.??,1996,3,"Sutovskij, Emil","Karpov, Anatoly",2565.0,2775.0,1/2-1/2,draw,draw,B17,,35,17.5,10,3,0,0,False,False,5,2,False,0,5,1
Karpov.pgn,Karpov,black,"Svidler, Peter",Tilburg Fontys,Tilburg,1996.??.??,1996,4,"Svidler, Peter","Karpov, Anatoly",2650.0,2775.0,1/2-1/2,draw,draw,B17,,54,27.0,8,1,1,0,True,False,4,0,False,0,4,1
Karpov.pgn,Karpov,white,"Shirov, Alexei",Tilburg Fontys,Tilburg,1996.??.??,1996,5,"Karpov, Anatoly","Shirov, Alexei",2775.0,2685.0,1/2-1/2,draw,draw,D10,,83,41.5,15,0,2,0,True,True,8,0,True,0,7,0
Karpov.pgn,Karpov,black,"Van Wely, Loek",Tilburg Fontys,Tilburg,1996.??.??,1996,6,"Van Wely, Loek","Karpov, Anatoly",2605.0,2775.0,1-0,white_win,loss,E15,,131,65.5,23,14,2,0,True,True,10,7,True,0,13,7
Karpov.pgn,Karpov,white,"Gelfand, Boris",Tilburg Fontys,Tilburg,1996.??.??,1996,7,"Karpov, Anatoly","Gelfand, Boris",2775.0,2665.0,1/2-1/2,draw,draw,E63,,126,63.0,24,4,2,0,True,True,12,2,True,0,12,2
Karpov.pgn,Karpov,black,"Polgar, Judit",Tilburg Fontys,Tilburg,1996.??.??,1996,8,"Polgar, Judit","Karpov, Anatoly",2665.0,2775.0,1/2-1/2,draw,draw,D42,,39,19.5,9,0,2,0,True,True,5,0,True,0,4,0
Karpov.pgn,Karpov,white,"Piket, Jeroen",Tilburg Fontys,Tilburg,1996.??.??,1996,9,"Karpov, Anatoly","Piket, Jeroen",2775.0,2580.0,1/2-1/2,draw,draw,D77,,50,25.0,15,0,2,0,True,True,8,0,True,0,7,0
Karpov.pgn,Karpov,black,"Adams, Michael",Tilburg Fontys,Tilburg,1996.??.??,1996,10,"Adams, Michael","Karpov, Anatoly",2685.0,2775.0,1/2-1/2,draw,draw,B12,,89,44.5,22,6,1,0,True,False,11,1,False,0,11,5
Karpov.pgn,Karpov,white,"Leko, Peter",Tilburg Fontys,Tilburg,1996.??.??,1996,11,"Karpov, Anatoly","Leko, Peter",2775.0,2630.0,1-0,white_win,win,D97,,57,28.5,13,2,2,0,True,True,6,0,True,0,7,2
Karpov.pgn,Karpov,white,"Paasikangas, Johanna",Valkeakoski sim,Valkeakoski,1996.??.??,1996,?,"Karpov, Anatoly","Paasikangas, Johanna",2770.0,2200.0,1/2-1/2,draw,draw,B53,,50,25.0,10,1,2,0,True,True,5,0,True,0,5,1
Karpov.pgn,Karpov,white,"Penttinen, Jarkko",Valkeakoski sim,Valkeakoski,1996.??.??,1996,?,"Karpov, Anatoly","Penttinen, Jarkko",2770.0,2265.0,0-1,black_win,loss,A35,,86,43.0,16,1,2,0,True,True,8,0,True,0,8,1
Karpov.pgn,Karpov,white,"Sihvonen, Tero",Valkeakoski sim,Valkeakoski,1996.??.??,1996,?,"Karpov, Anatoly","Sihvonen, Tero",2770.0,2190.0,1/2-1/2,draw,draw,A21,,38,19.0,8,0,2,0,True,True,4,0,True,0,4,0
Karpov.pgn,Karpov,white,"Oikkonen, Jouni",Valkeakoski sim,Valkeakoski,1996.??.??,1996,?,"Karpov, Anatoly","Oikkonen, Jouni",2770.0,,1/2-1/2,draw,draw,D06,,69,34.5,7,0,2,0,True,True,3,0,True,0,4,0
Karpov.pgn,Karpov,white,"Lampen, Timo",Valkeakoski sim,Valkeakoski,1996.??.??,1996,?,"Karpov, Anatoly","Lampen, Timo",2770.0,2280.0,1/2-1/2,draw,draw,A84,,74,37.0,16,1,2,0,True,True,8,1,True,0,8,0
Karpov.pgn,Karpov,white,"Laasanen, Teemu",Valkeakoski sim,Valkeakoski,1996.??.??,1996,?,"Karpov, Anatoly","Laasanen, Teemu",2770.0,,1/2-1/2,draw,draw,B76,,88,44.0,22,5,2,0,True,True,11,4,True,0,11,1
Karpov.pgn,Karpov,white,"Penttinen, Reino",Valkeakoski sim,Valkeakoski,1996.??.??,1996,?,"Karpov, Anatoly","Penttinen, Reino",2770.0,,1/2-1/2,draw,draw,C07,,42,21.0,10,0,2,0,True,True,5,0,True,0,5,0
Karpov.pgn,Karpov,white,"Saaresmaki, Aulis",Valkeakoski sim,Valkeakoski,1996.??.??,1996,?,"Karpov, Anatoly","Saaresmaki, Aulis",2770.0,,1/2-1/2,draw,draw,D46,,44,22.0,11,0,2,0,True,True,5,0,True,0,6,0
Karpov.pgn,Karpov,white,"Salmela, Hannu",Valkeakoski sim,Valkeakoski,1996.??.??,1996,?,"Karpov, Anatoly","Salmela, Hannu",2770.0,,1/2-1/2,draw,draw,A54,,47,23.5,12,2,2,0,True,True,6,1,True,0,6,1
Karpov.pgn,Karpov,white,"Kanerva, Jukka",Valkeakoski sim,Valkeakoski,1996.??.??,1996,?,"Karpov, Anatoly","Kanerva, Jukka",2770.0,,1/2-1/2,draw,draw,B14,,64,32.0,15,3,2,0,True,True,7,1,True,0,8,2
Karpov.pgn,Karpov,white,"Jaatinen, Pertti",Valkeakoski sim,Valkeakoski,1996.??.??,1996,?,"Karpov, Anatoly","Jaatinen, Pertti",2770.0,,1/2-1/2,draw,draw,D15,,40,20.0,4,0,2,0,True,True,2,0,True,0,2,0
Karpov.pgn,Karpov,white,"Hurme, Harri M",Valkeakoski sim,Valkeakoski,1996.??.??,1996,?,"Karpov, Anatoly","Hurme, Harri M",2770.0,2235.0,1/2-1/2,draw,draw,B08,,113,56.5,27,8,2,0,True,True,13,3,True,0,14,5
Karpov.pgn,Karpov,white,"Harjula, Mika",Valkeakoski sim,Valkeakoski,1996.??.??,1996,?,"Karpov, Anatoly","Harjula, Mika",2770.0,,1/2-1/2,draw,draw,E12,,58,29.0,10,1,2,0,True,True,5,1,True,0,5,0
Karpov.pgn,Karpov,white,"Hall, Raimo",Valkeakoski sim,Valkeakoski,1996.??.??,1996,?,"Karpov, Anatoly","Hall, Raimo",2770.0,,1/2-1/2,draw,draw,C16,,50,25.0,14,1,1,0,True,False,6,0,True,0,8,1
Karpov.pgn,Karpov,white,"Fieandt, John",Valkeakoski sim,Valkeakoski,1996.??.??,1996,?,"Karpov, Anatoly","Fieandt, John",2770.0,2220.0,1/2-1/2,draw,draw,D17,,100,50.0,25,9,0,0,False,False,13,5,False,0,12,4
Karpov.pgn,Karpov,white,"Maenpaa, Aimo",Valkeakoski sim,Valkeakoski,1996.??.??,1996,?,"Karpov, Anatoly","Maenpaa, Aimo",2770.0,,1/2-1/2,draw,draw,C92,,59,29.5,7,0,2,0,True,True,3,0,True,0,4,0
Karpov.pgn,Karpov,white,"Nouro, Mikael",Valkeakoski sim,Valkeakoski,1996.??.??,1996,?,"Karpov, Anatoly","Nouro, Mikael",2770.0,2275.0,1/2-1/2,draw,draw,E91,,82,41.0,16,4,2,0,True,True,8,3,True,0,8,1
Karpov.pgn,Karpov,white,"Kosonen, Markku",Valkeakoski sim,Valkeakoski,1996.??.??,1996,?,"Karpov, Anatoly","Kosonen, Markku",2770.0,,1/2-1/2,draw,draw,A81,,42,21.0,6,1,2,0,True,True,3,1,True,0,3,0
Karpov.pgn,Karpov,white,"Koskela, Niina",Valkeakoski sim,Valkeakoski,1996.??.??,1996,?,"Karpov, Anatoly","Koskela, Niina",2770.0,2155.0,1/2-1/2,draw,draw,E17,,62,31.0,17,0,2,0,True,True,8,0,True,0,9,0
Karpov.pgn,Karpov,white,"Tocklin, Tomi",Valkeakoski sim,Valkeakoski,1996.??.??,1996,?,"Karpov, Anatoly","Tocklin, Tomi",2770.0,,1/2-1/2,draw,draw,A59,,54,27.0,11,0,1,0,False,True,6,0,False,0,5,0
Karpov.pgn,Karpov,white,"Ehlvest, Jaan",Vienna Millenium,Vienna,1996.??.??,1996,1,"Karpov, Anatoly","Ehlvest, Jaan",2775.0,2660.0,1/2-1/2,draw,draw,D36,,106,53.0,24,2,2,0,True,True,12,1,True,0,12,1
Karpov.pgn,Karpov,white,"Kramnik, Vladimir",Vienna Millenium,Vienna,1996.??.??,1996,2,"Karpov, Anatoly","Kramnik, Vladimir",2775.0,2765.0,1-0,white_win,win,D46,,117,58.5,24,11,2,0,True,True,13,7,True,0,11,4
Karpov.pgn,Karpov,black,"Gelfand, Boris",Vienna Millenium,Vienna,1996.??.??,1996,3,"Gelfand, Boris","Karpov, Anatoly",2665.0,2775.0,1-0,white_win,loss,E17,,137,68.5,28,4,2,0,True,True,14,3,True,0,14,1
Karpov.pgn,Karpov,white,"Kortschnoj, Viktor",Vienna Millenium,Vienna,1996.??.??,1996,4,"Karpov, Anatoly","Kortschnoj, Viktor",2775.0,2635.0,1-0,white_win,win,E12,,83,41.5,17,3,2,0,True,True,9,2,True,0,8,1
Karpov.pgn,Karpov,black,"Polgar, Judit",Vienna Millenium,Vienna,1996.??.??,1996,5,"Polgar, Judit","Karpov, Anatoly",2665.0,2775.0,1/2-1/2,draw,draw,D42,,37,18.5,11,0,2,0,True,True,5,0,True,0,6,0
Karpov.pgn,Karpov,white,"Jussupow, Artur",Vienna Millenium,Vienna,1996.??.??,1996,6,"Karpov, Anatoly","Jussupow, Artur",2775.0,2665.0,1/2-1/2,draw,draw,B81,,33,16.5,4,0,1,0,True,False,2,0,True,0,2,0
Karpov.pgn,Karpov,black,"Topalov, Veselin",Vienna Millenium,Vienna,1996.??.??,1996,7,"Topalov, Veselin","Karpov, Anatoly",2750.0,2775.0,1/2-1/2,draw,draw,A17,,53,26.5,14,0,2,0,True,True,7,0,True,0,7,0
Karpov.pgn,Karpov,white,"Leko, Peter",Vienna Millenium,Vienna,1996.??.??,1996,8,"Karpov, Anatoly","Leko, Peter",2775.0,2630.0,1/2-1/2,draw,draw,D97,,48,24.0,14,2,2,0,True,True,7,1,True,0,7,1
Karpov.pgn,Karpov,black,"Shirov, Alexei",Vienna Millenium,Vienna,1996.??.??,1996,9,"Shirov, Alexei","Karpov, Anatoly",2685.0,2775.0,0-1,black_win,win,B12,,80,40.0,20,4,1,0,True,False,10,1,False,0,10,3
Karpov.pgn,Karpov,white,"Polgar, Judit",Dos Hermanas,Dos Hermanas,1997.04.02,1997,2,"Karpov, Anatoly","Polgar, Judit",2760.0,2645.0,1/2-1/2,draw,draw,E05,,120,60.0,21,10,2,0,True,True,11,5,True,0,10,5
Karpov.pgn,Karpov,white,"Shirov, Alexei",Dos Hermanas,Dos Hermanas,1997.04.05,1997,4,"Karpov, Anatoly","Shirov, Alexei",2760.0,2690.0,1-0,white_win,win,E63,,63,31.5,14,1,2,0,True,True,7,0,True,0,7,1
Karpov.pgn,Karpov,black,"Topalov, Veselin",Dos Hermanas,Dos Hermanas,1997.04.06,1997,5,"Topalov, Veselin","Karpov, Anatoly",2725.0,2760.0,1/2-1/2,draw,draw,B17,,69,34.5,20,5,1,0,True,False,10,3,False,0,10,2
Karpov.pgn,Karpov,white,"Anand, Viswanathan",Dos Hermanas,Dos Hermanas,1997.04.08,1997,6,"Karpov, Anatoly","Anand, Viswanathan",2760.0,2765.0,1/2-1/2,draw,draw,D20,,68,34.0,15,3,2,0,True,True,8,0,True,0,7,3
Karpov.pgn,Karpov,black,"Salov, Valery",Dos Hermanas,Dos Hermanas,1997.04.09,1997,7,"Salov, Valery","Karpov, Anatoly",2665.0,2760.0,1/2-1/2,draw,draw,A33,,49,24.5,16,1,1,0,True,False,8,0,False,0,8,1
Karpov.pgn,Karpov,black,"Short, Nigel D",Dos Hermanas,Dos Hermanas,1997.04.10,1997,8,"Short, Nigel D","Karpov, Anatoly",2690.0,2760.0,0-1,black_win,win,B12,,78,39.0,14,0,2,0,True,True,8,0,True,0,6,0
Karpov.pgn,Karpov,white,"Hajenius, Willem",Antwerp,Antwerp,1997.05.31,1997,?,"Karpov, Anatoly","Hajenius, Willem",2760.0,2035.0,1/2-1/2,draw,draw,A51,,42,21.0,9,6,1,0,False,True,4,0,False,0,5,6
Karpov.pgn,Karpov,black,"Kramnik, Vladimir",Dortmund,Dortmund,1997.07.04,1997,1,"Kramnik, Vladimir","Karpov, Anatoly",2770.0,2745.0,1-0,white_win,loss,A17,,77,38.5,14,2,2,1,True,True,8,1,True,0,6,1
Karpov.pgn,Karpov,black,"Huebner, Robert",Dortmund,Dortmund,1997.07.06,1997,3,"Huebner, Robert","Karpov, Anatoly",2580.0,2745.0,1/2-1/2,draw,draw,B12,,70,35.0,18,0,2,0,True,True,9,0,True,0,9,0
Karpov.pgn,Karpov,white,"Polgar, Judit",Dortmund,Dortmund,1997.07.07,1997,4,"Karpov, Anatoly","Polgar, Judit",2745.0,2670.0,1/2-1/2,draw,draw,D24,,26,13.0,4,4,0,0,False,False,2,3,False,0,2,1
Karpov.pgn,Karpov,white,"Topalov, Veselin",Dortmund,Dortmund,1997.07.10,1997,6,"Karpov, Anatoly","Topalov, Veselin",2745.0,2745.0,1/2-1/2,draw,draw,D78,,72,36.0,14,0,2,0,True,True,7,0,True,0,7,0
Karpov.pgn,Karpov,black,"Ivanchuk, Vassily",Dortmund,Dortmund,1997.07.12,1997,8,"Ivanchuk, Vassily","Karpov, Anatoly",2725.0,2745.0,1/2-1/2,draw,draw,B17,,63,31.5,14,4,1,0,True,False,7,0,False,0,7,4
Karpov.pgn,Karpov,black,"Pelletier, Yannick",Credit Suisse,Biel,1997.07.21,1997,1,"Pelletier, Yannick","Karpov, Anatoly",2465.0,2745.0,0-1,black_win,win,E12,,76,38.0,14,3,2,0,True,True,6,1,True,0,8,2
Karpov.pgn,Karpov,black,"Gelfand, Boris",Credit Suisse,Biel,1997.07.22,1997,2,"Gelfand, Boris","Karpov, Anatoly",2695.0,2745.0,1/2-1/2,draw,draw,A17,,37,18.5,6,0,2,0,True,True,3,0,True,0,3,0
Karpov.pgn,Karpov,white,"Lautier, Joel",Credit Suisse,Biel,1997.07.23,1997,3,"Karpov, Anatoly","Lautier, Joel",2745.0,2660.0,1-0,white_win,win,D39,,79,39.5,18,2,2,0,True,True,9,1,True,0,9,1
Karpov.pgn,Karpov,white,"Anand, Viswanathan",Credit Suisse,Biel,1997.07.25,1997,4,"Karpov, Anatoly","Anand, Viswanathan",2745.0,2765.0,1/2-1/2,draw,draw,D46,,82,41.0,14,3,2,0,True,True,7,2,True,0,7,1
Karpov.pgn,Karpov,black,"Milov, Vadim",Credit Suisse,Biel,1997.07.26,1997,5,"Milov, Vadim","Karpov, Anatoly",2635.0,2745.0,1/2-1/2,draw,draw,E48,,159,79.5,23,4,2,0,True,True,11,4,True,0,12,0
Karpov.pgn,Karpov,white,"Pelletier, Yannick",Credit Suisse,Biel,1997.07.27,1997,6,"Karpov, Anatoly","Pelletier, Yannick",2745.0,2465.0,1-0,white_win,win,D46,,101,50.5,18,3,2,0,True,True,11,2,True,0,7,1
Karpov.pgn,Karpov,white,"Gelfand, Boris",Credit Suisse,Biel,1997.07.28,1997,7,"Karpov, Anatoly","Gelfand, Boris",2745.0,2695.0,1/2-1/2,draw,draw,D46,,40,20.0,10,0,2,0,True,True,5,0,True,0,5,0
Karpov.pgn,Karpov,black,"Lautier, Joel",Credit Suisse,Biel,1997.07.??,1997,8,"Lautier, Joel","Karpov, Anatoly",2660.0,2745.0,1-0,white_win,loss,B17,,85,42.5,19,0,1,0,True,False,9,0,False,0,10,0
Karpov.pgn,Karpov,black,"Anand, Viswanathan",Credit Suisse,Biel,1997.08.01,1997,10,"Anand, Viswanathan","Karpov, Anatoly",2765.0,2745.0,1/2-1/2,draw,draw,E15,,21,10.5,0,1,2,0,True,True,0,1,True,0,0,0
Karpov.pgn,Karpov,white,"Strikovic, Aleksa",Villarrobledo rapid op,Villarrobledo,1997.08.24,1997,8,"Karpov, Anatoly","Strikovic, Aleksa",2745.0,2560.0,1/2-1/2,draw,draw,E96,,99,49.5,26,10,2,0,True,True,13,6,True,0,13,4
Karpov.pgn,Karpov,black,"Adianto, Utut",Jakarta m 25' blindfold,Jakarta,1997.11.20,1997,1,"Adianto, Utut","Karpov, Anatoly",2610.0,2745.0,0-1,black_win,win,C68,,102,51.0,22,5,1,0,True,False,12,2,False,0,10,3
Karpov.pgn,Karpov,white,"Adianto, Utut",Jakarta m 25' blindfold,Jakarta,1997.11.21,1997,2,"Karpov, Anatoly","Adianto, Utut",2745.0,2610.0,0-1,black_win,loss,D20,,62,31.0,17,6,0,0,False,False,8,2,False,0,9,4
Karpov.pgn,Karpov,black,"Adianto, Utut",Jakarta m,Jakarta,1997.11.22,1997,3,"Adianto, Utut","Karpov, Anatoly",2610.0,2745.0,1-0,white_win,loss,E32,,121,60.5,23,10,2,0,True,True,11,3,True,0,12,7
Karpov.pgn,Karpov,white,"Adianto, Utut",Jakarta m,Jakarta,1997.11.23,1997,4,"Karpov, Anatoly","Adianto, Utut",2745.0,2610.0,1/2-1/2,draw,draw,A64,,89,44.5,23,2,2,0,True,True,10,0,True,0,13,2
Karpov.pgn,Karpov,black,"Adianto, Utut",Jakarta m 25',Jakarta,1997.11.24,1997,5,"Adianto, Utut","Karpov, Anatoly",2610.0,2745.0,1/2-1/2,draw,draw,C68,,64,32.0,2,0,1,0,True,False,1,0,False,0,1,0
Karpov.pgn,Karpov,white,"Adianto, Utut",Jakarta m 25',Jakarta,1997.11.25,1997,6,"Karpov, Anatoly","Adianto, Utut",2745.0,2610.0,1-0,white_win,win,B85,,147,73.5,23,17,2,1,True,True,12,3,True,1,11,14
Karpov.pgn,Karpov,black,"Kotronias, Vasilios",Hellas rapid m,Athens,1997.??.??,1997,1,"Kotronias, Vasilios","Karpov, Anatoly",2590.0,2760.0,1-0,white_win,loss,B12,,66,33.0,14,2,2,0,True,True,7,2,True,0,7,0
Karpov.pgn,Karpov,white,"Kotronias, Vasilios",Hellas rapid m,Athens,1997.??.??,1997,2,"Karpov, Anatoly","Kotronias, Vasilios",2760.0,2590.0,1-0,white_win,win,E89,,69,34.5,12,0,2,0,True,True,7,0,True,0,5,0
Karpov.pgn,Karpov,black,"Kotronias, Vasilios",Hellas rapid m,Athens,1997.??.??,1997,3,"Kotronias, Vasilios","Karpov, Anatoly",2590.0,2760.0,0-1,black_win,win,B12,,92,46.0,21,8,0,1,False,False,11,4,False,1,10,4
Karpov.pgn,Karpov,white,"Kotronias, Vasilios",Hellas rapid m,Athens,1997.??.??,1997,4,"Karpov, Anatoly","Kotronias, Vasilios",2760.0,2590.0,1/2-1/2,draw,draw,B07,,111,55.5,15,6,2,0,True,True,8,5,True,0,7,1
Karpov.pgn,Karpov,white,"Milov, Vadim",Credit Suisse,Biel,1997.??.??,1997,9,"Karpov, Anatoly","Milov, Vadim",2745.0,2635.0,1-0,white_win,win,D20,,69,34.5,11,2,2,0,True,True,6,1,True,0,5,1
Karpov.pgn,Karpov,white,"Jussupow, Artur",Dortmund,Dortmund,1997.??.??,1997,2,"Karpov, Anatoly","Jussupow, Artur",2745.0,2640.0,1-0,white_win,win,D56,,125,62.5,25,6,2,0,True,True,13,5,True,0,12,1
Karpov.pgn,Karpov,black,"Gelfand, Boris",Dortmund,Dortmund,1997.??.??,1997,5,"Gelfand, Boris","Karpov, Anatoly",2695.0,2745.0,1/2-1/2,draw,draw,E12,,39,19.5,8,1,2,0,True,True,4,0,True,0,4,1
Karpov.pgn,Karpov,black,"Short, Nigel D",Dortmund,Dortmund,1997.??.??,1997,7,"Short, Nigel D","Karpov, Anatoly",2660.0,2745.0,1-0,white_win,loss,E32,,88,44.0,17,5,2,0,True,True,8,1,True,0,9,4
Karpov.pgn,Karpov,white,"Anand, Viswanathan",Dortmund,Dortmund,1997.??.??,1997,9,"Karpov, Anatoly","Anand, Viswanathan",2745.0,2765.0,1/2-1/2,draw,draw,D20,,63,31.5,20,3,2,0,True,True,10,3,True,0,10,0
Karpov.pgn,Karpov,black,"Illescas Cordoba, Miguel",Dos Hermanas,Dos Hermanas,1997.??.??,1997,1,"Illescas Cordoba, Miguel","Karpov, Anatoly",2635.0,2760.0,1/2-1/2,draw,draw,B17,,98,49.0,20,5,1,0,True,False,10,1,False,0,10,4
Karpov.pgn,Karpov,black,"Kramnik, Vladimir",Dos Hermanas,Dos Hermanas,1997.??.??,1997,3,"Kramnik, Vladimir","Karpov, Anatoly",2740.0,2760.0,1-0,white_win,loss,E32,,69,34.5,16,1,2,0,True,True,8,1,True,0,8,0
Karpov.pgn,Karpov,white,"Gelfand, Boris",Dos Hermanas,Dos Hermanas,1997.??.??,1997,9,"Karpov, Anatoly","Gelfand, Boris",2760.0,2700.0,1/2-1/2,draw,draw,D46,,126,63.0,23,5,2,0,True,True,11,1,True,0,12,4
Karpov.pgn,Karpov,black,"Topalov, Veselin",Chess Classics,Frankfurt,1997.??.??,1997,1,"Topalov, Veselin","Karpov, Anatoly",2725.0,2760.0,0-1,black_win,win,A45,,118,59.0,14,0,2,0,True,True,7,0,True,0,7,0
Karpov.pgn,Karpov,black,"Anand, Viswanathan",Chess Classics f,Frankfurt,1997.??.??,1997,1,"Anand, Viswanathan","Karpov, Anatoly",2765.0,2760.0,1-0,white_win,loss,E15,,97,48.5,18,7,2,0,True,True,8,4,True,0,10,3
Karpov.pgn,Karpov,black,"Anand, Viswanathan",Chess Classics,Frankfurt,1997.??.??,1997,2,"Anand, Viswanathan","Karpov, Anatoly",2765.0,2760.0,1-0,white_win,loss,E15,,199,99.5,26,15,2,0,True,True,12,6,True,0,14,9
Karpov.pgn,Karpov,white,"Anand, Viswanathan",Chess Classics f,Frankfurt,1997.??.??,1997,2,"Karpov, Anatoly","Anand, Viswanathan",2760.0,2765.0,0-1,black_win,loss,A29,,108,54.0,20,4,2,0,True,True,9,1,True,0,11,3
Karpov.pgn,Karpov,black,"Anand, Viswanathan",Chess Classics f,Frankfurt,1997.??.??,1997,3,"Anand, Viswanathan","Karpov, Anatoly",2765.0,2760.0,1/2-1/2,draw,draw,B17,,162,81.0,18,5,2,0,True,True,9,2,True,0,9,3
Karpov.pgn,Karpov,white,"Lobron, Eric",Chess Classics,Frankfurt,1997.??.??,1997,3,"Karpov, Anatoly","Lobron, Eric",2760.0,2570.0,0-1,black_win,loss,A80,,92,46.0,22,4,2,0,True,True,11,0,True,0,11,4
Karpov.pgn,Karpov,white,"Topalov, Veselin",Chess Classics,Frankfurt,1997.??.??,1997,4,"Karpov, Anatoly","Topalov, Veselin",2760.0,2725.0,1/2-1/2,draw,draw,D46,,114,57.0,23,17,2,0,True,True,12,12,True,0,11,5
Karpov.pgn,Karpov,white,"Anand, Viswanathan",Chess Classics,Frankfurt,1997.??.??,1997,5,"Karpov, Anatoly","Anand, Viswanathan",2760.0,2765.0,1-0,white_win,win,A29,,91,45.5,24,1,2,0,True,True,12,1,True,0,12,0
Karpov.pgn,Karpov,black,"Lobron, Eric",Chess Classics,Frankfurt,1997.??.??,1997,6,"Lobron, Eric","Karpov, Anatoly",2570.0,2760.0,0-1,black_win,win,E14,,60,30.0,16,2,2,0,True,True,8,1,True,0,8,1
Karpov.pgn,Karpov,white,"Szymanski, Marcin",Koszalin sim1,Koszalin,1997.??.??,1997,?,"Karpov, Anatoly","Szymanski, Marcin",2745.0,2180.0,0-1,black_win,loss,A17,,80,40.0,16,1,2,0,True,True,8,0,True,0,8,1
Karpov.pgn,Karpov,white,"Krysztofiak, Marcin",Koszalin sim1,Koszalin,1997.??.??,1997,?,"Karpov, Anatoly","Krysztofiak, Marcin",2745.0,2135.0,1-0,white_win,win,E81,,49,24.5,8,3,2,0,True,True,5,3,True,0,3,0
Karpov.pgn,Karpov,white,"Grigorian, Meri",Koszalin sim1,Koszalin,1997.??.??,1997,?,"Karpov, Anatoly","Grigorian, Meri",2745.0,2085.0,1-0,white_win,win,B17,,55,27.5,12,2,2,0,True,True,6,2,True,0,6,0
Karpov.pgn,Karpov,white,"Kolosowski, Pawel",Koszalin sim1,Koszalin,1997.??.??,1997,?,"Karpov, Anatoly","Kolosowski, Pawel",2745.0,2140.0,1-0,white_win,win,A90,,69,34.5,17,2,2,0,True,True,9,1,True,0,8,1
Karpov.pgn,Karpov,white,"Oliwa, Patryk",Koszalin sim1,Koszalin,1997.??.??,1997,?,"Karpov, Anatoly","Oliwa, Patryk",2745.0,2130.0,1-0,white_win,win,D16,,67,33.5,12,2,2,0,True,True,7,2,True,0,5,0
Karpov.pgn,Karpov,white,"Maliszewski, Jaroslaw",Koszalin sim1,Koszalin,1997.??.??,1997,?,"Karpov, Anatoly","Maliszewski, Jaroslaw",2745.0,2095.0,1-0,white_win,win,B31,,69,34.5,13,5,1,0,True,False,8,5,True,0,5,0
Karpov.pgn,Karpov,white,"Mickiewicz, Piotr",Koszalin sim1,Koszalin,1997.??.??,1997,?,"Karpov, Anatoly","Mickiewicz, Piotr",2745.0,2060.0,1-0,white_win,win,E68,,93,46.5,14,2,2,0,True,True,7,2,True,0,7,0
Karpov.pgn,Karpov,white,"Pljasunov, Aleksey",Koszalin sim1,Koszalin,1997.??.??,1997,?,"Karpov, Anatoly","Pljasunov, Aleksey",2745.0,,1-0,white_win,win,B05,,79,39.5,17,4,2,0,True,True,9,2,True,0,8,2
Karpov.pgn,Karpov,white,"Orzech, Dominik",Koszalin sim1,Koszalin,1997.??.??,1997,?,"Karpov, Anatoly","Orzech, Dominik",2745.0,,1-0,white_win,win,B30,,93,46.5,15,6,2,0,True,True,7,3,True,0,8,3
Karpov.pgn,Karpov,white,"Piescikowski, M.",Koszalin sim1,Koszalin,1997.??.??,1997,?,"Karpov, Anatoly","Piescikowski, M.",2745.0,,1-0,white_win,win,A81,,67,33.5,14,4,1,0,True,False,8,4,True,0,6,0
Karpov.pgn,Karpov,white,"Stoma, Pawel",Koszalin sim1,Koszalin,1997.??.??,1997,?,"Karpov, Anatoly","Stoma, Pawel",2745.0,2140.0,1-0,white_win,win,D08,,61,30.5,19,1,2,0,True,True,10,0,True,0,9,1
Karpov.pgn,Karpov,white,"Popczynski, Przemyslaw",Koszalin sim1,Koszalin,1997.??.??,1997,?,"Karpov, Anatoly","Popczynski, Przemyslaw",2745.0,2135.0,1-0,white_win,win,D45,,75,37.5,8,1,2,0,True,True,4,1,True,0,4,0
Karpov.pgn,Karpov,white,"Romaszko, Sylwia",Koszalin sim1,Koszalin,1997.??.??,1997,?,"Karpov, Anatoly","Romaszko, Sylwia",2745.0,2060.0,1/2-1/2,draw,draw,C63,,61,30.5,8,3,1,0,True,False,4,3,True,0,4,0
Karpov.pgn,Karpov,white,"Dwyer, Danny",Koszalin sim1,Koszalin,1997.??.??,1997,?,"Karpov, Anatoly","Dwyer, Danny",2745.0,,1-0,white_win,win,D45,,63,31.5,11,0,2,0,True,True,5,0,True,0,6,0
Karpov.pgn,Karpov,white,"Wasilewski, L.",Koszalin sim1,Koszalin,1997.??.??,1997,?,"Karpov, Anatoly","Wasilewski, L.",2745.0,,1-0,white_win,win,A41,,59,29.5,17,8,1,0,False,True,10,4,False,0,7,4
Karpov.pgn,Karpov,black,"Topalov, Veselin",Amber-blind 6th,Monte Carlo,1997.??.??,1997,1,"Topalov, Veselin","Karpov, Anatoly",2725.0,2760.0,1/2-1/2,draw,draw,A29,,117,58.5,23,4,1,0,False,True,12,4,True,0,11,0
Karpov.pgn,Karpov,white,"Topalov, Veselin",Amber-rapid 6th,Monte Carlo,1997.??.??,1997,1,"Karpov, Anatoly","Topalov, Veselin",2760.0,2725.0,1/2-1/2,draw,draw,E65,,95,47.5,14,0,2,0,True,True,7,0,True,0,7,0
Karpov.pgn,Karpov,black,"Kramnik, Vladimir",Amber-rapid 6th,Monte Carlo,1997.??.??,1997,2,"Kramnik, Vladimir","Karpov, Anatoly",2740.0,2760.0,1/2-1/2,draw,draw,A17,,72,36.0,16,0,2,0,True,True,8,0,True,0,8,0
Karpov.pgn,Karpov,white,"Kramnik, Vladimir",Amber-blind 6th,Monte Carlo,1997.??.??,1997,2,"Karpov, Anatoly","Kramnik, Vladimir",2760.0,2740.0,0-1,black_win,loss,D38,,136,68.0,22,13,2,0,True,True,10,0,True,0,12,13
Karpov.pgn,Karpov,white,"Ivanchuk, Vassily",Amber-blind 6th,Monte Carlo,1997.??.??,1997,3,"Karpov, Anatoly","Ivanchuk, Vassily",2760.0,2740.0,1/2-1/2,draw,draw,D46,,124,62.0,27,4,2,0,True,True,13,1,True,0,14,3
Karpov.pgn,Karpov,black,"Ivanchuk, Vassily",Amber-rapid 6th,Monte Carlo,1997.??.??,1997,3,"Ivanchuk, Vassily","Karpov, Anatoly",2740.0,2760.0,1/2-1/2,draw,draw,B17,,155,77.5,22,32,2,0,True,True,11,24,True,0,11,8
Karpov.pgn,Karpov,black,"Anand, Viswanathan",Amber-blind 6th,Monte Carlo,1997.??.??,1997,4,"Anand, Viswanathan","Karpov, Anatoly",2765.0,2760.0,1/2-1/2,draw,draw,E15,,49,24.5,14,1,2,0,True,True,7,0,True,0,7,1
Karpov.pgn,Karpov,white,"Anand, Viswanathan",Amber-rapid 6th,Monte Carlo,1997.??.??,1997,4,"Karpov, Anatoly","Anand, Viswanathan",2760.0,2765.0,1/2-1/2,draw,draw,D26,,70,35.0,16,2,2,0,True,True,8,1,True,0,8,1
Karpov.pgn,Karpov,black,"Ljubojevic, Ljubomir",Amber-rapid 6th,Monte Carlo,1997.??.??,1997,5,"Ljubojevic, Ljubomir","Karpov, Anatoly",2570.0,2760.0,1-0,white_win,loss,E32,,101,50.5,17,8,2,0,True,True,8,1,True,0,9,7
Karpov.pgn,Karpov,white,"Ljubojevic, Ljubomir",Amber-blind 6th,Monte Carlo,1997.??.??,1997,5,"Karpov, Anatoly","Ljubojevic, Ljubomir",2760.0,2570.0,1/2-1/2,draw,draw,D35,,128,64.0,24,8,2,0,True,True,12,5,True,0,12,3
Karpov.pgn,Karpov,white,"Lautier, Joel",Amber-blind 6th,Monte Carlo,1997.??.??,1997,6,"Karpov, Anatoly","Lautier, Joel",2760.0,2630.0,1-0,white_win,win,D20,,71,35.5,18,6,1,0,True,False,10,5,True,0,8,1
Karpov.pgn,Karpov,black,"Lautier, Joel",Amber-rapid 6th,Monte Carlo,1997.??.??,1997,6,"Lautier, Joel","Karpov, Anatoly",2630.0,2760.0,0-1,black_win,win,B12,,96,48.0,24,9,1,0,True,False,13,7,False,0,11,2
Karpov.pgn,Karpov,black,"Shirov, Alexei",Amber-blind 6th,Monte Carlo,1997.??.??,1997,7,"Shirov, Alexei","Karpov, Anatoly",2690.0,2760.0,0-1,black_win,win,B12,,118,59.0,24,2,2,1,True,True,12,1,True,1,12,1
Karpov.pgn,Karpov,white,"Shirov, Alexei",Amber-rapid 6th,Monte Carlo,1997.??.??,1997,7,"Karpov, Anatoly","Shirov, Alexei",2760.0,2690.0,1-0,white_win,win,E63,,147,73.5,25,14,2,0,True,True,13,3,True,0,12,11
Karpov.pgn,Karpov,black,"Andersson, Ulf",Amber-rapid 6th,Monte Carlo,1997.??.??,1997,8,"Andersson, Ulf","Karpov, Anatoly",2655.0,2760.0,1/2-1/2,draw,draw,D28,,130,65.0,22,6,2,0,True,True,11,4,True,0,11,2
Karpov.pgn,Karpov,white,"Andersson, Ulf",Amber-blind 6th,Monte Carlo,1997.??.??,1997,8,"Karpov, Anatoly","Andersson, Ulf",2760.0,2655.0,1-0,white_win,win,A17,,65,32.5,9,0,2,0,True,True,4,0,True,0,5,0
Karpov.pgn,Karpov,white,"Piket, Jeroen",Amber-rapid 6th,Monte Carlo,1997.??.??,1997,9,"Karpov, Anatoly","Piket, Jeroen",2760.0,2640.0,1-0,white_win,win,E32,,101,50.5,16,8,1,0,False,True,10,5,False,0,6,3
Karpov.pgn,Karpov,black,"Piket, Jeroen",Amber-blind 6th,Monte Carlo,1997.??.??,1997,9,"Piket, Jeroen","Karpov, Anatoly",2640.0,2760.0,1/2-1/2,draw,draw,E05,,103,51.5,20,7,2,0,True,True,10,2,True,0,10,5
Karpov.pgn,Karpov,black,"Van Wely, Loek",Amber-rapid 6th,Monte Carlo,1997.??.??,1997,10,"Van Wely, Loek","Karpov, Anatoly",2645.0,2760.0,1/2-1/2,draw,draw,E12,,55,27.5,14,1,2,0,True,True,7,0,True,0,7,1
Karpov.pgn,Karpov,white,"Van Wely, Loek",Amber-blind 6th,Monte Carlo,1997.??.??,1997,10,"Karpov, Anatoly","Van Wely, Loek",2760.0,2645.0,1-0,white_win,win,D23,,59,29.5,12,3,2,0,True,True,6,3,True,0,6,0
Karpov.pgn,Karpov,black,"Nikolic, Predrag",Amber-blind 6th,Monte Carlo,1997.??.??,1997,11,"Nikolic, Predrag","Karpov, Anatoly",2655.0,2760.0,1-0,white_win,loss,E15,,109,54.5,17,6,2,0,True,True,8,0,True,0,9,6
Karpov.pgn,Karpov,white,"Nikolic, Predrag",Amber-rapid 6th,Monte Carlo,1997.??.??,1997,11,"Karpov, Anatoly","Nikolic, Predrag",2760.0,2655.0,1/2-1/2,draw,draw,A17,,108,54.0,24,7,2,0,True,True,12,2,True,0,12,5
Karpov.pgn,Karpov,black,"Malakhatko, Vadim",UKR-ch20,Simferopol,1997.??.??,1997,3,"Malakhatko, Vadim","Karpov, Anantoly2",2405.0,,1/2-1/2,draw,draw,E97,,115,57.5,23,11,2,0,True,True,12,3,True,0,11,8
Karpov.pgn,Karpov,white,"Lau, K.",Singapore sim,Singapore,1997.??.??,1997,?,"Karpov, Anatoly","Lau, K.",2745.0,2230.0,1/2-1/2,draw,draw,D35,,120,60.0,27,2,2,1,True,True,14,0,True,0,13,2
Karpov.pgn,Karpov,white,"Long, J.",Singapore sim,Singapore,1997.??.??,1997,?,"Karpov, Anatoly","Long, J.",2745.0,2060.0,1/2-1/2,draw,draw,D35,,72,36.0,14,0,2,0,True,True,7,0,True,0,7,0
Karpov.pgn,Karpov,white,Foo Hsiang Ming,Singapore sim,Singapore,1997.??.??,1997,?,"Karpov, Anatoly",Foo Hsiang Ming,2745.0,2190.0,1/2-1/2,draw,draw,A57,,58,29.0,14,0,2,0,True,True,7,0,True,0,7,0
Karpov.pgn,Karpov,white,Yip Fong Ling,Singapore sim,Singapore,1997.??.??,1997,?,"Karpov, Anatoly",Yip Fong Ling,2745.0,,1/2-1/2,draw,draw,B01,,86,43.0,10,2,2,0,True,True,5,1,True,0,5,1
Karpov.pgn,Karpov,white,"Tahkavuori, Tapani",Karpov sim,Valkeakoski,1997.??.??,1997,?,"Karpov, Anatoly","Tahkavuori, Tapani",2760.0,,1/2-1/2,draw,draw,D17,,55,27.5,8,2,0,0,False,False,4,1,False,0,4,1
Karpov.pgn,Karpov,white,"Harju, Jari",Karpov sim,Valkeakoski,1997.??.??,1997,?,"Karpov, Anatoly","Harju, Jari",2760.0,,1/2-1/2,draw,draw,B31,,65,32.5,16,1,2,0,True,True,8,1,True,0,8,0
Karpov.pgn,Karpov,white,"Jarvenpaa, Jari",Karpov sim,Valkeakoski,1997.??.??,1997,?,"Karpov, Anatoly","Jarvenpaa, Jari",2760.0,,1/2-1/2,draw,draw,E16,,107,53.5,24,6,2,0,True,True,12,1,True,0,12,5
Karpov.pgn,Karpov,white,"Upero, Jussi",Karpov sim,Valkeakoski,1997.??.??,1997,?,"Karpov, Anatoly","Upero, Jussi",2760.0,,1/2-1/2,draw,draw,C45,,44,22.0,10,0,2,0,True,True,5,0,True,0,5,0
Karpov.pgn,Karpov,white,"Pessi, Juha",Karpov sim,Valkeakoski,1997.??.??,1997,?,"Karpov, Anatoly","Pessi, Juha",2760.0,2245.0,1/2-1/2,draw,draw,A91,,76,38.0,14,3,1,0,False,True,7,1,False,0,7,2
Karpov.pgn,Karpov,white,"Kesseli, Anne",Karpov sim,Valkeakoski,1997.??.??,1997,?,"Karpov, Anatoly","Kesseli, Anne",2760.0,,1/2-1/2,draw,draw,C68,,66,33.0,12,1,2,0,True,True,6,0,True,0,6,1
Karpov.pgn,Karpov,white,"Innala, Tapio",Karpov sim,Valkeakoski,1997.??.??,1997,?,"Karpov, Anatoly","Innala, Tapio",2760.0,,1/2-1/2,draw,draw,C60,,66,33.0,12,1,2,0,True,True,6,0,True,0,6,1
Karpov.pgn,Karpov,black,"Martos, J.",Villarrobledo rapid op,Villarrobledo,1997.??.??,1997,1,"Martos, J.","Karpov, Anatoly",,2745.0,0-1,black_win,win,B01,,77,38.5,13,1,2,0,True,True,7,1,True,0,6,0
Karpov.pgn,Karpov,white,"Moro Adame, Antonio",Villarrobledo rapid op,Villarrobledo,1997.??.??,1997,2,"Karpov, Anatoly","Moro Adame, Antonio",2745.0,2150.0,1-0,white_win,win,E62,,71,35.5,8,0,2,0,True,True,4,0,True,0,4,0
Karpov.pgn,Karpov,black,"Fernandez, Juan Luis",Villarrobledo rapid op,Villarrobledo,1997.??.??,1997,3,"Fernandez, Juan Luis","Karpov, Anatoly",2300.0,2745.0,0-1,black_win,win,B17,,86,43.0,18,3,1,0,False,True,10,2,True,0,8,1
Karpov.pgn,Karpov,white,"Campora, Daniel H",Villarrobledo rapid op,Villarrobledo,1997.??.??,1997,4,"Karpov, Anatoly","Campora, Daniel H",2745.0,2535.0,1-0,white_win,win,D68,,103,51.5,24,8,2,0,True,True,13,7,True,0,11,1
Karpov.pgn,Karpov,black,"Timman, Jan H",Villarrobledo rapid op,Villarrobledo,1997.??.??,1997,5,"Timman, Jan H","Karpov, Anatoly",2625.0,2745.0,0-1,black_win,win,A46,,76,38.0,13,0,2,0,True,True,8,0,True,0,5,0
Karpov.pgn,Karpov,white,"Giorgadze, Giorgi",Villarrobledo rapid op,Villarrobledo,1997.??.??,1997,6,"Karpov, Anatoly","Giorgadze, Giorgi",2745.0,2625.0,1/2-1/2,draw,draw,D38,,70,35.0,15,0,2,0,True,True,7,0,True,0,8,0
Karpov.pgn,Karpov,black,"Illescas Cordoba, Miguel",Villarrobledo rapid op,Villarrobledo,1997.??.??,1997,7,"Illescas Cordoba, Miguel","Karpov, Anatoly",2585.0,2745.0,1-0,white_win,loss,A28,,99,49.5,26,13,1,0,True,False,13,6,False,0,13,7
Karpov.pgn,Karpov,white,Bidjukov,Voronezh simul,Voronezh,1997.??.??,1997,?,"Karpov, Anatoly",Bidjukov,2760.0,,1-0,white_win,win,D85,,67,33.5,17,6,1,0,False,True,8,4,False,0,9,2
Karpov.pgn,Karpov,white,"Dorokhin, M.",Voronezh simul,Voronezh,1997.??.??,1997,?,"Karpov, Anatoly","Dorokhin, M.",2760.0,,1-0,white_win,win,D85,,77,38.5,16,1,1,0,False,True,8,0,False,0,8,1
Karpov.pgn,Karpov,white,"Kartavcev, Andrej",Voronezh simul,Voronezh,1997.??.??,1997,?,"Karpov, Anatoly","Kartavcev, Andrej",2760.0,2110.0,1-0,white_win,win,B80,,53,26.5,12,2,2,0,True,True,7,2,True,0,5,0
Karpov.pgn,Karpov,white,Patiutkin,Voronezh simul,Voronezh,1997.??.??,1997,?,"Karpov, Anatoly",Patiutkin,2760.0,,1-0,white_win,win,E89,,37,18.5,2,0,1,0,False,True,1,0,False,0,1,0
Karpov.pgn,Karpov,white,"Kozlova, Olga",Voronezh simul,Voronezh,1997.??.??,1997,?,"Karpov, Anatoly","Kozlova, Olga",2760.0,2240.0,1/2-1/2,draw,draw,E11,,48,24.0,7,2,2,0,True,True,3,0,True,0,4,2
Karpov.pgn,Karpov,white,"Lavrov, Andrey",Voronezh simul,Voronezh,1997.??.??,1997,?,"Karpov, Anatoly","Lavrov, Andrey",2760.0,2355.0,1-0,white_win,win,B30,,69,34.5,12,3,2,0,True,True,7,3,True,0,5,0
Karpov.pgn,Karpov,white,"Malashenko, Alyona",Voronezh simul,Voronezh,1997.??.??,1997,?,"Karpov, Anatoly","Malashenko, Alyona",2760.0,2250.0,1-0,white_win,win,E85,,57,28.5,13,1,2,0,True,True,6,0,True,0,7,1
Karpov.pgn,Karpov,white,"Akhromeev, M.",Voronezh simul,Voronezh,1997.??.??,1997,?,"Karpov, Anatoly","Akhromeev, M.",2760.0,,1/2-1/2,draw,draw,A57,,56,28.0,2,0,2,0,True,True,1,0,True,0,1,0
Karpov.pgn,Karpov,white,"Peschansky, M.",Voronezh simul,Voronezh,1997.??.??,1997,?,"Karpov, Anatoly","Peschansky, M.",2760.0,,1-0,white_win,win,E12,,59,29.5,8,1,2,0,True,True,4,1,True,0,4,0
Karpov.pgn,Karpov,white,"Plotnikov, S.",Voronezh simul,Voronezh,1997.??.??,1997,?,"Karpov, Anatoly","Plotnikov, S.",2760.0,,1-0,white_win,win,E87,,47,23.5,13,1,2,0,True,True,7,1,True,0,6,0
Karpov.pgn,Karpov,white,Riazhskikh,Voronezh simul,Voronezh,1997.??.??,1997,?,"Karpov, Anatoly",Riazhskikh,2760.0,,1-0,white_win,win,A35,,73,36.5,16,2,2,0,True,True,9,0,True,0,7,2
Karpov.pgn,Karpov,white,Shajda,Voronezh simul,Voronezh,1997.??.??,1997,?,"Karpov, Anatoly",Shajda,2760.0,,1-0,white_win,win,B76,,81,40.5,19,4,2,0,True,True,10,0,True,0,9,4
Karpov.pgn,Karpov,white,"Shepilov, A.",Voronezh simul,Voronezh,1997.??.??,1997,?,"Karpov, Anatoly","Shepilov, A.",2760.0,,1-0,white_win,win,E62,,30,15.0,4,0,2,0,True,True,2,0,True,0,2,0
Karpov.pgn,Karpov,white,"Shestakov, A.",Voronezh simul,Voronezh,1997.??.??,1997,?,"Karpov, Anatoly","Shestakov, A.",2760.0,,1-0,white_win,win,A89,,65,32.5,14,1,2,0,True,True,7,1,True,0,7,0
Karpov.pgn,Karpov,white,"Shmatova, K.",Voronezh simul,Voronezh,1997.??.??,1997,?,"Karpov, Anatoly","Shmatova, K.",2760.0,,1/2-1/2,draw,draw,A25,,62,31.0,8,0,1,0,True,False,4,0,True,0,4,0
Karpov.pgn,Karpov,white,"Lobron, Eric",Walldorf m rap,Walldorf,1997.??.??,1997,?,"Karpov, Anatoly","Lobron, Eric",2745.0,2540.0,1-0,white_win,win,E10,,47,23.5,10,2,2,0,True,True,6,2,True,0,4,0
Karpov.pgn,Karpov,black,"Lobron, Eric",Walldorf m rap,Walldorf,1997.??.??,1997,?,"Lobron, Eric","Karpov, Anatoly",2540.0,2745.0,0-1,black_win,win,A20,,68,34.0,18,6,1,1,True,False,10,1,False,1,8,5
Karpov.pgn,Karpov,black,"Anand, Viswanathan",FIDE-Wch k.o. f,Lausanne,1998.01.03,1998,8.2,"Anand, Viswanathan","Karpov, Anatoly",2770.0,2735.0,1-0,white_win,loss,C78,,83,41.5,17,2,2,1,True,True,8,1,True,1,9,1
Karpov.pgn,Karpov,white,"Anand, Viswanathan",FIDE-Wch k.o. f,Lausanne,1998.01.04,1998,8.3,"Karpov, Anatoly","Anand, Viswanathan",2735.0,2770.0,1/2-1/2,draw,draw,D47,,37,18.5,10,0,2,0,True,True,5,0,True,0,5,0
Karpov.pgn,Karpov,black,"Anand, Viswanathan",FIDE-Wch k.o. f,Lausanne,1998.01.06,1998,8.4,"Anand, Viswanathan","Karpov, Anatoly",2770.0,2735.0,0-1,black_win,win,D42,,98,49.0,21,0,2,0,True,True,11,0,True,0,10,0
Karpov.pgn,Karpov,black,"Anand, Viswanathan",FIDE-Wch k.o. f,Lausanne,1998.01.08,1998,8.6,"Anand, Viswanathan","Karpov, Anatoly",2770.0,2735.0,1-0,white_win,loss,A45,,83,41.5,15,3,2,0,True,True,7,1,True,0,8,2
Karpov.pgn,Karpov,black,"Anand, Viswanathan",FIDE-Wch k.o. f 25',Lausanne,1998.01.09,1998,8.8,"Anand, Viswanathan","Karpov, Anatoly",2765.0,2745.0,0-1,black_win,win,D00,,64,32.0,14,4,1,0,True,False,7,1,False,0,7,3
Karpov.pgn,Karpov,black,"Nijboer, Friso",Hoogovens,Wijk aan Zee,1998.01.16,1998,1,"Nijboer, Friso","Karpov, Anatoly",2580.0,2735.0,1/2-1/2,draw,draw,C92,,77,38.5,14,0,2,0,True,True,8,0,True,0,6,0
Karpov.pgn,Karpov,white,"Adams, Michael",Hoogovens,Wijk aan Zee,1998.01.17,1998,2,"Karpov, Anatoly","Adams, Michael",2735.0,2670.0,1/2-1/2,draw,draw,A30,,66,33.0,17,0,2,0,True,True,8,0,True,0,9,0
Karpov.pgn,Karpov,black,"Gelfand, Boris",Hoogovens,Wijk aan Zee,1998.01.18,1998,3,"Gelfand, Boris","Karpov, Anatoly",2675.0,2735.0,1/2-1/2,draw,draw,D37,,83,41.5,22,3,2,0,True,True,11,2,True,0,11,1
Karpov.pgn,Karpov,black,"Piket, Jeroen",Hoogovens Blitz,Wijk aan Zee,1998.01.19,1998,1,"Piket, Jeroen","Karpov, Anatoly",2575.0,2735.0,0-1,black_win,win,D55,,60,30.0,12,2,2,0,True,True,6,1,True,0,6,1
Karpov.pgn,Karpov,white,"Adams, Michael",Hoogovens Blitz,Wijk aan Zee,1998.01.19,1998,2,"Karpov, Anatoly","Adams, Michael",2735.0,2670.0,1/2-1/2,draw,draw,E15,,148,74.0,25,9,2,0,True,True,13,5,True,0,12,4
Karpov.pgn,Karpov,black,"Shirov, Alexei",Hoogovens Blitz,Wijk aan Zee,1998.01.19,1998,5,"Shirov, Alexei","Karpov, Anatoly",2710.0,2735.0,1/2-1/2,draw,draw,B17,,89,44.5,17,18,2,0,True,True,8,15,True,0,9,3
Karpov.pgn,Karpov,white,"Topalov, Veselin",Hoogovens Blitz,Wijk aan Zee,1998.01.19,1998,7,"Karpov, Anatoly","Topalov, Veselin",2735.0,2740.0,1-0,white_win,win,A80,,39,19.5,6,1,2,0,True,True,3,1,True,0,3,0
Karpov.pgn,Karpov,black,"Polgar, Judit",Hoogovens Blitz,Wijk aan Zee,1998.01.19,1998,8,"Polgar, Judit","Karpov, Anatoly",2670.0,2735.0,0-1,black_win,win,D42,,127,63.5,24,6,2,1,True,True,13,3,True,1,11,3
Karpov.pgn,Karpov,white,"Kramnik, Vladimir",Hoogovens Blitz,Wijk aan Zee,1998.01.19,1998,9,"Karpov, Anatoly","Kramnik, Vladimir",2735.0,2790.0,1/2-1/2,draw,draw,A25,,71,35.5,18,4,2,0,True,True,9,2,True,0,9,2
Karpov.pgn,Karpov,black,"Nijboer, Friso",Hoogovens Blitz,Wijk aan Zee,1998.01.19,1998,10,"Nijboer, Friso","Karpov, Anatoly",2580.0,2735.0,0-1,black_win,win,C91,,108,54.0,25,8,2,0,True,True,12,3,True,0,13,5
Karpov.pgn,Karpov,white,"Timman, Jan H",Hoogovens Blitz,Wijk aan Zee,1998.01.19,1998,11,"Karpov, Anatoly","Timman, Jan H",2735.0,2635.0,1/2-1/2,draw,draw,A90,,72,36.0,22,7,2,0,True,True,11,1,True,0,11,6
Karpov.pgn,Karpov,black,"Timman, Jan H",Hoogovens,Wijk aan Zee,1998.01.21,1998,5,"Timman, Jan H","Karpov, Anatoly",2635.0,2735.0,1/2-1/2,draw,draw,D42,,53,26.5,11,1,2,0,True,True,5,0,True,0,6,1
Karpov.pgn,Karpov,white,"Van Wely, Loek",Hoogovens,Wijk aan Zee,1998.01.22,1998,6,"Karpov, Anatoly","Van Wely, Loek",2735.0,2605.0,1/2-1/2,draw,draw,E54,,57,28.5,16,0,2,0,True,True,8,0,True,0,8,0
Karpov.pgn,Karpov,black,"Salov, Valery",Hoogovens,Wijk aan Zee,1998.01.24,1998,7,"Salov, Valery","Karpov, Anatoly",2680.0,2735.0,1-0,white_win,loss,E15,,63,31.5,15,0,2,0,True,True,7,0,True,0,8,0
Karpov.pgn,Karpov,white,"Anand, Viswanathan",Hoogovens,Wijk aan Zee,1998.01.25,1998,8,"Karpov, Anatoly","Anand, Viswanathan",2735.0,2770.0,1/2-1/2,draw,draw,D55,,120,60.0,23,12,2,0,True,True,11,5,True,0,12,7
Karpov.pgn,Karpov,black,"Topalov, Veselin",Hoogovens,Wijk aan Zee,1998.01.26,1998,9,"Topalov, Veselin","Karpov, Anatoly",2740.0,2735.0,1-0,white_win,loss,D31,,99,49.5,15,2,2,0,True,True,8,0,True,0,7,2
Karpov.pgn,Karpov,white,"Polgar, Judit",Hoogovens,Wijk aan Zee,1998.01.27,1998,10,"Karpov, Anatoly","Polgar, Judit",2735.0,2670.0,1-0,white_win,win,D77,,63,31.5,17,1,2,0,True,True,10,0,True,0,7,1
Karpov.pgn,Karpov,black,"Van der Sterren, Paul",Hoogovens,Wijk aan Zee,1998.01.29,1998,11,"Van der Sterren, Paul","Karpov, Anatoly",2550.0,2735.0,0-1,black_win,win,E15,,52,26.0,16,1,2,0,True,True,8,1,True,0,8,0
Karpov.pgn,Karpov,black,"Piket, Jeroen",Hoogovens,Wijk aan Zee,1998.01.30,1998,12,"Piket, Jeroen","Karpov, Anatoly",2575.0,2735.0,1/2-1/2,draw,draw,E15,,34,17.0,6,0,2,0,True,True,3,0,True,0,3,0
Karpov.pgn,Karpov,white,"Kramnik, Vladimir",Hoogovens,Wijk aan Zee,1998.02.01,1998,13,"Karpov, Anatoly","Kramnik, Vladimir",2735.0,2790.0,1/2-1/2,draw,draw,E04,,42,21.0,10,1,2,0,True,True,5,0,True,0,5,1
Karpov.pgn,Karpov,white,"Mellul, P.",EE Internet sim,Cannes,1998.02.28,1998,?,"Karpov, Anatoly","Mellul, P.",2735.0,,*,unknown,unknown,D79,,46,23.0,11,0,2,0,True,True,6,0,True,0,5,0
Karpov.pgn,Karpov,white,"Pribyl, Martin",EE Internet sim,Cannes,1998.02.28,1998,?,"Karpov, Anatoly","Pribyl, Martin",2735.0,2350.0,*,unknown,unknown,D77,,43,21.5,12,2,2,0,True,True,6,0,True,0,6,2
Karpov.pgn,Karpov,white,"Havrdova, Lenka",EE Internet sim,Cannes,1998.02.28,1998,?,"Karpov, Anatoly","Havrdova, Lenka",2735.0,,1-0,white_win,win,B31,,45,22.5,13,0,2,0,True,True,6,0,True,0,7,0
Karpov.pgn,Karpov,white,"Jirka, Jiri",EE Internet sim,Cannes,1998.02.28,1998,?,"Karpov, Anatoly","Jirka, Jiri",2735.0,2315.0,1/2-1/2,draw,draw,D13,,51,25.5,12,3,1,0,True,False,6,3,True,0,6,0
Karpov.pgn,Karpov,white,"Misecka, Rastislav",EE Internet sim,Cannes,1998.02.28,1998,?,"Karpov, Anatoly","Misecka, Rastislav",2735.0,,1-0,white_win,win,E16,,56,28.0,13,0,2,0,True,True,7,0,True,0,6,0
Karpov.pgn,Karpov,white,Fabe,EE Internet sim,Cannes,1998.02.28,1998,?,"Karpov, Anatoly",Fabe,2735.0,,*,unknown,unknown,B81,,44,22.0,5,0,2,0,True,True,3,0,True,0,2,0
Karpov.pgn,Karpov,white,Juaneda,EE Internet sim,Cannes,1998.02.28,1998,?,"Karpov, Anatoly",Juaneda,2735.0,,*,unknown,unknown,D46,,44,22.0,6,0,2,0,True,True,3,0,True,0,3,0
Karpov.pgn,Karpov,white,Dang,EE Internet sim,Cannes,1998.02.28,1998,?,"Karpov, Anatoly",Dang,2735.0,,*,unknown,unknown,D36,,43,21.5,8,0,2,0,True,True,4,0,True,0,4,0
Karpov.pgn,Karpov,white,"Cernousek, Lukas",EE Internet sim,Cannes,1998.02.28,1998,?,"Karpov, Anatoly","Cernousek, Lukas",2735.0,2175.0,1-0,white_win,win,D17,,57,28.5,15,7,1,0,False,True,7,0,False,0,8,7
Karpov.pgn,Karpov,white,"Boucher, Emmanuel",EE Internet sim,Cannes,1998.02.28,1998,?,"Karpov, Anatoly","Boucher, Emmanuel",2735.0,2065.0,1-0,white_win,win,B08,,39,19.5,7,2,2,0,True,True,4,1,True,0,3,1
Karpov.pgn,Karpov,white,Refalo,EE Internet sim,Cannes,1998.02.28,1998,?,"Karpov, Anatoly",Refalo,2735.0,,*,unknown,unknown,C10,,46,23.0,8,0,2,0,True,True,4,0,True,0,4,0
Karpov.pgn,Karpov,white,"Berlandier, Laurent",EE Internet sim,Cannes,1998.02.28,1998,?,"Karpov, Anatoly","Berlandier, Laurent",2735.0,2225.0,1-0,white_win,win,A40,,35,17.5,6,2,0,0,False,False,3,1,False,0,3,1
Karpov.pgn,Karpov,white,Adjih,EE Internet sim,Cannes,1998.02.28,1998,?,"Karpov, Anatoly",Adjih,2735.0,,*,unknown,unknown,A86,,37,18.5,6,2,2,0,True,True,3,2,True,0,3,0
Karpov.pgn,Karpov,white,"Staszym, M.",EE Internet sim,Cannes,1998.02.28,1998,?,"Karpov, Anatoly","Staszym, M.",2735.0,,*,unknown,unknown,E11,,72,36.0,15,3,2,0,True,True,8,0,True,0,7,3
Karpov.pgn,Karpov,white,Wilks,EE Internet sim,Cannes,1998.02.28,1998,?,"Karpov, Anatoly",Wilks,2735.0,,*,unknown,unknown,B22,,44,22.0,6,0,2,0,True,True,3,0,True,0,3,0
Karpov.pgn,Karpov,white,Ego,EE Internet sim,Cannes,1998.02.28,1998,?,"Karpov, Anatoly",Ego,2735.0,,*,unknown,unknown,C19,,41,20.5,7,1,2,0,True,True,4,0,True,0,3,1
Karpov.pgn,Karpov,white,"Virostko, Petr",EE Internet sim,Cannes,1998.02.28,1998,?,"Karpov, Anatoly","Virostko, Petr",2735.0,2130.0,1-0,white_win,win,E85,,73,36.5,13,2,2,0,True,True,7,2,True,0,6,0
Karpov.pgn,Karpov,white,"Valgardsson, Gudjon Heidar",EE Internet sim,Cannes,1998.02.28,1998,?,"Karpov, Anatoly","Valgardsson, Gudjon Heidar",2735.0,,*,unknown,unknown,A37,,38,19.0,9,0,2,0,True,True,4,0,True,0,5,0
Karpov.pgn,Karpov,white,"Anand, Viswanathan",Amber-blind 7th,Monte Carlo,1998.03.13,1998,1,"Karpov, Anatoly","Anand, Viswanathan",2735.0,2770.0,1/2-1/2,draw,draw,D46,,40,20.0,4,0,2,0,True,True,2,0,True,0,2,0
Karpov.pgn,Karpov,black,"Anand, Viswanathan",Amber-rapid 7th,Monte Carlo,1998.03.13,1998,1,"Anand, Viswanathan","Karpov, Anatoly",2770.0,2735.0,1/2-1/2,draw,draw,B17,,97,48.5,22,3,1,0,True,False,12,3,False,0,10,0
Karpov.pgn,Karpov,white,"Lautier, Joel",Amber-rapid 7th,Monte Carlo,1998.03.14,1998,2,"Karpov, Anatoly","Lautier, Joel",2735.0,2645.0,1/2-1/2,draw,draw,E15,,50,25.0,8,1,2,0,True,True,4,0,True,0,4,1
Karpov.pgn,Karpov,black,"Lautier, Joel",Amber-blind 7th,Monte Carlo,1998.03.14,1998,2,"Lautier, Joel","Karpov, Anatoly",2645.0,2735.0,1-0,white_win,loss,B17,,95,47.5,18,2,1,0,True,False,9,1,False,0,9,1
Karpov.pgn,Karpov,black,"Shirov, Alexei",Amber-blind 7th,Monte Carlo,1998.03.15,1998,3,"Shirov, Alexei","Karpov, Anatoly",2710.0,2735.0,1-0,white_win,loss,B17,,107,53.5,21,4,1,0,True,False,9,1,False,0,12,3
Karpov.pgn,Karpov,white,"Shirov, Alexei",Amber-rapid 7th,Monte Carlo,1998.03.15,1998,3,"Karpov, Anatoly","Shirov, Alexei",2735.0,2710.0,0-1,black_win,loss,E63,,66,33.0,14,3,2,0,True,True,6,1,True,0,8,2
Karpov.pgn,Karpov,black,"Ivanchuk, Vassily",Amber-rapid 7th,Monte Carlo,1998.03.16,1998,4,"Ivanchuk, Vassily","Karpov, Anatoly",2740.0,2735.0,0-1,black_win,win,B12,,134,67.0,28,12,2,0,True,True,14,11,True,0,14,1
Karpov.pgn,Karpov,white,"Ivanchuk, Vassily",Amber-blind 7th,Monte Carlo,1998.03.16,1998,4,"Karpov, Anatoly","Ivanchuk, Vassily",2735.0,2740.0,1/2-1/2,draw,draw,D02,,115,57.5,24,6,2,0,True,True,12,3,True,0,12,3
Karpov.pgn,Karpov,black,"Ljubojevic, Ljubomir",Amber-blind 7th,Monte Carlo,1998.03.17,1998,5,"Ljubojevic, Ljubomir","Karpov, Anatoly",2565.0,2735.0,1/2-1/2,draw,draw,B17,,47,23.5,15,2,1,0,True,False,7,2,False,0,8,0
Karpov.pgn,Karpov,white,"Ljubojevic, Ljubomir",Amber-rapid 7th,Monte Carlo,1998.03.17,1998,5,"Karpov, Anatoly","Ljubojevic, Ljubomir",2735.0,2565.0,1-0,white_win,win,E35,,101,50.5,21,5,2,1,True,True,11,1,True,1,10,4
Karpov.pgn,Karpov,white,"Nikolic, Predrag",Amber-rapid 7th,Monte Carlo,1998.03.18,1998,6,"Karpov, Anatoly","Nikolic, Predrag",2735.0,2635.0,1-0,white_win,win,D20,,121,60.5,22,7,2,0,True,True,11,2,True,0,11,5
Karpov.pgn,Karpov,black,"Nikolic, Predrag",Amber-blind 7th,Monte Carlo,1998.03.18,1998,6,"Nikolic, Predrag","Karpov, Anatoly",2635.0,2735.0,1/2-1/2,draw,draw,E15,,54,27.0,18,1,1,0,True,False,9,1,False,0,9,0
Karpov.pgn,Karpov,white,"Topalov, Veselin",Amber-blind 7th,Monte Carlo,1998.03.20,1998,7,"Karpov, Anatoly","Topalov, Veselin",2735.0,2740.0,1-0,white_win,win,A34,,109,54.5,18,5,2,0,True,True,9,2,True,0,9,3
Karpov.pgn,Karpov,black,"Topalov, Veselin",Amber-rapid 7th,Monte Carlo,1998.03.20,1998,7,"Topalov, Veselin","Karpov, Anatoly",2740.0,2735.0,1-0,white_win,loss,D37,,85,42.5,16,4,2,0,True,True,8,4,True,0,8,0
Karpov.pgn,Karpov,white,"Kramnik, Vladimir",Amber-rapid 7th,Monte Carlo,1998.03.21,1998,8,"Karpov, Anatoly","Kramnik, Vladimir",2735.0,2790.0,1-0,white_win,win,D46,,57,28.5,14,2,2,0,True,True,7,1,True,0,7,1
Karpov.pgn,Karpov,black,"Kramnik, Vladimir",Amber-blind 7th,Monte Carlo,1998.03.21,1998,8,"Kramnik, Vladimir","Karpov, Anatoly",2790.0,2735.0,1/2-1/2,draw,draw,D37,,112,56.0,26,10,2,3,True,True,13,5,True,2,13,5
Karpov.pgn,Karpov,black,"Sadler, Matthew",Amber-rapid 7th,Monte Carlo,1998.03.22,1998,9,"Sadler, Matthew","Karpov, Anatoly",2650.0,2735.0,1/2-1/2,draw,draw,E42,,67,33.5,21,2,2,0,True,True,10,2,True,0,11,0
Karpov.pgn,Karpov,white,"Sadler, Matthew",Amber-blind 7th,Monte Carlo,1998.03.22,1998,9,"Karpov, Anatoly","Sadler, Matthew",2735.0,2650.0,0-1,black_win,loss,D02,,26,13.0,5,0,2,0,True,True,3,0,True,0,2,0
Karpov.pgn,Karpov,white,"Van Wely, Loek",Amber-rapid 7th,Monte Carlo,1998.03.25,1998,10,"Karpov, Anatoly","Van Wely, Loek",2735.0,2605.0,1-0,white_win,win,A32,,265,132.5,27,30,2,0,True,True,14,12,True,0,13,18
Karpov.pgn,Karpov,black,"Van Wely, Loek",Amber-blind 7th,Monte Carlo,1998.03.25,1998,10,"Van Wely, Loek","Karpov, Anatoly",2605.0,2735.0,1/2-1/2,draw,draw,D37,,70,35.0,13,3,2,0,True,True,6,0,True,0,7,3
Karpov.pgn,Karpov,white,"Piket, Jeroen",Amber-blind 7th,Monte Carlo,1998.03.26,1998,11,"Karpov, Anatoly","Piket, Jeroen",2735.0,2575.0,1/2-1/2,draw,draw,E04,,57,28.5,16,2,2,0,True,True,8,2,True,0,8,0
Karpov.pgn,Karpov,black,"Piket, Jeroen",Amber-rapid 7th,Monte Carlo,1998.03.26,1998,11,"Piket, Jeroen","Karpov, Anatoly",2575.0,2735.0,1/2-1/2,draw,draw,A15,,130,65.0,23,6,2,0,True,True,12,2,True,0,11,4
Karpov.pgn,Karpov,white,Wang Pin,Beijing sim,Beijing,1998.05.13,1998,?,"Karpov, Anatoly",Wang Pin,2735.0,2360.0,1-0,white_win,win,E81,,93,46.5,23,5,1,0,False,True,13,3,False,0,10,2
Karpov.pgn,Karpov,black,Qin Kanying,Beijing sim,Beijing,1998.05.13,1998,?,Qin Kanying,"Karpov, Anatoly",2375.0,2735.0,0-1,black_win,win,B12,,96,48.0,11,2,1,0,True,False,7,0,False,0,4,2
Karpov.pgn,Karpov,white,Zhu Chen,Beijing sim,Beijing,1998.05.13,1998,?,"Karpov, Anatoly",Zhu Chen,2735.0,2490.0,1-0,white_win,win,D46,,101,50.5,21,4,2,0,True,True,12,3,True,0,9,1
Karpov.pgn,Karpov,black,Wang Lei,Beijing sim,Beijing,1998.05.13,1998,?,Wang Lei,"Karpov, Anatoly",2390.0,2735.0,1/2-1/2,draw,draw,E32,,67,33.5,16,2,2,0,True,True,8,1,True,0,8,1
Karpov.pgn,Karpov,black,Wang Zili,Beijing m g/25,Beijing,1998.05.15,1998,?,Wang Zili,"Karpov, Anatoly",2520.0,2735.0,0-1,black_win,win,B12,,68,34.0,18,5,2,0,True,True,10,4,True,0,8,1
Karpov.pgn,Karpov,white,Xu Jun,Beijing m g/25,Beijing,1998.05.15,1998,?,"Karpov, Anatoly",Xu Jun,2735.0,2520.0,1-0,white_win,win,D20,,57,28.5,18,1,2,0,True,True,9,0,True,0,9,1
Karpov.pgn,Karpov,black,Ye Jiangchuan,Beijing m g/25,Beijing,1998.05.15,1998,?,Ye Jiangchuan,"Karpov, Anatoly",2530.0,2735.0,0-1,black_win,win,B17,,76,38.0,14,4,2,0,True,True,7,2,True,0,7,2
Karpov.pgn,Karpov,white,Peng Xiaomin,Beijing m g/25,Beijing,1998.05.15,1998,?,"Karpov, Anatoly",Peng Xiaomin,2735.0,2535.0,1/2-1/2,draw,draw,D79,,81,40.5,12,1,2,0,True,True,6,1,True,0,6,0
Karpov.pgn,Karpov,white,"Polgar, Judit",Budapest m 30',Budapest,1998.06.09,1998,1,"Karpov, Anatoly","Polgar, Judit",2735.0,2670.0,1/2-1/2,draw,draw,A70,,66,33.0,20,3,2,0,True,True,10,0,True,0,10,3
Karpov.pgn,Karpov,black,"Polgar, Judit",Budapest m 30',Budapest,1998.06.09,1998,2,"Polgar, Judit","Karpov, Anatoly",2670.0,2735.0,1-0,white_win,loss,B17,,99,49.5,17,6,1,0,True,False,9,1,False,0,8,5
Karpov.pgn,Karpov,white,"Polgar, Judit",Budapest m 30',Budapest,1998.06.10,1998,3,"Karpov, Anatoly","Polgar, Judit",2735.0,2670.0,0-1,black_win,loss,A70,,163,81.5,23,21,2,0,True,True,12,11,True,0,11,10
Karpov.pgn,Karpov,black,"Polgar, Judit",Budapest m 30',Budapest,1998.06.10,1998,4,"Polgar, Judit","Karpov, Anatoly",2670.0,2735.0,1/2-1/2,draw,draw,B17,,114,57.0,26,8,1,0,True,False,13,0,False,0,13,8
Karpov.pgn,Karpov,white,"Polgar, Judit",Budapest m 30',Budapest,1998.06.11,1998,5,"Karpov, Anatoly","Polgar, Judit",2735.0,2670.0,1/2-1/2,draw,draw,E60,,149,74.5,26,14,2,1,True,True,14,5,True,1,12,9
Karpov.pgn,Karpov,black,"Polgar, Judit",Budapest m 30',Budapest,1998.06.11,1998,6,"Polgar, Judit","Karpov, Anatoly",2670.0,2735.0,1/2-1/2,draw,draw,B17,,97,48.5,19,3,1,0,True,False,10,3,False,0,9,0
Karpov.pgn,Karpov,white,"Polgar, Judit",Budapest m 30',Budapest,1998.06.12,1998,7,"Karpov, Anatoly","Polgar, Judit",2735.0,2670.0,1/2-1/2,draw,draw,E60,,142,71.0,25,10,1,0,True,False,13,7,True,0,12,3
Karpov.pgn,Karpov,black,"Polgar, Judit",Budapest m 30',Budapest,1998.06.12,1998,8,"Polgar, Judit","Karpov, Anatoly",2670.0,2735.0,1/2-1/2,draw,draw,D42,,136,68.0,20,13,2,0,True,True,10,13,True,0,10,0
Karpov.pgn,Karpov,black,"Krasenkow, Michal",Rubinstein mem 35th,Polanica Zdroj,1998.08.17,1998,1,"Krasenkow, Michal","Karpov, Anatoly",2655.0,2725.0,1-0,white_win,loss,D37,,103,51.5,23,8,2,0,True,True,11,6,True,0,12,2
Karpov.pgn,Karpov,black,"Gelfand, Boris",Rubinstein mem 35th,Polanica Zdroj,1998.08.18,1998,2,"Gelfand, Boris","Karpov, Anatoly",2675.0,2725.0,1/2-1/2,draw,draw,D37,,49,24.5,14,0,1,0,False,True,7,0,True,0,7,0
Karpov.pgn,Karpov,white,"Shirov, Alexei",Rubinstein mem 35th,Polanica Zdroj,1998.08.19,1998,3,"Karpov, Anatoly","Shirov, Alexei",2725.0,2720.0,1/2-1/2,draw,draw,E60,,90,45.0,23,3,2,0,True,True,11,3,True,0,12,0
Karpov.pgn,Karpov,black,"Macieja, Bartlomiej",Rubinstein mem 35th,Polanica Zdroj,1998.08.20,1998,4,"Macieja, Bartlomiej","Karpov, Anatoly",2490.0,2725.0,0-1,black_win,win,B19,,122,61.0,23,7,2,0,True,True,13,6,True,0,10,1
Karpov.pgn,Karpov,white,"Markowski, Tomasz",Rubinstein mem 35th,Polanica Zdroj,1998.08.22,1998,5,"Karpov, Anatoly","Markowski, Tomasz",2725.0,2525.0,1/2-1/2,draw,draw,E60,,56,28.0,10,1,2,0,True,True,5,1,True,0,5,0
Karpov.pgn,Karpov,black,"Oll, Lembit",Rubinstein mem 35th,Polanica Zdroj,1998.08.23,1998,6,"Oll, Lembit","Karpov, Anatoly",2650.0,2725.0,1/2-1/2,draw,draw,E15,,55,27.5,14,0,2,0,True,True,7,0,True,0,7,0
Karpov.pgn,Karpov,white,"Leko, Peter",Rubinstein mem 35th,Polanica Zdroj,1998.08.24,1998,7,"Karpov, Anatoly","Leko, Peter",2725.0,2665.0,1/2-1/2,draw,draw,A34,,58,29.0,10,1,2,0,True,True,5,1,True,0,5,0
Karpov.pgn,Karpov,black,"Rublevsky, Sergei",Rubinstein mem 35th,Polanica Zdroj,1998.08.25,1998,8,"Rublevsky, Sergei","Karpov, Anatoly",2685.0,2725.0,1-0,white_win,loss,B17,,137,68.5,22,5,1,0,True,False,11,0,False,0,11,5
Karpov.pgn,Karpov,white,"Ivanchuk, Vassily",Rubinstein mem 35th,Polanica Zdroj,1998.08.26,1998,9,"Karpov, Anatoly","Ivanchuk, Vassily",2725.0,2730.0,1/2-1/2,draw,draw,D41,,66,33.0,16,7,2,0,True,True,8,6,True,0,8,1
Karpov.pgn,Karpov,black,"Vescovi, Giovanni",Cap d'Agde-A,Cap d'Agde,1998.10.25,1998,1,"Vescovi, Giovanni","Karpov, Anatoly",2525.0,2725.0,1/2-1/2,draw,draw,E12,,61,30.5,12,1,2,0,True,True,5,0,True,0,7,1
Karpov.pgn,Karpov,white,"Rogers, Ian",Cap d'Agde-A,Cap d'Agde,1998.10.25,1998,2,"Karpov, Anatoly","Rogers, Ian",2725.0,2605.0,1-0,white_win,win,E10,,71,35.5,18,1,2,0,True,True,10,0,True,0,8,1
Karpov.pgn,Karpov,white,"Dorfman, Josif D",Cap d'Agde-A,Cap d'Agde,1998.10.26,1998,4,"Karpov, Anatoly","Dorfman, Josif D",2725.0,2585.0,1/2-1/2,draw,draw,D11,,25,12.5,0,0,2,0,True,True,0,0,True,0,0,0
Karpov.pgn,Karpov,black,"Hamdouchi, Hichem",Cap d'Agde-A,Cap d'Agde,1998.10.26,1998,5,"Hamdouchi, Hichem","Karpov, Anatoly",2555.0,2725.0,1/2-1/2,draw,draw,B12,,33,16.5,3,2,1,0,True,False,1,1,False,0,2,1
Karpov.pgn,Karpov,black,"Kobese, Watu",Cap d'Agde-A,Cap d'Agde,1998.10.27,1998,6,"Kobese, Watu","Karpov, Anatoly",2415.0,2725.0,0-1,black_win,win,B12,,84,42.0,12,4,1,0,False,True,7,3,True,0,5,1
Karpov.pgn,Karpov,white,"Polgar, Judit",Cap d'Agde-A,Cap d'Agde,1998.10.27,1998,7,"Karpov, Anatoly","Polgar, Judit",2725.0,2665.0,1-0,white_win,win,A49,,173,86.5,25,25,2,0,True,True,13,9,True,0,12,16
Karpov.pgn,Karpov,black,"Adianto, Utut",Cap d'Agde KO,Cap d'Agde,1998.10.28,1998,1.2,"Adianto, Utut","Karpov, Anatoly",2610.0,2725.0,1-0,white_win,loss,E12,,59,29.5,16,3,2,0,True,True,8,0,True,0,8,3
Karpov.pgn,Karpov,white,"Adianto, Utut",Cap d'Agde KO,Cap d'Agde,1998.10.28,1998,1.1,"Karpov, Anatoly","Adianto, Utut",2725.0,2610.0,1-0,white_win,win,B19,,87,43.5,23,3,2,0,True,True,11,0,True,0,12,3
Karpov.pgn,Karpov,black,"Adianto, Utut",Cap d'Agde KO,Cap d'Agde,1998.10.28,1998,1.3,"Adianto, Utut","Karpov, Anatoly",2610.0,2725.0,0-1,black_win,win,E39,,85,42.5,17,3,2,0,True,True,9,1,True,0,8,2
Karpov.pgn,Karpov,white,"Adianto, Utut",Cap d'Agde KO,Cap d'Agde,1998.10.28,1998,1.4,"Karpov, Anatoly","Adianto, Utut",2725.0,2610.0,1/2-1/2,draw,draw,D25,,102,51.0,22,6,2,0,True,True,11,2,True,0,11,4
Karpov.pgn,Karpov,black,"Bacrot, Etienne",Cap d'Agde KO,Cap d'Agde,1998.10.29,1998,2.2,"Bacrot, Etienne","Karpov, Anatoly",2555.0,2725.0,1/2-1/2,draw,draw,D56,,81,40.5,18,0,2,0,True,True,9,0,True,0,9,0
Karpov.pgn,Karpov,white,"Bacrot, Etienne",Cap d'Agde KO,Cap d'Agde,1998.10.29,1998,2.1,"Karpov, Anatoly","Bacrot, Etienne",2725.0,2555.0,1-0,white_win,win,A16,,89,44.5,20,5,2,0,True,True,10,3,True,0,10,2
Karpov.pgn,Karpov,black,"Gelfand, Boris",Cap d'Agde KO,Cap d'Agde,1998.10.30,1998,3.2,"Gelfand, Boris","Karpov, Anatoly",2675.0,2725.0,1/2-1/2,draw,draw,E20,,103,51.5,26,11,1,0,True,False,13,2,False,0,13,9
Karpov.pgn,Karpov,white,"Gelfand, Boris",Cap d'Agde KO,Cap d'Agde,1998.10.30,1998,3.1,"Karpov, Anatoly","Gelfand, Boris",2725.0,2675.0,1/2-1/2,draw,draw,D46,,106,53.0,18,17,2,0,True,True,9,0,True,0,9,17
Karpov.pgn,Karpov,black,"Gelfand, Boris",Cap d'Agde KO,Cap d'Agde,1998.10.30,1998,3.6,"Gelfand, Boris","Karpov, Anatoly",2675.0,2725.0,0-1,black_win,win,D35,,121,60.5,21,5,2,0,True,True,11,1,True,0,10,4
Karpov.pgn,Karpov,white,"Gelfand, Boris",Cap d'Agde KO,Cap d'Agde,1998.10.30,1998,3.5,"Karpov, Anatoly","Gelfand, Boris",2725.0,2675.0,1/2-1/2,draw,draw,A29,,103,51.5,20,0,2,0,True,True,9,0,True,0,11,0
Karpov.pgn,Karpov,black,"Gelfand, Boris",Cap d'Agde KO,Cap d'Agde,1998.10.30,1998,3.4,"Gelfand, Boris","Karpov, Anatoly",2675.0,2725.0,0-1,black_win,win,A30,,88,44.0,17,4,2,1,True,True,9,3,True,0,8,1
Karpov.pgn,Karpov,white,"Gelfand, Boris",Cap d'Agde KO,Cap d'Agde,1998.10.30,1998,3.3,"Karpov, Anatoly","Gelfand, Boris",2725.0,2675.0,0-1,black_win,loss,D46,,78,39.0,20,4,2,0,True,True,9,2,True,0,11,2
Karpov.pgn,Karpov,white,"Baud, C.",Bastia sim,Bastia,1998.11.05,1998,?,"Karpov, Anatoly","Baud, C.",2725.0,,1-0,white_win,win,D20,,23,11.5,5,3,0,0,False,False,3,2,False,0,2,1
Karpov.pgn,Karpov,white,"Orsoni, Jean Philippe",Bastia sim,Bastia,1998.11.05,1998,?,"Karpov, Anatoly","Orsoni, Jean Philippe",2725.0,,1-0,white_win,win,A16,,43,21.5,7,3,1,0,False,True,4,3,False,0,3,0
Karpov.pgn,Karpov,white,"Slama, A.",Bastia sim,Bastia,1998.11.05,1998,?,"Karpov, Anatoly","Slama, A.",2725.0,,1-0,white_win,win,A25,,71,35.5,12,1,2,0,True,True,7,1,True,0,5,0
Karpov.pgn,Karpov,white,"Anton, Juergen",Bastia sim,Bastia,1998.11.05,1998,?,"Karpov, Anatoly","Anton, Juergen",2725.0,,1/2-1/2,draw,draw,C65,,54,27.0,13,1,2,0,True,True,6,0,True,0,7,1
Karpov.pgn,Karpov,white,"Armao, O.",Bastia sim,Bastia,1998.11.05,1998,?,"Karpov, Anatoly","Armao, O.",2725.0,,1-0,white_win,win,D32,,65,32.5,13,0,2,0,True,True,7,0,True,0,6,0
Karpov.pgn,Karpov,white,"Cheikh M'Hamed, K.",Bastia sim,Bastia,1998.11.05,1998,?,"Karpov, Anatoly","Cheikh M'Hamed, K.",2725.0,,1/2-1/2,draw,draw,B08,,91,45.5,25,4,2,0,True,True,12,4,True,0,13,0
Karpov.pgn,Karpov,white,"Ceccaldi, D.",Bastia sim,Bastia,1998.11.05,1998,?,"Karpov, Anatoly","Ceccaldi, D.",2725.0,,1-0,white_win,win,A59,,71,35.5,11,0,1,0,False,True,6,0,False,0,5,0
Karpov.pgn,Karpov,white,"Guillouet, Y.",Bastia sim,Bastia,1998.11.05,1998,?,"Karpov, Anatoly","Guillouet, Y.",2725.0,,1-0,white_win,win,E87,,79,39.5,20,2,2,0,True,True,10,1,True,0,10,1
Karpov.pgn,Karpov,white,"Galli, Jean Christ",Bastia sim,Bastia,1998.11.05,1998,?,"Karpov, Anatoly","Galli, Jean Christ",2725.0,2175.0,1-0,white_win,win,D85,,85,42.5,19,4,2,0,True,True,11,2,True,0,8,2
Karpov.pgn,Karpov,white,"Gallissot, Alexandre",Bastia sim,Bastia,1998.11.05,1998,?,"Karpov, Anatoly","Gallissot, Alexandre",2725.0,,1-0,white_win,win,D47,,45,22.5,6,0,1,0,True,False,3,0,True,0,3,0
Karpov.pgn,Karpov,white,"Luciani, JF.",Bastia sim,Bastia,1998.11.05,1998,?,"Karpov, Anatoly","Luciani, JF.",2725.0,,1-0,white_win,win,B31,,71,35.5,17,1,2,0,True,True,9,0,True,0,8,1
Karpov.pgn,Karpov,white,"Kolega, M.",Bastia sim,Bastia,1998.11.05,1998,?,"Karpov, Anatoly","Kolega, M.",2725.0,,1-0,white_win,win,C45,,47,23.5,7,0,1,0,True,False,3,0,True,0,4,0
Karpov.pgn,Karpov,white,"Lorenzi, P.",Bastia sim,Bastia,1998.11.05,1998,?,"Karpov, Anatoly","Lorenzi, P.",2725.0,,1-0,white_win,win,A35,,25,12.5,1,1,0,0,False,False,1,1,False,0,0,0
Karpov.pgn,Karpov,white,"Perez, F.",Bastia sim,Bastia,1998.11.05,1998,?,"Karpov, Anatoly","Perez, F.",2725.0,,1-0,white_win,win,B31,,51,25.5,9,2,2,0,True,True,5,2,True,0,4,0
Karpov.pgn,Karpov,white,"Anand, Viswanathan",FIDE-Wch k.o. f,Lausanne,1998.??.??,1998,8.1,"Karpov, Anatoly","Anand, Viswanathan",2735.0,2770.0,1-0,white_win,win,D48,,215,107.5,25,55,1,0,True,False,14,25,True,0,11,30
Karpov.pgn,Karpov,white,"Anand, Viswanathan",FIDE-Wch k.o. f 25',Lausanne,1998.??.??,1998,8.7,"Karpov, Anatoly","Anand, Viswanathan",2735.0,2770.0,1-0,white_win,win,A07,,123,61.5,24,10,2,1,True,True,12,5,True,1,12,5
Karpov.pgn,Karpov,white,"Anand, Viswanathan",FIDE-Wch k.o. f,Lausanne,1998.??.??,1998,8.5,"Karpov, Anatoly","Anand, Viswanathan",2735.0,2770.0,1/2-1/2,draw,draw,D46,,110,55.0,23,4,2,0,True,True,12,0,True,0,11,4
Karpov.pgn,Karpov,white,"Kwartler, Lonnie",US-chT Amateur East,Parsippany,1998.??.??,1998,1,"Karpov, Anatoly","Kwartler, Lonnie",2735.0,2260.0,1-0,white_win,win,E85,,69,34.5,12,1,2,0,True,True,6,1,True,0,6,0
Karpov.pgn,Karpov,black,"Slepian, Randy",US-chT Amateur East,Parsippany,1998.??.??,1998,2,"Slepian, Randy","Karpov, Anatoly",,2735.0,0-1,black_win,win,A13,,54,27.0,10,2,2,0,True,True,6,1,True,0,4,1
Karpov.pgn,Karpov,white,"William, Christopher",US-chT Amateur East,Parsippany,1998.??.??,1998,3,"Karpov, Anatoly","William, Christopher",2735.0,,1-0,white_win,win,A40,,37,18.5,9,2,0,0,False,False,6,1,False,0,3,1
Karpov.pgn,Karpov,black,"Barcarola, Louis",US-chT Amateur East,Parsippany,1998.??.??,1998,4,"Barcarola, Louis","Karpov, Anatoly",,2735.0,0-1,black_win,win,B17,,74,37.0,17,4,2,0,True,True,8,2,True,0,9,2
Karpov.pgn,Karpov,white,"McCarthy, Brian",US-chT Amateur East,Parsippany,1998.??.??,1998,6,"Karpov, Anatoly","McCarthy, Brian",2735.0,2265.0,1-0,white_win,win,B14,,57,28.5,12,4,1,0,False,True,6,4,False,0,6,0
Karpov.pgn,Karpov,white,"Morovic Fernandez, Ivan",Santiago m g25/30,Santiago,1998.??.??,1998,1,"Karpov, Anatoly","Morovic Fernandez, Ivan",2735.0,2600.0,1/2-1/2,draw,draw,D46,,92,46.0,12,3,2,0,True,True,6,2,True,0,6,1
Karpov.pgn,Karpov,black,"Morovic Fernandez, Ivan",Santiago m g25/30,Santiago,1998.??.??,1998,2,"Morovic Fernandez, Ivan","Karpov, Anatoly",2600.0,2735.0,1/2-1/2,draw,draw,C42,,139,69.5,27,5,2,0,True,True,14,4,True,0,13,1
Karpov.pgn,Karpov,white,"Shirov, Alexei",Hoogovens,Wijk aan Zee,1998.??.??,1998,4,"Karpov, Anatoly","Shirov, Alexei",2735.0,2710.0,1/2-1/2,draw,draw,E63,,90,45.0,20,1,2,0,True,True,9,0,True,0,11,1
Karpov.pgn,Karpov,black,"Piket, Jeroen",Karpov-Piket Match,Monaco,1999.02.21,1999,1,"Piket, Jeroen","Karpov, Anatoly",2619.0,2710.0,1/2-1/2,draw,draw,E15,,71,35.5,17,1,2,0,True,True,8,1,True,0,9,0
Karpov.pgn,Karpov,white,"Piket, Jeroen",Karpov-Piket Match,Monaco,1999.02.22,1999,2,"Karpov, Anatoly","Piket, Jeroen",2710.0,2619.0,1/2-1/2,draw,draw,D39,,90,45.0,20,5,2,0,True,True,10,2,True,0,10,3
Karpov.pgn,Karpov,black,"Piket, Jeroen",Karpov-Piket Match,Monaco,1999.02.23,1999,3,"Piket, Jeroen","Karpov, Anatoly",2615.0,2710.0,1/2-1/2,draw,draw,E32,,103,51.5,25,3,2,0,True,True,12,1,True,0,13,2
Karpov.pgn,Karpov,white,"Piket, Jeroen",Karpov-Piket Match,Monaco,1999.02.25,1999,4,"Karpov, Anatoly","Piket, Jeroen",2710.0,2615.0,1/2-1/2,draw,draw,E04,,86,43.0,24,2,2,0,True,True,12,1,True,0,12,1
Karpov.pgn,Karpov,black,"Piket, Jeroen",Karpov-Piket Match,Monaco,1999.02.26,1999,5,"Piket, Jeroen","Karpov, Anatoly",2619.0,2710.0,1/2-1/2,draw,draw,E32,,82,41.0,18,4,2,0,True,True,9,1,True,0,9,3
Karpov.pgn,Karpov,white,"Piket, Jeroen",Karpov-Piket Match,Monaco,1999.02.27,1999,6,"Karpov, Anatoly","Piket, Jeroen",2710.0,2619.0,1/2-1/2,draw,draw,E32,,95,47.5,16,3,2,0,True,True,8,1,True,0,8,2
Karpov.pgn,Karpov,black,"Piket, Jeroen",Karpov-Piket Match,Monaco,1999.03.01,1999,7,"Piket, Jeroen","Karpov, Anatoly",2615.0,2710.0,1/2-1/2,draw,draw,E12,,98,49.0,19,7,2,0,True,True,9,7,True,0,10,0
Karpov.pgn,Karpov,white,"Piket, Jeroen",Karpov-Piket Match,Monaco,1999.03.02,1999,8,"Karpov, Anatoly","Piket, Jeroen",2710.0,2619.0,1/2-1/2,draw,draw,E46,,76,38.0,14,2,2,0,True,True,7,0,True,0,7,2
Karpov.pgn,Karpov,white,"Gelfand, Boris",Amber Rapidplay,Monte Carlo,1999.03.16,1999,1,"Karpov, Anatoly","Gelfand, Boris",2710.0,2691.0,1-0,white_win,win,D46,,111,55.5,18,2,2,0,True,True,10,1,True,0,8,1
Karpov.pgn,Karpov,black,"Gelfand, Boris",Amber Blindfold,Monte Carlo,1999.03.16,1999,1,"Gelfand, Boris","Karpov, Anatoly",2691.0,2710.0,0-1,black_win,win,E04,,84,42.0,21,2,2,0,True,True,11,1,True,0,10,1
Karpov.pgn,Karpov,black,"Ivanchuk, Vassily",Amber Blindfold,Monte Carlo,1999.03.17,1999,2,"Ivanchuk, Vassily","Karpov, Anatoly",2714.0,2710.0,1/2-1/2,draw,draw,B17,,105,52.5,25,5,2,0,True,True,12,2,True,0,13,3
Karpov.pgn,Karpov,white,"Ivanchuk, Vassily",Amber Rapidplay,Monte Carlo,1999.03.17,1999,2,"Karpov, Anatoly","Ivanchuk, Vassily",2710.0,2714.0,1/2-1/2,draw,draw,D73,,85,42.5,20,0,2,0,True,True,10,0,True,0,10,0
Karpov.pgn,Karpov,white,"Piket, Jeroen",Amber Blindfold,Monte Carlo,1999.03.18,1999,3,"Karpov, Anatoly","Piket, Jeroen",2710.0,2619.0,1/2-1/2,draw,draw,E46,,96,48.0,19,2,2,0,True,True,10,2,True,0,9,0
Karpov.pgn,Karpov,black,"Piket, Jeroen",Amber Rapidplay,Monte Carlo,1999.03.18,1999,3,"Piket, Jeroen","Karpov, Anatoly",2619.0,2710.0,0-1,black_win,win,E12,,128,64.0,23,6,1,0,False,True,12,3,True,0,11,3
Karpov.pgn,Karpov,white,"Lautier, Joel",Amber Rapidplay,Monte Carlo,1999.03.19,1999,4,"Karpov, Anatoly","Lautier, Joel",2710.0,2596.0,1/2-1/2,draw,draw,D20,,38,19.0,12,0,2,0,True,True,6,0,True,0,6,0
Karpov.pgn,Karpov,black,"Lautier, Joel",Amber Blindfold,Monte Carlo,1999.03.19,1999,4,"Lautier, Joel","Karpov, Anatoly",2596.0,2710.0,1-0,white_win,loss,E12,,79,39.5,14,8,2,0,True,True,7,1,True,0,7,7
Karpov.pgn,Karpov,white,"Nikolic, Predrag",Amber Blindfold,Monte Carlo,1999.03.21,1999,5,"Karpov, Anatoly","Nikolic, Predrag",2710.0,2633.0,1/2-1/2,draw,draw,D20,,70,35.0,19,5,2,0,True,True,9,4,True,0,10,1
Karpov.pgn,Karpov,black,"Nikolic, Predrag",Amber Rapidplay,Monte Carlo,1999.03.21,1999,5,"Nikolic, Predrag","Karpov, Anatoly",2633.0,2710.0,1-0,white_win,loss,D20,,85,42.5,15,3,1,0,True,False,7,0,False,0,8,3
Karpov.pgn,Karpov,black,"Ljubojevic, Ljubomir",Amber Rapidplay,Monte Carlo,1999.03.22,1999,6,"Ljubojevic, Ljubomir","Karpov, Anatoly",2571.0,2710.0,1-0,white_win,loss,D26,,39,19.5,7,0,2,0,True,True,3,0,True,0,4,0
Karpov.pgn,Karpov,white,"Ljubojevic, Ljubomir",Amber Blindfold,Monte Carlo,1999.03.22,1999,6,"Karpov, Anatoly","Ljubojevic, Ljubomir",2710.0,2571.0,1-0,white_win,win,A70,,59,29.5,17,1,2,0,True,True,7,1,True,0,10,0
Karpov.pgn,Karpov,black,"Van Wely, Loek",Amber Blindfold,Monte Carlo,1999.03.23,1999,7,"Van Wely, Loek","Karpov, Anatoly",2632.0,2710.0,0-1,black_win,win,E15,,60,30.0,14,7,2,0,True,True,7,7,True,0,7,0
Karpov.pgn,Karpov,white,"Van Wely, Loek",Amber Rapidplay,Monte Carlo,1999.03.23,1999,7,"Karpov, Anatoly","Van Wely, Loek",2710.0,2632.0,1/2-1/2,draw,draw,A70,,120,60.0,23,5,2,0,True,True,12,0,True,0,11,5
Karpov.pgn,Karpov,black,"Kramnik, Vladimir",Amber Rapidplay,Monte Carlo,1999.03.24,1999,8,"Kramnik, Vladimir","Karpov, Anatoly",2751.0,2710.0,1-0,white_win,loss,A30,,61,30.5,16,2,2,0,True,True,8,0,True,0,8,2
Karpov.pgn,Karpov,white,"Kramnik, Vladimir",Amber Blindfold,Monte Carlo,1999.03.24,1999,8,"Karpov, Anatoly","Kramnik, Vladimir",2710.0,2751.0,1/2-1/2,draw,draw,E04,,140,70.0,22,8,2,0,True,True,11,6,True,0,11,2
Karpov.pgn,Karpov,black,"Shirov, Alexei",Amber Blindfold,Monte Carlo,1999.03.26,1999,9,"Shirov, Alexei","Karpov, Anatoly",2726.0,2710.0,1-0,white_win,loss,B12,,45,22.5,11,1,0,0,False,False,6,0,False,0,5,1
Karpov.pgn,Karpov,white,"Shirov, Alexei",Amber Rapidplay,Monte Carlo,1999.03.26,1999,9,"Karpov, Anatoly","Shirov, Alexei",2710.0,2726.0,1-0,white_win,win,E63,,71,35.5,18,2,2,0,True,True,9,1,True,0,9,1
Karpov.pgn,Karpov,black,"Anand, Viswanathan",Amber Rapidplay,Monte Carlo,1999.03.27,1999,10,"Anand, Viswanathan","Karpov, Anatoly",2781.0,2710.0,1/2-1/2,draw,draw,E32,,49,24.5,10,2,2,0,True,True,5,2,True,0,5,0
Karpov.pgn,Karpov,white,"Anand, Viswanathan",Amber Blindfold,Monte Carlo,1999.03.27,1999,10,"Karpov, Anatoly","Anand, Viswanathan",2710.0,2781.0,1/2-1/2,draw,draw,E15,,38,19.0,9,1,2,0,True,True,4,0,True,0,5,1
Karpov.pgn,Karpov,black,"Topalov, Veselin",Amber Blindfold,Monte Carlo,1999.03.28,1999,11,"Topalov, Veselin","Karpov, Anatoly",2700.0,2710.0,1-0,white_win,loss,E20,,87,43.5,20,6,2,0,True,True,11,2,True,0,9,4
Karpov.pgn,Karpov,white,"Topalov, Veselin",Amber Rapidplay,Monte Carlo,1999.03.28,1999,11,"Karpov, Anatoly","Topalov, Veselin",2710.0,2700.0,1/2-1/2,draw,draw,D19,,90,45.0,22,8,2,0,True,True,11,3,True,0,11,5
Karpov.pgn,Karpov,black,"Kramnik, Vladimir",Dos Hermanas,Dos Hermanas,1999.04.06,1999,1,"Kramnik, Vladimir","Karpov, Anatoly",2751.0,2710.0,1/2-1/2,draw,draw,A30,,65,32.5,16,0,2,0,True,True,8,0,True,0,8,0
Karpov.pgn,Karpov,black,"Topalov, Veselin",Dos Hermanas,Dos Hermanas,1999.04.07,1999,2,"Topalov, Veselin","Karpov, Anatoly",2700.0,2710.0,1/2-1/2,draw,draw,D37,,45,22.5,6,0,2,0,True,True,3,0,True,0,3,0
Karpov.pgn,Karpov,white,"Svidler, Peter",Dos Hermanas,Dos Hermanas,1999.04.09,1999,3,"Karpov, Anatoly","Svidler, Peter",2710.0,2713.0,1-0,white_win,win,D97,,97,48.5,22,3,2,0,True,True,12,2,True,0,10,1
Karpov.pgn,Karpov,black,"Anand, Viswanathan",Dos Hermanas,Dos Hermanas,1999.04.10,1999,4,"Anand, Viswanathan","Karpov, Anatoly",2780.0,2710.0,1/2-1/2,draw,draw,B17,,49,24.5,13,1,1,0,True,False,6,1,False,0,7,0
Karpov.pgn,Karpov,white,"Kortschnoj, Viktor",Dos Hermanas,Dos Hermanas,1999.04.11,1999,5,"Karpov, Anatoly","Kortschnoj, Viktor",2710.0,2673.0,1/2-1/2,draw,draw,E18,,76,38.0,8,0,2,0,True,True,4,0,True,0,4,0
Karpov.pgn,Karpov,black,"Illescas Cordoba, Miguel",Dos Hermanas,Dos Hermanas,1999.04.13,1999,6,"Illescas Cordoba, Miguel","Karpov, Anatoly",2585.0,2710.0,1-0,white_win,loss,B19,,127,63.5,23,12,2,1,True,True,11,4,True,1,12,8
Karpov.pgn,Karpov,white,"Gelfand, Boris",Dos Hermanas,Dos Hermanas,1999.04.14,1999,7,"Karpov, Anatoly","Gelfand, Boris",2710.0,2691.0,1/2-1/2,draw,draw,E04,,82,41.0,18,0,2,0,True,True,9,0,True,0,9,0
Karpov.pgn,Karpov,white,"Adams, Michael",Dos Hermanas,Dos Hermanas,1999.04.15,1999,9,"Karpov, Anatoly","Adams, Michael",2710.0,2716.0,1/2-1/2,draw,draw,E15,,94,47.0,19,2,2,0,True,True,9,0,True,0,10,2
Karpov.pgn,Karpov,black,"Polgar, Judit",Dos Hermanas,Dos Hermanas,1999.04.16,1999,8,"Polgar, Judit","Karpov, Anatoly",2677.0,2710.0,1/2-1/2,draw,draw,B14,,57,28.5,16,0,2,0,True,True,8,0,True,0,8,0
Karpov.pgn,Karpov,white,"Anand, Viswanathan",Leon Man+Comp m,Leon,1999.06.11,1999,1,"Karpov, Anatoly","Anand, Viswanathan",2710.0,2781.0,0-1,black_win,loss,E04,,85,42.5,19,4,2,0,True,True,9,0,True,0,10,4
Karpov.pgn,Karpov,black,"Anand, Viswanathan",Leon Man+Comp m,Leon,1999.06.11,1999,2,"Anand, Viswanathan","Karpov, Anatoly",2781.0,2710.0,1/2-1/2,draw,draw,E15,,35,17.5,9,2,2,0,True,True,4,2,True,0,5,0
Karpov.pgn,Karpov,white,"Anand, Viswanathan",Leon Man+Comp m,Leon,1999.06.12,1999,3,"Karpov, Anatoly","Anand, Viswanathan",2710.0,2781.0,0-1,black_win,loss,E15,,69,34.5,16,2,1,0,False,True,7,0,False,0,9,2
Karpov.pgn,Karpov,black,"Anand, Viswanathan",Leon Man+Comp m,Leon,1999.06.12,1999,4,"Anand, Viswanathan","Karpov, Anatoly",2781.0,2710.0,1/2-1/2,draw,draw,C43,,114,57.0,26,8,2,0,True,True,13,2,True,0,13,6
Karpov.pgn,Karpov,white,"Anand, Viswanathan",Leon Man+Comp m,Leon,1999.06.13,1999,5,"Karpov, Anatoly","Anand, Viswanathan",2710.0,2781.0,0-1,black_win,loss,E15,,91,45.5,14,3,2,0,True,True,7,0,True,0,7,3
Karpov.pgn,Karpov,black,"Anand, Viswanathan",Leon Man+Comp m,Leon,1999.06.13,1999,6,"Anand, Viswanathan","Karpov, Anatoly",2781.0,2710.0,1-0,white_win,loss,C43,,111,55.5,22,6,2,0,True,True,10,5,True,0,12,1
Karpov.pgn,Karpov,white,"Kasparov, Gary",Siemens Giants,Frankfurt,1999.06.29,1999,1,"Karpov, Anatoly","Kasparov, Gary",2710.0,2812.0,1/2-1/2,draw,draw,D77,,76,38.0,18,1,2,0,True,True,9,0,True,0,9,1
Karpov.pgn,Karpov,white,"Anand, Viswanathan",Siemens Giants,Frankfurt,1999.06.29,1999,2,"Karpov, Anatoly","Anand, Viswanathan",2710.0,2781.0,1/2-1/2,draw,draw,E15,,81,40.5,22,2,2,0,True,True,11,0,True,0,11,2
Karpov.pgn,Karpov,black,"Kramnik, Vladimir",Siemens Giants,Frankfurt,1999.06.29,1999,3,"Kramnik, Vladimir","Karpov, Anatoly",2751.0,2710.0,1-0,white_win,loss,D26,,63,31.5,18,4,1,0,True,False,9,0,False,0,9,4
Karpov.pgn,Karpov,black,"Kasparov, Gary",Siemens Giants,Frankfurt,1999.06.30,1999,4,"Kasparov, Gary","Karpov, Anatoly",2812.0,2710.0,1/2-1/2,draw,draw,E32,,98,49.0,25,2,1,0,False,True,12,1,True,0,13,1
Karpov.pgn,Karpov,black,"Anand, Viswanathan",Siemens Giants,Frankfurt,1999.06.30,1999,5,"Anand, Viswanathan","Karpov, Anatoly",2781.0,2710.0,0-1,black_win,win,C42,,60,30.0,14,0,1,0,True,False,8,0,False,0,6,0
Karpov.pgn,Karpov,white,"Kramnik, Vladimir",Siemens Giants,Frankfurt,1999.06.30,1999,6,"Karpov, Anatoly","Kramnik, Vladimir",2710.0,2751.0,1/2-1/2,draw,draw,D46,,35,17.5,7,0,2,0,True,True,4,0,True,0,3,0
Karpov.pgn,Karpov,white,"Kasparov, Gary",Siemens Giants,Frankfurt,1999.07.01,1999,7,"Karpov, Anatoly","Kasparov, Gary",2710.0,2812.0,1/2-1/2,draw,draw,D12,,95,47.5,20,2,2,0,True,True,10,0,True,0,10,2
Karpov.pgn,Karpov,white,"Anand, Viswanathan",Siemens Giants,Frankfurt,1999.07.01,1999,8,"Karpov, Anatoly","Anand, Viswanathan",2710.0,2781.0,1/2-1/2,draw,draw,E15,,52,26.0,10,1,2,0,True,True,5,0,True,0,5,1
Karpov.pgn,Karpov,black,"Kramnik, Vladimir",Siemens Giants,Frankfurt,1999.07.01,1999,9,"Kramnik, Vladimir","Karpov, Anatoly",2751.0,2710.0,1-0,white_win,loss,D27,,104,52.0,20,3,1,0,True,False,10,1,False,0,10,2
Karpov.pgn,Karpov,black,"Kasparov, Gary",Siemens Giants,Frankfurt,1999.07.02,1999,10,"Kasparov, Gary","Karpov, Anatoly",2812.0,2710.0,1-0,white_win,loss,E32,,85,42.5,20,1,2,0,True,True,10,1,True,0,10,0
Karpov.pgn,Karpov,black,"Anand, Viswanathan",Siemens Giants,Frankfurt,1999.07.02,1999,11,"Anand, Viswanathan","Karpov, Anatoly",2781.0,2710.0,1-0,white_win,loss,C42,,89,44.5,16,1,2,0,True,True,7,0,True,0,9,1
Karpov.pgn,Karpov,white,"Kramnik, Vladimir",Siemens Giants,Frankfurt,1999.07.02,1999,12,"Karpov, Anatoly","Kramnik, Vladimir",2710.0,2751.0,1/2-1/2,draw,draw,D46,,84,42.0,14,3,2,0,True,True,7,0,True,0,7,3
Karpov.pgn,Karpov,white,Comp Shredder,Dortmund man-comp,Dortmund,1999.07.09,1999,1,"Karpov, Anatoly",Comp Shredder,2710.0,,1/2-1/2,draw,draw,E15,,162,81.0,27,11,2,0,True,True,14,7,True,0,13,4
Karpov.pgn,Karpov,white,"Sokolov, Ivan",Dortmunder Schachtage,Dortmund,1999.07.10,1999,1,"Karpov, Anatoly","Sokolov, Ivan",2710.0,2624.0,1-0,white_win,win,E63,,78,39.0,13,4,2,0,True,True,6,2,True,0,7,2
Karpov.pgn,Karpov,black,"Kramnik, Vladimir",Dortmunder Schachtage,Dortmund,1999.07.11,1999,2,"Kramnik, Vladimir","Karpov, Anatoly",2751.0,2710.0,1/2-1/2,draw,draw,D27,,51,25.5,14,7,2,0,True,True,8,0,True,0,6,7
Karpov.pgn,Karpov,white,"Topalov, Veselin",Dortmunder Schachtage,Dortmund,1999.07.12,1999,3,"Karpov, Anatoly","Topalov, Veselin",2710.0,2700.0,1/2-1/2,draw,draw,A40,,89,44.5,21,3,2,0,True,True,10,3,True,0,11,0
Karpov.pgn,Karpov,black,"Adams, Michael",Dortmunder Schachtage,Dortmund,1999.07.14,1999,4,"Adams, Michael","Karpov, Anatoly",2708.0,2700.0,1/2-1/2,draw,draw,C42,,73,36.5,16,5,2,0,True,True,7,5,True,0,9,0
Karpov.pgn,Karpov,white,"Anand, Viswanathan",Dortmunder Schachtage,Dortmund,1999.07.15,1999,5,"Karpov, Anatoly","Anand, Viswanathan",2700.0,2771.0,1/2-1/2,draw,draw,E15,,57,28.5,12,0,2,0,True,True,6,0,True,0,6,0
Karpov.pgn,Karpov,black,"Leko, Peter",Dortmunder Schachtage,Dortmund,1999.07.16,1999,6,"Leko, Peter","Karpov, Anatoly",2701.0,2700.0,1/2-1/2,draw,draw,C42,,49,24.5,10,0,2,0,True,True,5,0,True,0,5,0
Karpov.pgn,Karpov,white,"Timman, Jan H",Dortmunder Schachtage,Dortmund,1999.07.17,1999,7,"Karpov, Anatoly","Timman, Jan H",2700.0,2650.0,1/2-1/2,draw,draw,D46,,54,27.0,10,0,2,0,True,True,5,0,True,0,5,0
Karpov.pgn,Karpov,black,"Illescas Cordoba, Miguel",Carlos Falcon mem Blitz,Barcelona,1999.07.26,1999,1,"Illescas Cordoba, Miguel","Karpov, Anatoly",2600.0,2700.0,1/2-1/2,draw,draw,C42,,93,46.5,16,4,2,0,True,True,8,4,True,0,8,0
Karpov.pgn,Karpov,white,"Illescas Cordoba, Miguel",Carlos Falcon mem Blitz,Barcelona,1999.07.26,1999,2,"Karpov, Anatoly","Illescas Cordoba, Miguel",2700.0,2600.0,1-0,white_win,win,D46,,110,55.0,22,4,2,0,True,True,11,1,True,0,11,3
Karpov.pgn,Karpov,black,"Sadvakasov, Darmen",VAM Hoogeveen 3rd,Hoogeveen,1999.10.17,1999,1,"Sadvakasov, Darmen","Karpov, Anatoly",2468.0,2700.0,0-1,black_win,win,B17,,130,65.0,21,10,1,0,True,False,11,7,False,0,10,3
Karpov.pgn,Karpov,white,"Polgar, Judit",VAM Hoogeveen 3rd,Hoogeveen,1999.10.18,1999,2,"Karpov, Anatoly","Polgar, Judit",2700.0,2671.0,1/2-1/2,draw,draw,E32,,77,38.5,16,14,2,0,True,True,9,0,True,0,7,14
Karpov.pgn,Karpov,black,"Timman, Jan H",VAM Hoogeveen 3rd,Hoogeveen,1999.10.19,1999,3,"Timman, Jan H","Karpov, Anatoly",2650.0,2700.0,1-0,white_win,loss,E21,,89,44.5,17,4,2,0,True,True,8,1,True,0,9,3
Karpov.pgn,Karpov,white,"Sadvakasov, Darmen",VAM Hoogeveen 3rd,Hoogeveen,1999.10.21,1999,4,"Karpov, Anatoly","Sadvakasov, Darmen",2700.0,2468.0,1/2-1/2,draw,draw,D27,,152,76.0,25,16,2,0,True,True,13,9,True,0,12,7
Karpov.pgn,Karpov,white,"Timman, Jan H",VAM Hoogeveen 3rd,Hoogeveen,1999.10.22,1999,5,"Karpov, Anatoly","Timman, Jan H",2700.0,2650.0,1/2-1/2,draw,draw,E15,,57,28.5,9,1,2,0,True,True,4,0,True,0,5,1
Karpov.pgn,Karpov,black,"Polgar, Judit",VAM Hoogeveen 3rd,Hoogeveen,1999.10.23,1999,6,"Polgar, Judit","Karpov, Anatoly",2671.0,2700.0,1/2-1/2,draw,draw,C42,,85,42.5,20,9,2,0,True,True,10,1,True,0,10,8
Karpov.pgn,Karpov,white,"Lajarige, Helene",Gonfreville sim,Gonfreville,1999.??.??,1999,?,"Karpov, Anatoly","Lajarige, Helene",2710.0,,1/2-1/2,draw,draw,D36,,61,30.5,14,1,2,0,True,True,7,1,True,0,7,0
Karpov.pgn,Karpov,white,"Pelletier, C.",Gonfreville sim,Gonfreville,1999.??.??,1999,?,"Karpov, Anatoly","Pelletier, C.",2710.0,,1/2-1/2,draw,draw,B15,,67,33.5,15,4,2,0,True,True,8,4,True,0,7,0
Karpov.pgn,Karpov,white,"Anand,V",GSM World Blitz Cup,Warsaw POL,2000.01.09,2000,?,"Karpov,An","Anand,V",2700.0,2771.0,0-1,black_win,loss,E15,,86,43.0,14,2,2,0,True,True,7,0,True,0,7,2
Karpov.pgn,Karpov,black,"Bacrot,E",Match,Cannes FRA,2000.02.23,2000,1,"Bacrot,E","Karpov,An",2594.0,2696.0,1/2-1/2,draw,draw,D36,,91,45.5,19,2,2,1,True,True,10,1,True,0,9,1
Karpov.pgn,Karpov,white,"Bacrot,E",Match,Cannes FRA,2000.02.24,2000,2,"Karpov,An","Bacrot,E",2696.0,2594.0,1/2-1/2,draw,draw,D12,,62,31.0,6,2,1,0,False,True,3,0,False,0,3,2
Karpov.pgn,Karpov,black,"Bacrot,E",Match g/25,Cannes FRA,2000.02.26,2000,3,"Bacrot,E","Karpov,An",2594.0,2696.0,1-0,white_win,loss,D35,,159,79.5,23,9,2,0,True,True,12,4,True,0,11,5
Karpov.pgn,Karpov,white,"Bacrot,E",Match g/25,Cannes FRA,2000.02.26,2000,4,"Karpov,An","Bacrot,E",2696.0,2594.0,0-1,black_win,loss,D12,,127,63.5,23,11,2,0,True,True,12,7,True,0,11,4
Karpov.pgn,Karpov,black,"Bacrot,E",Match g/5,Cannes FRA,2000.02.27,2000,5,"Bacrot,E","Karpov,An",2594.0,2696.0,0-1,black_win,win,A32,,142,71.0,19,10,2,0,True,True,11,8,True,0,8,2
Karpov.pgn,Karpov,white,"Bacrot,E",Match g/5,Cannes FRA,2000.02.27,2000,6,"Karpov,An","Bacrot,E",2696.0,2594.0,1-0,white_win,win,A28,,87,43.5,18,3,1,0,False,True,9,2,False,0,9,1
Karpov.pgn,Karpov,black,"Van Wely,L",Amber Rapidplay,Monaco MNC,2000.03.16,2000,1,"Van Wely,L","Karpov,An",2646.0,2696.0,1/2-1/2,draw,draw,A30,,111,55.5,18,10,2,0,True,True,9,3,True,0,9,7
Karpov.pgn,Karpov,white,"Van Wely,L",Amber Blindfold,Monaco MNC,2000.03.16,2000,1,"Karpov,An","Van Wely,L",2696.0,2646.0,1-0,white_win,win,E32,,103,51.5,21,5,2,0,True,True,11,3,True,0,10,2
Karpov.pgn,Karpov,white,"Anand,V",Amber Rapidplay,Monaco MNC,2000.03.17,2000,2,"Karpov,An","Anand,V",2696.0,2769.0,1/2-1/2,draw,draw,D12,,80,40.0,14,0,1,0,False,True,7,0,False,0,7,0
Karpov.pgn,Karpov,black,"Anand,V",Amber Blindfold,Monaco MNC,2000.03.17,2000,2,"Anand,V","Karpov,An",2769.0,2696.0,1/2-1/2,draw,draw,B12,,90,45.0,20,1,1,0,True,False,9,0,False,0,11,1
Karpov.pgn,Karpov,black,"Lautier,J",Amber Rapidplay,Monaco MNC,2000.03.18,2000,3,"Lautier,J","Karpov,An",2632.0,2696.0,0-1,black_win,win,E15,,68,34.0,14,0,2,0,True,True,6,0,True,0,8,0
Karpov.pgn,Karpov,white,"Lautier,J",Amber Blindfold,Monaco MNC,2000.03.18,2000,3,"Karpov,An","Lautier,J",2696.0,2632.0,1-0,white_win,win,D32,,185,92.5,24,14,2,0,True,True,12,7,True,0,12,7
Karpov.pgn,Karpov,black,"Shirov,A",Amber Blindfold,Monaco MNC,2000.03.19,2000,4,"Shirov,A","Karpov,An",2751.0,2696.0,1/2-1/2,draw,draw,B12,,51,25.5,15,2,2,0,True,True,7,2,True,0,8,0
Karpov.pgn,Karpov,white,"Shirov,A",Amber Rapidplay,Monaco MNC,2000.03.19,2000,4,"Karpov,An","Shirov,A",2696.0,2751.0,0-1,black_win,loss,D30,,102,51.0,20,8,2,0,True,True,10,3,True,0,10,5
Karpov.pgn,Karpov,black,"Ljubojevic,L",Amber Rapidplay,Monaco MNC,2000.03.21,2000,5,"Ljubojevic,L","Karpov,An",2559.0,2696.0,0-1,black_win,win,A30,,114,57.0,20,3,2,1,True,True,10,1,True,1,10,2
Karpov.pgn,Karpov,white,"Ljubojevic,L",Amber Blindfold,Monaco MNC,2000.03.21,2000,5,"Karpov,An","Ljubojevic,L",2696.0,2559.0,1/2-1/2,draw,draw,E32,,78,39.0,14,1,1,0,False,True,7,0,False,0,7,1
Karpov.pgn,Karpov,white,"Piket,Je",Amber Blindfold,Monaco MNC,2000.03.22,2000,6,"Karpov,An","Piket,Je",2696.0,2633.0,1/2-1/2,draw,draw,D07,,113,56.5,25,5,1,0,True,False,12,1,True,0,13,4
Karpov.pgn,Karpov,black,"Piket,Je",Amber Rapidplay,Monaco MNC,2000.03.22,2000,6,"Piket,Je","Karpov,An",2633.0,2696.0,1/2-1/2,draw,draw,E12,,69,34.5,22,3,2,0,True,True,11,1,True,0,11,2
Karpov.pgn,Karpov,black,"Nikolic,Pr",Amber Blindfold,Monaco MNC,2000.03.23,2000,7,"Nikolic,Pr","Karpov,An",2659.0,2696.0,1/2-1/2,draw,draw,E15,,125,62.5,25,3,2,0,True,True,13,1,True,0,12,2
Karpov.pgn,Karpov,white,"Nikolic,Pr",Amber Rapidplay,Monaco MNC,2000.03.23,2000,7,"Karpov,An","Nikolic,Pr",2696.0,2659.0,1/2-1/2,draw,draw,D12,,222,111.0,26,22,2,0,True,True,13,15,True,0,13,7
Karpov.pgn,Karpov,white,"Topalov,V",Amber Blindfold,Monaco MNC,2000.03.24,2000,8,"Karpov,An","Topalov,V",2696.0,2702.0,0-1,black_win,loss,E69,,78,39.0,15,3,2,0,True,True,6,0,True,0,9,3
Karpov.pgn,Karpov,black,"Topalov,V",Amber Rapidplay,Monaco MNC,2000.03.24,2000,8,"Topalov,V","Karpov,An",2702.0,2696.0,1-0,white_win,loss,D37,,147,73.5,27,5,2,0,True,True,13,0,True,0,14,5
Karpov.pgn,Karpov,white,"Ivanchuk,V",Amber Rapidplay,Monaco MNC,2000.03.26,2000,9,"Karpov,An","Ivanchuk,V",2696.0,2709.0,1/2-1/2,draw,draw,E32,,58,29.0,16,2,2,0,True,True,8,0,True,0,8,2
Karpov.pgn,Karpov,black,"Ivanchuk,V",Amber Blindfold,Monaco MNC,2000.03.26,2000,9,"Ivanchuk,V","Karpov,An",2709.0,2696.0,1-0,white_win,loss,E04,,87,43.5,22,2,2,0,True,True,11,1,True,0,11,1
Karpov.pgn,Karpov,black,"Gelfand,B",Amber Rapidplay,Monaco MNC,2000.03.27,2000,10,"Gelfand,B","Karpov,An",2692.0,2696.0,1-0,white_win,loss,B12,,101,50.5,26,7,1,0,True,False,13,3,False,0,13,4
Karpov.pgn,Karpov,white,"Gelfand,B",Amber Blindfold,Monaco MNC,2000.03.27,2000,10,"Karpov,An","Gelfand,B",2696.0,2692.0,0-1,black_win,loss,E39,,106,53.0,25,9,2,0,True,True,12,3,True,0,13,6
Karpov.pgn,Karpov,white,"Kramnik,V",Amber Rapidplay,Monaco MNC,2000.03.28,2000,11,"Karpov,An","Kramnik,V",2696.0,2758.0,1/2-1/2,draw,draw,E14,,40,20.0,10,0,2,0,True,True,5,0,True,0,5,0
Karpov.pgn,Karpov,black,"Kramnik,V",Amber Blindfold,Monaco MNC,2000.03.28,2000,11,"Kramnik,V","Karpov,An",2758.0,2696.0,1/2-1/2,draw,draw,D56,,102,51.0,23,6,2,0,True,True,11,1,True,0,12,5
Karpov.pgn,Karpov,white,Xie Jun,Female vs Male Match,Guanzhou CHN,2000.04.09,2000,1,"Karpov,An",Xie Jun,2696.0,2542.0,1/2-1/2,draw,draw,E84,,92,46.0,23,7,2,0,True,True,12,1,True,0,11,6
Karpov.pgn,Karpov,black,Xie Jun,Female vs Male Match,Guanzhou CHN,2000.04.10,2000,2,Xie Jun,"Karpov,An",2542.0,2696.0,1/2-1/2,draw,draw,B12,,109,54.5,19,5,2,0,True,True,10,0,True,0,9,5
Karpov.pgn,Karpov,white,Xie Jun,Female vs Male Match,Guanzhou CHN,2000.04.11,2000,3,"Karpov,An",Xie Jun,2696.0,2542.0,1-0,white_win,win,E84,,77,38.5,15,2,1,0,False,True,8,0,False,0,7,2
Karpov.pgn,Karpov,black,Xie Jun,Female vs Male Match,Guanzhou CHN,2000.04.12,2000,4,Xie Jun,"Karpov,An",2542.0,2696.0,1/2-1/2,draw,draw,B12,,34,17.0,6,0,2,0,True,True,3,0,True,0,3,0
Karpov.pgn,Karpov,white,Xie Jun,Female vs Male Match g/25,Guanzhou CHN,2000.04.14,2000,5,"Karpov,An",Xie Jun,2696.0,2542.0,1-0,white_win,win,A16,,71,35.5,16,2,2,0,True,True,9,2,True,0,7,0
Karpov.pgn,Karpov,black,Xie Jun,Female vs Male Match g/25,Guanzhou CHN,2000.04.14,2000,6,Xie Jun,"Karpov,An",2542.0,2696.0,1/2-1/2,draw,draw,C02,,77,38.5,22,7,1,0,True,False,11,6,False,0,11,1
Karpov.pgn,Karpov,black,Ye Jiangchuan,Match,Shenyang CHN,2000.04.16,2000,1,Ye Jiangchuan,"Karpov,An",2616.0,2696.0,1/2-1/2,draw,draw,B17,,43,21.5,8,0,2,0,True,True,4,0,True,0,4,0
Karpov.pgn,Karpov,white,Ye Jiangchuan,Match,Shenyang CHN,2000.04.17,2000,2,"Karpov,An",Ye Jiangchuan,2696.0,2616.0,1/2-1/2,draw,draw,D77,,102,51.0,20,4,2,0,True,True,10,3,True,0,10,1
Karpov.pgn,Karpov,black,Ye Jiangchuan,Match g/25,Shenyang CHN,2000.04.18,2000,3,Ye Jiangchuan,"Karpov,An",2616.0,2696.0,0-1,black_win,win,B17,,91,45.5,19,2,2,0,True,True,9,0,True,0,10,2
Karpov.pgn,Karpov,white,Ye Jiangchuan,Match g/25,Shenyang CHN,2000.04.19,2000,4,"Karpov,An",Ye Jiangchuan,2696.0,2616.0,1-0,white_win,win,D77,,107,53.5,24,4,2,0,True,True,13,4,True,0,11,0
Karpov.pgn,Karpov,white,"Gunawan,Ru",Japfa Classic,Bali INA,2000.04.22,2000,1,"Karpov,An","Gunawan,Ru",2696.0,2507.0,1-0,white_win,win,D41,,93,46.5,19,2,2,0,True,True,10,1,True,0,9,1
Karpov.pgn,Karpov,black,"Seirawan,Y",Japfa Classic,Bali INA,2000.04.23,2000,2,"Seirawan,Y","Karpov,An",2647.0,2696.0,1/2-1/2,draw,draw,D27,,25,12.5,6,1,1,0,True,False,3,0,False,0,3,1
Karpov.pgn,Karpov,white,"Milos,G",Japfa Classic,Bali INA,2000.04.24,2000,3,"Karpov,An","Milos,G",2696.0,2620.0,1/2-1/2,draw,draw,E05,,96,48.0,16,1,2,0,True,True,8,0,True,0,8,1
Karpov.pgn,Karpov,black,"Polgar,Ju",Japfa Classic,Bali INA,2000.04.25,2000,4,"Polgar,Ju","Karpov,An",2658.0,2696.0,1/2-1/2,draw,draw,B17,,79,39.5,20,4,1,0,True,False,10,2,False,0,10,2
Karpov.pgn,Karpov,white,"Adianto,U",Japfa Classic,Bali INA,2000.04.27,2000,5,"Karpov,An","Adianto,U",2696.0,2584.0,1-0,white_win,win,E15,,81,40.5,16,3,2,0,True,True,9,2,True,0,7,1
Karpov.pgn,Karpov,black,"Timman,J",Japfa Classic,Bali INA,2000.04.28,2000,6,"Timman,J","Karpov,An",2655.0,2696.0,1/2-1/2,draw,draw,B17,,124,62.0,26,23,1,0,True,False,13,11,False,0,13,12
Karpov.pgn,Karpov,white,"Ehlvest,J",Japfa Classic,Bali INA,2000.04.29,2000,7,"Karpov,An","Ehlvest,J",2696.0,2622.0,1-0,white_win,win,E15,,165,82.5,19,28,2,0,True,True,10,1,True,0,9,27
Karpov.pgn,Karpov,white,Zaw Win Lay,Japfa Classic,Bali INA,2000.04.30,2000,8,"Karpov,An",Zaw Win Lay,2696.0,2633.0,1/2-1/2,draw,draw,D41,,144,72.0,26,19,2,1,True,True,13,7,True,0,13,12
Karpov.pgn,Karpov,black,"Khalifman,A",Japfa Classic,Bali INA,2000.05.02,2000,9,"Khalifman,A","Karpov,An",2656.0,2696.0,1/2-1/2,draw,draw,C42,,127,63.5,25,8,2,0,True,True,12,6,True,0,13,2
Karpov.pgn,Karpov,black,"Flores,Di",Super Final,Buenos Aires ARG,2000.09.18,2000,1,"Flores,Di","Karpov,An",2358.0,2699.0,0-1,black_win,win,B22,,84,42.0,21,8,2,0,True,True,11,2,True,0,10,6
Karpov.pgn,Karpov,white,"Milos,G",Super Final,Buenos Aires ARG,2000.09.19,2000,2,"Karpov,An","Milos,G",2699.0,2633.0,1-0,white_win,win,E05,,75,37.5,16,1,2,0,True,True,8,0,True,0,8,1
Karpov.pgn,Karpov,black,"Pierrot,F",Super Final,Buenos Aires ARG,2000.09.20,2000,3,"Pierrot,F","Karpov,An",2423.0,2699.0,0-1,black_win,win,B92,,74,37.0,15,0,2,0,True,True,8,0,True,0,7,0
Karpov.pgn,Karpov,white,"Polgar,Ju",Super Final,Buenos Aires ARG,2000.09.21,2000,4,"Karpov,An","Polgar,Ju",2699.0,2656.0,1/2-1/2,draw,draw,E15,,80,40.0,20,5,2,1,True,True,10,3,True,0,10,2
Karpov.pgn,Karpov,black,"Leitao,R",Super Final,Buenos Aires ARG,2000.09.22,2000,5,"Leitao,R","Karpov,An",2567.0,2699.0,1/2-1/2,draw,draw,B17,,37,18.5,4,0,1,0,True,False,2,0,False,0,2,0
Karpov.pgn,Karpov,white,"Milov,V",Super Final,Buenos Aires ARG,2000.09.23,2000,6,"Karpov,An","Milov,V",2699.0,2626.0,1/2-1/2,draw,draw,D38,,76,38.0,18,2,2,0,True,True,9,0,True,0,9,2
Karpov.pgn,Karpov,black,"Short,N",Super Final,Buenos Aires ARG,2000.09.24,2000,7,"Short,N","Karpov,An",2677.0,2699.0,1/2-1/2,draw,draw,C33,,93,46.5,22,2,2,0,True,True,11,1,True,0,11,1
Karpov.pgn,Karpov,black,"Bologan,V",Super Final,Buenos Aires ARG,2000.09.26,2000,8,"Bologan,V","Karpov,An",2641.0,2699.0,1/2-1/2,draw,draw,C42,,63,31.5,18,1,2,0,True,True,9,0,True,0,9,1
Karpov.pgn,Karpov,white,"Ricardi,P",Super Final,Buenos Aires ARG,2000.09.27,2000,9,"Karpov,An","Ricardi,P",2699.0,2488.0,0-1,black_win,loss,A58,,77,38.5,15,1,2,0,True,True,8,0,True,0,7,1
Karpov.pgn,Karpov,white,"Bacrot,E",Gp A,Cap d'Agde FRA,2000.10.29,2000,1,"Karpov,An","Bacrot,E",2699.0,2613.0,1/2-1/2,draw,draw,A29,,168,84.0,27,20,0,0,False,False,14,8,False,0,13,12
Karpov.pgn,Karpov,white,"Tkachiev,V",Gp A,Cap d'Agde FRA,2000.10.29,2000,2,"Karpov,An","Tkachiev,V",2699.0,2657.0,1-0,white_win,win,E63,,107,53.5,24,4,2,0,True,True,13,3,True,0,11,1
Karpov.pgn,Karpov,black,"Benjamin,Joe",Gp A,Cap d'Agde FRA,2000.10.30,2000,3,"Benjamin,Joe","Karpov,An",2577.0,2699.0,1/2-1/2,draw,draw,C24,,151,75.5,26,8,2,0,True,True,14,2,True,0,12,6
Karpov.pgn,Karpov,white,"Hamdouchi,H",Gp A,Cap d'Agde FRA,2000.10.30,2000,4,"Karpov,An","Hamdouchi,H",2699.0,2541.0,1/2-1/2,draw,draw,D12,,95,47.5,19,8,1,0,False,True,11,0,False,0,8,8
Karpov.pgn,Karpov,black,Zhang Pengxiang,Gp A,Cap d'Agde FRA,2000.10.31,2000,5,Zhang Pengxiang,"Karpov,An",2525.0,2699.0,0-1,black_win,win,C42,,146,73.0,21,9,1,0,True,False,12,2,False,0,9,7
Karpov.pgn,Karpov,white,"Bologan,V",Gp A,Cap d'Agde FRA,2000.10.31,2000,6,"Karpov,An","Bologan,V",2699.0,2641.0,1-0,white_win,win,E63,,131,65.5,25,3,2,0,True,True,13,2,True,0,12,1
Karpov.pgn,Karpov,black,"Tregubov,P",Gp A,Cap d'Agde FRA,2000.10.31,2000,7,"Tregubov,P","Karpov,An",2620.0,2699.0,1/2-1/2,draw,draw,D37,,57,28.5,16,2,2,0,True,True,8,1,True,0,8,1
Karpov.pgn,Karpov,black,Zhang Zhong,KO,Cap d'Agde FRA,2000.11.01,2000,1.3,Zhang Zhong,"Karpov,An",2636.0,2699.0,0-1,black_win,win,C26,,99,49.5,17,4,2,0,True,True,9,0,True,0,8,4
Karpov.pgn,Karpov,white,Zhang Zhong,KO,Cap d'Agde FRA,2000.11.01,2000,1.2,"Karpov,An",Zhang Zhong,2699.0,2636.0,1/2-1/2,draw,draw,E39,,111,55.5,25,8,2,0,True,True,12,4,True,0,13,4
Karpov.pgn,Karpov,black,Zhang Zhong,KO,Cap d'Agde FRA,2000.11.01,2000,1.1,Zhang Zhong,"Karpov,An",2636.0,2699.0,1/2-1/2,draw,draw,C42,,87,43.5,17,0,2,0,True,True,8,0,True,0,9,0
Karpov.pgn,Karpov,white,Zhang Zhong,KO,Cap d'Agde FRA,2000.11.01,2000,1.4,"Karpov,An",Zhang Zhong,2699.0,2636.0,1-0,white_win,win,A87,,69,34.5,9,1,2,0,True,True,5,0,True,0,4,1
Karpov.pgn,Karpov,black,"Dreev,A",KO,Cap d'Agde FRA,2000.11.03,2000,2.3,"Dreev,A","Karpov,An",2676.0,2699.0,0-1,black_win,win,E12,,122,61.0,23,11,0,0,False,False,13,5,False,0,10,6
Karpov.pgn,Karpov,black,"Dreev,A",KO,Cap d'Agde FRA,2000.11.03,2000,2.2,"Dreev,A","Karpov,An",2676.0,2699.0,1-0,white_win,loss,E12,,115,57.5,19,15,2,0,True,True,9,2,True,0,10,13
Karpov.pgn,Karpov,white,"Dreev,A",KO,Cap d'Agde FRA,2000.11.03,2000,2.4,"Karpov,An","Dreev,A",2699.0,2676.0,1/2-1/2,draw,draw,D11,,133,66.5,25,7,2,0,True,True,13,3,True,0,12,4
Karpov.pgn,Karpov,white,"Dreev,A",KO,Cap d'Agde FRA,2000.11.03,2000,2.1,"Karpov,An","Dreev,A",2699.0,2676.0,1-0,white_win,win,B10,,95,47.5,18,4,2,0,True,True,10,4,True,0,8,0
Karpov.pgn,Karpov,black,"Gurevich,M",KO,Cap d'Agde FRA,2000.11.04,2000,3.4,"Gurevich,M","Karpov,An",2667.0,2699.0,1/2-1/2,draw,draw,A28,,131,65.5,24,8,2,0,True,True,12,2,True,0,12,6
Karpov.pgn,Karpov,white,"Gurevich,M",KO,Cap d'Agde FRA,2000.11.04,2000,3.3,"Karpov,An","Gurevich,M",2699.0,2667.0,0-1,black_win,loss,E15,,100,50.0,16,8,2,0,True,True,7,4,True,0,9,4
Karpov.pgn,Karpov,black,"Gurevich,M",KO,Cap d'Agde FRA,2000.11.04,2000,3.2,"Gurevich,M","Karpov,An",2667.0,2699.0,1-0,white_win,loss,A28,,77,38.5,16,1,2,0,True,True,9,1,True,0,7,0
Karpov.pgn,Karpov,white,"Gurevich,M",KO,Cap d'Agde FRA,2000.11.04,2000,3.1,"Karpov,An","Gurevich,M",2699.0,2667.0,1-0,white_win,win,D46,,51,25.5,12,3,2,0,True,True,6,1,True,0,6,2
Karpov.pgn,Karpov,black,"Shirov,A",SuperGM,Linares ESP,2001.02.23,2001,1,"Shirov,A","Karpov,An",2718.0,2679.0,1/2-1/2,draw,draw,B17,,187,93.5,27,28,1,0,True,False,14,16,False,0,13,12
Karpov.pgn,Karpov,white,"Grischuk,A",SuperGM,Linares ESP,2001.02.24,2001,2,"Karpov,An","Grischuk,A",2679.0,2663.0,1/2-1/2,draw,draw,D30,,40,20.0,12,0,2,0,True,True,6,0,True,0,6,0
Karpov.pgn,Karpov,black,"Polgar,Ju",SuperGM,Linares ESP,2001.02.25,2001,3,"Polgar,Ju","Karpov,An",2676.0,2679.0,1/2-1/2,draw,draw,B17,,59,29.5,15,1,1,0,True,False,7,1,False,0,8,0
Karpov.pgn,Karpov,white,"Leko,P",SuperGM,Linares ESP,2001.02.27,2001,4,"Karpov,An","Leko,P",2679.0,2745.0,1/2-1/2,draw,draw,E15,,114,57.0,18,3,2,0,True,True,9,1,True,0,9,2
Karpov.pgn,Karpov,black,"Kasparov,G",SuperGM,Linares ESP,2001.02.28,2001,5,"Kasparov,G","Karpov,An",2849.0,2679.0,1-0,white_win,loss,B12,,61,30.5,16,2,1,0,True,False,8,0,False,0,8,2
Karpov.pgn,Karpov,white,"Shirov,A",SuperGM,Linares ESP,2001.03.01,2001,6,"Karpov,An","Shirov,A",2679.0,2718.0,1/2-1/2,draw,draw,D27,,87,43.5,20,8,1,0,True,False,10,7,True,0,10,1
Karpov.pgn,Karpov,black,"Grischuk,A",SuperGM,Linares ESP,2001.03.03,2001,7,"Grischuk,A","Karpov,An",2663.0,2679.0,1-0,white_win,loss,B12,,99,49.5,26,10,1,0,True,False,12,1,False,0,14,9
Karpov.pgn,Karpov,white,"Polgar,Ju",SuperGM,Linares ESP,2001.03.04,2001,8,"Karpov,An","Polgar,Ju",2679.0,2676.0,1-0,white_win,win,E12,,159,79.5,22,14,1,0,False,True,12,8,False,0,10,6
Karpov.pgn,Karpov,white,"Kasparov,G",SuperGM,Linares ESP,2001.03.05,2001,9,"Karpov,An","Kasparov,G",2679.0,2849.0,1/2-1/2,draw,draw,D77,,71,35.5,21,3,2,0,True,True,10,2,True,0,11,1
Karpov.pgn,Karpov,black,"Leko,P",SuperGM,Linares ESP,2001.03.06,2001,10,"Leko,P","Karpov,An",2745.0,2679.0,1/2-1/2,draw,draw,B17,,95,47.5,19,2,1,0,True,False,9,1,False,0,10,1
Karpov.pgn,Karpov,white,"Anand,V",Amber Rapidplay,Monaco MNC,2001.03.17,2001,1,"Karpov,An","Anand,V",2679.0,2790.0,1/2-1/2,draw,draw,E15,,50,25.0,14,1,2,0,True,True,7,0,True,0,7,1
Karpov.pgn,Karpov,black,"Anand,V",Amber Blindfold,Monaco MNC,2001.03.17,2001,1,"Anand,V","Karpov,An",2790.0,2679.0,1-0,white_win,loss,B12,,47,23.5,7,1,0,0,False,False,4,0,False,0,3,1
Karpov.pgn,Karpov,black,"Leko,P",Amber Rapidplay,Monaco MNC,2001.03.18,2001,2,"Leko,P","Karpov,An",2745.0,2679.0,1-0,white_win,loss,B10,,73,36.5,16,2,1,0,True,False,7,0,False,0,9,2
Karpov.pgn,Karpov,white,"Leko,P",Amber Blindfold,Monaco MNC,2001.03.18,2001,2,"Karpov,An","Leko,P",2679.0,2745.0,1/2-1/2,draw,draw,D77,,131,65.5,27,8,2,0,True,True,13,4,True,0,14,4
Karpov.pgn,Karpov,white,"Gelfand,B",Amber Rapidplay,Monaco MNC,2001.03.19,2001,3,"Karpov,An","Gelfand,B",2679.0,2712.0,1/2-1/2,draw,draw,E05,,56,28.0,13,0,2,0,True,True,6,0,True,0,7,0
Karpov.pgn,Karpov,black,"Gelfand,B",Amber Blindfold,Monaco MNC,2001.03.19,2001,3,"Gelfand,B","Karpov,An",2712.0,2679.0,1/2-1/2,draw,draw,B12,,57,28.5,15,2,2,0,True,True,7,0,True,0,8,2
Karpov.pgn,Karpov,black,"Ivanchuk,V",Amber Rapidplay,Monaco MNC,2001.03.20,2001,4,"Ivanchuk,V","Karpov,An",2717.0,2679.0,1/2-1/2,draw,draw,B17,,111,55.5,21,8,2,0,True,True,10,6,True,0,11,2
Karpov.pgn,Karpov,white,"Ivanchuk,V",Amber Blindfold,Monaco MNC,2001.03.20,2001,4,"Karpov,An","Ivanchuk,V",2679.0,2717.0,1/2-1/2,draw,draw,D11,,42,21.0,9,2,2,0,True,True,4,0,True,0,5,2
Karpov.pgn,Karpov,white,"Ljubojevic,L",Amber Rapidplay,Monaco MNC,2001.03.22,2001,5,"Karpov,An","Ljubojevic,L",2679.0,2566.0,1-0,white_win,win,E92,,91,45.5,19,8,2,0,True,True,10,8,True,0,9,0
Karpov.pgn,Karpov,black,"Ljubojevic,L",Amber Blindfold,Monaco MNC,2001.03.22,2001,5,"Ljubojevic,L","Karpov,An",2566.0,2679.0,1/2-1/2,draw,draw,A14,,57,28.5,6,1,2,0,True,True,3,1,True,0,3,0
Karpov.pgn,Karpov,white,"Kramnik,V",Amber Blindfold,Monaco MNC,2001.03.23,2001,6,"Karpov,An","Kramnik,V",2679.0,2772.0,1/2-1/2,draw,draw,E08,,56,28.0,10,1,2,0,True,True,5,0,True,0,5,1
Karpov.pgn,Karpov,black,"Kramnik,V",Amber Rapidplay,Monaco MNC,2001.03.23,2001,6,"Kramnik,V","Karpov,An",2772.0,2679.0,1/2-1/2,draw,draw,E15,,160,80.0,25,17,2,0,True,True,12,13,True,0,13,4
Karpov.pgn,Karpov,white,"Shirov,A",Amber Rapidplay,Monaco MNC,2001.03.24,2001,7,"Karpov,An","Shirov,A",2679.0,2718.0,1/2-1/2,draw,draw,D12,,92,46.0,22,10,1,0,False,True,11,6,False,0,11,4
Karpov.pgn,Karpov,black,"Shirov,A",Amber Blindfold,Monaco MNC,2001.03.24,2001,7,"Shirov,A","Karpov,An",2718.0,2679.0,1-0,white_win,loss,B12,,73,36.5,15,5,1,0,True,False,7,1,False,0,8,4
Karpov.pgn,Karpov,white,"Topalov,V",Amber Blindfold,Monaco MNC,2001.03.25,2001,8,"Karpov,An","Topalov,V",2679.0,2718.0,0-1,black_win,loss,A40,,94,47.0,24,5,2,0,True,True,11,4,True,0,13,1
Karpov.pgn,Karpov,black,"Topalov,V",Amber Rapidplay,Monaco MNC,2001.03.25,2001,8,"Topalov,V","Karpov,An",2718.0,2679.0,1-0,white_win,loss,E15,,99,49.5,13,2,2,0,True,True,6,2,True,0,7,0
Karpov.pgn,Karpov,black,"Almasi,Z",Amber Blindfold,Monaco MNC,2001.03.27,2001,9,"Almasi,Z","Karpov,An",2640.0,2679.0,1-0,white_win,loss,B12,,43,21.5,12,2,1,0,False,True,6,0,True,0,6,2
Karpov.pgn,Karpov,white,"Almasi,Z",Amber Rapidplay,Monaco MNC,2001.03.27,2001,9,"Karpov,An","Almasi,Z",2679.0,2640.0,1-0,white_win,win,E32,,75,37.5,14,2,2,0,True,True,8,0,True,0,6,2
Karpov.pgn,Karpov,black,"Van Wely,L",Amber Rapidplay,Monaco MNC,2001.03.28,2001,10,"Van Wely,L","Karpov,An",2700.0,2679.0,1/2-1/2,draw,draw,D37,,77,38.5,12,1,2,0,True,True,6,1,True,0,6,0
Karpov.pgn,Karpov,white,"Van Wely,L",Amber Blindfold,Monaco MNC,2001.03.28,2001,10,"Karpov,An","Van Wely,L",2679.0,2700.0,1/2-1/2,draw,draw,E04,,108,54.0,27,9,1,0,True,False,14,2,True,0,13,7
Karpov.pgn,Karpov,black,"Piket,Je",Amber Blindfold,Monaco MNC,2001.03.29,2001,11,"Piket,Je","Karpov,An",2632.0,2679.0,1/2-1/2,draw,draw,E32,,62,31.0,19,2,1,0,False,True,9,2,True,0,10,0
Karpov.pgn,Karpov,white,"Piket,Je",Amber Rapidplay,Monaco MNC,2001.03.29,2001,11,"Karpov,An","Piket,Je",2679.0,2632.0,1/2-1/2,draw,draw,D36,,50,25.0,10,0,2,0,True,True,5,0,True,0,5,0
Karpov.pgn,Karpov,black,"Safiye,Y",Match g/15,Damascus SYR,2001.04.03,2001,1,"Safiye,Y","Karpov,An",2291.0,2679.0,0-1,black_win,win,B12,,92,46.0,23,4,1,0,False,True,12,1,True,0,11,3
Karpov.pgn,Karpov,white,"Safiye,Y",Match g/15,Damascus SYR,2001.04.03,2001,2,"Karpov,An","Safiye,Y",2679.0,2291.0,1-0,white_win,win,B38,,75,37.5,18,1,2,0,True,True,9,1,True,0,9,0
Karpov.pgn,Karpov,white,"Kouvatsou,M",Match g/25 5,Rethymno GRE,2001.04.21,2001,1,"Karpov,An","Kouvatsou,M",2693.0,2203.0,1-0,white_win,win,A43,,71,35.5,11,0,2,0,True,True,6,0,True,0,5,0
Karpov.pgn,Karpov,black,"Kouvatsou,M",Match g/25 5,Rethymno GRE,2001.04.21,2001,2,"Kouvatsou,M","Karpov,An",2203.0,2693.0,1-0,white_win,loss,B14,,91,45.5,19,4,2,0,True,True,10,1,True,0,9,3
Karpov.pgn,Karpov,black,"Llobel Cortell,E",Rapid Exhibition g/10,Manises ESP,2001.06.14,2001,1.2,"Llobel Cortell,E","Karpov,An",2388.0,2692.0,1/2-1/2,draw,draw,B12,,63,31.5,15,2,1,0,True,False,8,1,False,0,7,1
Karpov.pgn,Karpov,white,"Llobel Cortell,E",Rapid Exhibition g/10,Manises ESP,2001.06.14,2001,1.1,"Karpov,An","Llobel Cortell,E",2692.0,2388.0,1-0,white_win,win,A50,,103,51.5,22,9,2,1,True,True,11,5,True,1,11,4
Karpov.pgn,Karpov,black,"Arizmendi Martinez,J",Rapid Exhibition g/10,Manises ESP,2001.06.14,2001,2.2,"Arizmendi Martinez,J","Karpov,An",2478.0,2692.0,1/2-1/2,draw,draw,C07,,68,34.0,10,4,1,0,True,False,5,0,False,0,5,4
Karpov.pgn,Karpov,black,"Arizmendi Martinez,J",Rapid Exhibition g/5,Manises ESP,2001.06.14,2001,2.3,"Arizmendi Martinez,J","Karpov,An",2478.0,2692.0,1/2-1/2,draw,draw,B14,,29,14.5,6,1,2,0,True,True,3,1,True,0,3,0
Karpov.pgn,Karpov,white,"Arizmendi Martinez,J",Rapid Exhibition g/10,Manises ESP,2001.06.14,2001,2.1,"Karpov,An","Arizmendi Martinez,J",2692.0,2478.0,1/2-1/2,draw,draw,E68,,46,23.0,6,5,2,0,True,True,3,0,True,0,3,5
Karpov.pgn,Karpov,white,"Galego,L",Simul Match,Seixal POR,2001.07.22,2001,1,"Karpov,An","Galego,L",2692.0,2467.0,1/2-1/2,draw,draw,A40,,70,35.0,22,3,2,0,True,True,11,1,True,0,11,2
Karpov.pgn,Karpov,white,"Santos,CP",Simul Match,Seixal POR,2001.07.22,2001,1,"Karpov,An","Santos,CP",2692.0,2423.0,1/2-1/2,draw,draw,E62,,60,30.0,6,1,2,0,True,True,3,0,True,0,3,1
Karpov.pgn,Karpov,white,"Fernandes,An",Simul Match,Seixal POR,2001.07.22,2001,1,"Karpov,An","Fernandes,An",2692.0,2458.0,1-0,white_win,win,D78,,92,46.0,17,1,2,0,True,True,8,0,True,0,9,1
Karpov.pgn,Karpov,white,"Damaso,R",Simul Match,Seixal POR,2001.07.22,2001,1,"Karpov,An","Damaso,R",2692.0,2437.0,1-0,white_win,win,E62,,73,36.5,13,1,2,0,True,True,7,0,True,0,6,1
Karpov.pgn,Karpov,white,"Rodriguez,JL",Karpov-Boca Simul,Buenos Aires ARG,2001.08.15,2001,?,"Karpov,An","Rodriguez,JL",2692.0,2417.0,1/2-1/2,draw,draw,E32,,84,42.0,18,5,1,0,False,True,9,2,False,0,9,3
Karpov.pgn,Karpov,white,"Seminara,J",Karpov-Boca Simul,Buenos Aires ARG,2001.08.15,2001,?,"Karpov,An","Seminara,J",2692.0,2326.0,1-0,white_win,win,E94,,94,47.0,21,2,2,0,True,True,12,1,True,0,9,1
Karpov.pgn,Karpov,white,"Albarran,G",Karpov-Boca Simul,Buenos Aires ARG,2001.08.15,2001,?,"Karpov,An","Albarran,G",2692.0,2283.0,1-0,white_win,win,E10,,39,19.5,8,0,2,0,True,True,4,0,True,0,4,0
Karpov.pgn,Karpov,white,"Hoffman,A",Karpov-Boca Simul,Buenos Aires ARG,2001.08.15,2001,?,"Karpov,An","Hoffman,A",2692.0,2481.0,1-0,white_win,win,E65,,74,37.0,10,0,2,0,True,True,5,0,True,0,5,0
Karpov.pgn,Karpov,white,"Andres,M",Karpov-Boca Simul,Buenos Aires ARG,2001.08.15,2001,?,"Karpov,An","Andres,M",2692.0,2373.0,1/2-1/2,draw,draw,A70,,56,28.0,16,1,2,0,True,True,8,0,True,0,8,1
Karpov.pgn,Karpov,white,"Dreev,A",EUR vs Tartarstan,Kazan RUS,2001.08.15,2001,1,"Karpov,An","Dreev,A",2692.0,2690.0,1/2-1/2,draw,draw,D12,,50,25.0,12,0,0,0,False,False,6,0,False,0,6,0
Karpov.pgn,Karpov,black,"Dreev,A",EUR vs Tartarstan,Kazan RUS,2001.08.16,2001,2,"Dreev,A","Karpov,An",2690.0,2692.0,1/2-1/2,draw,draw,E12,,45,22.5,13,3,1,0,True,False,6,0,False,0,7,3
Karpov.pgn,Karpov,black,"Milos,G",Najdorf Memorial,Buenos Aires ARG,2001.09.04,2001,1,"Milos,G","Karpov,An",2614.0,2692.0,0-1,black_win,win,C42,,118,59.0,24,9,2,0,True,True,12,3,True,0,12,6
Karpov.pgn,Karpov,white,"Short,N",Najdorf Memorial,Buenos Aires ARG,2001.09.05,2001,2,"Karpov,An","Short,N",2692.0,2664.0,1/2-1/2,draw,draw,D37,,64,32.0,18,2,2,0,True,True,9,0,True,0,9,2
Karpov.pgn,Karpov,black,"Felgaer,R",Najdorf Memorial,Buenos Aires ARG,2001.09.06,2001,3,"Felgaer,R","Karpov,An",2471.0,2692.0,1/2-1/2,draw,draw,B17,,77,38.5,22,3,1,0,True,False,11,1,False,0,11,2
Karpov.pgn,Karpov,white,"Mecking,H",Najdorf Memorial,Buenos Aires ARG,2001.09.07,2001,4,"Karpov,An","Mecking,H",2692.0,2552.0,1-0,white_win,win,D11,,79,39.5,16,1,2,0,True,True,9,1,True,0,7,0
Karpov.pgn,Karpov,black,"Korchnoi,V",Najdorf Memorial,Buenos Aires ARG,2001.09.08,2001,5,"Korchnoi,V","Karpov,An",2617.0,2692.0,1/2-1/2,draw,draw,E51,,41,20.5,10,1,2,0,True,True,5,0,True,0,5,1
Karpov.pgn,Karpov,black,Xie Jun,Najdorf Memorial,Buenos Aires ARG,2001.09.09,2001,6,Xie Jun,"Karpov,An",2553.0,2692.0,1/2-1/2,draw,draw,C43,,83,41.5,15,3,2,0,True,True,7,0,True,0,8,3
Karpov.pgn,Karpov,white,"Polgar,Ju",Najdorf Memorial,Buenos Aires ARG,2001.09.11,2001,7,"Karpov,An","Polgar,Ju",2692.0,2686.0,1-0,white_win,win,E15,,149,74.5,21,11,2,0,True,True,11,9,True,0,10,2
Karpov.pgn,Karpov,black,"Radjabov,T",Najdorf Memorial,Buenos Aires ARG,2001.09.12,2001,8,"Radjabov,T","Karpov,An",2558.0,2692.0,1/2-1/2,draw,draw,E54,,117,58.5,20,2,2,0,True,True,10,2,True,0,10,0
Karpov.pgn,Karpov,white,"Ricardi,P",Najdorf Memorial,Buenos Aires ARG,2001.09.13,2001,9,"Karpov,An","Ricardi,P",2692.0,2545.0,1-0,white_win,win,D35,,87,43.5,10,0,1,0,False,True,6,0,False,0,4,0
Karpov.pgn,Karpov,white,"Matamoros Franco,C",TCh-ESP,Cala Galdana ESP,2001.10.14,2001,2,"Karpov,An","Matamoros Franco,C",2692.0,2457.0,1-0,white_win,win,A59,,47,23.5,12,0,1,0,False,True,7,0,False,0,5,0
Karpov.pgn,Karpov,black,"Cifuentes Parada,R",TCh-ESP,Cala Galdana ESP,2001.10.15,2001,3,"Cifuentes Parada,R","Karpov,An",2522.0,2692.0,1/2-1/2,draw,draw,A13,,49,24.5,11,1,2,0,True,True,5,0,True,0,6,1
Karpov.pgn,Karpov,white,"Giorgadze,G",TCh-ESP,Cala Galdana ESP,2001.10.16,2001,4,"Karpov,An","Giorgadze,G",2692.0,2585.0,1/2-1/2,draw,draw,D38,,54,27.0,12,0,2,0,True,True,6,0,True,0,6,0
Karpov.pgn,Karpov,black,Zhang Pengxiang,FIDE WCh KO,Moscow RUS,2001.11.27,2001,1.4,Zhang Pengxiang,"Karpov,An",2530.0,2692.0,1-0,white_win,loss,C54,,89,44.5,25,7,2,0,True,True,12,0,True,0,13,7
Karpov.pgn,Karpov,black,Zhang Pengxiang,FIDE WCh KO,Moscow RUS,2001.11.27,2001,1.1,Zhang Pengxiang,"Karpov,An",2530.0,2692.0,1/2-1/2,draw,draw,C54,,80,40.0,14,2,2,0,True,True,7,1,True,0,7,1
Karpov.pgn,Karpov,white,Zhang Pengxiang,FIDE WCh KO,Moscow RUS,2001.11.27,2001,1.3,"Karpov,An",Zhang Pengxiang,2692.0,2530.0,0-1,black_win,loss,D10,,44,22.0,8,1,2,0,True,True,4,0,True,0,4,1
Karpov.pgn,Karpov,white,Zhang Pengxiang,FIDE WCh KO,Moscow RUS,2001.11.28,2001,1.2,"Karpov,An",Zhang Pengxiang,2692.0,2530.0,1/2-1/2,draw,draw,D12,,81,40.5,20,5,0,0,False,False,10,2,False,0,10,3
Karpov.pgn,Karpov,white,"Fressinet,L",NAO Masters,Cannes FRA,2002.02.22,2002,1,"Karpov,An","Fressinet,L",2693.0,2591.0,1/2-1/2,draw,draw,D46,,132,66.0,22,3,2,0,True,True,11,0,True,0,11,3
Karpov.pgn,Karpov,black,"Nataf,IA",NAO Masters,Cannes FRA,2002.02.23,2002,2,"Nataf,IA","Karpov,An",2546.0,2693.0,0-1,black_win,win,B12,,54,27.0,16,0,2,0,True,True,8,0,True,0,8,0
Karpov.pgn,Karpov,white,"Bareev,E",NAO Masters,Cannes FRA,2002.02.24,2002,3,"Karpov,An","Bareev,E",2693.0,2707.0,1/2-1/2,draw,draw,D12,,45,22.5,6,1,2,0,True,True,3,1,True,0,3,0
Karpov.pgn,Karpov,black,"Gelfand,B",NAO Masters,Cannes FRA,2002.02.25,2002,4,"Gelfand,B","Karpov,An",2703.0,2693.0,1/2-1/2,draw,draw,B12,,86,43.0,18,6,2,0,True,True,9,3,True,0,9,3
Karpov.pgn,Karpov,white,"Leko,P",NAO Masters,Cannes FRA,2002.02.26,2002,5,"Karpov,An","Leko,P",2693.0,2713.0,1-0,white_win,win,D73,,99,49.5,23,2,2,1,True,True,12,2,True,0,11,0
Karpov.pgn,Karpov,white,"Lautier,J",NAO Masters,Cannes FRA,2002.02.27,2002,6,"Karpov,An","Lautier,J",2693.0,2687.0,1/2-1/2,draw,draw,E12,,94,47.0,18,4,2,0,True,True,9,4,True,0,9,0
Karpov.pgn,Karpov,black,"Topalov,V",NAO Masters,Cannes FRA,2002.03.01,2002,7,"Topalov,V","Karpov,An",2739.0,2693.0,1-0,white_win,loss,B17,,149,74.5,26,12,1,0,True,False,13,6,False,0,13,6
Karpov.pgn,Karpov,white,"Morozevich,A",NAO Masters,Cannes FRA,2002.03.02,2002,8,"Karpov,An","Morozevich,A",2693.0,2742.0,1/2-1/2,draw,draw,A40,,42,21.0,10,0,2,0,True,True,5,0,True,0,5,0
Karpov.pgn,Karpov,black,"Bacrot,E",NAO Masters,Cannes FRA,2002.03.03,2002,9,"Bacrot,E","Karpov,An",2649.0,2693.0,1-0,white_win,loss,E13,,135,67.5,25,7,1,0,True,False,11,5,False,0,14,2
Karpov.pgn,Karpov,white,"Le Quang,K",TCh2-BEL 2001-2,Belgium BEL,2002.03.10,2002,11,"Karpov,An","Le Quang,K",2693.0,2330.0,1-0,white_win,win,E69,,79,39.5,17,0,2,0,True,True,9,0,True,0,8,0
Karpov.pgn,Karpov,black,"Van Wely,L",FIDE GP,Dubai UAE,2002.04.03,2002,1.4,"Van Wely,L","Karpov,An",2697.0,2693.0,1/2-1/2,draw,draw,E12,,94,47.0,22,1,2,0,True,True,11,0,True,0,11,1
Karpov.pgn,Karpov,white,"Van Wely,L",FIDE GP,Dubai UAE,2002.04.03,2002,1.3,"Karpov,An","Van Wely,L",2693.0,2697.0,1-0,white_win,win,D30,,119,59.5,26,3,2,0,True,True,14,2,True,0,12,1
Karpov.pgn,Karpov,black,"Van Wely,L",FIDE GP,Dubai UAE,2002.04.03,2002,1.2,"Van Wely,L","Karpov,An",2697.0,2693.0,0-1,black_win,win,A30,,166,83.0,21,11,2,0,True,True,11,3,True,0,10,8
Karpov.pgn,Karpov,white,"Van Wely,L",FIDE GP,Dubai UAE,2002.04.03,2002,1.1,"Karpov,An","Van Wely,L",2693.0,2697.0,0-1,black_win,loss,E04,,70,35.0,19,6,1,0,False,True,9,0,False,0,10,6
Karpov.pgn,Karpov,black,Zhu Chen,FIDE GP,Dubai UAE,2002.04.04,2002,2.1,Zhu Chen,"Karpov,An",2505.0,2693.0,0-1,black_win,win,E15,,52,26.0,11,1,2,0,True,True,6,1,True,0,5,0
Karpov.pgn,Karpov,white,Zhu Chen,FIDE GP,Dubai UAE,2002.04.04,2002,2.2,"Karpov,An",Zhu Chen,2693.0,2505.0,1-0,white_win,win,B00,,73,36.5,13,2,1,0,True,False,7,2,True,0,6,0
Karpov.pgn,Karpov,white,"Georgiev,Ki",FIDE GP,Dubai UAE,2002.04.05,2002,3.2,"Karpov,An","Georgiev,Ki",2693.0,2655.0,1-0,white_win,win,D37,,99,49.5,23,4,2,0,True,True,11,3,True,0,12,1
Karpov.pgn,Karpov,black,"Georgiev,Ki",FIDE GP,Dubai UAE,2002.04.05,2002,3.1,"Georgiev,Ki","Karpov,An",2655.0,2693.0,1-0,white_win,loss,E05,,123,61.5,22,4,2,0,True,True,11,1,True,0,11,3
Karpov.pgn,Karpov,black,"Georgiev,Ki",FIDE GP,Dubai UAE,2002.04.05,2002,3.3,"Georgiev,Ki","Karpov,An",2655.0,2693.0,1-0,white_win,loss,E05,,85,42.5,18,2,2,0,True,True,9,1,True,0,9,1
Karpov.pgn,Karpov,white,"Georgiev,Ki",FIDE GP,Dubai UAE,2002.04.05,2002,3.4,"Karpov,An","Georgiev,Ki",2693.0,2655.0,1/2-1/2,draw,draw,A53,,122,61.0,25,6,2,0,True,True,13,5,True,0,12,1
Karpov.pgn,Karpov,white,"Topalov,V",FIDE GP,Dubai UAE,2002.04.07,2002,4.1,"Karpov,An","Topalov,V",2693.0,2739.0,1/2-1/2,draw,draw,D58,,62,31.0,20,1,2,0,True,True,10,1,True,0,10,0
Karpov.pgn,Karpov,white,"Topalov,V",FIDE GP,Dubai UAE,2002.04.07,2002,4.3,"Karpov,An","Topalov,V",2693.0,2739.0,1-0,white_win,win,A57,,61,30.5,16,4,1,0,False,True,8,1,False,0,8,3
Karpov.pgn,Karpov,black,"Topalov,V",FIDE GP,Dubai UAE,2002.04.07,2002,4.2,"Topalov,V","Karpov,An",2739.0,2693.0,1/2-1/2,draw,draw,E15,,59,29.5,14,0,1,0,False,True,7,0,True,0,7,0
Karpov.pgn,Karpov,black,"Topalov,V",FIDE GP,Dubai UAE,2002.04.07,2002,4.4,"Topalov,V","Karpov,An",2739.0,2693.0,0-1,black_win,win,B17,,58,29.0,11,2,1,0,True,False,6,1,False,0,5,1
Karpov.pgn,Karpov,black,"Azmaiparashvili,Z",FIDE GP,Dubai UAE,2002.04.08,2002,5.1,"Azmaiparashvili,Z","Karpov,An",2676.0,2693.0,0-1,black_win,win,B10,,128,64.0,26,6,2,0,True,True,14,3,True,0,12,3
Karpov.pgn,Karpov,white,"Azmaiparashvili,Z",FIDE GP,Dubai UAE,2002.04.08,2002,5.2,"Karpov,An","Azmaiparashvili,Z",2693.0,2676.0,1/2-1/2,draw,draw,B07,,57,28.5,15,1,2,0,True,True,8,0,True,0,7,1
Karpov.pgn,Karpov,black,"Short,N",Eurotel Trophy,Prague CZE,2002.04.29,2002,1.2,"Short,N","Karpov,An",2673.0,2690.0,1/2-1/2,draw,draw,C42,,89,44.5,18,1,2,0,True,True,9,1,True,0,9,0
Karpov.pgn,Karpov,white,"Short,N",Eurotel Trophy,Prague CZE,2002.04.29,2002,1.1,"Karpov,An","Short,N",2690.0,2673.0,1-0,white_win,win,E35,,39,19.5,10,3,2,0,True,True,6,2,True,0,4,1
Karpov.pgn,Karpov,white,"Kramnik,V",Eurotel Trophy,Prague CZE,2002.04.30,2002,2.2,"Karpov,An","Kramnik,V",2690.0,2809.0,1-0,white_win,win,E15,,101,50.5,22,3,2,0,True,True,12,1,True,0,10,2
Karpov.pgn,Karpov,black,"Kramnik,V",Eurotel Trophy,Prague CZE,2002.04.30,2002,2.1,"Kramnik,V","Karpov,An",2809.0,2690.0,1/2-1/2,draw,draw,E32,,49,24.5,10,1,2,0,True,True,5,1,True,0,5,0
Karpov.pgn,Karpov,black,"Morozevich,A",Eurotel Trophy,Prague CZE,2002.05.01,2002,3.1,"Morozevich,A","Karpov,An",2718.0,2690.0,0-1,black_win,win,C42,,194,97.0,27,39,2,2,True,True,14,7,True,1,13,32
Karpov.pgn,Karpov,white,"Morozevich,A",Eurotel Trophy,Prague CZE,2002.05.01,2002,3.2,"Karpov,An","Morozevich,A",2690.0,2718.0,1/2-1/2,draw,draw,E54,,58,29.0,11,0,2,0,True,True,5,0,True,0,6,0
Karpov.pgn,Karpov,white,"Shirov,A",Eurotel Trophy,Prague CZE,2002.05.02,2002,4.4,"Karpov,An","Shirov,A",2690.0,2704.0,1-0,white_win,win,E63,,99,49.5,18,2,2,0,True,True,10,1,True,0,8,1
Karpov.pgn,Karpov,black,"Shirov,A",Eurotel Trophy,Prague CZE,2002.05.02,2002,4.3,"Shirov,A","Karpov,An",2704.0,2690.0,0-1,black_win,win,C42,,80,40.0,19,2,2,0,True,True,9,1,True,0,10,1
Karpov.pgn,Karpov,white,"Shirov,A",Eurotel Trophy,Prague CZE,2002.05.02,2002,4.1,"Karpov,An","Shirov,A",2690.0,2704.0,1/2-1/2,draw,draw,D20,,129,64.5,26,14,2,0,True,True,12,7,True,0,14,7
Karpov.pgn,Karpov,black,"Shirov,A",Eurotel Trophy,Prague CZE,2002.05.02,2002,4.2,"Shirov,A","Karpov,An",2704.0,2690.0,1/2-1/2,draw,draw,C42,,131,65.5,26,8,2,0,True,True,13,4,True,0,13,4
Karpov.pgn,Karpov,black,"Anand,V",Eurotel Trophy,Prague CZE,2002.05.04,2002,5.1,"Anand,V","Karpov,An",2752.0,2690.0,1-0,white_win,loss,C42,,117,58.5,21,3,2,0,True,True,10,0,True,0,11,3
Karpov.pgn,Karpov,white,"Anand,V",Eurotel Trophy,Prague CZE,2002.05.05,2002,5.2,"Karpov,An","Anand,V",2690.0,2752.0,1/2-1/2,draw,draw,D46,,67,33.5,12,1,2,0,True,True,6,0,True,0,6,1
Karpov.pgn,Karpov,white,"Kosteniuk,A",II Magistral,Manises ESP,2002.06.16,2002,1,"Karpov,An","Kosteniuk,A",2690.0,2459.0,1-0,white_win,win,D46,,63,31.5,18,4,2,1,True,True,10,2,True,1,8,2
Karpov.pgn,Karpov,black,"Kosteniuk,A",II Magistral,Manises ESP,2002.06.16,2002,2,"Kosteniuk,A","Karpov,An",2459.0,2690.0,1-0,white_win,loss,B12,,82,41.0,18,12,0,0,False,False,8,8,False,0,10,4
Karpov.pgn,Karpov,white,"Kosteniuk,A",II Magistral,Manises ESP,2002.06.16,2002,3,"Karpov,An","Kosteniuk,A",2690.0,2459.0,1-0,white_win,win,D46,,65,32.5,16,1,2,0,True,True,9,0,True,0,7,1
Karpov.pgn,Karpov,black,"Kosteniuk,A",II Magistral,Manises ESP,2002.06.16,2002,4,"Kosteniuk,A","Karpov,An",2459.0,2690.0,0-1,black_win,win,B12,,88,44.0,18,3,2,0,True,True,10,1,True,0,8,2
Karpov.pgn,Karpov,white,"Huebner,R",WDR Rapid,Cologne GER,2002.08.17,2002,1,"Karpov,An","Huebner,R",2687.0,2634.0,1/2-1/2,draw,draw,D10,,74,37.0,20,4,2,0,True,True,10,2,True,0,10,2
Karpov.pgn,Karpov,black,"Huebner,R",WDR Rapid,Cologne GER,2002.08.17,2002,2,"Huebner,R","Karpov,An",2634.0,2687.0,1/2-1/2,draw,draw,E15,,62,31.0,12,0,2,0,True,True,6,0,True,0,6,0
Karpov.pgn,Karpov,white,"Huebner,R",WDR Blitz,Cologne GER,2002.08.17,2002,3,"Karpov,An","Huebner,R",2687.0,2634.0,0-1,black_win,loss,D12,,92,46.0,20,5,1,0,False,True,10,1,False,0,10,4
Karpov.pgn,Karpov,white,"Smirin,I",RUS vs. ROW,Moscow RUS,2002.09.08,2002,1,"Karpov,An","Smirin,I",2687.0,2676.0,0-1,black_win,loss,D77,,96,48.0,17,3,2,0,True,True,7,0,True,0,10,3
Karpov.pgn,Karpov,black,"Radjabov,T",RUS vs. ROW,Moscow RUS,2002.09.08,2002,2,"Radjabov,T","Karpov,An",2610.0,2687.0,1-0,white_win,loss,E12,,77,38.5,18,3,2,0,True,True,9,0,True,0,9,3
Karpov.pgn,Karpov,white,"Anand,V",RUS vs. ROW,Moscow RUS,2002.09.09,2002,4,"Karpov,An","Anand,V",2687.0,2755.0,1/2-1/2,draw,draw,D37,,227,113.5,23,6,2,0,True,True,12,1,True,0,11,5
Karpov.pgn,Karpov,black,"Leko,P",RUS vs. ROW,Moscow RUS,2002.09.09,2002,5,"Leko,P","Karpov,An",2722.0,2687.0,0-1,black_win,win,B17,,110,55.0,20,13,1,0,True,False,11,2,False,0,9,11
Karpov.pgn,Karpov,white,"Ivanchuk,V",RUS vs. ROW,Moscow RUS,2002.09.10,2002,6,"Karpov,An","Ivanchuk,V",2687.0,2711.0,1/2-1/2,draw,draw,D27,,88,44.0,21,1,2,0,True,True,11,1,True,0,10,0
Karpov.pgn,Karpov,white,"Gelfand,B",RUS vs. ROW,Moscow RUS,2002.09.10,2002,7,"Karpov,An","Gelfand,B",2687.0,2710.0,1/2-1/2,draw,draw,D12,,90,45.0,16,2,2,0,True,True,8,0,True,0,8,2
Karpov.pgn,Karpov,black,"Shirov,A",RUS vs. ROW,Moscow RUS,2002.09.10,2002,8,"Shirov,A","Karpov,An",2697.0,2687.0,1/2-1/2,draw,draw,B17,,49,24.5,14,0,1,0,True,False,7,0,False,0,7,0
Karpov.pgn,Karpov,black,"Short,N",RUS vs. ROW,Moscow RUS,2002.09.11,2002,9,"Short,N","Karpov,An",2682.0,2687.0,0-1,black_win,win,C42,,106,53.0,26,1,2,0,True,True,13,1,True,0,13,0
Karpov.pgn,Karpov,white,"Polgar,Ju",RUS vs. ROW,Moscow RUS,2002.09.11,2002,10,"Karpov,An","Polgar,Ju",2687.0,2681.0,1-0,white_win,win,D77,,90,45.0,16,3,2,0,True,True,8,0,True,0,8,3
Karpov.pgn,Karpov,white,"Milov,V",Gp A,Cap d'Agde FRA,2002.10.24,2002,1,"Karpov,An","Milov,V",2688.0,2620.0,1-0,white_win,win,D38,,103,51.5,21,6,2,0,True,True,12,5,True,0,9,1
Karpov.pgn,Karpov,black,"Morovic Fernandez,I",Gp A,Cap d'Agde FRA,2002.10.24,2002,2,"Morovic Fernandez,I","Karpov,An",2549.0,2688.0,1/2-1/2,draw,draw,B19,,51,25.5,9,4,1,0,True,False,5,2,False,0,4,2
Karpov.pgn,Karpov,white,"Hamdouchi,H",Gp A,Cap d'Agde FRA,2002.10.25,2002,3,"Karpov,An","Hamdouchi,H",2688.0,2593.0,1-0,white_win,win,E10,,145,72.5,23,6,2,0,True,True,12,1,True,0,11,5
Karpov.pgn,Karpov,black,"Bareev,E",Gp A,Cap d'Agde FRA,2002.10.25,2002,4,"Bareev,E","Karpov,An",2737.0,2688.0,1/2-1/2,draw,draw,E32,,71,35.5,16,1,2,0,True,True,8,1,True,0,8,0
Karpov.pgn,Karpov,white,"Tkachiev,V",Gp A,Cap d'Agde FRA,2002.10.26,2002,5,"Karpov,An","Tkachiev,V",2688.0,2632.0,1/2-1/2,draw,draw,E15,,31,15.5,5,2,2,0,True,True,3,1,True,0,2,1
Karpov.pgn,Karpov,white,"Adianto,U",Gp A,Cap d'Agde FRA,2002.10.26,2002,6,"Karpov,An","Adianto,U",2688.0,2562.0,1/2-1/2,draw,draw,A59,,51,25.5,13,3,1,0,False,True,7,0,False,0,6,3
Karpov.pgn,Karpov,black,"Lautier,J",Gp A,Cap d'Agde FRA,2002.10.26,2002,7,"Lautier,J","Karpov,An",2665.0,2688.0,1-0,white_win,loss,D37,,85,42.5,23,2,2,0,True,True,11,0,True,0,12,2
Karpov.pgn,Karpov,black,"Dreev,A",QF,Cap d'Agde FRA,2002.10.28,2002,1,"Dreev,A","Karpov,An",2673.0,2688.0,0-1,black_win,win,E12,,122,61.0,21,6,2,0,True,True,11,3,True,0,10,3
Karpov.pgn,Karpov,white,"Dreev,A",QF,Cap d'Agde FRA,2002.10.28,2002,2,"Karpov,An","Dreev,A",2688.0,2673.0,1-0,white_win,win,A11,,85,42.5,18,4,1,0,False,True,10,2,False,0,8,2
Karpov.pgn,Karpov,black,"Bareev,E",SF,Cap d'Agde FRA,2002.10.29,2002,1,"Bareev,E","Karpov,An",2737.0,2688.0,1/2-1/2,draw,draw,E32,,128,64.0,22,9,2,0,True,True,11,4,True,0,11,5
Karpov.pgn,Karpov,white,"Gelfand,B",Final,Cap d'Agde FRA,2002.10.29,2002,1,"Karpov,An","Gelfand,B",2688.0,2704.0,0-1,black_win,loss,A30,,80,40.0,20,5,2,0,True,True,9,1,True,0,11,4
Karpov.pgn,Karpov,white,"Bareev,E",SF,Cap d'Agde FRA,2002.10.29,2002,2,"Karpov,An","Bareev,E",2688.0,2737.0,1-0,white_win,win,D10,,67,33.5,17,2,1,0,True,False,9,0,True,0,8,2
Karpov.pgn,Karpov,black,"Zezulkin,J",6th Corsica Masters,Bastia FRA,2002.11.01,2002,1.2,"Zezulkin,J","Karpov,An",2524.0,2688.0,1/2-1/2,draw,draw,C21,,45,22.5,15,4,1,0,True,False,7,2,False,0,8,2
Karpov.pgn,Karpov,white,"Zezulkin,J",6th Corsica Masters,Bastia FRA,2002.11.01,2002,1.1,"Karpov,An","Zezulkin,J",2688.0,2524.0,1-0,white_win,win,D77,,139,69.5,26,6,2,1,True,True,13,4,True,1,13,2
Karpov.pgn,Karpov,black,"Tkachiev,V",6th Corsica Masters,Bastia FRA,2002.11.02,2002,2.2,"Tkachiev,V","Karpov,An",2632.0,2688.0,0-1,black_win,win,C43,,52,26.0,13,1,2,0,True,True,7,0,True,0,6,1
Karpov.pgn,Karpov,white,"Tkachiev,V",6th Corsica Masters,Bastia FRA,2002.11.02,2002,2.1,"Karpov,An","Tkachiev,V",2688.0,2632.0,1-0,white_win,win,D73,,121,60.5,22,12,1,0,False,True,12,5,False,0,10,7
Karpov.pgn,Karpov,white,"Shirov,A",6th Corsica Masters,Bastia FRA,2002.11.03,2002,3.1,"Karpov,An","Shirov,A",2688.0,2699.0,1/2-1/2,draw,draw,D30,,82,41.0,18,3,2,0,True,True,9,3,True,0,9,0
Karpov.pgn,Karpov,black,"Shirov,A",6th Corsica Masters,Bastia FRA,2002.11.03,2002,3.2,"Shirov,A","Karpov,An",2699.0,2688.0,0-1,black_win,win,C42,,80,40.0,14,5,1,0,True,False,6,3,False,0,8,2
Karpov.pgn,Karpov,black,"Anand,V",6th Corsica Masters,Bastia FRA,2002.11.04,2002,4.2,"Anand,V","Karpov,An",2755.0,2688.0,1-0,white_win,loss,C42,,59,29.5,5,0,2,0,True,True,2,0,True,0,3,0
Karpov.pgn,Karpov,black,"Anand,V",6th Corsica Masters,Bastia FRA,2002.11.04,2002,4.3,"Anand,V","Karpov,An",2755.0,2688.0,1/2-1/2,draw,draw,B12,,109,54.5,18,0,1,0,True,False,9,0,False,0,9,0
Karpov.pgn,Karpov,white,"Anand,V",6th Corsica Masters,Bastia FRA,2002.11.04,2002,4.5,"Karpov,An","Anand,V",2688.0,2755.0,0-1,black_win,loss,D77,,68,34.0,17,0,2,0,True,True,7,0,True,0,10,0
Karpov.pgn,Karpov,white,"Anand,V",6th Corsica Masters,Bastia FRA,2002.11.04,2002,4.1,"Karpov,An","Anand,V",2688.0,2755.0,1-0,white_win,win,E12,,113,56.5,25,4,2,0,True,True,12,0,True,0,13,4
Karpov.pgn,Karpov,black,"Anand,V",6th Corsica Masters,Bastia FRA,2002.11.04,2002,4.6,"Anand,V","Karpov,An",2755.0,2688.0,1-0,white_win,loss,B42,,117,58.5,20,2,2,0,True,True,10,0,True,0,10,2
Karpov.pgn,Karpov,white,"Anand,V",6th Corsica Masters,Bastia FRA,2002.11.04,2002,4.4,"Karpov,An","Anand,V",2688.0,2755.0,1/2-1/2,draw,draw,D27,,36,18.0,8,0,2,0,True,True,4,0,True,0,4,0
Karpov.pgn,Karpov,white,"San Segundo Carrillo,P",Superstars Hotel Bali,Benidorm ESP,2002.11.29,2002,1,"Karpov,An","San Segundo Carrillo,P",2688.0,2523.0,1-0,white_win,win,D37,,77,38.5,17,3,2,0,True,True,10,1,True,0,7,2
Karpov.pgn,Karpov,black,"Shirov,A",Superstars Hotel Bali,Benidorm ESP,2002.11.29,2002,2,"Shirov,A","Karpov,An",2699.0,2688.0,1-0,white_win,loss,C42,,87,43.5,20,3,2,0,True,True,10,1,True,0,10,2
Karpov.pgn,Karpov,white,"Ponomariov,R",Superstars Hotel Bali,Benidorm ESP,2002.11.29,2002,3,"Karpov,An","Ponomariov,R",2688.0,2743.0,1/2-1/2,draw,draw,D27,,75,37.5,19,2,1,0,True,False,9,1,True,0,10,1
Karpov.pgn,Karpov,black,"Karjakin,Sergey",Superstars Hotel Bali,Benidorm ESP,2002.11.29,2002,4,"Karjakin,Sergey","Karpov,An",2527.0,2688.0,1/2-1/2,draw,draw,C42,,149,74.5,21,1,2,0,True,True,11,1,True,0,10,0
Karpov.pgn,Karpov,white,"Granero Roca,A",Superstars Hotel Bali,Benidorm ESP,2002.11.30,2002,5,"Karpov,An","Granero Roca,A",2688.0,2342.0,1-0,white_win,win,A35,,87,43.5,15,5,2,0,True,True,9,3,True,0,6,2
Karpov.pgn,Karpov,white,"Polgar,Ju",Superstars Hotel Bali,Benidorm ESP,2002.11.30,2002,6,"Karpov,An","Polgar,Ju",2688.0,2685.0,0-1,black_win,loss,D32,,146,73.0,26,10,2,0,True,True,13,0,True,0,13,10
Karpov.pgn,Karpov,black,"Paunovic,D",Superstars Hotel Bali,Benidorm ESP,2002.11.30,2002,7,"Paunovic,D","Karpov,An",2532.0,2688.0,0-1,black_win,win,A30,,140,70.0,24,5,2,0,True,True,12,1,True,0,12,4
Karpov.pgn,Karpov,white,"Vera,R",Superstars Hotel Bali,Benidorm ESP,2002.11.30,2002,8,"Karpov,An","Vera,R",2688.0,2544.0,1-0,white_win,win,D38,,133,66.5,20,6,2,0,True,True,11,1,True,0,9,5
Karpov.pgn,Karpov,black,"Amura,C",Superstars Hotel Bali,Benidorm ESP,2002.12.01,2002,9,"Amura,C","Karpov,An",2360.0,2688.0,0-1,black_win,win,A32,,94,47.0,23,7,2,0,True,True,11,3,True,0,12,4
Karpov.pgn,Karpov,white,"Psakhis,L",Superstars Hotel Bali,Benidorm ESP,2002.12.01,2002,10,"Karpov,An","Psakhis,L",2688.0,2588.0,1/2-1/2,draw,draw,E54,,85,42.5,20,2,2,0,True,True,10,1,True,0,10,1
Karpov.pgn,Karpov,black,"Kurajica,B",Superstars Hotel Bali,Benidorm ESP,2002.12.01,2002,11,"Kurajica,B","Karpov,An",2548.0,2688.0,0-1,black_win,win,E05,,90,45.0,18,4,2,0,True,True,8,1,True,0,10,3
Karpov.pgn,Karpov,white,"Kasparov,G",x3dworld rapid,New York USA,2002.12.19,2002,1,"Karpov,An","Kasparov,G",2688.0,2838.0,0-1,black_win,loss,D92,,104,52.0,22,1,1,0,False,True,11,0,False,0,11,1
Karpov.pgn,Karpov,black,"Kasparov,G",x3dworld rapid,New York USA,2002.12.19,2002,2,"Kasparov,G","Karpov,An",2838.0,2688.0,0-1,black_win,win,C42,,94,47.0,18,3,2,0,True,True,8,2,True,0,10,1
Karpov.pgn,Karpov,white,"Kasparov,G",x3dworld rapid,New York USA,2002.12.20,2002,3,"Karpov,An","Kasparov,G",2688.0,2838.0,1-0,white_win,win,D92,,91,45.5,25,8,2,0,True,True,13,3,True,0,12,5
Karpov.pgn,Karpov,black,"Kasparov,G",x3dworld rapid,New York USA,2002.12.20,2002,4,"Kasparov,G","Karpov,An",2838.0,2688.0,1/2-1/2,draw,draw,C42,,55,27.5,11,2,2,0,True,True,5,0,True,0,6,2
Karpov.pgn,Karpov,black,"Krasenkow,M",GMA,Wijk aan Zee NED,2003.01.11,2003,1,"Krasenkow,M","Karpov,An",2633.0,2688.0,0-1,black_win,win,E12,,58,29.0,14,3,2,0,True,True,8,2,True,0,6,1
Karpov.pgn,Karpov,white,"Shirov,A",GMA,Wijk aan Zee NED,2003.01.12,2003,2,"Karpov,An","Shirov,A",2688.0,2723.0,1/2-1/2,draw,draw,D20,,99,49.5,22,6,2,0,True,True,11,4,True,0,11,2
Karpov.pgn,Karpov,black,"Grischuk,A",GMA,Wijk aan Zee NED,2003.01.14,2003,3,"Grischuk,A","Karpov,An",2712.0,2688.0,1/2-1/2,draw,draw,C42,,70,35.0,16,2,2,0,True,True,8,0,True,0,8,2
Karpov.pgn,Karpov,white,"Polgar,Ju",GMA,Wijk aan Zee NED,2003.01.15,2003,4,"Karpov,An","Polgar,Ju",2688.0,2700.0,0-1,black_win,loss,E12,,66,33.0,14,3,1,0,False,True,6,0,False,0,8,3
Karpov.pgn,Karpov,black,"Anand,V",GMA,Wijk aan Zee NED,2003.01.16,2003,5,"Anand,V","Karpov,An",2753.0,2688.0,1-0,white_win,loss,B12,,87,43.5,15,1,2,0,True,True,8,0,True,0,7,1
Karpov.pgn,Karpov,white,"Radjabov,T",GMA,Wijk aan Zee NED,2003.01.18,2003,6,"Karpov,An","Radjabov,T",2688.0,2624.0,1/2-1/2,draw,draw,E94,,225,112.5,27,20,2,0,True,True,13,6,True,0,14,14
Karpov.pgn,Karpov,black,"Topalov,V",GMA,Wijk aan Zee NED,2003.01.19,2003,7,"Topalov,V","Karpov,An",2743.0,2688.0,1/2-1/2,draw,draw,E20,,138,69.0,12,2,1,0,False,True,6,2,True,0,6,0
Karpov.pgn,Karpov,white,"Van Wely,L",GMA,Wijk aan Zee NED,2003.01.20,2003,8,"Karpov,An","Van Wely,L",2688.0,2668.0,1-0,white_win,win,D73,,83,41.5,17,2,2,0,True,True,9,2,True,0,8,0
Karpov.pgn,Karpov,black,"Timman,J",GMA,Wijk aan Zee NED,2003.01.21,2003,9,"Timman,J","Karpov,An",2594.0,2688.0,1/2-1/2,draw,draw,C42,,48,24.0,12,1,2,0,True,True,6,0,True,0,6,1
Karpov.pgn,Karpov,black,"Bareev,E",GMA,Wijk aan Zee NED,2003.01.23,2003,10,"Bareev,E","Karpov,An",2729.0,2688.0,1/2-1/2,draw,draw,E32,,120,60.0,18,10,1,0,False,True,9,10,True,0,9,0
Karpov.pgn,Karpov,white,"Ivanchuk,V",GMA,Wijk aan Zee NED,2003.01.24,2003,11,"Karpov,An","Ivanchuk,V",2688.0,2699.0,1/2-1/2,draw,draw,D76,,78,39.0,17,3,2,1,True,True,8,1,True,1,9,2
Karpov.pgn,Karpov,black,"Ponomariov,R",GMA,Wijk aan Zee NED,2003.01.25,2003,12,"Ponomariov,R","Karpov,An",2734.0,2688.0,1-0,white_win,loss,C42,,151,75.5,22,2,2,0,True,True,10,1,True,0,12,1
Karpov.pgn,Karpov,white,"Kramnik,V",GMA,Wijk aan Zee NED,2003.01.26,2003,13,"Karpov,An","Kramnik,V",2688.0,2807.0,1/2-1/2,draw,draw,E34,,29,14.5,10,1,1,0,False,True,5,0,False,0,5,1
Karpov.pgn,Karpov,white,"Macieja,B",PlusGSM Rapid Match,Warsaw POL,2003.04.07,2003,1,"Karpov,Ana","Macieja,B",2686.0,2634.0,1-0,white_win,win,E39,,94,47.0,15,0,2,0,True,True,8,0,True,0,7,0
Karpov.pgn,Karpov,black,"Macieja,B",PlusGSM Rapid Match,Warsaw POL,2003.04.07,2003,2,"Macieja,B","Karpov,Ana",2634.0,2686.0,0-1,black_win,win,C45,,67,33.5,17,3,2,0,True,True,9,3,True,0,8,0
Karpov.pgn,Karpov,white,"Macieja,B",PlusGSM Rapid Match,Warsaw POL,2003.04.08,2003,3,"Karpov,Ana","Macieja,B",2686.0,2634.0,0-1,black_win,loss,E39,,87,43.5,13,0,2,0,True,True,7,0,True,0,6,0
Karpov.pgn,Karpov,black,"Macieja,B",PlusGSM Rapid Match,Warsaw POL,2003.04.08,2003,4,"Macieja,B","Karpov,Ana",2634.0,2686.0,0-1,black_win,win,A28,,134,67.0,24,2,1,0,False,True,13,1,True,0,11,1
Karpov.pgn,Karpov,white,"Macieja,B",PlusGSM Rapid Match,Warsaw POL,2003.04.09,2003,5,"Karpov,Ana","Macieja,B",2686.0,2634.0,1/2-1/2,draw,draw,E15,,51,25.5,14,2,2,0,True,True,7,1,True,0,7,1
Karpov.pgn,Karpov,black,"Macieja,B",PlusGSM Rapid Match,Warsaw POL,2003.04.09,2003,6,"Macieja,B","Karpov,Ana",2634.0,2686.0,0-1,black_win,win,C36,,106,53.0,24,22,2,0,True,True,13,14,True,0,11,8
Karpov.pgn,Karpov,white,"Macieja,B",PlusGSM Rapid Match,Warsaw POL,2003.04.10,2003,7,"Karpov,Ana","Macieja,B",2686.0,2634.0,1/2-1/2,draw,draw,E39,,42,21.0,6,0,2,0,True,True,3,0,True,0,3,0
Karpov.pgn,Karpov,black,"Macieja,B",PlusGSM Rapid Match,Warsaw POL,2003.04.10,2003,8,"Macieja,B","Karpov,Ana",2634.0,2686.0,0-1,black_win,win,C33,,84,42.0,14,3,1,0,False,True,7,3,True,0,7,0
Karpov.pgn,Karpov,black,"Fernandez Garcia,Jo",Basque Country vs. World Advanced,Santurtzi ESP,2003.05.01,2003,1,"Fernandez Garcia,Jo","Karpov,Ana",2452.0,2686.0,1/2-1/2,draw,draw,B01,,69,34.5,17,3,1,0,False,True,8,2,True,0,9,1
Karpov.pgn,Karpov,white,"Fernandez Garcia,Jo",Basque Country vs. World Advanced,Santurtzi ESP,2003.05.01,2003,2,"Karpov,Ana","Fernandez Garcia,Jo",2686.0,2452.0,1/2-1/2,draw,draw,B06,,57,28.5,4,0,2,0,True,True,2,0,True,0,2,0
Karpov.pgn,Karpov,black,"Izeta,F",Basque Country vs. World Rapid,Santurtzi ESP,2003.05.02,2003,3,"Izeta,F","Karpov,Ana",2470.0,2686.0,0-1,black_win,win,A46,,74,37.0,18,0,2,0,True,True,9,0,True,0,9,0
Karpov.pgn,Karpov,white,"Izeta,F",Basque Country vs. World Rapid,Santurtzi ESP,2003.05.02,2003,4,"Karpov,Ana","Izeta,F",2686.0,2470.0,1-0,white_win,win,E16,,88,44.0,21,4,2,0,True,True,11,0,True,0,10,4
Karpov.pgn,Karpov,black,"Gomez Esteban,J",Basque Country vs. World Blindfold,Santurtzi ESP,2003.05.03,2003,5,"Gomez Esteban,J","Karpov,Ana",2463.0,2686.0,1/2-1/2,draw,draw,C10,,42,21.0,6,0,2,0,True,True,3,0,True,0,3,0
Karpov.pgn,Karpov,white,"Gomez Esteban,J",Basque Country vs. World Blindfold,Santurtzi ESP,2003.05.03,2003,6,"Karpov,Ana","Gomez Esteban,J",2686.0,2463.0,1/2-1/2,draw,draw,D35,,33,16.5,8,0,1,0,False,True,4,0,False,0,4,0
Karpov.pgn,Karpov,white,"Korneev,O",TCh-ESP,Lanzarote ESP,2003.05.08,2003,3,"Karpov,Ana","Korneev,O",2686.0,2606.0,1-0,white_win,win,D30,,135,67.5,26,5,2,0,True,True,14,3,True,0,12,2
Karpov.pgn,Karpov,black,"Campos Moreno,J",TCh-ESP,Lanzarote ESP,2003.05.09,2003,4,"Campos Moreno,J","Karpov,Ana",2480.0,2686.0,1/2-1/2,draw,draw,E20,,31,15.5,12,0,2,0,True,True,6,0,True,0,6,0
Karpov.pgn,Karpov,black,"Marin,M",TCh-ESP,Lanzarote ESP,2003.05.11,2003,6,"Marin,M","Karpov,Ana",2568.0,2686.0,0-1,black_win,win,A29,,142,71.0,24,11,2,0,True,True,13,11,True,0,11,0
Karpov.pgn,Karpov,white,"Illescas Cordoba,M",TCh-ESP,Lanzarote ESP,2003.05.12,2003,7,"Karpov,Ana","Illescas Cordoba,M",2686.0,2599.0,1-0,white_win,win,D77,,77,38.5,20,6,2,0,True,True,11,6,True,0,9,0
Karpov.pgn,Karpov,black,"Kolev,At",TCh-ESP,Lanzarote ESP,2003.05.13,2003,8,"Kolev,At","Karpov,Ana",2556.0,2686.0,1/2-1/2,draw,draw,C42,,51,25.5,18,0,2,0,True,True,9,0,True,0,9,0
Karpov.pgn,Karpov,white,"Khalifman,A",TCh-ESP,Lanzarote ESP,2003.05.14,2003,9,"Karpov,Ana","Khalifman,A",2686.0,2702.0,1/2-1/2,draw,draw,D79,,23,11.5,2,0,2,0,True,True,1,0,True,0,1,0
Karpov.pgn,Karpov,black,"Polgar,Ju",Essent,Hoogeveen NED,2003.10.12,2003,1,"Polgar,Ju","Karpov,Ana",2722.0,2693.0,1-0,white_win,loss,C42,,51,25.5,11,2,2,0,True,True,6,0,True,0,5,2
Karpov.pgn,Karpov,black,"Sokolov,I",Essent,Hoogeveen NED,2003.10.13,2003,2,"Sokolov,I","Karpov,Ana",2695.0,2693.0,1/2-1/2,draw,draw,E32,,91,45.5,14,1,2,0,True,True,7,1,True,0,7,0
Karpov.pgn,Karpov,white,"Aronian,L",Essent,Hoogeveen NED,2003.10.14,2003,3,"Karpov,Ana","Aronian,L",2693.0,2649.0,1/2-1/2,draw,draw,D39,,82,41.0,23,3,2,0,True,True,12,2,True,0,11,1
Karpov.pgn,Karpov,white,"Polgar,Ju",Essent,Hoogeveen NED,2003.10.16,2003,4,"Karpov,Ana","Polgar,Ju",2693.0,2722.0,1/2-1/2,draw,draw,E32,,133,66.5,26,7,1,0,False,True,14,4,False,0,12,3
Karpov.pgn,Karpov,black,"Aronian,L",Essent,Hoogeveen NED,2003.10.17,2003,5,"Aronian,L","Karpov,Ana",2649.0,2693.0,1-0,white_win,loss,E39,,63,31.5,10,1,2,0,True,True,5,0,True,0,5,1
Karpov.pgn,Karpov,white,"Sokolov,I",Essent,Hoogeveen NED,2003.10.18,2003,6,"Karpov,Ana","Sokolov,I",2693.0,2695.0,1/2-1/2,draw,draw,D15,,63,31.5,12,2,2,0,True,True,6,1,True,0,6,1
Karpov.pgn,Karpov,black,"Shirov,A",GpB,Cap D'Agde FRA,2003.10.24,2003,1,"Shirov,A","Karpov,Ana",2737.0,2693.0,1/2-1/2,draw,draw,C42,,58,29.0,15,3,2,0,True,True,8,2,True,0,7,1
Karpov.pgn,Karpov,white,"Leko,P",GpB,Cap D'Agde FRA,2003.10.24,2003,2,"Karpov,Ana","Leko,P",2693.0,2722.0,1/2-1/2,draw,draw,E15,,84,42.0,21,1,1,0,False,True,10,1,False,0,11,0
Karpov.pgn,Karpov,black,"Polgar,Ju",GpB,Cap D'Agde FRA,2003.10.25,2003,3,"Polgar,Ju","Karpov,Ana",2722.0,2693.0,1-0,white_win,loss,C42,,99,49.5,23,8,2,0,True,True,11,0,True,0,12,8
Karpov.pgn,Karpov,white,"Lautier,J",GpB,Cap D'Agde FRA,2003.10.25,2003,4,"Karpov,Ana","Lautier,J",2693.0,2666.0,0-1,black_win,loss,E15,,88,44.0,21,7,2,0,True,True,10,6,True,0,11,1
Karpov.pgn,Karpov,black,"Svidler,P",GpB,Cap D'Agde FRA,2003.10.25,2003,5,"Svidler,P","Karpov,Ana",2723.0,2693.0,1-0,white_win,loss,C49,,65,32.5,16,1,2,0,True,True,8,0,True,0,8,1
Karpov.pgn,Karpov,black,"Grischuk,A",GpB,Cap D'Agde FRA,2003.10.26,2003,6,"Grischuk,A","Karpov,Ana",2732.0,2693.0,1/2-1/2,draw,draw,C42,,24,12.0,2,0,2,0,True,True,1,0,True,0,1,0
Karpov.pgn,Karpov,white,"Anand,V",GpB,Cap D'Agde FRA,2003.10.26,2003,7,"Karpov,Ana","Anand,V",2693.0,2766.0,0-1,black_win,loss,E15,,196,98.0,27,18,2,2,True,True,14,6,True,1,13,12
Karpov.pgn,Karpov,black,"Van Wely,L",Corsica Masters KO,Bastia FRA,2003.11.01,2003,1.1,"Van Wely,L","Karpov,Ana",2654.0,2693.0,0-1,black_win,win,E15,,108,54.0,21,6,2,2,True,True,11,5,True,1,10,1
Karpov.pgn,Karpov,white,"Van Wely,L",Corsica Masters KO,Bastia FRA,2003.11.01,2003,1.2,"Karpov,Ana","Van Wely,L",2693.0,2654.0,1/2-1/2,draw,draw,A49,,120,60.0,19,3,2,0,True,True,10,3,True,0,9,0
Karpov.pgn,Karpov,black,"Shirov,A",Corsica Masters KO,Bastia FRA,2003.11.02,2003,2.1,"Shirov,A","Karpov,Ana",2737.0,2693.0,1-0,white_win,loss,C42,,43,21.5,6,0,2,0,True,True,3,0,True,0,3,0
Karpov.pgn,Karpov,white,"Shirov,A",Corsica Masters KO,Bastia FRA,2003.11.02,2003,2.3,"Karpov,Ana","Shirov,A",2693.0,2737.0,1/2-1/2,draw,draw,D20,,122,61.0,20,13,2,0,True,True,11,9,True,0,9,4
Karpov.pgn,Karpov,black,"Shirov,A",Corsica Masters KO,Bastia FRA,2003.11.02,2003,2.4,"Shirov,A","Karpov,Ana",2737.0,2693.0,1/2-1/2,draw,draw,C42,,67,33.5,12,0,2,0,True,True,6,0,True,0,6,0
Karpov.pgn,Karpov,white,"Shirov,A",Corsica Masters KO,Bastia FRA,2003.11.02,2003,2.6,"Karpov,Ana","Shirov,A",2693.0,2737.0,0-1,black_win,loss,D11,,58,29.0,14,2,2,0,True,True,7,1,True,0,7,1
Karpov.pgn,Karpov,white,"Shirov,A",Corsica Masters KO,Bastia FRA,2003.11.02,2003,2.2,"Karpov,Ana","Shirov,A",2693.0,2737.0,1-0,white_win,win,D20,,117,58.5,21,11,2,0,True,True,11,7,True,0,10,4
Karpov.pgn,Karpov,black,"Shirov,A",Corsica Masters KO,Bastia FRA,2003.11.02,2003,2.5,"Shirov,A","Karpov,Ana",2737.0,2693.0,1/2-1/2,draw,draw,C42,,71,35.5,20,3,2,0,True,True,9,0,True,0,11,3
Karpov.pgn,Karpov,white,"Figueiredo,Marco Antonio",CEU Simul,Sao Paulo BRA,2003.11.21,2003,1,"Karpov,Ana","Figueiredo,Marco Antonio",2693.0,,1-0,white_win,win,D37,,119,59.5,23,3,2,0,True,True,13,3,True,0,10,0
Karpov.pgn,Karpov,white,"Yamamoto,Paulo",CXSP Simul,Sao Paulo BRA,2003.11.23,2003,1,"Karpov,Ana","Yamamoto,Paulo",2693.0,,1-0,white_win,win,E90,,65,32.5,13,0,1,0,False,True,7,0,False,0,6,0
Karpov.pgn,Karpov,white,"Gomez,Gustavo Pizzocaro",CXSP Simul,Sao Paulo BRA,2003.11.23,2003,1,"Karpov,Ana","Gomez,Gustavo Pizzocaro",2693.0,,1-0,white_win,win,E90,,67,33.5,12,4,1,0,False,True,6,4,False,0,6,0
Karpov.pgn,Karpov,white,"Abud,Rodney Lester",CXSP Simul,Sao Paulo BRA,2003.11.23,2003,1,"Karpov,Ana","Abud,Rodney Lester",2693.0,,1-0,white_win,win,A25,,51,25.5,15,5,1,0,True,False,7,5,True,0,8,0
Karpov.pgn,Karpov,white,"Villares de Freitas,Celso",CXSP Simul,Sao Paulo BRA,2003.11.23,2003,1,"Karpov,Ana","Villares de Freitas,Celso",2693.0,,0-1,black_win,loss,B19,,88,44.0,23,5,2,0,True,True,11,3,True,0,12,2
Karpov.pgn,Karpov,white,"Jukemura,Leandro",CXSP Simul,Sao Paulo BRA,2003.11.23,2003,1,"Karpov,Ana","Jukemura,Leandro",2693.0,,1/2-1/2,draw,draw,D06,,46,23.0,5,1,2,0,True,True,2,1,True,0,3,0
Karpov.pgn,Karpov,white,"Marinho,Mauro Aparecido",CXSP Simul,Sao Paulo BRA,2003.11.23,2003,1,"Karpov,Ana","Marinho,Mauro Aparecido",2693.0,,1/2-1/2,draw,draw,D34,,44,22.0,12,0,2,0,True,True,6,0,True,0,6,0
Karpov.pgn,Karpov,white,"Solis,C",CXSP Simul,Sao Paulo BRA,2003.11.23,2003,1,"Karpov,Ana","Solis,C",2693.0,,1-0,white_win,win,D27,,45,22.5,7,1,2,0,True,True,4,1,True,0,3,0
Karpov.pgn,Karpov,black,"Shulman,Y",Lindsborg Inv Rapid,Kansas USA,2003.12.13,2003,1,"Shulman,Y","Karpov,Ana",2564.0,2693.0,0-1,black_win,win,B12,,122,61.0,24,7,2,1,True,True,12,1,True,1,12,6
Karpov.pgn,Karpov,white,"Charbonneau,P",Lindsborg Inv Rapid,Kansas USA,2003.12.13,2003,2,"Karpov,Ana","Charbonneau,P",2693.0,2485.0,1-0,white_win,win,D10,,121,60.5,20,7,2,0,True,True,11,3,True,0,9,4
Karpov.pgn,Karpov,black,"Donaldson,J",Lindsborg Inv Rapid,Kansas USA,2003.12.14,2003,3,"Donaldson,J","Karpov,Ana",2456.0,2693.0,1/2-1/2,draw,draw,E42,,33,16.5,10,1,2,0,True,True,5,1,True,0,5,0
Karpov.pgn,Karpov,black,"Onischuk,Al",Lindsborg Inv Rapid,Kansas USA,2003.12.14,2003,4,"Onischuk,Al","Karpov,Ana",2661.0,2693.0,1/2-1/2,draw,draw,D20,,48,24.0,14,2,2,0,True,True,7,0,True,0,7,2
Karpov.pgn,Karpov,white,"Morovic Fernandez,I",Lindsborg Inv Rapid,Kansas USA,2003.12.14,2003,5,"Karpov,Ana","Morovic Fernandez,I",2693.0,2583.0,1/2-1/2,draw,draw,D85,,70,35.0,20,4,2,0,True,True,9,4,True,0,11,0
Karpov.pgn,Karpov,black,"Stefansson,H",Blitz,Reykjavik ISL,2004.03.17,2004,1,"Stefansson,H","Karpov,Ana",2572.0,2682.0,0-1,black_win,win,B17,,86,43.0,16,2,2,0,True,True,9,1,True,0,7,1
Karpov.pgn,Karpov,white,"Kasparov,G",Blitz,Reykjavik ISL,2004.03.17,2004,2,"Karpov,Ana","Kasparov,G",2682.0,2831.0,1/2-1/2,draw,draw,D48,,69,34.5,16,1,2,0,True,True,8,1,True,0,8,0
Karpov.pgn,Karpov,white,"Short,N",Blitz,Reykjavik ISL,2004.03.17,2004,6,"Karpov,Ana","Short,N",2682.0,2702.0,1-0,white_win,win,D30,,61,30.5,12,0,2,0,True,True,7,0,True,0,5,0
Karpov.pgn,Karpov,white,"Stefansson,H",Rapid,Reykjavik ISL,2004.03.18,2004,1.2,"Karpov,Ana","Stefansson,H",2682.0,2572.0,1-0,white_win,win,A22,,79,39.5,17,7,1,0,False,True,9,4,False,0,8,3
Karpov.pgn,Karpov,black,"Stefansson,H",Rapid,Reykjavik ISL,2004.03.18,2004,1.1,"Stefansson,H","Karpov,Ana",2572.0,2682.0,1-0,white_win,loss,B17,,99,49.5,15,1,1,0,True,False,7,1,False,0,8,0
Karpov.pgn,Karpov,white,"Stefansson,H",Rapid,Reykjavik ISL,2004.03.18,2004,1.3,"Karpov,Ana","Stefansson,H",2682.0,2572.0,1-0,white_win,win,E32,,99,49.5,21,7,1,0,False,True,11,3,False,0,10,4
Karpov.pgn,Karpov,white,"Dreev,A",Rapid,Reykjavik ISL,2004.03.19,2004,2.1,"Karpov,Ana","Dreev,A",2682.0,2682.0,0-1,black_win,loss,B12,,68,34.0,14,3,1,0,True,False,7,3,True,0,7,0
Karpov.pgn,Karpov,black,"Dreev,A",Rapid,Reykjavik ISL,2004.03.19,2004,2.2,"Dreev,A","Karpov,Ana",2682.0,2682.0,1/2-1/2,draw,draw,A65,,141,70.5,25,12,2,0,True,True,13,5,True,0,12,7
Karpov.pgn,Karpov,black,"Vescovi,G",Rapid,Sao Paulo BRA,2004.08.20,2004,1,"Vescovi,G","Karpov,Ana",2648.0,2682.0,1-0,white_win,loss,C10,,43,21.5,10,5,1,0,True,False,6,2,False,0,4,3
Karpov.pgn,Karpov,black,"Leitao,R",Rapid,Sao Paulo BRA,2004.08.20,2004,2,"Leitao,R","Karpov,Ana",2573.0,2682.0,1-0,white_win,loss,C42,,89,44.5,16,4,2,0,True,True,7,0,True,0,9,4
Karpov.pgn,Karpov,white,"Anand,V",Rapid,Sao Paulo BRA,2004.08.21,2004,3,"Karpov,Ana","Anand,V",2682.0,2782.0,1/2-1/2,draw,draw,E34,,46,23.0,12,0,2,0,True,True,6,0,True,0,6,0
Karpov.pgn,Karpov,white,"Morovic Fernandez,I",Rapid,Sao Paulo BRA,2004.08.21,2004,4,"Karpov,Ana","Morovic Fernandez,I",2682.0,2573.0,1/2-1/2,draw,draw,B52,,33,16.5,8,3,2,0,True,True,4,2,True,0,4,1
Karpov.pgn,Karpov,black,"Milos,G",Rapid,Sao Paulo BRA,2004.08.22,2004,5,"Milos,G","Karpov,Ana",2601.0,2682.0,0-1,black_win,win,E15,,84,42.0,19,2,2,0,True,True,9,1,True,0,10,1
Karpov.pgn,Karpov,white,"Vescovi,G",Rapid,Sao Paulo BRA,2004.08.22,2004,6,"Karpov,Ana","Vescovi,G",2682.0,2648.0,1/2-1/2,draw,draw,E34,,84,42.0,18,3,2,0,True,True,9,3,True,0,9,0
Karpov.pgn,Karpov,white,"Leitao,R",Rapid,Sao Paulo BRA,2004.08.23,2004,7,"Karpov,Ana","Leitao,R",2682.0,2573.0,1/2-1/2,draw,draw,D43,,119,59.5,22,9,2,0,True,True,12,7,True,0,10,2
Karpov.pgn,Karpov,black,"Anand,V",Rapid,Sao Paulo BRA,2004.08.23,2004,8,"Anand,V","Karpov,Ana",2782.0,2682.0,1-0,white_win,loss,B85,,77,38.5,15,0,2,0,True,True,7,0,True,0,8,0
Karpov.pgn,Karpov,white,"Milos,G",Rapid,Sao Paulo BRA,2004.08.24,2004,9,"Karpov,Ana","Milos,G",2682.0,2601.0,1/2-1/2,draw,draw,A30,,93,46.5,24,6,2,0,True,True,12,3,True,0,12,3
Karpov.pgn,Karpov,black,"Morovic Fernandez,I",Rapid,Sao Paulo BRA,2004.08.24,2004,10,"Morovic Fernandez,I","Karpov,Ana",2573.0,2682.0,1/2-1/2,draw,draw,A28,,36,18.0,12,2,0,0,False,False,6,0,False,0,6,2
Karpov.pgn,Karpov,black,"Polgar,Z",Clash of the Titans,Lindsborg USA,2004.09.18,2004,1,"Polgar,Z","Karpov,Ana",2567.0,2682.0,1/2-1/2,draw,draw,D37,,73,36.5,20,0,2,0,True,True,11,0,True,0,9,0
Karpov.pgn,Karpov,white,"Polgar,Z",Clash of the Titans,Lindsborg USA,2004.09.18,2004,2,"Karpov,Ana","Polgar,Z",2682.0,2567.0,1-0,white_win,win,E71,,81,40.5,20,2,2,0,True,True,11,2,True,0,9,0
Karpov.pgn,Karpov,black,"Polgar,Z",Clash of the Titans,Lindsborg USA,2004.09.19,2004,5,"Polgar,Z","Karpov,Ana",2567.0,2682.0,1/2-1/2,draw,draw,D27,,56,28.0,12,6,1,0,True,False,6,0,False,0,6,6
Karpov.pgn,Karpov,black,"Polgar,Z",Clash of the Titans,Lindsborg USA,2004.09.19,2004,6,"Polgar,Z","Karpov,Ana",2567.0,2682.0,1-0,white_win,loss,D47,,58,29.0,12,3,2,0,True,True,6,0,True,0,6,3
Karpov.pgn,Karpov,black,"Sadvakasov,D",Match,Astana KAZ,2004.11.05,2004,2,"Sadvakasov,D","Karpov,Ana",2631.0,2682.0,1-0,white_win,loss,C42,,77,38.5,12,2,2,0,True,True,5,0,True,0,7,2
Karpov.pgn,Karpov,white,"Sadvakasov,D",Match,Astana KAZ,2004.11.10,2004,8,"Karpov,Ana","Sadvakasov,D",2682.0,2631.0,0-1,black_win,loss,E15,,136,68.0,22,5,2,1,True,True,10,3,True,0,12,2
Karpov.pgn,Karpov,white,"Flear,G",GP,Aix-En-Provence FRA,2004.12.09,2004,1.1,"Karpov,Ana","Flear,G",2682.0,2457.0,1/2-1/2,draw,draw,D37,,84,42.0,20,5,2,0,True,True,10,2,True,0,10,3
Karpov.pgn,Karpov,black,"Flear,G",GP,Aix-En-Provence FRA,2004.12.09,2004,1.2,"Flear,G","Karpov,Ana",2457.0,2682.0,0-1,black_win,win,E32,,84,42.0,20,3,2,0,True,True,11,3,True,0,9,0
Karpov.pgn,Karpov,black,"Kazhgaleyev,M",GP,Aix-En-Provence FRA,2004.12.10,2004,2.2,"Kazhgaleyev,M","Karpov,Ana",2607.0,2682.0,1/2-1/2,draw,draw,E12,,81,40.5,17,2,2,0,True,True,9,2,True,0,8,0
Karpov.pgn,Karpov,white,"Kazhgaleyev,M",GP,Aix-En-Provence FRA,2004.12.10,2004,2.1,"Karpov,Ana","Kazhgaleyev,M",2682.0,2607.0,1-0,white_win,win,D10,,53,26.5,18,2,2,0,True,True,9,0,True,0,9,2
Karpov.pgn,Karpov,white,"Istratescu,A",GP,Aix-En-Provence FRA,2004.12.11,2004,3.1,"Karpov,Ana","Istratescu,A",2682.0,2611.0,1-0,white_win,win,E15,,125,62.5,25,10,2,1,True,True,14,7,True,1,11,3
Karpov.pgn,Karpov,black,"Istratescu,A",GP,Aix-En-Provence FRA,2004.12.11,2004,3.2,"Istratescu,A","Karpov,Ana",2611.0,2682.0,1/2-1/2,draw,draw,B12,,83,41.5,25,2,2,0,True,True,12,0,True,0,13,2
Karpov.pgn,Karpov,black,"Istratescu,A",GP,Aix-En-Provence FRA,2004.12.11,2004,3.2,"Istratescu,A","Karpov,Ana",2611.0,2682.0,1/2-1/2,draw,draw,B12,,43,21.5,7,0,2,0,True,True,3,0,True,0,4,0
Karpov.pgn,Karpov,white,"Brodsky,M",Keres Mem Rapid,Tallinn EST,2005.01.08,2005,1,"Karpov,Ana","Brodsky,M",2682.0,2533.0,1/2-1/2,draw,draw,E18,,50,25.0,12,0,2,0,True,True,6,0,True,0,6,0
Karpov.pgn,Karpov,black,"Gelfand,B",Keres Mem Rapid,Tallinn EST,2005.01.08,2005,2,"Gelfand,B","Karpov,Ana",2693.0,2682.0,0-1,black_win,win,B48,,74,37.0,14,2,2,0,True,True,9,0,True,0,5,2
Karpov.pgn,Karpov,white,"Balashov,Y",Keres Mem Rapid,Tallinn EST,2005.01.08,2005,3,"Karpov,Ana","Balashov,Y",2682.0,2469.0,1/2-1/2,draw,draw,E11,,117,58.5,20,5,2,0,True,True,10,0,True,0,10,5
Karpov.pgn,Karpov,black,"Rytshagov,M",Keres Mem Rapid,Tallinn EST,2005.01.09,2005,4,"Rytshagov,M","Karpov,Ana",2442.0,2682.0,1/2-1/2,draw,draw,B12,,73,36.5,8,2,1,0,True,False,4,0,False,0,4,2
Karpov.pgn,Karpov,white,"Malaniuk,V",Keres Mem Rapid,Tallinn EST,2005.01.09,2005,5,"Karpov,Ana","Malaniuk,V",2682.0,2513.0,1/2-1/2,draw,draw,A86,,44,22.0,6,0,2,0,True,True,3,0,True,0,3,0
Karpov.pgn,Karpov,black,"Dobrov,V",Keres Mem Rapid,Tallinn EST,2005.01.09,2005,6,"Dobrov,V","Karpov,Ana",2487.0,2682.0,1/2-1/2,draw,draw,E32,,71,35.5,10,3,2,0,True,True,5,3,True,0,5,0
Karpov.pgn,Karpov,white,"Shirov,A",Keres Mem Rapid,Tallinn EST,2005.01.09,2005,7,"Karpov,Ana","Shirov,A",2682.0,2726.0,0-1,black_win,loss,D11,,66,33.0,15,6,1,0,False,True,6,0,False,0,9,6
Karpov.pgn,Karpov,black,"Istratescu,A",Match,Bucharest ROM,2005.03.20,2005,1,"Istratescu,A","Karpov,Ana",2617.0,2674.0,1/2-1/2,draw,draw,D57,,67,33.5,16,3,2,0,True,True,8,2,True,0,8,1
Karpov.pgn,Karpov,white,"Istratescu,A",Match,Bucharest ROM,2005.03.21,2005,2,"Karpov,Ana","Istratescu,A",2674.0,2617.0,1-0,white_win,win,E15,,98,49.0,12,2,2,0,True,True,6,1,True,0,6,1
Karpov.pgn,Karpov,black,"Istratescu,A",Match,Bucharest ROM,2005.03.22,2005,3,"Istratescu,A","Karpov,Ana",2617.0,2674.0,1-0,white_win,loss,C42,,148,74.0,28,13,2,1,True,True,14,2,True,0,14,11
Karpov.pgn,Karpov,white,"Istratescu,A",Match,Bucharest ROM,2005.03.24,2005,4,"Karpov,Ana","Istratescu,A",2674.0,2617.0,1-0,white_win,win,E15,,127,63.5,27,17,2,1,True,True,13,14,True,1,14,3
Karpov.pgn,Karpov,black,"Istratescu,A",Match Rapid,Bucharest ROM,2005.03.25,2005,5,"Istratescu,A","Karpov,Ana",2617.0,2674.0,0-1,black_win,win,C29,,74,37.0,15,1,2,0,True,True,9,0,True,0,6,1
Karpov.pgn,Karpov,white,"Istratescu,A",Match Rapid,Bucharest ROM,2005.03.25,2005,6,"Karpov,Ana","Istratescu,A",2674.0,2617.0,1-0,white_win,win,A40,,79,39.5,17,0,2,0,True,True,10,0,True,0,7,0
Karpov.pgn,Karpov,black,"Istratescu,A",Match Rapid,Bucharest ROM,2005.03.26,2005,7,"Istratescu,A","Karpov,Ana",2617.0,2674.0,0-1,black_win,win,B12,,56,28.0,14,2,1,0,True,False,8,0,False,0,6,2
Karpov.pgn,Karpov,black,"Istratescu,A",Match,Bucharest ROM,2005.03.26,2005,7,"Istratescu,A","Karpov,Ana",2617.0,2674.0,0-1,black_win,win,B12,,50,25.0,14,2,1,0,True,False,8,0,False,0,6,2
Karpov.pgn,Karpov,white,"Istratescu,A",Match Rapid,Bucharest ROM,2005.03.26,2005,8,"Karpov,Ana","Istratescu,A",2674.0,2617.0,1/2-1/2,draw,draw,E90,,108,54.0,20,8,2,0,True,True,11,3,True,0,9,5
Karpov.pgn,Karpov,white,"Miroshnichenko,E",TCh-RUS High League,Sochi RUS,2005.04.20,2005,2,"Karpov,Ana","Miroshnichenko,E",2674.0,2628.0,1-0,white_win,win,E71,,57,28.5,10,0,2,0,True,True,5,0,True,0,5,0
Karpov.pgn,Karpov,white,"Sebag,M",Grand Prix,Bordeaux FRA,2005.04.29,2005,1.3,"Karpov,Ana","Sebag,M",2674.0,2417.0,1-0,white_win,win,A28,,114,57.0,16,6,2,0,True,True,9,2,True,0,7,4
Karpov.pgn,Karpov,white,"Sebag,M",Grand Prix,Bordeaux FRA,2005.04.29,2005,1.2,"Karpov,Ana","Sebag,M",2674.0,2417.0,1/2-1/2,draw,draw,D15,,124,62.0,11,0,2,0,True,True,5,0,True,0,6,0
Karpov.pgn,Karpov,black,"Sebag,M",Grand Prix,Bordeaux FRA,2005.04.29,2005,1.1,"Sebag,M","Karpov,Ana",2417.0,2674.0,1/2-1/2,draw,draw,C54,,117,58.5,20,9,2,0,True,True,10,6,True,0,10,3
Karpov.pgn,Karpov,black,"Chabanon,JL",Grand Prix,Bordeaux FRA,2005.04.30,2005,2.2,"Chabanon,JL","Karpov,Ana",2424.0,2674.0,1/2-1/2,draw,draw,E05,,77,38.5,18,0,2,0,True,True,9,0,True,0,9,0
Karpov.pgn,Karpov,white,"Chabanon,JL",Grand Prix,Bordeaux FRA,2005.04.30,2005,2.1,"Karpov,Ana","Chabanon,JL",2674.0,2424.0,1-0,white_win,win,E11,,134,67.0,21,9,2,0,True,True,10,3,True,0,11,6
Karpov.pgn,Karpov,black,"Hamdouchi,H",Grand Prix,Bordeaux FRA,2005.05.01,2005,3.1,"Hamdouchi,H","Karpov,Ana",2559.0,2674.0,1-0,white_win,loss,B12,,130,65.0,24,6,2,0,True,True,12,4,True,0,12,2
Karpov.pgn,Karpov,black,"Hamdouchi,H",Grand Prix,Bordeaux FRA,2005.05.01,2005,3.4,"Hamdouchi,H","Karpov,Ana",2559.0,2674.0,1-0,white_win,loss,B12,,106,53.0,22,1,2,0,True,True,12,0,True,0,10,1
Karpov.pgn,Karpov,black,"Hamdouchi,H",Grand Prix,Bordeaux FRA,2005.05.01,2005,3.5,"Hamdouchi,H","Karpov,Ana",2559.0,2674.0,0-1,black_win,win,B12,,76,38.0,19,5,1,0,True,False,10,2,False,0,9,3
Karpov.pgn,Karpov,white,"Hamdouchi,H",Grand Prix,Bordeaux FRA,2005.05.01,2005,3.2,"Karpov,Ana","Hamdouchi,H",2674.0,2559.0,1-0,white_win,win,A70,,77,38.5,18,1,2,1,True,True,9,1,True,1,9,0
Karpov.pgn,Karpov,white,"Hamdouchi,H",Grand Prix,Bordeaux FRA,2005.05.01,2005,3.3,"Karpov,Ana","Hamdouchi,H",2674.0,2559.0,1-0,white_win,win,B37,,61,30.5,10,0,2,0,True,True,5,0,True,0,5,0
Karpov.pgn,Karpov,black,"Navara,D",CEZ Trophy Match,Prague CZE,2005.07.15,2005,1,"Navara,D","Karpov,Ana",2663.0,2672.0,1/2-1/2,draw,draw,B17,,133,66.5,22,3,1,0,True,False,11,1,False,0,11,2
Karpov.pgn,Karpov,white,"Navara,D",CEZ Trophy Match,Prague CZE,2005.07.16,2005,2,"Karpov,Ana","Navara,D",2672.0,2663.0,1/2-1/2,draw,draw,D76,,96,48.0,27,3,2,0,True,True,14,2,True,0,13,1
Karpov.pgn,Karpov,black,"Korchnoi,V",Unzicker 80,Mainz GER,2005.08.09,2005,1,"Korchnoi,V","Karpov,Ana",2615.0,2672.0,0-1,black_win,win,E15,,126,63.0,15,0,2,0,True,True,8,0,True,0,7,0
Karpov.pgn,Karpov,white,"Unzicker,W",Unzicker 80,Mainz GER,2005.08.09,2005,2,"Karpov,Ana","Unzicker,W",2672.0,2433.0,1/2-1/2,draw,draw,E39,,86,43.0,27,7,1,0,False,True,14,1,False,0,13,6
Karpov.pgn,Karpov,black,"Spassky,B",Unzicker 80,Mainz GER,2005.08.09,2005,3,"Spassky,B","Karpov,Ana",2548.0,2672.0,1/2-1/2,draw,draw,B17,,49,24.5,14,1,2,0,True,True,7,0,True,0,7,1
Karpov.pgn,Karpov,white,"Korchnoi,V",Unzicker 80,Mainz GER,2005.08.10,2005,4,"Karpov,Ana","Korchnoi,V",2672.0,2615.0,1/2-1/2,draw,draw,A15,,84,42.0,16,1,2,0,True,True,8,0,True,0,8,1
Karpov.pgn,Karpov,black,"Unzicker,W",Unzicker 80,Mainz GER,2005.08.10,2005,5,"Unzicker,W","Karpov,Ana",2433.0,2672.0,1/2-1/2,draw,draw,E32,,72,36.0,19,1,2,0,True,True,9,1,True,0,10,0
Karpov.pgn,Karpov,white,"Spassky,B",Unzicker 80,Mainz GER,2005.08.10,2005,6,"Karpov,Ana","Spassky,B",2672.0,2548.0,1/2-1/2,draw,draw,D55,,54,27.0,21,0,2,0,True,True,11,0,True,0,10,0
Karpov.pgn,Karpov,white,"De Dovitiis,A",Karpov Simul,Villa Martelli ARG,2005.09.17,2005,1,"Karpov,Ana","De Dovitiis,A",2672.0,2345.0,1/2-1/2,draw,draw,D46,,60,30.0,10,1,2,0,True,True,5,0,True,0,5,1
Karpov.pgn,Karpov,white,"Valerga,D",Karpov Simul,Villa Martelli ARG,2005.09.17,2005,1,"Karpov,Ana","Valerga,D",2672.0,2499.0,1-0,white_win,win,E11,,75,37.5,17,4,2,0,True,True,9,2,True,0,8,2
Karpov.pgn,Karpov,white,"Zuriel,M",Karpov Simul,Villa Martelli ARG,2005.09.17,2005,1,"Karpov,Ana","Zuriel,M",2672.0,2207.0,1/2-1/2,draw,draw,E32,,95,47.5,17,3,1,0,False,True,9,0,False,0,8,3
Karpov.pgn,Karpov,white,"Slipak,S",Karpov Simul,Villa Martelli ARG,2005.09.17,2005,1,"Karpov,Ana","Slipak,S",2672.0,2489.0,1/2-1/2,draw,draw,E12,,72,36.0,19,2,2,0,True,True,9,0,True,0,10,2
Karpov.pgn,Karpov,white,"Scarella,E",Karpov Simul,Villa Martelli ARG,2005.09.17,2005,1,"Karpov,Ana","Scarella,E",2672.0,2367.0,1-0,white_win,win,E61,,95,47.5,10,1,2,0,True,True,6,1,True,0,4,0
Karpov.pgn,Karpov,white,"Della Morte,P",Karpov Simul,Villa Martelli ARG,2005.09.17,2005,1,"Karpov,Ana","Della Morte,P",2672.0,2271.0,1-0,white_win,win,D12,,77,38.5,17,3,0,0,False,False,10,3,False,0,7,0
Karpov.pgn,Karpov,white,"Hungaski,R",Karpov Simul,Buenos Aires ARG,2005.09.20,2005,1,"Karpov,Ana","Hungaski,R",2672.0,2308.0,1-0,white_win,win,D46,,117,58.5,26,3,2,0,True,True,13,1,True,0,13,2
Karpov.pgn,Karpov,white,"Kovalyov,A",Karpov Simul,Buenos Aires ARG,2005.09.20,2005,1,"Karpov,Ana","Kovalyov,A",2672.0,2234.0,1/2-1/2,draw,draw,B13,,93,46.5,22,3,2,0,True,True,11,2,True,0,11,1
Karpov.pgn,Karpov,white,"Massaferro,Cristian",Karpov Simul,Buenos Aires ARG,2005.09.20,2005,1,"Karpov,Ana","Massaferro,Cristian",2672.0,,1-0,white_win,win,D12,,60,30.0,14,1,1,0,True,False,7,1,True,0,7,0
Karpov.pgn,Karpov,white,"Needleman,G",Karpov Simul,Buenos Aires ARG,2005.09.20,2005,1,"Karpov,Ana","Needleman,G",2672.0,2242.0,0-1,black_win,loss,E69,,182,91.0,26,16,2,0,True,True,12,10,True,0,14,6
Karpov.pgn,Karpov,white,"Della Morte,P",Karpov Simul,Buenos Aires ARG,2005.09.20,2005,1,"Karpov,Ana","Della Morte,P",2672.0,2271.0,1/2-1/2,draw,draw,E63,,119,59.5,21,2,2,0,True,True,10,1,True,0,11,1
Karpov.pgn,Karpov,white,"Flores,Di",Karpov Simul,Buenos Aires ARG,2005.09.20,2005,1,"Karpov,Ana","Flores,Di",2672.0,2513.0,1-0,white_win,win,E15,,79,39.5,16,2,2,0,True,True,8,1,True,0,8,1
Karpov.pgn,Karpov,white,"Needleman,G",Karpov Simul,Buenos Aires ARG,2005.09.20,2005,1,"Karpov,Ana","Needleman,G",2672.0,2242.0,0-1,black_win,loss,E69,,192,96.0,27,18,2,0,True,True,13,11,True,0,14,7
Karpov.pgn,Karpov,black,"Kosyrev,V",Keres Mem Rapid,Tallinn EST,2006.01.07,2006,1,"Kosyrev,V","Karpov,Ana",2530.0,2672.0,1/2-1/2,draw,draw,E14,,129,64.5,18,3,2,0,True,True,9,0,True,0,9,3
Karpov.pgn,Karpov,white,"Agrest,E",Keres Mem Rapid,Tallinn EST,2006.01.07,2006,2,"Karpov,Ana","Agrest,E",2672.0,2571.0,1-0,white_win,win,D11,,137,68.5,23,3,2,0,True,True,12,2,True,0,11,1
Karpov.pgn,Karpov,black,"Yemelin,V",Keres Mem Rapid,Tallinn EST,2006.01.07,2006,3,"Yemelin,V","Karpov,Ana",2529.0,2672.0,0-1,black_win,win,B14,,58,29.0,17,5,1,0,False,True,10,5,True,0,7,0
Karpov.pgn,Karpov,white,"Shirov,A",Keres Mem Rapid,Tallinn EST,2006.01.07,2006,4,"Karpov,Ana","Shirov,A",2672.0,2710.0,1-0,white_win,win,D85,,59,29.5,13,2,0,0,False,False,6,1,False,0,7,1
Karpov.pgn,Karpov,black,"Ivanchuk,V",Keres Mem Rapid,Tallinn EST,2006.01.08,2006,5,"Ivanchuk,V","Karpov,Ana",2748.0,2672.0,1/2-1/2,draw,draw,E15,,74,37.0,20,1,2,0,True,True,10,0,True,0,10,1
Karpov.pgn,Karpov,black,"Vitiugov,N",Keres Mem Rapid,Tallinn EST,2006.01.08,2006,7,"Vitiugov,N","Karpov,Ana",2538.0,2672.0,1/2-1/2,draw,draw,E12,,65,32.5,16,0,2,0,True,True,8,0,True,0,8,0
Karpov.pgn,Karpov,white,"Kasimdzhanov,R",Keres Mem Rapid,Tallinn EST,2006.01.08,2006,8,"Karpov,Ana","Kasimdzhanov,R",2672.0,2670.0,1/2-1/2,draw,draw,D08,,60,30.0,16,0,2,0,True,True,8,0,True,0,8,0
Karpov.pgn,Karpov,black,"Berg,E",Keres Mem Rapid,Tallinn EST,2006.01.08,2006,9,"Berg,E","Karpov,Ana",2540.0,2672.0,0-1,black_win,win,C43,,97,48.5,24,9,2,0,True,True,12,4,True,0,12,5
Karpov.pgn,Karpov,black,"Portisch,L",Gligoric 83rd g/20 Match,Novi Sad SCG,2006.02.03,2006,1,"Portisch,L","Karpov,Ana",2533.0,2672.0,0-1,black_win,win,E14,,68,34.0,17,3,2,0,True,True,9,3,True,0,8,0
Karpov.pgn,Karpov,white,"Portisch,L",Gligoric 83rd g/20 Match,Novi Sad SCG,2006.02.03,2006,2,"Karpov,Ana","Portisch,L",2672.0,2533.0,1/2-1/2,draw,draw,A31,,56,28.0,4,1,2,0,True,True,2,1,True,0,2,0
Karpov.pgn,Karpov,black,"Portisch,L",Gligoric 83rd g/20 Match,Novi Sad SCG,2006.02.03,2006,3,"Portisch,L","Karpov,Ana",2533.0,2672.0,1/2-1/2,draw,draw,E14,,39,19.5,8,0,2,0,True,True,4,0,True,0,4,0
Karpov.pgn,Karpov,white,"Portisch,L",Gligoric 83rd g/20 Match,Novi Sad SCG,2006.02.03,2006,4,"Karpov,Ana","Portisch,L",2672.0,2533.0,1/2-1/2,draw,draw,E38,,65,32.5,19,5,1,0,False,True,9,3,False,0,10,2
Karpov.pgn,Karpov,black,"Zvjaginsev,V",XIII TCh-RUS,Sochi RUS,2006.04.22,2006,3,"Zvjaginsev,V","Karpov,Ana",2670.0,2672.0,1/2-1/2,draw,draw,E13,,41,20.5,4,0,2,0,True,True,2,0,True,0,2,0
Karpov.pgn,Karpov,white,"Akopian,Vl",XIII TCh-RUS,Sochi RUS,2006.04.23,2006,4,"Karpov,Ana","Akopian,Vl",2672.0,2706.0,0-1,black_win,loss,D12,,92,46.0,18,5,2,0,True,True,9,1,True,0,9,4
Karpov.pgn,Karpov,white,"Spassky,B",Match des Legendes,Porto Vecchio FRA,2006.05.26,2006,1,"Karpov,Ana","Spassky,B",2672.0,2548.0,1/2-1/2,draw,draw,E11,,123,61.5,22,5,2,0,True,True,11,2,True,0,11,3
Karpov.pgn,Karpov,black,"Spassky,B",Match des Legendes,Porto Vecchio FRA,2006.05.26,2006,2,"Spassky,B","Karpov,Ana",2548.0,2672.0,1-0,white_win,loss,B17,,81,40.5,22,4,2,0,True,True,11,2,True,0,11,2
Karpov.pgn,Karpov,black,"Leko,P",Rapid Match,Miskolc HUN,2006.08.02,2006,5,"Leko,P","Karpov,Ana",2738.0,2668.0,1/2-1/2,draw,draw,D27,,92,46.0,19,12,2,0,True,True,9,10,True,0,10,2
Karpov.pgn,Karpov,black,"Polgar,Ju",Lichthof Champions Blitz,Zurich SUI,2006.08.22,2006,1,"Polgar,Ju","Karpov,Ana",2710.0,2668.0,1/2-1/2,draw,draw,B14,,86,43.0,18,3,2,0,True,True,9,1,True,0,9,2
Karpov.pgn,Karpov,white,"Korchnoi,V",Lichthof Champions Blitz,Zurich SUI,2006.08.22,2006,2,"Karpov,Ana","Korchnoi,V",2668.0,2600.0,1-0,white_win,win,E14,,169,84.5,21,5,2,3,True,True,11,2,True,2,10,3
Karpov.pgn,Karpov,black,"Kasparov,G",Lichthof Champions Blitz,Zurich SUI,2006.08.22,2006,3,"Kasparov,G","Karpov,Ana",2812.0,2668.0,1/2-1/2,draw,draw,E12,,106,53.0,16,1,2,0,True,True,8,0,True,0,8,1
Karpov.pgn,Karpov,white,"Polgar,Ju",Lichthof Champions Blitz,Zurich SUI,2006.08.22,2006,4,"Karpov,Ana","Polgar,Ju",2668.0,2710.0,1-0,white_win,win,E90,,44,22.0,8,0,2,0,True,True,4,0,True,0,4,0
Karpov.pgn,Karpov,black,"Korchnoi,V",Lichthof Champions Blitz,Zurich SUI,2006.08.22,2006,5,"Korchnoi,V","Karpov,Ana",2600.0,2668.0,0-1,black_win,win,D28,,104,52.0,18,6,2,0,True,True,11,5,True,0,7,1
Karpov.pgn,Karpov,white,"Kasparov,G",Lichthof Champions Blitz,Zurich SUI,2006.08.22,2006,6,"Karpov,Ana","Kasparov,G",2668.0,2812.0,1/2-1/2,draw,draw,D27,,38,19.0,12,0,1,0,True,False,6,0,True,0,6,0
Karpov.pgn,Karpov,black,"Leko,P",Rapid Match,Miskolc HUN,2006.08.30,2006,1,"Leko,P","Karpov,Ana",2738.0,2668.0,1/2-1/2,draw,draw,B19,,55,27.5,10,4,2,0,True,True,6,4,True,0,4,0
Karpov.pgn,Karpov,white,"Leko,P",Rapid Match,Miskolc HUN,2006.08.30,2006,2,"Karpov,Ana","Leko,P",2668.0,2738.0,1/2-1/2,draw,draw,E35,,59,29.5,14,1,2,0,True,True,7,0,True,0,7,1
Karpov.pgn,Karpov,black,"Leko,P",Rapid Match,Miskolc HUN,2006.08.31,2006,3,"Leko,P","Karpov,Ana",2738.0,2668.0,1-0,white_win,loss,E15,,101,50.5,16,5,2,0,True,True,8,1,True,0,8,4
Karpov.pgn,Karpov,white,"Leko,P",Rapid Match,Miskolc HUN,2006.08.31,2006,4,"Karpov,Ana","Leko,P",2668.0,2738.0,1/2-1/2,draw,draw,E37,,74,37.0,19,4,2,0,True,True,10,0,True,0,9,4
Karpov.pgn,Karpov,white,"Leko,P",Rapid Match,Miskolc HUN,2006.09.02,2006,6,"Karpov,Ana","Leko,P",2668.0,2738.0,1/2-1/2,draw,draw,D47,,68,34.0,16,0,2,0,True,True,8,0,True,0,8,0
Karpov.pgn,Karpov,black,"Leko,P",Rapid Match,Miskolc HUN,2006.09.03,2006,7,"Leko,P","Karpov,Ana",2738.0,2668.0,1/2-1/2,draw,draw,D27,,128,64.0,23,4,2,0,True,True,12,1,True,0,11,3
Karpov.pgn,Karpov,white,"Leko,P",Rapid Match,Miskolc HUN,2006.09.03,2006,8,"Karpov,Ana","Leko,P",2668.0,2738.0,1/2-1/2,draw,draw,E15,,112,56.0,24,6,2,0,True,True,12,2,True,0,12,4
Karpov.pgn,Karpov,white,"Carlsen,M",GpB,Cap d'Agde FRA,2006.10.27,2006,1,"Karpov,Ana","Carlsen,M",2668.0,2698.0,1/2-1/2,draw,draw,A39,,59,29.5,12,0,2,0,True,True,7,0,True,0,5,0
Karpov.pgn,Karpov,white,Zhao Xue,GpB,Cap d'Agde FRA,2006.10.27,2006,2,"Karpov,Ana",Zhao Xue,2668.0,2467.0,0-1,black_win,loss,E05,,132,66.0,22,3,2,0,True,True,11,2,True,0,11,1
Karpov.pgn,Karpov,black,"Koneru,H",GpB,Cap d'Agde FRA,2006.10.28,2006,3,"Koneru,H","Karpov,Ana",2545.0,2668.0,1-0,white_win,loss,D27,,48,24.0,8,1,2,0,True,True,4,0,True,0,4,1
Karpov.pgn,Karpov,white,"Bacrot,E",GpB,Cap d'Agde FRA,2006.10.28,2006,4,"Karpov,Ana","Bacrot,E",2668.0,2705.0,1-0,white_win,win,D11,,151,75.5,26,14,2,0,True,True,14,6,True,0,12,8
Karpov.pgn,Karpov,black,"Volokitin,And",GpB,Cap d'Agde FRA,2006.10.28,2006,5,"Volokitin,And","Karpov,Ana",2645.0,2668.0,1-0,white_win,loss,B12,,139,69.5,26,16,1,0,True,False,12,7,False,0,14,9
Karpov.pgn,Karpov,black,Zhao Xue,GpB Tiebreak,Cap d'Agde FRA,2006.10.29,2006,1,Zhao Xue,"Karpov,Ana",2467.0,2668.0,1-0,white_win,loss,E13,,94,47.0,15,4,0,0,False,False,8,4,False,0,7,0
Karpov.pgn,Karpov,black,"Bacrot,E",GpB Tiebreak,Cap d'Agde FRA,2006.10.29,2006,2,"Bacrot,E","Karpov,Ana",2705.0,2668.0,1/2-1/2,draw,draw,D27,,179,89.5,27,16,2,0,True,True,14,4,True,0,13,12
Karpov.pgn,Karpov,white,"Koneru,H",GpB Tiebreak,Cap d'Agde FRA,2006.10.29,2006,3,"Karpov,Ana","Koneru,H",2668.0,2545.0,1/2-1/2,draw,draw,D36,,120,60.0,22,12,2,0,True,True,11,5,True,0,11,7
Karpov.pgn,Karpov,white,"Bacrot,E",GpB Tiebreak,Cap d'Agde FRA,2006.10.29,2006,4,"Karpov,Ana","Bacrot,E",2668.0,2705.0,1/2-1/2,draw,draw,D11,,82,41.0,14,0,2,0,True,True,7,0,True,0,7,0
Karpov.pgn,Karpov,black,"Koneru,H",GpB Tiebreak,Cap d'Agde FRA,2006.10.29,2006,5,"Koneru,H","Karpov,Ana",2545.0,2668.0,1-0,white_win,loss,D48,,71,35.5,13,5,1,0,True,False,6,1,False,0,7,4
Karpov.pgn,Karpov,white,"Vachier Lagrave,M",GpB,Cap d'Agde FRA,2006.10.29,2006,6,"Karpov,Ana","Vachier Lagrave,M",2668.0,2579.0,1-0,white_win,win,A16,,115,57.5,17,5,2,0,True,True,8,5,True,0,9,0
Karpov.pgn,Karpov,black,"Skripchenko,A",GpB,Cap d'Agde FRA,2006.10.29,2006,7,"Skripchenko,A","Karpov,Ana",2427.0,2668.0,0-1,black_win,win,B22,,117,58.5,17,5,2,0,True,True,9,0,True,0,8,5
Karpov.pgn,Karpov,black,"Vescovi,G",Rapid Match,Guarulhos BRA,2006.12.05,2006,1,"Vescovi,G","Karpov,Ana",2592.0,2668.0,1-0,white_win,loss,B19,,59,29.5,14,1,2,0,True,True,7,1,True,0,7,0
Karpov.pgn,Karpov,white,"Vescovi,G",Rapid Match,Guarulhos BRA,2006.12.05,2006,2,"Karpov,Ana","Vescovi,G",2668.0,2592.0,1-0,white_win,win,D38,,83,41.5,16,6,2,0,True,True,8,3,True,0,8,3
Karpov.pgn,Karpov,black,"Vescovi,G",Rapid Match,Guarulhos BRA,2006.12.06,2006,3,"Vescovi,G","Karpov,Ana",2592.0,2668.0,0-1,black_win,win,B19,,108,54.0,24,7,2,0,True,True,13,5,True,0,11,2
Karpov.pgn,Karpov,white,"Vescovi,G",Rapid Match,Guarulhos BRA,2006.12.06,2006,4,"Karpov,Ana","Vescovi,G",2668.0,2592.0,1/2-1/2,draw,draw,D38,,74,37.0,23,3,2,0,True,True,11,3,True,0,12,0
Karpov.pgn,Karpov,white,"Schumacher,Maik",Simul,Wolfsburg GER,2007.01.20,2007,1,"Karpov,Ana","Schumacher,Maik",2668.0,,1-0,white_win,win,B10,,111,55.5,23,7,2,0,True,True,12,6,True,0,11,1
Karpov.pgn,Karpov,white,"Lehmann,A",Simul,Wolfsburg GER,2007.01.20,2007,1,"Karpov,Ana","Lehmann,A",2668.0,2195.0,1-0,white_win,win,B02,,77,38.5,15,1,0,0,False,False,8,0,False,0,7,1
Karpov.pgn,Karpov,white,"Poelig,Juergen",Simul,Wolfsburg GER,2007.01.20,2007,1,"Karpov,Ana","Poelig,Juergen",2668.0,,1-0,white_win,win,D34,,89,44.5,17,2,2,0,True,True,10,2,True,0,7,0
Karpov.pgn,Karpov,white,"Seitz,M",Simul,Wolfsburg GER,2007.01.20,2007,1,"Karpov,Ana","Seitz,M",2668.0,2258.0,1-0,white_win,win,D55,,53,26.5,12,0,2,0,True,True,6,0,True,0,6,0
Karpov.pgn,Karpov,white,"Loewner,Arnold",Simul,Wolfsburg GER,2007.01.20,2007,1,"Karpov,Ana","Loewner,Arnold",2668.0,,1-0,white_win,win,B31,,105,52.5,13,1,2,0,True,True,7,1,True,0,6,0
Karpov.pgn,Karpov,white,"Rutz,M",Simul,Wolfsburg GER,2007.01.20,2007,1,"Karpov,Ana","Rutz,M",2668.0,2108.0,1-0,white_win,win,D37,,102,51.0,15,5,2,0,True,True,8,3,True,0,7,2
Karpov.pgn,Karpov,white,"Chmelev,Alex",Simul,Wolfsburg GER,2007.01.20,2007,1,"Karpov,Ana","Chmelev,Alex",2668.0,,1-0,white_win,win,D36,,61,30.5,14,4,1,0,True,False,7,3,True,0,7,1
Karpov.pgn,Karpov,white,"Kyas,Ma",Simul,Wolfsburg GER,2007.01.20,2007,1,"Karpov,Ana","Kyas,Ma",2668.0,1943.0,1/2-1/2,draw,draw,E71,,68,34.0,18,1,2,0,True,True,8,1,True,0,10,0
Karpov.pgn,Karpov,white,"Knoetgen,Andreas",Simul,Wolfsburg GER,2007.01.20,2007,1,"Karpov,Ana","Knoetgen,Andreas",2668.0,,1-0,white_win,win,E38,,61,30.5,10,3,2,0,True,True,5,1,True,0,5,2
Karpov.pgn,Karpov,white,"Bergmann,R",Simul,Wolfsburg GER,2007.01.20,2007,1,"Karpov,Ana","Bergmann,R",2668.0,1965.0,1-0,white_win,win,B30,,59,29.5,10,1,2,0,True,True,5,1,True,0,5,0
Karpov.pgn,Karpov,white,"Kyas,Philipp",Simul,Wolfsburg GER,2007.01.20,2007,1,"Karpov,Ana","Kyas,Philipp",2668.0,,1-0,white_win,win,C66,,57,28.5,15,1,1,0,True,False,8,1,True,0,7,0
Karpov.pgn,Karpov,white,"Funk,Alexander",Simul,Wolfsburg GER,2007.01.20,2007,1,"Karpov,Ana","Funk,Alexander",2668.0,,1-0,white_win,win,C41,,71,35.5,18,1,2,0,True,True,11,1,True,0,7,0
Karpov.pgn,Karpov,white,"Pemberneck,Andreas",Simul,Wolfsburg GER,2007.01.20,2007,1,"Karpov,Ana","Pemberneck,Andreas",2668.0,,1-0,white_win,win,B07,,61,30.5,12,3,2,1,True,True,7,3,True,1,5,0
Karpov.pgn,Karpov,white,"Boskovic,Mar",Simul,Wolfsburg GER,2007.01.20,2007,1,"Karpov,Ana","Boskovic,Mar",2668.0,2025.0,1/2-1/2,draw,draw,E71,,22,11.0,4,0,1,0,False,True,2,0,False,0,2,0
Karpov.pgn,Karpov,white,"Urban,Steffen",Simul,Wolfsburg GER,2007.01.20,2007,1,"Karpov,Ana","Urban,Steffen",2668.0,,1-0,white_win,win,E69,,111,55.5,25,9,2,0,True,True,13,4,True,0,12,5
Karpov.pgn,Karpov,white,"Barlag,C",Simul,Wolfsburg GER,2007.01.20,2007,1,"Karpov,Ana","Barlag,C",2668.0,2093.0,0-1,black_win,loss,A52,,80,40.0,18,2,2,0,True,True,8,0,True,0,10,2
Karpov.pgn,Karpov,white,"Sack,Sebastian",Simul,Wolfsburg GER,2007.01.20,2007,1,"Karpov,Ana","Sack,Sebastian",2668.0,,1-0,white_win,win,D11,,31,15.5,7,2,0,0,False,False,5,1,False,0,2,1
Karpov.pgn,Karpov,white,"Retzlaff,Thomas",Simul,Wolfsburg GER,2007.01.20,2007,1,"Karpov,Ana","Retzlaff,Thomas",2668.0,,1-0,white_win,win,D30,,73,36.5,8,3,2,0,True,True,4,3,True,0,4,0
Karpov.pgn,Karpov,white,"Hansch,Stephan",Simul,Wolfsburg GER,2007.01.20,2007,1,"Karpov,Ana","Hansch,Stephan",2668.0,,1-0,white_win,win,E71,,57,28.5,11,2,1,0,False,True,6,2,False,0,5,0
Karpov.pgn,Karpov,white,"Kessler,Juergen",Simul,Wolfsburg GER,2007.01.20,2007,1,"Karpov,Ana","Kessler,Juergen",2668.0,,1-0,white_win,win,D70,,88,44.0,13,3,2,0,True,True,7,3,True,0,6,0
Karpov.pgn,Karpov,white,"Claus,Ulrich",Simul,Wolfsburg GER,2007.01.20,2007,1,"Karpov,Ana","Claus,Ulrich",2668.0,,1-0,white_win,win,E90,,120,60.0,8,0,1,0,False,True,4,0,False,0,4,0
Karpov.pgn,Karpov,white,"Heinemann,Josefine",Simul,Wolfsburg GER,2007.01.20,2007,1,"Karpov,Ana","Heinemann,Josefine",2668.0,,1-0,white_win,win,C60,,53,26.5,15,4,2,0,True,True,10,4,True,0,5,0
Karpov.pgn,Karpov,white,"Langenfeld,O",Simul,Wolfsburg GER,2007.01.20,2007,1,"Karpov,Ana","Langenfeld,O",2668.0,1864.0,1-0,white_win,win,A70,,73,36.5,19,2,2,0,True,True,10,1,True,0,9,1
Karpov.pgn,Karpov,white,"Jensch,Dieter",Simul,Wolfsburg GER,2007.01.20,2007,1,"Karpov,Ana","Jensch,Dieter",2668.0,,1-0,white_win,win,D20,,39,19.5,9,1,2,0,True,True,4,0,True,0,5,1
Karpov.pgn,Karpov,white,"Wolter,Kerstin",Simul,Wolfsburg GER,2007.01.20,2007,1,"Karpov,Ana","Wolter,Kerstin",2668.0,,1/2-1/2,draw,draw,B19,,43,21.5,10,1,2,0,True,True,5,0,True,0,5,1
Karpov.pgn,Karpov,white,"Marin,M",II Rapid,Canada de Calatrava ESP,2007.04.06,2007,3,"Karpov,Ana","Marin,M",2668.0,2549.0,1-0,white_win,win,A70,,107,53.5,24,5,2,0,True,True,12,4,True,0,12,1
Karpov.pgn,Karpov,black,"Akobian,V",II Rapid,Canada de Calatrava ESP,2007.04.07,2007,4,"Akobian,V","Karpov,Ana",2600.0,2668.0,1/2-1/2,draw,draw,E15,,30,15.0,2,1,2,0,True,True,1,1,True,0,1,0
Karpov.pgn,Karpov,white,"Kogan,Ar",II Rapid,Canada de Calatrava ESP,2007.04.07,2007,5,"Karpov,Ana","Kogan,Ar",2668.0,2566.0,1-0,white_win,win,E11,,71,35.5,12,4,2,0,True,True,7,1,True,0,5,3
Karpov.pgn,Karpov,white,"Anand,V",II Rapid,Canada de Calatrava ESP,2007.04.07,2007,6,"Karpov,Ana","Anand,V",2668.0,2779.0,1/2-1/2,draw,draw,E15,,56,28.0,18,3,2,0,True,True,8,1,True,0,10,2
Karpov.pgn,Karpov,black,"Zubov,A UKR",II Rapid,Canada de Calatrava ESP,2007.04.08,2007,7,"Zubov,A UKR","Karpov,Ana",2542.0,2668.0,1/2-1/2,draw,draw,A46,,33,16.5,4,0,2,0,True,True,2,0,True,0,2,0
Karpov.pgn,Karpov,black,"Ubilava,E",II Rapid,Canada de Calatrava ESP,2007.04.08,2007,8,"Ubilava,E","Karpov,Ana",2528.0,2668.0,1/2-1/2,draw,draw,E05,,71,35.5,16,3,2,0,True,True,8,0,True,0,8,3
Karpov.pgn,Karpov,white,"Miton,K",II Rapid,Canada de Calatrava ESP,2007.04.08,2007,9,"Karpov,Ana","Miton,K",2668.0,2655.0,1/2-1/2,draw,draw,E90,,48,24.0,6,1,2,0,True,True,3,1,True,0,3,0
Karpov.pgn,Karpov,black,"Miton,K",TCh-RUS,Sochi RUS,2007.05.05,2007,4,"Miton,K","Karpov,Ana",2653.0,2668.0,1/2-1/2,draw,draw,C92,,31,15.5,2,0,2,0,True,True,1,0,True,0,1,0
Karpov.pgn,Karpov,white,"Timofeev,Arty",TCh-RUS,Sochi RUS,2007.05.06,2007,5,"Karpov,Ana","Timofeev,Arty",2668.0,2658.0,1/2-1/2,draw,draw,D90,,70,35.0,20,3,2,0,True,True,10,0,True,0,10,3
Karpov.pgn,Karpov,white,"Nikolic,Pr",Gorenje GM,Valjevo SRB,2007.06.13,2007,1,"Karpov,Ana","Nikolic,Pr",2668.0,2631.0,1/2-1/2,draw,draw,C88,,150,75.0,22,5,2,0,True,True,11,3,True,0,11,2
Karpov.pgn,Karpov,white,"Ivanisevic,I",Gorenje GM,Valjevo SRB,2007.06.14,2007,2,"Karpov,Ana","Ivanisevic,I",2668.0,2614.0,1/2-1/2,draw,draw,D30,,38,19.0,10,1,2,0,True,True,5,1,True,0,5,0
Karpov.pgn,Karpov,black,"Atalik,S",Gorenje GM,Valjevo SRB,2007.06.15,2007,3,"Atalik,S","Karpov,Ana",2584.0,2668.0,1/2-1/2,draw,draw,E15,,64,32.0,14,1,2,0,True,True,7,1,True,0,7,0
Karpov.pgn,Karpov,white,"Georgiev,Ki",Gorenje GM,Valjevo SRB,2007.06.16,2007,4,"Karpov,Ana","Georgiev,Ki",2668.0,2660.0,1-0,white_win,win,E37,,123,61.5,24,5,1,0,False,True,13,1,False,0,11,4
Karpov.pgn,Karpov,black,"Iordachescu,V",Gorenje GM,Valjevo SRB,2007.06.17,2007,5,"Iordachescu,V","Karpov,Ana",2587.0,2668.0,0-1,black_win,win,C84,,86,43.0,13,3,2,0,True,True,7,3,True,0,6,0
Karpov.pgn,Karpov,white,"Damljanovic,B",Gorenje GM,Valjevo SRB,2007.06.18,2007,6,"Karpov,Ana","Damljanovic,B",2668.0,2585.0,1/2-1/2,draw,draw,E62,,41,20.5,3,0,2,0,True,True,1,0,True,0,2,0
Karpov.pgn,Karpov,black,"Roiz,M",Gorenje GM,Valjevo SRB,2007.06.19,2007,7,"Roiz,M","Karpov,Ana",2605.0,2668.0,1-0,white_win,loss,E37,,87,43.5,14,4,1,0,False,True,7,2,True,0,7,2
Karpov.pgn,Karpov,white,"Stojanovic,Mih",Gorenje GM,Valjevo SRB,2007.06.20,2007,8,"Karpov,Ana","Stojanovic,Mih",2668.0,2588.0,1-0,white_win,win,C10,,49,24.5,9,2,2,0,True,True,4,2,True,0,5,0
Karpov.pgn,Karpov,black,"Pavasovic,D",Gorenje GM,Valjevo SRB,2007.06.21,2007,9,"Pavasovic,D","Karpov,Ana",2567.0,2668.0,1/2-1/2,draw,draw,B14,,20,10.0,4,0,2,0,True,True,2,0,True,0,2,0
Karpov.pgn,Karpov,white,"Gutknecht,Tatiana",ch-Euro Blitz,Ajaccio FRA,2007.10.25,2007,1,"Karpov,Ana","Gutknecht,Tatiana",2670.0,,1-0,white_win,win,A10,,51,25.5,16,5,0,0,False,False,12,5,False,0,4,0
Karpov.pgn,Karpov,white,"Costa,Ala",ch-Euro Blitz,Ajaccio FRA,2007.10.25,2007,3,"Karpov,Ana","Costa,Ala",2670.0,1569.0,1-0,white_win,win,A25,,55,27.5,15,1,2,0,True,True,8,1,True,0,7,0
Karpov.pgn,Karpov,black,"Costa,Ala",ch-Euro Blitz,Ajaccio FRA,2007.10.25,2007,4,"Costa,Ala","Karpov,Ana",1569.0,2670.0,0-1,black_win,win,B30,,58,29.0,14,1,2,0,True,True,8,1,True,0,6,0
Karpov.pgn,Karpov,white,"Levitov,Ilya",ch-Euro Blitz,Ajaccio FRA,2007.10.25,2007,5,"Karpov,Ana","Levitov,Ilya",2670.0,,1-0,white_win,win,A58,,67,33.5,16,2,2,0,True,True,9,2,True,0,7,0
Karpov.pgn,Karpov,black,"Levitov,Ilya",ch-Euro Blitz,Ajaccio FRA,2007.10.25,2007,6,"Levitov,Ilya","Karpov,Ana",,2670.0,0-1,black_win,win,B43,,63,31.5,15,1,2,0,True,True,9,1,True,0,6,0
Karpov.pgn,Karpov,white,"Cvitan,O",ch-Euro Blitz,Ajaccio FRA,2007.10.25,2007,7,"Karpov,Ana","Cvitan,O",2670.0,2543.0,1-0,white_win,win,E38,,41,20.5,7,1,2,0,True,True,4,1,True,0,3,0
Karpov.pgn,Karpov,black,"Cvitan,O",ch-Euro Blitz,Ajaccio FRA,2007.10.25,2007,8,"Cvitan,O","Karpov,Ana",2543.0,2670.0,1/2-1/2,draw,draw,A25,,124,62.0,18,1,2,0,True,True,9,0,True,0,9,1
Karpov.pgn,Karpov,white,"Bareev,E",ch-Euro Blitz,Ajaccio FRA,2007.10.25,2007,9,"Karpov,Ana","Bareev,E",2670.0,2653.0,1-0,white_win,win,D11,,75,37.5,17,5,1,0,False,True,9,2,False,0,8,3
Karpov.pgn,Karpov,black,"Bareev,E",ch-Euro Blitz,Ajaccio FRA,2007.10.25,2007,10,"Bareev,E","Karpov,Ana",2653.0,2670.0,1/2-1/2,draw,draw,E13,,130,65.0,27,10,0,0,False,False,14,4,False,0,13,6
Karpov.pgn,Karpov,white,"Fridman,D2",ch-Euro Blitz,Ajaccio FRA,2007.10.25,2007,11,"Karpov,Ana","Fridman,D2",2670.0,2621.0,1/2-1/2,draw,draw,D12,,133,66.5,25,5,2,0,True,True,12,0,True,0,13,5
Karpov.pgn,Karpov,black,"Fridman,D2",ch-Euro Blitz,Ajaccio FRA,2007.10.25,2007,12,"Fridman,D2","Karpov,Ana",2621.0,2670.0,1/2-1/2,draw,draw,E15,,81,40.5,18,3,2,0,True,True,9,3,True,0,9,0
Karpov.pgn,Karpov,white,"Guliyev,N",ch-Euro Blitz,Ajaccio FRA,2007.10.25,2007,13,"Karpov,Ana","Guliyev,N",2670.0,2560.0,0-1,black_win,loss,D20,,49,24.5,13,1,2,0,True,True,7,0,True,0,6,1
Karpov.pgn,Karpov,black,"Guliyev,N",ch-Euro Blitz,Ajaccio FRA,2007.10.25,2007,14,"Guliyev,N","Karpov,Ana",2560.0,2670.0,1-0,white_win,loss,B19,,100,50.0,20,8,2,0,True,True,12,5,True,0,8,3
Karpov.pgn,Karpov,white,"Drazic,S",ch-Euro Blitz,Ajaccio FRA,2007.10.25,2007,15,"Karpov,Ana","Drazic,S",2670.0,2493.0,1-0,white_win,win,D27,,145,72.5,24,4,2,0,True,True,13,4,True,0,11,0
Karpov.pgn,Karpov,black,"Drazic,S",ch-Euro Blitz,Ajaccio FRA,2007.10.25,2007,16,"Drazic,S","Karpov,Ana",2493.0,2670.0,0-1,black_win,win,D00,,62,31.0,15,4,1,0,True,False,8,4,False,0,7,0
Karpov.pgn,Karpov,white,"Mikhalevski,V",ch-Euro Blitz,Ajaccio FRA,2007.10.25,2007,17,"Karpov,Ana","Mikhalevski,V",2670.0,2584.0,1-0,white_win,win,D90,,144,72.0,23,11,2,0,True,True,13,7,True,0,10,4
Karpov.pgn,Karpov,black,"Mikhalevski,V",ch-Euro Blitz,Ajaccio FRA,2007.10.25,2007,18,"Mikhalevski,V","Karpov,Ana",2584.0,2670.0,0-1,black_win,win,E05,,80,40.0,17,2,2,0,True,True,8,0,True,0,9,2
Karpov.pgn,Karpov,white,"Tkachiev,V",ch-Euro Blitz,Ajaccio FRA,2007.10.25,2007,19,"Karpov,Ana","Tkachiev,V",2670.0,2661.0,0-1,black_win,loss,D11,,43,21.5,12,1,1,0,False,True,6,1,False,0,6,0
Karpov.pgn,Karpov,black,"Tkachiev,V",ch-Euro Blitz,Ajaccio FRA,2007.10.25,2007,20,"Tkachiev,V","Karpov,Ana",2661.0,2670.0,0-1,black_win,win,E15,,80,40.0,20,3,2,0,True,True,11,1,True,0,9,2
Karpov.pgn,Karpov,black,"Fressinet,L",ch-Euro Blitz,Ajaccio FRA,2007.10.25,2007,21,"Fressinet,L","Karpov,Ana",2654.0,2670.0,1-0,white_win,loss,B12,,109,54.5,18,5,1,1,True,False,8,1,False,1,10,4
Karpov.pgn,Karpov,white,"Fressinet,L",ch-Euro Blitz,Ajaccio FRA,2007.10.25,2007,22,"Karpov,Ana","Fressinet,L",2670.0,2654.0,0-1,black_win,loss,D11,,50,25.0,16,1,2,0,True,True,9,0,True,0,7,1
Karpov.pgn,Karpov,black,"Milov,V",ch-Euro Blitz,Ajaccio FRA,2007.10.26,2007,23,"Milov,V","Karpov,Ana",2676.0,2670.0,0-1,black_win,win,E13,,82,41.0,21,8,2,0,True,True,11,5,True,0,10,3
Karpov.pgn,Karpov,white,"Milov,V",ch-Euro Blitz,Ajaccio FRA,2007.10.26,2007,24,"Karpov,Ana","Milov,V",2670.0,2676.0,1-0,white_win,win,D15,,92,46.0,15,2,2,0,True,True,8,2,True,0,7,0
Karpov.pgn,Karpov,black,"Prie,E",ch-Euro Blitz,Ajaccio FRA,2007.10.26,2007,25,"Prie,E","Karpov,Ana",2532.0,2670.0,1/2-1/2,draw,draw,A47,,63,31.5,13,2,2,0,True,True,6,0,True,0,7,2
Karpov.pgn,Karpov,white,"Prie,E",ch-Euro Blitz,Ajaccio FRA,2007.10.26,2007,26,"Karpov,Ana","Prie,E",2670.0,2532.0,1-0,white_win,win,D11,,53,26.5,9,0,2,0,True,True,5,0,True,0,4,0
Karpov.pgn,Karpov,black,"Bacrot,E",ch-Euro Blitz,Ajaccio FRA,2007.10.26,2007,27,"Bacrot,E","Karpov,Ana",2695.0,2670.0,1-0,white_win,loss,E15,,81,40.5,13,4,2,0,True,True,6,1,True,0,7,3
Karpov.pgn,Karpov,white,"Bacrot,E",ch-Euro Blitz,Ajaccio FRA,2007.10.26,2007,28,"Karpov,Ana","Bacrot,E",2670.0,2695.0,1-0,white_win,win,D15,,143,71.5,24,6,2,0,True,True,12,3,True,0,12,3
Karpov.pgn,Karpov,black,"Bauer,Ch",ch-Euro Blitz,Ajaccio FRA,2007.10.26,2007,29,"Bauer,Ch","Karpov,Ana",2634.0,2670.0,0-1,black_win,win,A28,,142,71.0,26,8,2,0,True,True,14,5,True,0,12,3
Karpov.pgn,Karpov,white,"Bauer,Ch",ch-Euro Blitz,Ajaccio FRA,2007.10.26,2007,30,"Karpov,Ana","Bauer,Ch",2670.0,2634.0,1-0,white_win,win,A40,,109,54.5,19,7,2,0,True,True,10,7,True,0,9,0
Karpov.pgn,Karpov,black,"Jussupow,Ar",ch-Euro Blitz,Ajaccio FRA,2007.10.26,2007,31,"Jussupow,Ar","Karpov,Ana",2583.0,2670.0,1/2-1/2,draw,draw,E14,,41,20.5,8,0,2,0,True,True,4,0,True,0,4,0
Karpov.pgn,Karpov,white,"Jussupow,Ar",ch-Euro Blitz,Ajaccio FRA,2007.10.26,2007,32,"Karpov,Ana","Jussupow,Ar",2670.0,2583.0,1-0,white_win,win,A90,,76,38.0,18,2,2,0,True,True,8,0,True,0,10,2
Karpov.pgn,Karpov,white,"Hamdouchi,H",Corsica Masters,Bastia FRA,2007.10.29,2007,1.1,"Karpov,Ana","Hamdouchi,H",2670.0,2576.0,1-0,white_win,win,A56,,101,50.5,21,4,0,0,False,False,11,0,False,0,10,4
Karpov.pgn,Karpov,black,"Hamdouchi,H",Corsica Masters,Bastia FRA,2007.10.29,2007,1.2,"Hamdouchi,H","Karpov,Ana",2576.0,2670.0,0-1,black_win,win,C92,,69,34.5,16,1,2,0,True,True,8,0,True,0,8,1
Karpov.pgn,Karpov,black,"Guliyev,N",Corsica Masters,Bastia FRA,2007.10.29,2007,2.2,"Guliyev,N","Karpov,Ana",2560.0,2670.0,0-1,black_win,win,C92,,128,64.0,22,6,2,0,True,True,12,6,True,0,10,0
Karpov.pgn,Karpov,white,"Guliyev,N",Corsica Masters,Bastia FRA,2007.10.29,2007,2.1,"Karpov,Ana","Guliyev,N",2670.0,2560.0,1-0,white_win,win,D30,,73,36.5,10,1,2,0,True,True,6,1,True,0,4,0
Karpov.pgn,Karpov,black,"Kasimdzhanov,R",Corsica Masters,Bastia FRA,2007.10.30,2007,3.1,"Kasimdzhanov,R","Karpov,Ana",2690.0,2670.0,1-0,white_win,loss,E15,,111,55.5,22,4,2,1,True,True,11,1,True,0,11,3
Karpov.pgn,Karpov,white,"Kasimdzhanov,R",Corsica Masters,Bastia FRA,2007.10.30,2007,3.3,"Karpov,Ana","Kasimdzhanov,R",2670.0,2690.0,0-1,black_win,loss,D30,,62,31.0,11,1,2,0,True,True,6,0,True,0,5,1
Karpov.pgn,Karpov,white,"Kasimdzhanov,R",Corsica Masters,Bastia FRA,2007.10.30,2007,3.2,"Karpov,Ana","Kasimdzhanov,R",2670.0,2690.0,1-0,white_win,win,B14,,68,34.0,11,2,2,0,True,True,5,0,True,0,6,2
Karpov.pgn,Karpov,black,"Kasimdzhanov,R",Corsica Masters,Bastia FRA,2007.10.30,2007,3.4,"Kasimdzhanov,R","Karpov,Ana",2690.0,2670.0,1-0,white_win,loss,E15,,85,42.5,14,6,2,0,True,True,7,1,True,0,7,5
Karpov.pgn,Karpov,white,"Topalov,V",Chess Champions League,Vitoria Gasteiz ESP,2007.11.02,2007,1,"Karpov,Ana","Topalov,V",2670.0,2769.0,0-1,black_win,loss,E36,,96,48.0,16,2,1,0,False,True,8,0,False,0,8,2
Karpov.pgn,Karpov,black,"Polgar,Ju",Chess Champions League,Vitoria Gasteiz ESP,2007.11.03,2007,2,"Polgar,Ju","Karpov,Ana",2708.0,2670.0,1/2-1/2,draw,draw,C83,,95,47.5,21,2,2,0,True,True,10,0,True,0,11,2
Karpov.pgn,Karpov,white,"Ponomariov,R",Chess Champions League,Vitoria Gasteiz ESP,2007.11.04,2007,3,"Karpov,Ana","Ponomariov,R",2670.0,2705.0,0-1,black_win,loss,D12,,74,37.0,14,3,1,0,False,True,6,2,False,0,8,1
Karpov.pgn,Karpov,black,"Nisipeanu,LD",Chess Champions League,Vitoria Gasteiz ESP,2007.11.06,2007,4,"Nisipeanu,LD","Karpov,Ana",2668.0,2670.0,1/2-1/2,draw,draw,C42,,53,26.5,8,0,2,0,True,True,4,0,True,0,4,0
Karpov.pgn,Karpov,white,"Kasimdzhanov,R",Chess Champions League,Vitoria Gasteiz ESP,2007.11.07,2007,5,"Karpov,Ana","Kasimdzhanov,R",2670.0,2690.0,1/2-1/2,draw,draw,E90,,46,23.0,12,1,1,0,False,True,6,0,False,0,6,1
Karpov.pgn,Karpov,black,"Topalov,V",Chess Champions League,Vitoria Gasteiz ESP,2007.11.09,2007,6,"Topalov,V","Karpov,Ana",2769.0,2670.0,1/2-1/2,draw,draw,E13,,105,52.5,22,5,1,0,True,False,11,2,False,0,11,3
Karpov.pgn,Karpov,white,"Polgar,Ju",Chess Champions League,Vitoria Gasteiz ESP,2007.11.10,2007,7,"Karpov,Ana","Polgar,Ju",2670.0,2708.0,0-1,black_win,loss,E17,,86,43.0,13,2,2,0,True,True,7,0,True,0,6,2
Karpov.pgn,Karpov,black,"Ponomariov,R",Chess Champions League,Vitoria Gasteiz ESP,2007.11.11,2007,8,"Ponomariov,R","Karpov,Ana",2705.0,2670.0,1/2-1/2,draw,draw,D37,,57,28.5,8,0,2,0,True,True,4,0,True,0,4,0
Karpov.pgn,Karpov,black,"Kasimdzhanov,R",Chess Champions League,Vitoria Gasteiz ESP,2007.11.13,2007,9,"Kasimdzhanov,R","Karpov,Ana",2690.0,2670.0,1-0,white_win,loss,E37,,65,32.5,18,9,1,0,True,False,9,3,False,0,9,6
Karpov.pgn,Karpov,white,"Nisipeanu,LD",Chess Champions League,Vitoria Gasteiz ESP,2007.11.14,2007,10,"Karpov,Ana","Nisipeanu,LD",2670.0,2668.0,1/2-1/2,draw,draw,E02,,44,22.0,10,1,2,0,True,True,5,1,True,0,5,0
Karpov.pgn,Karpov,black,"Rublevsky,S",World Blitz,Moscow RUS,2007.11.21,2007,1,"Rublevsky,S","Karpov,Ana",2676.0,2670.0,1-0,white_win,loss,C42,,57,28.5,15,2,2,0,True,True,7,1,True,0,8,1
Karpov.pgn,Karpov,white,"Bacrot,E",World Blitz,Moscow RUS,2007.11.21,2007,2,"Karpov,Ana","Bacrot,E",2670.0,2695.0,1-0,white_win,win,A55,,42,21.0,6,0,2,0,True,True,3,0,True,0,3,0
Karpov.pgn,Karpov,black,"Ponomariov,R",World Blitz,Moscow RUS,2007.11.21,2007,3,"Ponomariov,R","Karpov,Ana",2705.0,2670.0,1-0,white_win,loss,D55,,89,44.5,22,5,2,0,True,True,10,3,True,0,12,2
Karpov.pgn,Karpov,black,"Adams,Mi",World Blitz,Moscow RUS,2007.11.21,2007,4,"Adams,Mi","Karpov,Ana",2729.0,2670.0,1-0,white_win,loss,C86,,75,37.5,16,0,2,0,True,True,8,0,True,0,8,0
Karpov.pgn,Karpov,white,"Mamedyarov,S",World Blitz,Moscow RUS,2007.11.21,2007,5,"Karpov,Ana","Mamedyarov,S",2670.0,2752.0,1/2-1/2,draw,draw,C68,,75,37.5,9,1,1,0,False,True,5,1,False,0,4,0
Karpov.pgn,Karpov,black,"Gelfand,B",World Blitz,Moscow RUS,2007.11.21,2007,6,"Gelfand,B","Karpov,Ana",2736.0,2670.0,1/2-1/2,draw,draw,E04,,49,24.5,10,2,2,0,True,True,5,2,True,0,5,0
Karpov.pgn,Karpov,white,"Korotylev,A",World Blitz,Moscow RUS,2007.11.21,2007,7,"Karpov,Ana","Korotylev,A",2670.0,2600.0,1/2-1/2,draw,draw,E71,,62,31.0,16,3,2,0,True,True,8,3,True,0,8,0
Karpov.pgn,Karpov,black,"Ivanchuk,V",World Blitz,Moscow RUS,2007.11.21,2007,8,"Ivanchuk,V","Karpov,Ana",2787.0,2670.0,1-0,white_win,loss,D37,,75,37.5,15,0,2,0,True,True,7,0,True,0,8,0
Karpov.pgn,Karpov,white,"Carlsen,M",World Blitz,Moscow RUS,2007.11.21,2007,9,"Karpov,Ana","Carlsen,M",2670.0,2714.0,0-1,black_win,loss,E15,,184,92.0,27,13,2,0,True,True,13,10,True,0,14,3
Karpov.pgn,Karpov,black,"Morozevich,A",World Blitz,Moscow RUS,2007.11.21,2007,10,"Morozevich,A","Karpov,Ana",2755.0,2670.0,1-0,white_win,loss,A07,,65,32.5,11,1,2,0,True,True,5,0,True,0,6,1
Karpov.pgn,Karpov,white,"Shirov,A",World Blitz,Moscow RUS,2007.11.21,2007,11,"Karpov,Ana","Shirov,A",2670.0,2739.0,1/2-1/2,draw,draw,D90,,123,61.5,23,9,1,0,False,True,11,4,False,0,12,5
Karpov.pgn,Karpov,black,"Leko,P",World Blitz,Moscow RUS,2007.11.21,2007,12,"Leko,P","Karpov,Ana",2755.0,2670.0,1-0,white_win,loss,E04,,87,43.5,19,3,2,0,True,True,9,1,True,0,10,2
Karpov.pgn,Karpov,white,"Dreev,A",World Blitz,Moscow RUS,2007.11.21,2007,13,"Karpov,Ana","Dreev,A",2670.0,2607.0,1-0,white_win,win,D11,,93,46.5,20,6,1,0,False,True,10,0,False,0,10,6
Karpov.pgn,Karpov,black,"Grischuk,A",World Blitz,Moscow RUS,2007.11.21,2007,14,"Grischuk,A","Karpov,Ana",2715.0,2670.0,1/2-1/2,draw,draw,D58,,92,46.0,18,2,2,0,True,True,9,0,True,0,9,2
Karpov.pgn,Karpov,white,"Anand,V",World Blitz,Moscow RUS,2007.11.21,2007,15,"Karpov,Ana","Anand,V",2670.0,2801.0,0-1,black_win,loss,E71,,60,30.0,12,1,2,0,True,True,7,0,True,0,5,1
Karpov.pgn,Karpov,black,"Kasimdzhanov,R",World Blitz,Moscow RUS,2007.11.21,2007,16,"Kasimdzhanov,R","Karpov,Ana",2690.0,2670.0,1/2-1/2,draw,draw,E37,,61,30.5,10,4,0,0,False,False,5,2,False,0,5,2
Karpov.pgn,Karpov,white,"Savchenko,B",World Blitz,Moscow RUS,2007.11.21,2007,17,"Karpov,Ana","Savchenko,B",2670.0,2583.0,0-1,black_win,loss,A35,,49,24.5,8,1,1,0,True,False,4,1,True,0,4,0
Karpov.pgn,Karpov,black,"Kamsky,G",World Blitz,Moscow RUS,2007.11.21,2007,18,"Kamsky,G","Karpov,Ana",2714.0,2670.0,1-0,white_win,loss,A47,,53,26.5,11,0,1,0,False,True,5,0,True,0,6,0
Karpov.pgn,Karpov,white,"Kramnik,V",World Blitz,Moscow RUS,2007.11.21,2007,19,"Karpov,Ana","Kramnik,V",2670.0,2785.0,1/2-1/2,draw,draw,D45,,82,41.0,16,3,1,0,False,True,8,0,False,0,8,3
Karpov.pgn,Karpov,white,"Rublevsky,S",World Blitz,Moscow RUS,2007.11.22,2007,20,"Karpov,Ana","Rublevsky,S",2670.0,2676.0,1/2-1/2,draw,draw,D15,,60,30.0,10,2,2,0,True,True,5,1,True,0,5,1
Karpov.pgn,Karpov,black,"Bacrot,E",World Blitz,Moscow RUS,2007.11.22,2007,21,"Bacrot,E","Karpov,Ana",2695.0,2670.0,0-1,black_win,win,E13,,82,41.0,18,6,2,0,True,True,11,4,True,0,7,2
Karpov.pgn,Karpov,white,"Ponomariov,R",World Blitz,Moscow RUS,2007.11.22,2007,22,"Karpov,Ana","Ponomariov,R",2670.0,2705.0,1-0,white_win,win,D90,,127,63.5,24,18,1,0,False,True,13,14,False,0,11,4
Karpov.pgn,Karpov,white,"Adams,Mi",World Blitz,Moscow RUS,2007.11.22,2007,23,"Karpov,Ana","Adams,Mi",2670.0,2729.0,0-1,black_win,loss,E18,,112,56.0,18,4,2,0,True,True,8,2,True,0,10,2
Karpov.pgn,Karpov,black,"Mamedyarov,S",World Blitz,Moscow RUS,2007.11.22,2007,24,"Mamedyarov,S","Karpov,Ana",2752.0,2670.0,0-1,black_win,win,A01,,66,33.0,16,6,0,0,False,False,8,1,False,0,8,5
Karpov.pgn,Karpov,white,"Gelfand,B",World Blitz,Moscow RUS,2007.11.22,2007,25,"Karpov,Ana","Gelfand,B",2670.0,2736.0,1-0,white_win,win,E32,,95,47.5,19,6,2,0,True,True,11,2,True,0,8,4
Karpov.pgn,Karpov,black,"Korotylev,A",World Blitz,Moscow RUS,2007.11.22,2007,26,"Korotylev,A","Karpov,Ana",2600.0,2670.0,1-0,white_win,loss,D03,,52,26.0,4,0,2,0,True,True,2,0,True,0,2,0
Karpov.pgn,Karpov,white,"Ivanchuk,V",World Blitz,Moscow RUS,2007.11.22,2007,27,"Karpov,Ana","Ivanchuk,V",2670.0,2787.0,0-1,black_win,loss,E32,,72,36.0,15,5,2,0,True,True,6,1,True,0,9,4
Karpov.pgn,Karpov,black,"Carlsen,M",World Blitz,Moscow RUS,2007.11.22,2007,28,"Carlsen,M","Karpov,Ana",2714.0,2670.0,1-0,white_win,loss,C42,,71,35.5,18,3,2,0,True,True,8,0,True,0,10,3
Karpov.pgn,Karpov,white,"Morozevich,A",World Blitz,Moscow RUS,2007.11.22,2007,29,"Karpov,Ana","Morozevich,A",2670.0,2755.0,0-1,black_win,loss,D15,,56,28.0,7,0,2,0,True,True,3,0,True,0,4,0
Karpov.pgn,Karpov,black,"Shirov,A",World Blitz,Moscow RUS,2007.11.22,2007,30,"Shirov,A","Karpov,Ana",2739.0,2670.0,1-0,white_win,loss,C92,,123,61.5,17,9,2,0,True,True,8,0,True,0,9,9
Karpov.pgn,Karpov,white,"Leko,P",World Blitz,Moscow RUS,2007.11.22,2007,31,"Karpov,Ana","Leko,P",2670.0,2755.0,1/2-1/2,draw,draw,E32,,118,59.0,27,5,2,0,True,True,13,3,True,0,14,2
Karpov.pgn,Karpov,black,"Dreev,A",World Blitz,Moscow RUS,2007.11.22,2007,32,"Dreev,A","Karpov,Ana",2607.0,2670.0,0-1,black_win,win,D37,,128,64.0,13,3,2,1,True,True,7,3,True,1,6,0
Karpov.pgn,Karpov,white,"Grischuk,A",World Blitz,Moscow RUS,2007.11.22,2007,33,"Karpov,Ana","Grischuk,A",2670.0,2715.0,1-0,white_win,win,E32,,95,47.5,20,7,2,0,True,True,10,5,True,0,10,2
Karpov.pgn,Karpov,black,"Anand,V",World Blitz,Moscow RUS,2007.11.22,2007,34,"Anand,V","Karpov,Ana",2801.0,2670.0,1/2-1/2,draw,draw,D58,,131,65.5,23,15,2,0,True,True,11,1,True,0,12,14
Karpov.pgn,Karpov,white,"Kasimdzhanov,R",World Blitz,Moscow RUS,2007.11.22,2007,35,"Karpov,Ana","Kasimdzhanov,R",2670.0,2690.0,1/2-1/2,draw,draw,E71,,64,32.0,9,0,2,0,True,True,4,0,True,0,5,0
Karpov.pgn,Karpov,black,"Savchenko,B",World Blitz,Moscow RUS,2007.11.22,2007,36,"Savchenko,B","Karpov,Ana",2583.0,2670.0,1-0,white_win,loss,B12,,67,33.5,19,4,1,0,True,False,10,1,False,0,9,3
Karpov.pgn,Karpov,white,"Kamsky,G",World Blitz,Moscow RUS,2007.11.22,2007,37,"Karpov,Ana","Kamsky,G",2670.0,2714.0,1/2-1/2,draw,draw,D11,,125,62.5,23,0,2,1,True,True,13,0,True,0,10,0
Karpov.pgn,Karpov,black,"Kramnik,V",World Blitz,Moscow RUS,2007.11.22,2007,38,"Kramnik,V","Karpov,Ana",2785.0,2670.0,1-0,white_win,loss,A46,,63,31.5,8,0,2,0,True,True,4,0,True,0,4,0
Karpov.pgn,Karpov,black,"Grischuk,A",2nd ACP World Rapid Cup,Odessa UKR,2008.01.05,2008,1.3,"Grischuk,A","Karpov,Ana",2711.0,2655.0,1/2-1/2,draw,draw,B12,,48,24.0,10,1,2,0,True,True,5,1,True,0,5,0
Karpov.pgn,Karpov,black,"Grischuk,A",2nd ACP World Rapid Cup,Odessa UKR,2008.01.05,2008,1.1,"Grischuk,A","Karpov,Ana",2711.0,2655.0,0-1,black_win,win,B12,,132,66.0,19,6,1,0,True,False,9,5,False,0,10,1
Karpov.pgn,Karpov,white,"Grischuk,A",2nd ACP World Rapid Cup,Odessa UKR,2008.01.05,2008,1.4,"Karpov,Ana","Grischuk,A",2655.0,2711.0,0-1,black_win,loss,B80,,36,18.0,7,0,1,0,True,False,3,0,True,0,4,0
Karpov.pgn,Karpov,white,"Grischuk,A",2nd ACP World Rapid Cup,Odessa UKR,2008.01.05,2008,1.2,"Karpov,Ana","Grischuk,A",2655.0,2711.0,0-1,black_win,loss,D45,,138,69.0,23,11,1,0,False,True,10,0,False,0,13,11
Karpov.pgn,Karpov,white,"Andreikin,D",TCh-RUS,Dagomys RUS,2008.04.05,2008,4,"Karpov,Ana","Andreikin,D",2655.0,2580.0,1/2-1/2,draw,draw,A70,,98,49.0,22,4,2,0,True,True,11,2,True,0,11,2
Karpov.pgn,Karpov,black,"Morozevich,A",TCh-RUS,Dagomys RUS,2008.04.06,2008,5,"Morozevich,A","Karpov,Ana",2774.0,2655.0,1-0,white_win,loss,C45,,221,110.5,25,24,2,0,True,True,12,8,True,0,13,16
Karpov.pgn,Karpov,white,"Efimenko,Z",TCh-RUS,Dagomys RUS,2008.04.07,2008,6,"Karpov,Ana","Efimenko,Z",2655.0,2660.0,1/2-1/2,draw,draw,E90,,113,56.5,22,10,2,0,True,True,11,0,True,0,11,10
Karpov.pgn,Karpov,black,"Ponomariov,R",4th Pivdenny Bank Chess Cup,Odessa UKR,2008.05.30,2008,1,"Ponomariov,R","Karpov,Ana",2719.0,2655.0,1/2-1/2,draw,draw,D37,,209,104.5,25,24,2,0,True,True,13,8,True,0,12,16
Karpov.pgn,Karpov,white,"Tregubov,P",4th Pivdenny Bank Chess Cup,Odessa UKR,2008.05.30,2008,2,"Karpov,Ana","Tregubov,P",2655.0,2629.0,0-1,black_win,loss,A37,,107,53.5,18,5,2,0,True,True,9,0,True,0,9,5
Karpov.pgn,Karpov,black,"Golubev,M",4th Pivdenny Bank Chess Cup,Odessa UKR,2008.05.30,2008,3,"Golubev,M","Karpov,Ana",2474.0,2655.0,1/2-1/2,draw,draw,C47,,51,25.5,14,8,0,0,False,False,7,2,False,0,7,6
Karpov.pgn,Karpov,white,"Drozdovskij,Y",4th Pivdenny Bank Chess Cup,Odessa UKR,2008.05.30,2008,4,"Karpov,Ana","Drozdovskij,Y",2655.0,2581.0,1/2-1/2,draw,draw,C10,,174,87.0,25,24,2,0,True,True,12,17,True,0,13,7
Karpov.pgn,Karpov,black,"Gelfand,B",4th Pivdenny Bank Chess Cup,Odessa UKR,2008.05.30,2008,5,"Gelfand,B","Karpov,Ana",2723.0,2655.0,1-0,white_win,loss,E32,,105,52.5,24,8,2,0,True,True,12,4,True,0,12,4
Karpov.pgn,Karpov,black,"Beim,V",4th Pivdenny Bank Chess Cup,Odessa UKR,2008.05.31,2008,6,"Beim,V","Karpov,Ana",2523.0,2655.0,0-1,black_win,win,A45,,116,58.0,26,2,2,0,True,True,13,2,True,0,13,0
Karpov.pgn,Karpov,white,"Korchnoi,V",4th Pivdenny Bank Chess Cup,Odessa UKR,2008.05.31,2008,7,"Karpov,Ana","Korchnoi,V",2655.0,2598.0,1-0,white_win,win,E32,,37,18.5,7,5,1,0,False,True,3,0,False,0,4,5
Karpov.pgn,Karpov,white,"Ponomariov,R",4th Pivdenny Bank Chess Cup,Odessa UKR,2008.05.31,2008,8,"Karpov,Ana","Ponomariov,R",2655.0,2719.0,1-0,white_win,win,D11,,87,43.5,21,1,2,0,True,True,12,1,True,0,9,0
Karpov.pgn,Karpov,black,"Tregubov,P",4th Pivdenny Bank Chess Cup,Odessa UKR,2008.05.31,2008,9,"Tregubov,P","Karpov,Ana",2629.0,2655.0,1/2-1/2,draw,draw,D37,,65,32.5,23,3,2,0,True,True,12,2,True,0,11,1
Karpov.pgn,Karpov,white,"Golubev,M",4th Pivdenny Bank Chess Cup,Odessa UKR,2008.05.31,2008,10,"Karpov,Ana","Golubev,M",2655.0,2474.0,1-0,white_win,win,E71,,67,33.5,16,3,1,0,False,True,9,0,False,0,7,3
Karpov.pgn,Karpov,black,"Drozdovskij,Y",4th Pivdenny Bank Chess Cup,Odessa UKR,2008.06.01,2008,11,"Drozdovskij,Y","Karpov,Ana",2581.0,2655.0,1/2-1/2,draw,draw,E32,,54,27.0,14,2,2,0,True,True,7,1,True,0,7,1
Karpov.pgn,Karpov,white,"Gelfand,B",4th Pivdenny Bank Chess Cup,Odessa UKR,2008.06.01,2008,12,"Karpov,Ana","Gelfand,B",2655.0,2723.0,1/2-1/2,draw,draw,D30,,42,21.0,10,1,1,0,False,True,5,0,False,0,5,1
Karpov.pgn,Karpov,white,"Beim,V",4th Pivdenny Bank Chess Cup,Odessa UKR,2008.06.01,2008,13,"Karpov,Ana","Beim,V",2655.0,2523.0,1-0,white_win,win,A89,,43,21.5,9,1,2,0,True,True,4,1,True,0,5,0
Karpov.pgn,Karpov,black,"Korchnoi,V",4th Pivdenny Bank Chess Cup,Odessa UKR,2008.06.01,2008,14,"Korchnoi,V","Karpov,Ana",2598.0,2655.0,1/2-1/2,draw,draw,E40,,67,33.5,16,1,2,0,True,True,8,1,True,0,8,0
Karpov.pgn,Karpov,white,"Gelfand,B",Tal Memorial Blitz,Moscow RUS,2008.08.29,2008,1,"Karpov,Ana","Gelfand,B",2651.0,2720.0,1-0,white_win,win,E14,,87,43.5,16,5,2,0,True,True,7,0,True,0,9,5
Karpov.pgn,Karpov,black,"Grischuk,A",Tal Memorial Blitz,Moscow RUS,2008.08.29,2008,2,"Grischuk,A","Karpov,Ana",2728.0,2651.0,1/2-1/2,draw,draw,E05,,67,33.5,14,0,2,0,True,True,7,0,True,0,7,0
Karpov.pgn,Karpov,white,"Morozevich,A",Tal Memorial Blitz,Moscow RUS,2008.08.29,2008,3,"Karpov,Ana","Morozevich,A",2651.0,2788.0,0-1,black_win,loss,D82,,23,11.5,7,1,0,0,False,False,4,1,False,0,3,0
Karpov.pgn,Karpov,black,"Mamedyarov,S",Tal Memorial Blitz,Moscow RUS,2008.08.29,2008,4,"Mamedyarov,S","Karpov,Ana",2742.0,2651.0,1-0,white_win,loss,E20,,65,32.5,15,3,2,0,True,True,8,1,True,0,7,2
Karpov.pgn,Karpov,white,"Kamsky,G",Tal Memorial Blitz,Moscow RUS,2008.08.29,2008,5,"Karpov,Ana","Kamsky,G",2651.0,2723.0,1-0,white_win,win,D12,,65,32.5,15,4,0,0,False,False,7,1,False,0,8,3
Karpov.pgn,Karpov,black,"Leko,P",Tal Memorial Blitz,Moscow RUS,2008.08.29,2008,6,"Leko,P","Karpov,Ana",2741.0,2651.0,1/2-1/2,draw,draw,E15,,45,22.5,10,2,2,0,True,True,5,1,True,0,5,1
Karpov.pgn,Karpov,white,"Kramnik,V",Tal Memorial Blitz,Moscow RUS,2008.08.29,2008,7,"Karpov,Ana","Kramnik,V",2651.0,2788.0,0-1,black_win,loss,D11,,91,45.5,16,4,1,0,False,True,8,0,False,0,8,4
Karpov.pgn,Karpov,black,"Grachev,B",Tal Memorial Blitz,Moscow RUS,2008.08.29,2008,8,"Grachev,B","Karpov,Ana",2640.0,2651.0,0-1,black_win,win,A47,,104,52.0,15,6,2,1,True,True,9,1,True,1,6,5
Karpov.pgn,Karpov,white,"Ponomariov,R",Tal Memorial Blitz,Moscow RUS,2008.08.29,2008,9,"Karpov,Ana","Ponomariov,R",2651.0,2718.0,0-1,black_win,loss,A42,,98,49.0,20,0,2,0,True,True,10,0,True,0,10,0
Karpov.pgn,Karpov,black,"Svidler,P",Tal Memorial Blitz,Moscow RUS,2008.08.29,2008,10,"Svidler,P","Karpov,Ana",2738.0,2651.0,1/2-1/2,draw,draw,B12,,59,29.5,16,2,2,0,True,True,8,2,True,0,8,0
Karpov.pgn,Karpov,white,"Alekseev,Evgeny",Tal Memorial Blitz,Moscow RUS,2008.08.29,2008,11,"Karpov,Ana","Alekseev,Evgeny",2651.0,2708.0,1-0,white_win,win,E32,,81,40.5,18,5,2,0,True,True,9,1,True,0,9,4
Karpov.pgn,Karpov,black,"Karjakin,Sergey",Tal Memorial Blitz,Moscow RUS,2008.08.29,2008,12,"Karjakin,Sergey","Karpov,Ana",2727.0,2651.0,1-0,white_win,loss,E15,,123,61.5,27,8,1,3,True,False,14,2,False,1,13,6
Karpov.pgn,Karpov,black,"Carlsen,M",Tal Memorial Blitz,Moscow RUS,2008.08.29,2008,14,"Carlsen,M","Karpov,Ana",2775.0,2651.0,1-0,white_win,loss,E15,,53,26.5,14,9,1,0,False,True,7,1,True,0,7,8
Karpov.pgn,Karpov,white,"Ivanchuk,V",Tal Memorial Blitz,Moscow RUS,2008.08.29,2008,15,"Karpov,Ana","Ivanchuk,V",2651.0,2781.0,1/2-1/2,draw,draw,E32,,64,32.0,17,2,2,0,True,True,9,1,True,0,8,1
Karpov.pgn,Karpov,white,"Tkachiev,V",Tal Memorial Blitz,Moscow RUS,2008.08.29,2008,16,"Karpov,Ana","Tkachiev,V",2651.0,2664.0,1-0,white_win,win,D25,,61,30.5,16,6,2,0,True,True,9,0,True,0,7,6
Karpov.pgn,Karpov,black,"Movsesian,S",Tal Memorial Blitz,Moscow RUS,2008.08.29,2008,17,"Movsesian,S","Karpov,Ana",2723.0,2651.0,0-1,black_win,win,B12,,80,40.0,15,1,1,0,True,False,8,0,False,0,7,1
Karpov.pgn,Karpov,black,"Gelfand,B",Tal Memorial Blitz,Moscow RUS,2008.08.30,2008,18,"Gelfand,B","Karpov,Ana",2720.0,2651.0,1-0,white_win,loss,E15,,55,27.5,10,1,2,0,True,True,4,0,True,0,6,1
Karpov.pgn,Karpov,white,"Grischuk,A",Tal Memorial Blitz,Moscow RUS,2008.08.30,2008,19,"Karpov,Ana","Grischuk,A",2651.0,2728.0,1-0,white_win,win,E14,,85,42.5,22,7,2,0,True,True,11,4,True,0,11,3
Karpov.pgn,Karpov,black,"Morozevich,A",Tal Memorial Blitz,Moscow RUS,2008.08.30,2008,20,"Morozevich,A","Karpov,Ana",2788.0,2651.0,1-0,white_win,loss,E39,,65,32.5,16,4,2,0,True,True,7,1,True,0,9,3
Karpov.pgn,Karpov,white,"Mamedyarov,S",Tal Memorial Blitz,Moscow RUS,2008.08.30,2008,21,"Karpov,Ana","Mamedyarov,S",2651.0,2742.0,1-0,white_win,win,E32,,57,28.5,16,3,2,0,True,True,7,3,True,0,9,0
Karpov.pgn,Karpov,black,"Kamsky,G",Tal Memorial Blitz,Moscow RUS,2008.08.30,2008,22,"Kamsky,G","Karpov,Ana",2723.0,2651.0,1-0,white_win,loss,A46,,94,47.0,14,6,2,0,True,True,7,3,True,0,7,3
Karpov.pgn,Karpov,white,"Leko,P",Tal Memorial Blitz,Moscow RUS,2008.08.30,2008,23,"Karpov,Ana","Leko,P",2651.0,2741.0,1/2-1/2,draw,draw,C50,,68,34.0,15,3,2,0,True,True,6,1,True,0,9,2
Karpov.pgn,Karpov,black,"Kramnik,V",Tal Memorial Blitz,Moscow RUS,2008.08.30,2008,24,"Kramnik,V","Karpov,Ana",2788.0,2651.0,1-0,white_win,loss,A46,,47,23.5,8,1,1,0,True,False,4,0,False,0,4,1
Karpov.pgn,Karpov,white,"Grachev,B",Tal Memorial Blitz,Moscow RUS,2008.08.30,2008,25,"Karpov,Ana","Grachev,B",2651.0,2640.0,1/2-1/2,draw,draw,D30,,119,59.5,20,4,2,0,True,True,10,2,True,0,10,2
Karpov.pgn,Karpov,black,"Ponomariov,R",Tal Memorial Blitz,Moscow RUS,2008.08.30,2008,26,"Ponomariov,R","Karpov,Ana",2718.0,2651.0,1-0,white_win,loss,B18,,112,56.0,23,10,0,0,False,False,11,8,False,0,12,2
Karpov.pgn,Karpov,white,"Svidler,P",Tal Memorial Blitz,Moscow RUS,2008.08.30,2008,27,"Karpov,Ana","Svidler,P",2651.0,2738.0,0-1,black_win,loss,D82,,72,36.0,19,2,2,1,True,True,9,1,True,0,10,1
Karpov.pgn,Karpov,black,"Alekseev,Evgeny",Tal Memorial Blitz,Moscow RUS,2008.08.30,2008,28,"Alekseev,Evgeny","Karpov,Ana",2708.0,2651.0,0-1,black_win,win,B12,,62,31.0,19,0,1,0,True,False,10,0,False,0,9,0
Karpov.pgn,Karpov,white,"Karjakin,Sergey",Tal Memorial Blitz,Moscow RUS,2008.08.30,2008,29,"Karpov,Ana","Karjakin,Sergey",2651.0,2727.0,0-1,black_win,loss,D11,,59,29.5,9,0,2,0,True,True,5,0,True,0,4,0
Karpov.pgn,Karpov,black,"Eljanov,P",Tal Memorial Blitz,Moscow RUS,2008.08.30,2008,30,"Eljanov,P","Karpov,Ana",2716.0,2651.0,1-0,white_win,loss,E32,,76,38.0,12,1,2,0,True,True,7,1,True,0,5,0
Karpov.pgn,Karpov,white,"Carlsen,M",Tal Memorial Blitz,Moscow RUS,2008.08.30,2008,31,"Karpov,Ana","Carlsen,M",2651.0,2775.0,0-1,black_win,loss,A12,,96,48.0,20,2,2,0,True,True,10,0,True,0,10,2
Karpov.pgn,Karpov,black,"Ivanchuk,V",Tal Memorial Blitz,Moscow RUS,2008.08.30,2008,32,"Ivanchuk,V","Karpov,Ana",2781.0,2651.0,1-0,white_win,loss,D58,,101,50.5,25,9,2,0,True,True,12,5,True,0,13,4
Karpov.pgn,Karpov,black,"Tkachiev,V",Tal Memorial Blitz,Moscow RUS,2008.08.30,2008,33,"Tkachiev,V","Karpov,Ana",2664.0,2651.0,0-1,black_win,win,B14,,102,51.0,13,0,2,0,True,True,7,0,True,0,6,0
Karpov.pgn,Karpov,white,"Movsesian,S",Tal Memorial Blitz,Moscow RUS,2008.08.30,2008,34,"Karpov,Ana","Movsesian,S",2651.0,2723.0,1-0,white_win,win,A40,,121,60.5,24,6,2,0,True,True,13,3,True,0,11,3
Karpov.pgn,Karpov,black,Hou Yifan,Trophee CCAS GpB,Cap d'Agde FRA,2008.10.26,2008,2,Hou Yifan,"Karpov,Ana",2578.0,2651.0,1/2-1/2,draw,draw,C92,,123,61.5,10,1,2,0,True,True,5,1,True,0,5,0
Karpov.pgn,Karpov,white,"Radjabov,T",Trophee CCAS GpB,Cap d'Agde FRA,2008.10.26,2008,3,"Karpov,Ana","Radjabov,T",2651.0,2751.0,1/2-1/2,draw,draw,E69,,72,36.0,18,1,2,0,True,True,9,0,True,0,9,1
Karpov.pgn,Karpov,black,"Feller,S",Trophee CCAS GpB,Cap d'Agde FRA,2008.10.27,2008,4,"Feller,S","Karpov,Ana",2526.0,2651.0,0-1,black_win,win,D55,,108,54.0,22,1,2,0,True,True,12,1,True,0,10,0
Karpov.pgn,Karpov,white,Hou Yifan,Trophee CCAS GpB Playoff,Cap d'Agde FRA,2008.10.28,2008,1,"Karpov,Ana",Hou Yifan,2651.0,2578.0,1-0,white_win,win,E37,,137,68.5,24,13,1,1,False,True,13,7,False,1,11,6
Karpov.pgn,Karpov,black,Hou Yifan,Trophee CCAS GpB Playoff,Cap d'Agde FRA,2008.10.28,2008,2,Hou Yifan,"Karpov,Ana",2578.0,2651.0,1-0,white_win,loss,C54,,100,50.0,17,0,2,0,True,True,8,0,True,0,9,0
Karpov.pgn,Karpov,white,Hou Yifan,Trophee CCAS GpB Playoff,Cap d'Agde FRA,2008.10.28,2008,3,"Karpov,Ana",Hou Yifan,2651.0,2578.0,1-0,white_win,win,E32,,84,42.0,17,2,2,1,True,True,9,0,True,0,8,2
Karpov.pgn,Karpov,black,Hou Yifan,Trophee CCAS GpB Playoff,Cap d'Agde FRA,2008.10.28,2008,4,Hou Yifan,"Karpov,Ana",2578.0,2651.0,0-1,black_win,win,C54,,72,36.0,15,4,2,0,True,True,8,4,True,0,7,0
Karpov.pgn,Karpov,black,"Koneru,H",Trophee CCAS GpB,Cap d'Agde FRA,2008.10.28,2008,6,"Koneru,H","Karpov,Ana",2618.0,2651.0,1/2-1/2,draw,draw,D55,,148,74.0,27,11,2,0,True,True,14,2,True,0,13,9
Karpov.pgn,Karpov,white,"Nakamura,Hi",Trophee CCAS GpB,Cap d'Agde FRA,2008.10.28,2008,7,"Karpov,Ana","Nakamura,Hi",2651.0,2704.0,0-1,black_win,loss,A87,,105,52.5,25,6,2,0,True,True,12,2,True,0,13,4
Karpov.pgn,Karpov,black,"Caruana,F",Trophee CCAS KO,Cap d'Agde FRA,2008.10.29,2008,1.1,"Caruana,F","Karpov,Ana",2640.0,2651.0,0-1,black_win,win,C92,,134,67.0,25,18,2,0,True,True,12,4,True,0,13,14
Karpov.pgn,Karpov,black,"Caruana,F",Trophee CCAS KO,Cap d'Agde FRA,2008.10.29,2008,1.6,"Caruana,F","Karpov,Ana",2640.0,2651.0,0-1,black_win,win,C92,,132,66.0,22,3,2,0,True,True,11,1,True,0,11,2
Karpov.pgn,Karpov,white,"Caruana,F",Trophee CCAS KO,Cap d'Agde FRA,2008.10.29,2008,1.5,"Karpov,Ana","Caruana,F",2651.0,2640.0,1/2-1/2,draw,draw,D12,,78,39.0,14,2,2,0,True,True,7,1,True,0,7,1
Karpov.pgn,Karpov,white,"Caruana,F",Trophee CCAS KO,Cap d'Agde FRA,2008.10.29,2008,1.2,"Karpov,Ana","Caruana,F",2651.0,2640.0,0-1,black_win,loss,E39,,146,73.0,19,7,2,0,True,True,8,0,True,0,11,7
Karpov.pgn,Karpov,black,"Caruana,F",Trophee CCAS KO,Cap d'Agde FRA,2008.10.29,2008,1.4,"Caruana,F","Karpov,Ana",2640.0,2651.0,1/2-1/2,draw,draw,C92,,85,42.5,26,4,2,0,True,True,12,2,True,0,14,2
Karpov.pgn,Karpov,white,"Caruana,F",Trophee CCAS KO,Cap d'Agde FRA,2008.10.29,2008,1.3,"Karpov,Ana","Caruana,F",2651.0,2640.0,1/2-1/2,draw,draw,D12,,58,29.0,14,2,2,0,True,True,7,2,True,0,7,0
Karpov.pgn,Karpov,black,"Nakamura,Hi",Trophee CCAS KO,Cap d'Agde FRA,2008.10.31,2008,2.2,"Nakamura,Hi","Karpov,Ana",2704.0,2651.0,1/2-1/2,draw,draw,E05,,25,12.5,2,0,2,0,True,True,1,0,True,0,1,0
Karpov.pgn,Karpov,white,"Nakamura,Hi",Trophee CCAS KO,Cap d'Agde FRA,2008.10.31,2008,2.1,"Karpov,Ana","Nakamura,Hi",2651.0,2704.0,1/2-1/2,draw,draw,D47,,82,41.0,18,3,2,0,True,True,9,1,True,0,9,2
Karpov.pgn,Karpov,black,"Nakamura,Hi",Trophee CCAS KO,Cap d'Agde FRA,2008.10.31,2008,2.4,"Nakamura,Hi","Karpov,Ana",2704.0,2651.0,1-0,white_win,loss,E11,,77,38.5,14,2,2,0,True,True,6,1,True,0,8,1
Karpov.pgn,Karpov,white,"Nakamura,Hi",Trophee CCAS KO,Cap d'Agde FRA,2008.10.31,2008,2.3,"Karpov,Ana","Nakamura,Hi",2651.0,2704.0,0-1,black_win,loss,E81,,76,38.0,23,5,1,1,False,True,12,1,False,0,11,4
Karpov.pgn,Karpov,black,"Jackova,J",Snowdrops vs Old-hands,Marianske Lazne CZE,2008.11.29,2008,1,"Jackova,J","Karpov,Ana",2360.0,2651.0,1-0,white_win,loss,B43,,44,22.0,7,0,2,0,True,True,3,0,True,0,4,0
Karpov.pgn,Karpov,white,"Cmilyte,V",Snowdrops vs Old-hands,Marianske Lazne CZE,2008.11.30,2008,2,"Karpov,Ana","Cmilyte,V",2651.0,2512.0,1-0,white_win,win,D90,,123,61.5,24,11,1,0,False,True,13,2,False,0,11,9
Karpov.pgn,Karpov,black,"Ushenina,A",Snowdrops vs Old-hands,Marianske Lazne CZE,2008.12.01,2008,3,"Ushenina,A","Karpov,Ana",2496.0,2651.0,1/2-1/2,draw,draw,D37,,63,31.5,8,0,2,0,True,True,4,0,True,0,4,0
Karpov.pgn,Karpov,white,"Nemcova,Kat",Snowdrops vs Old-hands,Marianske Lazne CZE,2008.12.02,2008,4,"Karpov,Ana","Nemcova,Kat",2651.0,2369.0,1-0,white_win,win,D30,,83,41.5,12,0,2,0,True,True,7,0,True,0,5,0
Karpov.pgn,Karpov,white,"Jackova,J",Snowdrops vs Old-hands,Marianske Lazne CZE,2008.12.03,2008,5,"Karpov,Ana","Jackova,J",2651.0,2360.0,1-0,white_win,win,E32,,53,26.5,13,2,1,0,False,True,7,0,False,0,6,2
Karpov.pgn,Karpov,black,"Cmilyte,V",Snowdrops vs Old-hands,Marianske Lazne CZE,2008.12.04,2008,6,"Cmilyte,V","Karpov,Ana",2512.0,2651.0,1/2-1/2,draw,draw,E05,,62,31.0,14,0,2,0,True,True,7,0,True,0,7,0
Karpov.pgn,Karpov,white,"Ushenina,A",Snowdrops vs Old-hands,Marianske Lazne CZE,2008.12.05,2008,7,"Karpov,Ana","Ushenina,A",2651.0,2496.0,1-0,white_win,win,E06,,103,51.5,20,5,2,0,True,True,11,4,True,0,9,1
Karpov.pgn,Karpov,black,"Nemcova,Kat",Snowdrops vs Old-hands,Marianske Lazne CZE,2008.12.06,2008,8,"Nemcova,Kat","Karpov,Ana",2369.0,2651.0,1/2-1/2,draw,draw,B12,,61,30.5,10,0,1,0,True,False,5,0,False,0,5,0
Karpov.pgn,Karpov,white,"Ghaem Maghami,E",Mate of the King Classical,Tehran IRI,2009.01.27,2009,1,"Karpov,Ana","Ghaem Maghami,E",2644.0,2604.0,1-0,white_win,win,E32,,83,41.5,22,12,1,0,False,True,11,5,False,0,11,7
Karpov.pgn,Karpov,black,"Ghaem Maghami,E",Mate of the King Classical,Tehran IRI,2009.01.28,2009,2,"Ghaem Maghami,E","Karpov,Ana",2604.0,2644.0,1-0,white_win,loss,B14,,181,90.5,26,17,2,0,True,True,12,9,True,0,14,8
Karpov.pgn,Karpov,white,"Ghaem Maghami,E",Mate of the King Classical,Tehran IRI,2009.01.29,2009,3,"Karpov,Ana","Ghaem Maghami,E",2644.0,2604.0,1/2-1/2,draw,draw,E36,,87,43.5,18,3,0,0,False,False,9,2,False,0,9,1
Karpov.pgn,Karpov,black,"Ghaem Maghami,E",Mate of the King Classical,Tehran IRI,2009.01.31,2009,4,"Ghaem Maghami,E","Karpov,Ana",2604.0,2644.0,1/2-1/2,draw,draw,B14,,64,32.0,20,3,1,0,True,False,10,0,False,0,10,3
Karpov.pgn,Karpov,black,"Ghaem Maghami,E",Mate of the King Rapid,Tehran IRI,2009.02.01,2009,1,"Ghaem Maghami,E","Karpov,Ana",2604.0,2644.0,0-1,black_win,win,B14,,58,29.0,15,6,1,0,True,False,9,3,False,0,6,3
Karpov.pgn,Karpov,white,"Ghaem Maghami,E",Mate of the King Rapid,Tehran IRI,2009.02.01,2009,2,"Karpov,Ana","Ghaem Maghami,E",2644.0,2604.0,0-1,black_win,loss,E36,,96,48.0,25,15,1,0,False,True,12,0,False,0,13,15
Karpov.pgn,Karpov,black,"Ghaem Maghami,E",Mate of the King Rapid,Tehran IRI,2009.02.01,2009,3,"Ghaem Maghami,E","Karpov,Ana",2604.0,2644.0,1-0,white_win,loss,B14,,75,37.5,20,8,1,0,True,False,10,0,False,0,10,8
Karpov.pgn,Karpov,white,"Ghaem Maghami,E",Mate of the King Rapid,Tehran IRI,2009.02.01,2009,4,"Karpov,Ana","Ghaem Maghami,E",2644.0,2604.0,1-0,white_win,win,E36,,85,42.5,21,5,1,0,False,True,10,2,False,0,11,3
Karpov.pgn,Karpov,white,"Ghaem Maghami,E",Mate of the King Blitz,Tehran IRI,2009.02.02,2009,1,"Karpov,Ana","Ghaem Maghami,E",2644.0,2604.0,0-1,black_win,loss,E32,,150,75.0,25,6,2,0,True,True,12,0,True,0,13,6
Karpov.pgn,Karpov,black,"Ghaem Maghami,E",Mate of the King Blitz,Tehran IRI,2009.02.02,2009,2,"Ghaem Maghami,E","Karpov,Ana",2604.0,2644.0,0-1,black_win,win,B14,,68,34.0,10,0,2,0,True,True,6,0,True,0,4,0
Karpov.pgn,Karpov,white,"Ghaem Maghami,E",Mate of the King Blitz,Tehran IRI,2009.02.02,2009,3,"Karpov,Ana","Ghaem Maghami,E",2644.0,2604.0,0-1,black_win,loss,E32,,112,56.0,23,10,1,0,False,True,10,4,False,0,13,6
Karpov.pgn,Karpov,black,"Ghaem Maghami,E",Mate of the King Blitz,Tehran IRI,2009.02.02,2009,4,"Ghaem Maghami,E","Karpov,Ana",2604.0,2644.0,1-0,white_win,loss,B10,,79,39.5,14,4,1,0,True,False,7,0,False,0,7,4
Karpov.pgn,Karpov,white,"Ghaem Maghami,E",Mate of the King Blitz,Tehran IRI,2009.02.02,2009,5,"Karpov,Ana","Ghaem Maghami,E",2644.0,2604.0,1/2-1/2,draw,draw,E32,,92,46.0,22,7,2,0,True,True,11,3,True,0,11,4
Karpov.pgn,Karpov,black,"Ghaem Maghami,E",Mate of the King Blitz,Tehran IRI,2009.02.02,2009,6,"Ghaem Maghami,E","Karpov,Ana",2604.0,2644.0,0-1,black_win,win,B14,,136,68.0,24,9,2,1,True,True,13,4,True,1,11,5
Karpov.pgn,Karpov,black,"Ghaem Maghami,E",Mate of the King Blitz,Tehran IRI,2009.02.02,2009,7,"Ghaem Maghami,E","Karpov,Ana",2604.0,2644.0,1/2-1/2,draw,draw,E34,,127,63.5,23,12,2,0,True,True,12,3,True,0,11,9
Karpov.pgn,Karpov,black,"Ghaem Maghami,E",Mate of the King Blitz,Tehran IRI,2009.02.02,2009,8,"Ghaem Maghami,E","Karpov,Ana",2604.0,2644.0,1/2-1/2,draw,draw,A28,,101,50.5,24,5,2,0,True,True,12,4,True,0,12,1
Karpov.pgn,Karpov,white,"Ghaem Maghami,E",Mate of the King Blitz,Tehran IRI,2009.02.02,2009,9,"Karpov,Ana","Ghaem Maghami,E",2644.0,2604.0,0-1,black_win,loss,E32,,74,37.0,19,7,1,0,False,True,8,1,False,0,11,6
Karpov.pgn,Karpov,black,"Ghaem Maghami,E",Mate of the King Blitz,Tehran IRI,2009.02.02,2009,10,"Ghaem Maghami,E","Karpov,Ana",2604.0,2644.0,0-1,black_win,win,E06,,72,36.0,18,1,2,0,True,True,10,1,True,0,8,0
Karpov.pgn,Karpov,white,"Ghaem Maghami,E",Mate of the King Blitz,Tehran IRI,2009.02.02,2009,11,"Karpov,Ana","Ghaem Maghami,E",2644.0,2604.0,0-1,black_win,loss,E32,,73,36.5,11,1,1,0,False,True,6,0,False,0,5,1
Karpov.pgn,Karpov,black,"Ghaem Maghami,E",Mate of the King Blitz,Tehran IRI,2009.02.02,2009,12,"Ghaem Maghami,E","Karpov,Ana",2604.0,2644.0,0-1,black_win,win,E05,,140,70.0,16,4,2,0,True,True,8,0,True,0,8,4
Karpov.pgn,Karpov,white,"Svidler,P",3rd ACP World Rapid Cup,Odessa UKR,2009.05.22,2009,1.1,"Karpov,Ana","Svidler,P",2644.0,2726.0,1/2-1/2,draw,draw,D79,,80,40.0,16,3,2,0,True,True,8,0,True,0,8,3
Karpov.pgn,Karpov,black,"Svidler,P",3rd ACP World Rapid Cup,Odessa UKR,2009.05.22,2009,1.2,"Svidler,P","Karpov,Ana",2726.0,2644.0,1/2-1/2,draw,draw,B56,,120,60.0,14,1,2,0,True,True,7,0,True,0,7,1
Karpov.pgn,Karpov,white,"Svidler,P",3rd ACP World Rapid Cup,Odessa UKR,2009.05.22,2009,1.4,"Karpov,Ana","Svidler,P",2644.0,2726.0,1/2-1/2,draw,draw,D91,,128,64.0,27,9,2,0,True,True,14,5,True,0,13,4
Karpov.pgn,Karpov,black,"Svidler,P",3rd ACP World Rapid Cup,Odessa UKR,2009.05.22,2009,1.3,"Svidler,P","Karpov,Ana",2726.0,2644.0,1-0,white_win,loss,B42,,42,21.0,4,0,1,0,True,False,2,0,False,0,2,0
Karpov.pgn,Karpov,black,"Nakamura,Hi",City of Culture GM,Donostia ESP,2009.07.07,2009,1,"Nakamura,Hi","Karpov,Ana",2710.0,2644.0,1-0,white_win,loss,D37,,129,64.5,23,6,2,0,True,True,11,5,True,0,12,1
Karpov.pgn,Karpov,white,"Ponomariov,R",City of Culture GM,Donostia ESP,2009.07.08,2009,2,"Karpov,Ana","Ponomariov,R",2644.0,2727.0,1/2-1/2,draw,draw,D85,,104,52.0,26,9,2,0,True,True,13,5,True,0,13,4
Karpov.pgn,Karpov,black,"Vachier Lagrave,M",City of Culture GM,Donostia ESP,2009.07.09,2009,3,"Vachier Lagrave,M","Karpov,Ana",2703.0,2644.0,1-0,white_win,loss,C42,,73,36.5,14,0,2,0,True,True,6,0,True,0,8,0
Karpov.pgn,Karpov,white,"Granda Zuniga,J",City of Culture GM,Donostia ESP,2009.07.11,2009,4,"Karpov,Ana","Granda Zuniga,J",2644.0,2647.0,1/2-1/2,draw,draw,D20,,115,57.5,23,5,2,0,True,True,11,4,True,0,12,1
Karpov.pgn,Karpov,black,"Svidler,P",City of Culture GM,Donostia ESP,2009.07.12,2009,5,"Svidler,P","Karpov,Ana",2739.0,2644.0,1-0,white_win,loss,C43,,69,34.5,13,3,2,0,True,True,7,1,True,0,6,2
Karpov.pgn,Karpov,white,"Movsesian,S",City of Culture GM,Donostia ESP,2009.07.13,2009,6,"Karpov,Ana","Movsesian,S",2644.0,2716.0,0-1,black_win,loss,D11,,76,38.0,15,1,2,0,True,True,8,0,True,0,7,1
Karpov.pgn,Karpov,black,"Vallejo Pons,F",City of Culture GM,Donostia ESP,2009.07.14,2009,7,"Vallejo Pons,F","Karpov,Ana",2693.0,2644.0,1-0,white_win,loss,B12,,117,58.5,25,11,0,0,False,False,12,4,False,0,13,7
Karpov.pgn,Karpov,white,"Kasimdzhanov,R",City of Culture GM,Donostia ESP,2009.07.15,2009,8,"Karpov,Ana","Kasimdzhanov,R",2644.0,2672.0,0-1,black_win,loss,D47,,124,62.0,25,8,2,0,True,True,11,2,True,0,14,6
Karpov.pgn,Karpov,black,"San Segundo Carrillo,P",City of Culture GM,Donostia ESP,2009.07.16,2009,9,"San Segundo Carrillo,P","Karpov,Ana",2570.0,2644.0,1/2-1/2,draw,draw,D37,,31,15.5,6,0,2,0,True,True,3,0,True,0,3,0
Karpov.pgn,Karpov,white,"Nueesch,G",Champions Simul,Zuerich SUI,2009.08.23,2009,1,"Karpov,Ana","Nueesch,G",2644.0,2319.0,0-1,black_win,loss,A64,,74,37.0,11,1,2,0,True,True,5,1,True,0,6,0
Karpov.pgn,Karpov,white,"Ponomariov,R",Champions Rapid,Zuerich SUI,2009.08.23,2009,1,"Karpov,Ana","Ponomariov,R",2644.0,2727.0,0-1,black_win,loss,A40,,96,48.0,21,7,2,1,True,True,10,3,True,0,11,4
Karpov.pgn,Karpov,white,"Rindlisbacher,J",Champions Simul,Zuerich SUI,2009.08.23,2009,1,"Karpov,Ana","Rindlisbacher,J",2644.0,2100.0,1-0,white_win,win,E90,,97,48.5,11,2,2,0,True,True,6,0,True,0,5,2
Karpov.pgn,Karpov,black,"Anand,V",Champions Rapid,Zuerich SUI,2009.08.23,2009,2,"Anand,V","Karpov,Ana",2788.0,2644.0,1-0,white_win,loss,C67,,87,43.5,20,5,1,0,True,False,10,1,False,0,10,4
Karpov.pgn,Karpov,white,"Topalov,V",Champions Rapid,Zuerich SUI,2009.08.23,2009,3,"Karpov,Ana","Topalov,V",2644.0,2813.0,1/2-1/2,draw,draw,A30,,74,37.0,17,5,2,0,True,True,8,0,True,0,9,5
Karpov.pgn,Karpov,white,"Polgar,Ju",Champions Rapid,Zuerich SUI,2009.08.23,2009,4,"Karpov,Ana","Polgar,Ju",2644.0,2687.0,1-0,white_win,win,E32,,63,31.5,17,2,2,0,True,True,8,0,True,0,9,2
Karpov.pgn,Karpov,black,"Khalifman,A",Champions Rapid,Zuerich SUI,2009.08.23,2009,5,"Khalifman,A","Karpov,Ana",2612.0,2644.0,1/2-1/2,draw,draw,D37,,45,22.5,10,0,2,0,True,True,5,0,True,0,5,0
Karpov.pgn,Karpov,white,"Hug,W",Champions Rapid,Zuerich SUI,2009.08.23,2009,6,"Karpov,Ana","Hug,W",2644.0,2453.0,1/2-1/2,draw,draw,E71,,45,22.5,2,0,2,0,True,True,1,0,True,0,1,0
Karpov.pgn,Karpov,black,"Kramnik,V",Champions Rapid,Zuerich SUI,2009.08.23,2009,7,"Kramnik,V","Karpov,Ana",2759.0,2644.0,1-0,white_win,loss,E05,,33,16.5,8,0,2,0,True,True,4,0,True,0,4,0
Karpov.pgn,Karpov,white,"Kasparov,G",Rapid Match,Valencia ESP,2009.09.22,2009,1,"Karpov,Ana","Kasparov,G",2619.0,2812.0,0-1,black_win,loss,D72,,47,23.5,7,0,2,0,True,True,4,0,True,0,3,0
Karpov.pgn,Karpov,black,"Kasparov,G",Rapid Match,Valencia ESP,2009.09.22,2009,2,"Kasparov,G","Karpov,Ana",2812.0,2619.0,1-0,white_win,loss,D31,,56,28.0,15,3,2,0,True,True,7,0,True,0,8,3
Karpov.pgn,Karpov,white,"Kasparov,G",Rapid Match,Valencia ESP,2009.09.23,2009,3,"Karpov,Ana","Kasparov,G",2619.0,2812.0,1-0,white_win,win,D72,,71,35.5,16,1,2,0,True,True,8,0,True,0,8,1
Karpov.pgn,Karpov,black,"Kasparov,G",Rapid Match,Valencia ESP,2009.09.23,2009,4,"Kasparov,G","Karpov,Ana",2812.0,2619.0,1-0,white_win,loss,D31,,65,32.5,10,1,2,0,True,True,5,0,True,0,5,1
Karpov.pgn,Karpov,black,"Kasparov,G",Blitz Match,Valencia ESP,2009.09.24,2009,1,"Kasparov,G","Karpov,Ana",2812.0,2619.0,0-1,black_win,win,D31,,120,60.0,27,7,2,0,True,True,14,4,True,0,13,3
Karpov.pgn,Karpov,white,"Kasparov,G",Blitz Match,Valencia ESP,2009.09.24,2009,2,"Karpov,Ana","Kasparov,G",2619.0,2812.0,1/2-1/2,draw,draw,D22,,33,16.5,12,0,2,0,True,True,6,0,True,0,6,0
Karpov.pgn,Karpov,black,"Kasparov,G",Blitz Match,Valencia ESP,2009.09.24,2009,3,"Kasparov,G","Karpov,Ana",2812.0,2619.0,1-0,white_win,loss,D31,,101,50.5,19,9,2,0,True,True,9,1,True,0,10,8
Karpov.pgn,Karpov,white,"Kasparov,G",Blitz Match,Valencia ESP,2009.09.24,2009,4,"Karpov,Ana","Kasparov,G",2619.0,2812.0,0-1,black_win,loss,D72,,71,35.5,15,3,2,0,True,True,8,3,True,0,7,0
Karpov.pgn,Karpov,black,"Kasparov,G",Blitz Match,Valencia ESP,2009.09.24,2009,5,"Kasparov,G","Karpov,Ana",2812.0,2619.0,1-0,white_win,loss,D31,,111,55.5,19,1,2,0,True,True,9,1,True,0,10,0
Karpov.pgn,Karpov,white,"Kasparov,G",Blitz Match,Valencia ESP,2009.09.24,2009,6,"Karpov,Ana","Kasparov,G",2619.0,2812.0,0-1,black_win,loss,D02,,52,26.0,14,6,1,0,False,True,8,0,False,0,6,6
Karpov.pgn,Karpov,black,"Kasparov,G",Blitz Match,Valencia ESP,2009.09.24,2009,7,"Kasparov,G","Karpov,Ana",2812.0,2619.0,1-0,white_win,loss,D31,,191,95.5,26,16,2,0,True,True,12,9,True,0,14,7
Karpov.pgn,Karpov,white,"Kasparov,G",Blitz Match,Valencia ESP,2009.09.24,2009,8,"Karpov,Ana","Kasparov,G",2619.0,2812.0,1/2-1/2,draw,draw,D72,,50,25.0,18,0,2,0,True,True,9,0,True,0,9,0
Karpov.pgn,Karpov,black,"Anand,V",Rapid Match,Corsica FRA,2009.10.31,2009,1,"Anand,V","Karpov,Ana",2788.0,2619.0,1-0,white_win,loss,D31,,91,45.5,19,3,2,0,True,True,9,0,True,0,10,3
Karpov.pgn,Karpov,white,"Anand,V",Rapid Match,Corsica FRA,2009.10.31,2009,2,"Karpov,Ana","Anand,V",2619.0,2788.0,1/2-1/2,draw,draw,D45,,82,41.0,18,8,2,0,True,True,9,3,True,0,9,5
Karpov.pgn,Karpov,black,"Anand,V",Rapid Match,Corsica FRA,2009.11.02,2009,3,"Anand,V","Karpov,Ana",2788.0,2619.0,1-0,white_win,loss,D37,,59,29.5,10,0,2,0,True,True,5,0,True,0,5,0
Karpov.pgn,Karpov,white,"Anand,V",Rapid Match,Corsica FRA,2009.11.02,2009,4,"Karpov,Ana","Anand,V",2619.0,2788.0,0-1,black_win,loss,E32,,64,32.0,13,4,2,0,True,True,6,0,True,0,7,4
Karpov.pgn,Karpov,black,"Gashimov,V",World Blitz,Moscow RUS,2009.11.16,2009,1,"Gashimov,V","Karpov,Ana",2758.0,2619.0,0-1,black_win,win,B19,,109,54.5,19,4,2,0,True,True,10,2,True,0,9,2
Karpov.pgn,Karpov,white,"Kosteniuk,A",World Blitz,Moscow RUS,2009.11.16,2009,2,"Karpov,Ana","Kosteniuk,A",2619.0,2517.0,1/2-1/2,draw,draw,D27,,142,71.0,28,4,2,0,True,True,14,3,True,0,14,1
Karpov.pgn,Karpov,black,"Bareev,E",World Blitz,Moscow RUS,2009.11.16,2009,3,"Bareev,E","Karpov,Ana",2634.0,2619.0,1-0,white_win,loss,E20,,80,40.0,14,0,2,0,True,True,7,0,True,0,7,0
Karpov.pgn,Karpov,white,"Morozevich,A",World Blitz,Moscow RUS,2009.11.16,2009,4,"Karpov,Ana","Morozevich,A",2619.0,2750.0,1/2-1/2,draw,draw,E36,,104,52.0,20,5,2,0,True,True,10,1,True,0,10,4
Karpov.pgn,Karpov,black,"Svidler,P",World Blitz,Moscow RUS,2009.11.16,2009,5,"Svidler,P","Karpov,Ana",2754.0,2619.0,1/2-1/2,draw,draw,B12,,100,50.0,16,1,2,0,True,True,8,1,True,0,8,0
Karpov.pgn,Karpov,white,"Ponomariov,R",World Blitz,Moscow RUS,2009.11.16,2009,6,"Karpov,Ana","Ponomariov,R",2619.0,2739.0,1/2-1/2,draw,draw,A50,,61,30.5,14,1,1,0,False,True,7,0,False,0,7,1
Karpov.pgn,Karpov,black,"Grischuk,A",World Blitz,Moscow RUS,2009.11.16,2009,7,"Grischuk,A","Karpov,Ana",2736.0,2619.0,1/2-1/2,draw,draw,E42,,66,33.0,15,2,2,0,True,True,7,2,True,0,8,0
Karpov.pgn,Karpov,white,"Mamedyarov,S",World Blitz,Moscow RUS,2009.11.16,2009,8,"Karpov,Ana","Mamedyarov,S",2619.0,2719.0,1-0,white_win,win,A42,,59,29.5,13,1,2,0,True,True,7,0,True,0,6,1
Karpov.pgn,Karpov,black,"Tkachiev,V",World Blitz,Moscow RUS,2009.11.16,2009,9,"Tkachiev,V","Karpov,Ana",2642.0,2619.0,0-1,black_win,win,B10,,64,32.0,16,3,2,1,True,True,7,1,True,0,9,2
Karpov.pgn,Karpov,white,"Dominguez Perez,L",World Blitz,Moscow RUS,2009.11.16,2009,10,"Karpov,Ana","Dominguez Perez,L",2619.0,2719.0,1/2-1/2,draw,draw,D27,,76,38.0,19,4,1,0,True,False,9,2,True,0,10,2
Karpov.pgn,Karpov,black,"Karjakin,Sergey",World Blitz,Moscow RUS,2009.11.16,2009,11,"Karjakin,Sergey","Karpov,Ana",2723.0,2619.0,1/2-1/2,draw,draw,B12,,85,42.5,22,3,1,0,True,False,11,0,False,0,11,3
Karpov.pgn,Karpov,black,"Gelfand,B",World Blitz,Moscow RUS,2009.11.16,2009,12,"Gelfand,B","Karpov,Ana",2758.0,2619.0,0-1,black_win,win,E20,,106,53.0,23,12,2,0,True,True,13,4,True,0,10,8
Karpov.pgn,Karpov,white,"Naiditsch,A",World Blitz,Moscow RUS,2009.11.16,2009,13,"Karpov,Ana","Naiditsch,A",2619.0,2689.0,1/2-1/2,draw,draw,E20,,36,18.0,8,1,1,0,False,True,4,0,False,0,4,1
Karpov.pgn,Karpov,black,"Carlsen,M",World Blitz,Moscow RUS,2009.11.16,2009,14,"Carlsen,M","Karpov,Ana",2801.0,2619.0,0-1,black_win,win,E20,,148,74.0,24,21,2,1,True,True,12,3,True,1,12,18
Karpov.pgn,Karpov,white,"Anand,V",World Blitz,Moscow RUS,2009.11.17,2009,15,"Karpov,Ana","Anand,V",2619.0,2788.0,0-1,black_win,loss,E32,,48,24.0,12,1,2,0,True,True,5,0,True,0,7,1
Karpov.pgn,Karpov,black,"Polgar,Ju",World Blitz,Moscow RUS,2009.11.17,2009,16,"Polgar,Ju","Karpov,Ana",2680.0,2619.0,1-0,white_win,loss,B13,,93,46.5,22,7,1,0,False,True,11,3,True,0,11,4
Karpov.pgn,Karpov,white,"Aronian,L",World Blitz,Moscow RUS,2009.11.17,2009,17,"Karpov,Ana","Aronian,L",2619.0,2786.0,1/2-1/2,draw,draw,D75,,118,59.0,25,3,2,0,True,True,12,2,True,0,13,1
Karpov.pgn,Karpov,black,"Jakovenko,D",World Blitz,Moscow RUS,2009.11.17,2009,18,"Jakovenko,D","Karpov,Ana",2736.0,2619.0,1/2-1/2,draw,draw,A14,,129,64.5,27,7,2,0,True,True,14,2,True,0,13,5
Karpov.pgn,Karpov,white,"Leko,P",World Blitz,Moscow RUS,2009.11.17,2009,19,"Karpov,Ana","Leko,P",2619.0,2752.0,1/2-1/2,draw,draw,D11,,50,25.0,12,0,2,0,True,True,6,0,True,0,6,0
Karpov.pgn,Karpov,black,"Ivanchuk,V",World Blitz,Moscow RUS,2009.11.17,2009,20,"Ivanchuk,V","Karpov,Ana",2739.0,2619.0,1-0,white_win,loss,E36,,95,47.5,25,2,2,0,True,True,13,1,True,0,12,1
Karpov.pgn,Karpov,white,"Kramnik,V",World Blitz,Moscow RUS,2009.11.17,2009,21,"Karpov,Ana","Kramnik,V",2619.0,2772.0,0-1,black_win,loss,D11,,51,25.5,8,3,1,0,True,False,4,1,True,0,4,2
Karpov.pgn,Karpov,white,"Gashimov,V",World Blitz,Moscow RUS,2009.11.17,2009,22,"Karpov,Ana","Gashimov,V",2619.0,2758.0,1/2-1/2,draw,draw,E60,,89,44.5,16,4,1,0,False,True,8,1,False,0,8,3
Karpov.pgn,Karpov,black,"Kosteniuk,A",World Blitz,Moscow RUS,2009.11.17,2009,23,"Kosteniuk,A","Karpov,Ana",2517.0,2619.0,1/2-1/2,draw,draw,B12,,171,85.5,24,10,2,2,True,True,12,8,True,1,12,2
Karpov.pgn,Karpov,white,"Bareev,E",World Blitz,Moscow RUS,2009.11.17,2009,24,"Karpov,Ana","Bareev,E",2619.0,2634.0,1-0,white_win,win,D11,,101,50.5,23,3,2,0,True,True,12,2,True,0,11,1
Karpov.pgn,Karpov,black,"Morozevich,A",World Blitz,Moscow RUS,2009.11.17,2009,25,"Morozevich,A","Karpov,Ana",2750.0,2619.0,1-0,white_win,loss,E36,,91,45.5,25,6,2,0,True,True,11,2,True,0,14,4
Karpov.pgn,Karpov,white,"Svidler,P",World Blitz,Moscow RUS,2009.11.17,2009,26,"Karpov,Ana","Svidler,P",2619.0,2754.0,1/2-1/2,draw,draw,D79,,44,22.0,13,0,2,0,True,True,6,0,True,0,7,0
Karpov.pgn,Karpov,black,"Ponomariov,R",World Blitz,Moscow RUS,2009.11.17,2009,27,"Ponomariov,R","Karpov,Ana",2739.0,2619.0,1/2-1/2,draw,draw,E06,,80,40.0,14,3,2,0,True,True,7,3,True,0,7,0
Karpov.pgn,Karpov,white,"Grischuk,A",World Blitz,Moscow RUS,2009.11.17,2009,28,"Karpov,Ana","Grischuk,A",2619.0,2736.0,1/2-1/2,draw,draw,E11,,111,55.5,22,9,2,2,True,True,11,4,True,1,11,5
Karpov.pgn,Karpov,black,"Mamedyarov,S",World Blitz,Moscow RUS,2009.11.18,2009,29,"Mamedyarov,S","Karpov,Ana",2719.0,2619.0,1-0,white_win,loss,B18,,67,33.5,11,1,2,0,True,True,5,0,True,0,6,1
Karpov.pgn,Karpov,white,"Tkachiev,V",World Blitz,Moscow RUS,2009.11.18,2009,30,"Karpov,Ana","Tkachiev,V",2619.0,2642.0,1/2-1/2,draw,draw,A41,,70,35.0,16,1,2,0,True,True,8,0,True,0,8,1
Karpov.pgn,Karpov,black,"Dominguez Perez,L",World Blitz,Moscow RUS,2009.11.18,2009,31,"Dominguez Perez,L","Karpov,Ana",2719.0,2619.0,1/2-1/2,draw,draw,B12,,63,31.5,12,3,0,0,False,False,6,2,False,0,6,1
Karpov.pgn,Karpov,white,"Karjakin,Sergey",World Blitz,Moscow RUS,2009.11.18,2009,32,"Karpov,Ana","Karjakin,Sergey",2619.0,2723.0,1/2-1/2,draw,draw,D11,,96,48.0,14,5,2,0,True,True,7,2,True,0,7,3
Karpov.pgn,Karpov,white,"Gelfand,B",World Blitz,Moscow RUS,2009.11.18,2009,33,"Karpov,Ana","Gelfand,B",2619.0,2758.0,0-1,black_win,loss,D30,,48,24.0,13,3,2,0,True,True,6,1,True,0,7,2
Karpov.pgn,Karpov,black,"Naiditsch,A",World Blitz,Moscow RUS,2009.11.18,2009,34,"Naiditsch,A","Karpov,Ana",2689.0,2619.0,0-1,black_win,win,B12,,110,55.0,21,15,0,0,False,False,12,9,False,0,9,6
Karpov.pgn,Karpov,white,"Carlsen,M",World Blitz,Moscow RUS,2009.11.18,2009,35,"Karpov,Ana","Carlsen,M",2619.0,2801.0,0-1,black_win,loss,D72,,64,32.0,12,1,2,0,True,True,7,1,True,0,5,0
Karpov.pgn,Karpov,black,"Anand,V",World Blitz,Moscow RUS,2009.11.18,2009,36,"Anand,V","Karpov,Ana",2788.0,2619.0,1-0,white_win,loss,A46,,93,46.5,14,2,2,0,True,True,7,1,True,0,7,1
Karpov.pgn,Karpov,white,"Polgar,Ju",World Blitz,Moscow RUS,2009.11.18,2009,37,"Karpov,Ana","Polgar,Ju",2619.0,2680.0,1-0,white_win,win,E21,,117,58.5,24,6,2,0,True,True,13,0,True,0,11,6
Karpov.pgn,Karpov,black,"Aronian,L",World Blitz,Moscow RUS,2009.11.18,2009,38,"Aronian,L","Karpov,Ana",2786.0,2619.0,1-0,white_win,loss,A14,,29,14.5,4,0,2,0,True,True,2,0,True,0,2,0
Karpov.pgn,Karpov,white,"Jakovenko,D",World Blitz,Moscow RUS,2009.11.18,2009,39,"Karpov,Ana","Jakovenko,D",2619.0,2736.0,0-1,black_win,loss,E21,,94,47.0,18,1,2,0,True,True,9,1,True,0,9,0
Karpov.pgn,Karpov,black,"Leko,P",World Blitz,Moscow RUS,2009.11.18,2009,40,"Leko,P","Karpov,Ana",2752.0,2619.0,1/2-1/2,draw,draw,E05,,119,59.5,22,7,2,0,True,True,11,6,True,0,11,1
Karpov.pgn,Karpov,white,"Ivanchuk,V",World Blitz,Moscow RUS,2009.11.18,2009,41,"Karpov,Ana","Ivanchuk,V",2619.0,2739.0,1-0,white_win,win,E21,,97,48.5,21,4,2,0,True,True,10,2,True,0,11,2
Karpov.pgn,Karpov,black,"Kramnik,V",World Blitz,Moscow RUS,2009.11.18,2009,42,"Kramnik,V","Karpov,Ana",2772.0,2619.0,1-0,white_win,loss,D37,,55,27.5,12,4,2,0,True,True,5,0,True,0,7,4
Karpov.pgn,Karpov,black,Bu Xiangzhi,Trophee CCAS GpA,Cap d'Agde FRA,2010.10.23,2010,1,Bu Xiangzhi,"Karpov,Ana",2695.0,2619.0,1-0,white_win,loss,A15,,105,52.5,14,1,2,0,True,True,7,0,True,0,7,1
Karpov.pgn,Karpov,white,"Nakamura,Hi",Trophee CCAS GpA,Cap d'Agde FRA,2010.10.24,2010,2,"Karpov,Ana","Nakamura,Hi",2619.0,2733.0,0-1,black_win,loss,E32,,128,64.0,24,14,2,1,True,True,12,1,True,0,12,13
Karpov.pgn,Karpov,black,"Edouard,R",Trophee CCAS GpA,Cap d'Agde FRA,2010.10.24,2010,3,"Edouard,R","Karpov,Ana",2636.0,2619.0,1-0,white_win,loss,D37,,74,37.0,15,1,2,0,True,True,7,1,True,0,8,0
Karpov.pgn,Karpov,black,"Kosintseva,N",Trophee CCAS GpA,Cap d'Agde FRA,2010.10.25,2010,4,"Kosintseva,N","Karpov,Ana",2565.0,2619.0,0-1,black_win,win,C65,,118,59.0,16,0,2,0,True,True,9,0,True,0,7,0
Karpov.pgn,Karpov,white,Nguyen Ngoc Truong Son,Trophee CCAS GpA,Cap d'Agde FRA,2010.10.25,2010,5,"Karpov,Ana",Nguyen Ngoc Truong Son,2619.0,2633.0,0-1,black_win,loss,D11,,148,74.0,27,8,2,0,True,True,13,3,True,0,14,5
Karpov.pgn,Karpov,black,"Polgar,Ju",Trophee CCAS GpA,Cap d'Agde FRA,2010.10.26,2010,6,"Polgar,Ju","Karpov,Ana",2682.0,2619.0,0-1,black_win,win,C92,,128,64.0,19,10,2,0,True,True,9,3,True,0,10,7
Karpov.pgn,Karpov,white,"Milliet,S",Trophee CCAS GpA,Cap d'Agde FRA,2010.10.26,2010,7,"Karpov,Ana","Milliet,S",2619.0,2388.0,1/2-1/2,draw,draw,A30,,128,64.0,26,10,2,0,True,True,13,1,True,0,13,9
Karpov.pgn,Karpov,black,Hou Yifan,Match,Sanya City CHN,2010.11.06,2010,1,Hou Yifan,"Karpov,Ana",2591.0,2619.0,0-1,black_win,win,C49,,131,65.5,16,3,2,0,True,True,9,3,True,0,7,0
Karpov.pgn,Karpov,white,Hou Yifan,Match,Sanya City CHN,2010.11.07,2010,2,"Karpov,Ana",Hou Yifan,2619.0,2591.0,1/2-1/2,draw,draw,E35,,84,42.0,16,5,2,0,True,True,8,2,True,0,8,3
Karpov.pgn,Karpov,black,Hou Yifan,Match,Sanya City CHN,2010.11.08,2010,3,Hou Yifan,"Karpov,Ana",2591.0,2619.0,1/2-1/2,draw,draw,C67,,20,10.0,6,1,1,0,True,False,3,0,False,0,3,1
Karpov.pgn,Karpov,white,Hou Yifan,Match,Sanya City CHN,2010.11.10,2010,4,"Karpov,Ana",Hou Yifan,2619.0,2591.0,1/2-1/2,draw,draw,E37,,50,25.0,16,4,0,0,False,False,9,1,False,0,7,3
Karpov.pgn,Karpov,white,Hou Yifan,Rapid Match,Sanya City CHN,2010.11.11,2010,1,"Karpov,Ana",Hou Yifan,2619.0,2591.0,1/2-1/2,draw,draw,D38,,128,64.0,12,2,2,0,True,True,6,2,True,0,6,0
Karpov.pgn,Karpov,black,Hou Yifan,Rapid Match,Sanya City CHN,2010.11.11,2010,2,Hou Yifan,"Karpov,Ana",2591.0,2619.0,1/2-1/2,draw,draw,C92,,113,56.5,18,1,2,0,True,True,9,1,True,0,9,0
Karpov.pgn,Karpov,white,"Garcia Almaguer,J",UNAM Selected Simul,Mexico City MEX,2010.11.18,2010,1,"Karpov,Ana","Garcia Almaguer,J",2619.0,2108.0,1-0,white_win,win,A40,,69,34.5,14,6,2,0,True,True,8,6,True,0,6,0
Karpov.pgn,Karpov,white,"Barreto Reyna,Estefania",UNAM Selected Simul,Mexico City MEX,2010.11.18,2010,1,"Karpov,Ana","Barreto Reyna,Estefania",2619.0,,1-0,white_win,win,E70,,85,42.5,23,4,2,0,True,True,12,2,True,0,11,2
Karpov.pgn,Karpov,white,"Lopez De Nava,Hernandez",UNAM Selected Simul,Mexico City MEX,2010.11.18,2010,1,"Karpov,Ana","Lopez De Nava,Hernandez",2619.0,,1-0,white_win,win,C55,,81,40.5,13,6,2,0,True,True,8,3,True,0,5,3
Karpov.pgn,Karpov,white,"Gutierrez Garcia,Vicente",UNAM Selected Simul,Mexico City MEX,2010.11.18,2010,1,"Karpov,Ana","Gutierrez Garcia,Vicente",2619.0,,1-0,white_win,win,A05,,51,25.5,12,0,2,0,True,True,7,0,True,0,5,0
Karpov.pgn,Karpov,white,"Miljkovic,Mir1",Rapid Match,Nis SRB,2010.12.03,2010,1,"Karpov,Ana","Miljkovic,Mir1",2619.0,2506.0,1-0,white_win,win,D11,,144,72.0,23,4,2,0,True,True,13,1,True,0,10,3
Karpov.pgn,Karpov,black,"Miljkovic,Mir1",Rapid Match,Nis SRB,2010.12.03,2010,2,"Miljkovic,Mir1","Karpov,Ana",2506.0,2619.0,1/2-1/2,draw,draw,D37,,69,34.5,16,0,2,0,True,True,8,0,True,0,8,0
Karpov.pgn,Karpov,white,"Miljkovic,Mir1",Rapid Match,Nis SRB,2010.12.04,2010,3,"Karpov,Ana","Miljkovic,Mir1",2619.0,2506.0,1-0,white_win,win,D11,,73,36.5,14,0,2,0,True,True,8,0,True,0,6,0
Karpov.pgn,Karpov,black,"Miljkovic,Mir1",Rapid Match,Nis SRB,2010.12.04,2010,4,"Miljkovic,Mir1","Karpov,Ana",2506.0,2619.0,0-1,black_win,win,E16,,88,44.0,17,5,2,0,True,True,9,5,True,0,8,0
Karpov.pgn,Karpov,white,"Anand,V",Renfe Blitz,Madrid ESP,2011.02.01,2011,1,"Karpov,Ana","Anand,V",2619.0,2810.0,1/2-1/2,draw,draw,E15,,81,40.5,20,1,2,0,True,True,10,0,True,0,10,1
Karpov.pgn,Karpov,black,"Anand,V",Renfe Blitz,Valencia ESP,2011.02.01,2011,2,"Anand,V","Karpov,Ana",2810.0,2619.0,1/2-1/2,draw,draw,E06,,77,38.5,20,3,2,0,True,True,10,1,True,0,10,2
Karpov.pgn,Karpov,white,"Kraemer,Mart",Schachbundesliga 2011-12,Hockenheim GER,2012.02.26,2012,11,"Karpov,Ana","Kraemer,Mart",2617.0,2492.0,1/2-1/2,draw,draw,D37,,156,78.0,23,4,2,0,True,True,12,2,True,0,11,2
Karpov.pgn,Karpov,white,"Seirawan,Y",Classical Exhibition Match,Saint Louis USA,2012.06.10,2012,1,"Karpov,Ana","Seirawan,Y",2615.0,2643.0,1/2-1/2,draw,draw,D11,,134,67.0,21,0,2,0,True,True,10,0,True,0,11,0
Karpov.pgn,Karpov,black,"Seirawan,Y",Classical Exhibition Match,Saint Louis USA,2012.06.11,2012,2,"Seirawan,Y","Karpov,Ana",2643.0,2615.0,1/2-1/2,draw,draw,E15,,89,44.5,18,4,2,0,True,True,9,0,True,0,9,4
Karpov.pgn,Karpov,white,"Seirawan,Y",Rapid Exhibition Match,Saint Louis USA,2012.06.12,2012,1,"Karpov,Ana","Seirawan,Y",2615.0,2643.0,1/2-1/2,draw,draw,D11,,92,46.0,8,0,2,0,True,True,4,0,True,0,4,0
Karpov.pgn,Karpov,black,"Seirawan,Y",Rapid Exhibition Match,Saint Louis USA,2012.06.12,2012,2,"Seirawan,Y","Karpov,Ana",2643.0,2615.0,1/2-1/2,draw,draw,D57,,67,33.5,16,1,2,0,True,True,8,0,True,0,8,1
Karpov.pgn,Karpov,white,"Seirawan,Y",Blitz Exhibition Match,Saint Louis USA,2012.06.13,2012,1,"Karpov,Ana","Seirawan,Y",2615.0,2643.0,1-0,white_win,win,D11,,93,46.5,21,4,2,0,True,True,11,4,True,0,10,0
Karpov.pgn,Karpov,black,"Seirawan,Y",Blitz Exhibition Match,Saint Louis USA,2012.06.13,2012,2,"Seirawan,Y","Karpov,Ana",2643.0,2615.0,1/2-1/2,draw,draw,D53,,72,36.0,18,1,1,0,False,True,9,1,True,0,9,0
Karpov.pgn,Karpov,white,"Seirawan,Y",Blitz Exhibition Match,Saint Louis USA,2012.06.13,2012,3,"Karpov,Ana","Seirawan,Y",2615.0,2643.0,0-1,black_win,loss,D11,,78,39.0,18,5,2,0,True,True,10,5,True,0,8,0
Karpov.pgn,Karpov,black,"Seirawan,Y",Blitz Exhibition Match,Saint Louis USA,2012.06.13,2012,4,"Seirawan,Y","Karpov,Ana",2643.0,2615.0,0-1,black_win,win,D53,,80,40.0,20,2,1,0,False,True,10,2,True,0,10,0
Karpov.pgn,Karpov,white,"Seirawan,Y",Blitz Exhibition Match,Saint Louis USA,2012.06.13,2012,5,"Karpov,Ana","Seirawan,Y",2615.0,2643.0,0-1,black_win,loss,A53,,68,34.0,7,0,2,0,True,True,4,0,True,0,3,0
Karpov.pgn,Karpov,black,"Seirawan,Y",Blitz Exhibition Match,Saint Louis USA,2012.06.13,2012,6,"Seirawan,Y","Karpov,Ana",2643.0,2615.0,0-1,black_win,win,E18,,66,33.0,12,2,2,0,True,True,6,2,True,0,6,0
Karpov.pgn,Karpov,white,"Seirawan,Y",Blitz Exhibition Match,Saint Louis USA,2012.06.13,2012,7,"Karpov,Ana","Seirawan,Y",2615.0,2643.0,1-0,white_win,win,A41,,87,43.5,13,2,2,0,True,True,6,1,True,0,7,1
Karpov.pgn,Karpov,black,"Seirawan,Y",Blitz Exhibition Match,Saint Louis USA,2012.06.13,2012,8,"Seirawan,Y","Karpov,Ana",2643.0,2615.0,0-1,black_win,win,D53,,64,32.0,13,1,2,0,True,True,7,0,True,0,6,1
Karpov.pgn,Karpov,white,"Seirawan,Y",Blitz Exhibition Match,Saint Louis USA,2012.06.13,2012,9,"Karpov,Ana","Seirawan,Y",2615.0,2643.0,0-1,black_win,loss,A58,,107,53.5,23,4,1,0,False,True,11,0,False,0,12,4
Karpov.pgn,Karpov,black,"Seirawan,Y",Blitz Exhibition Match,Saint Louis USA,2012.06.13,2012,10,"Seirawan,Y","Karpov,Ana",2643.0,2615.0,1/2-1/2,draw,draw,B23,,77,38.5,16,6,2,0,True,True,9,0,True,0,7,6
Karpov.pgn,Karpov,black,"Short,N",Trans-Europa-Schach-Express 2012,Potsdam GER,2012.10.13,2012,1.1,"Short,N","Karpov,Ana",2707.0,2616.0,1/2-1/2,draw,draw,E32,,72,36.0,19,5,1,0,False,True,9,5,True,0,10,0
Karpov.pgn,Karpov,white,"Paehtz,E",Trans-Europa-Schach-Express 2012,Potsdam GER,2012.10.13,2012,2.3,"Karpov,Ana","Paehtz,E",2616.0,2482.0,1-0,white_win,win,A40,,87,43.5,21,3,2,1,True,True,12,3,True,1,9,0
Karpov.pgn,Karpov,black,"Kurmann,O",Trans-Europa-Schach-Express 2012,Potsdam GER,2012.10.13,2012,3.7,"Kurmann,O","Karpov,Ana",2450.0,2616.0,0-1,black_win,win,C52,,62,31.0,15,2,2,0,True,True,9,0,True,0,6,2
Karpov.pgn,Karpov,white,"Timman,J",Trans-Europa-Schach-Express 2012,Potsdam GER,2012.10.13,2012,4.3,"Karpov,Ana","Timman,J",2616.0,2578.0,1-0,white_win,win,D77,,107,53.5,25,6,2,0,True,True,13,4,True,0,12,2
Karpov.pgn,Karpov,black,"Huebner,R",Trans-Europa-Schach-Express 2012,Potsdam GER,2012.10.13,2012,5.1,"Huebner,R","Karpov,Ana",2581.0,2616.0,1/2-1/2,draw,draw,C67,,59,29.5,14,2,2,0,True,True,7,0,True,0,7,2
Karpov.pgn,Karpov,white,"Hort,V",Trans-Europa-Schach-Express 2012,Potsdam GER,2012.10.14,2012,6.3,"Karpov,Ana","Hort,V",2616.0,2463.0,1-0,white_win,win,D12,,68,34.0,16,2,1,0,False,True,8,1,False,0,8,1
Karpov.pgn,Karpov,black,"Kindermann,S",Trans-Europa-Schach-Express 2012,Potsdam GER,2012.10.14,2012,7.1,"Kindermann,S","Karpov,Ana",2493.0,2616.0,1/2-1/2,draw,draw,C53,,73,36.5,14,5,2,0,True,True,6,4,True,0,8,1
Karpov.pgn,Karpov,white,"Swiercz,D",Trans-Europa-Schach-Express 2012,Potsdam GER,2012.10.14,2012,8.7,"Karpov,Ana","Swiercz,D",2616.0,2609.0,1-0,white_win,win,E32,,127,63.5,26,13,2,0,True,True,14,5,True,0,12,8
Karpov.pgn,Karpov,white,"Goryachkina,A",Trophee Karpov Preliminary 2012,Cap d'Agde FRA,2012.10.26,2012,1,"Karpov,Ana","Goryachkina,A",2616.0,2384.0,1-0,white_win,win,B10,,109,54.5,20,3,2,0,True,True,10,2,True,0,10,1
Karpov.pgn,Karpov,black,"Edouard,R",Trophee Karpov Preliminary 2012,Cap d'Agde FRA,2012.10.26,2012,2,"Edouard,R","Karpov,Ana",2664.0,2616.0,0-1,black_win,win,E41,,144,72.0,24,2,2,0,True,True,13,1,True,0,11,1
Karpov.pgn,Karpov,white,"Ivanchuk,V",Trophee Karpov Preliminary 2012,Cap d'Agde FRA,2012.10.27,2012,3,"Karpov,Ana","Ivanchuk,V",2616.0,2771.0,1/2-1/2,draw,draw,E60,,39,19.5,5,0,2,0,True,True,3,0,True,0,2,0
Karpov.pgn,Karpov,black,"Sebag,M",Trophee Karpov Preliminary 2012,Cap d'Agde FRA,2012.10.27,2012,4,"Sebag,M","Karpov,Ana",2521.0,2616.0,1/2-1/2,draw,draw,C92,,97,48.5,25,6,2,0,True,True,12,0,True,0,13,6
Karpov.pgn,Karpov,white,"Milliet,S",Trophee Karpov Preliminary 2012,Cap d'Agde FRA,2012.10.28,2012,5,"Karpov,Ana","Milliet,S",2616.0,2421.0,1-0,white_win,win,A58,,121,60.5,26,11,1,0,False,True,14,3,False,0,12,8
Karpov.pgn,Karpov,black,"Bauer,Ch",Trophee Karpov Preliminary 2012,Cap d'Agde FRA,2012.10.28,2012,6,"Bauer,Ch","Karpov,Ana",2664.0,2616.0,0-1,black_win,win,A46,,182,91.0,26,7,2,0,True,True,13,2,True,0,13,5
Karpov.pgn,Karpov,white,Ju Wenjun,Trophee Karpov Preliminary 2012,Cap d'Agde FRA,2012.10.29,2012,7,"Karpov,Ana",Ju Wenjun,2616.0,2498.0,1/2-1/2,draw,draw,E68,,108,54.0,27,3,2,0,True,True,13,1,True,0,14,2
Karpov.pgn,Karpov,black,"Goryachkina,A",Trophee Karpov Preliminary 2012,Cap d'Agde FRA,2012.10.29,2012,8,"Goryachkina,A","Karpov,Ana",2384.0,2616.0,0-1,black_win,win,D37,,110,55.0,23,4,2,0,True,True,12,2,True,0,11,2
Karpov.pgn,Karpov,white,"Edouard,R",Trophee Karpov Preliminary 2012,Cap d'Agde FRA,2012.10.30,2012,9,"Karpov,Ana","Edouard,R",2616.0,2664.0,1/2-1/2,draw,draw,A35,,50,25.0,6,0,2,0,True,True,3,0,True,0,3,0
Karpov.pgn,Karpov,black,"Ivanchuk,V",Trophee Karpov Preliminary 2012,Cap d'Agde FRA,2012.10.30,2012,10,"Ivanchuk,V","Karpov,Ana",2771.0,2616.0,1/2-1/2,draw,draw,E06,,47,23.5,13,1,2,0,True,True,6,1,True,0,7,0
Karpov.pgn,Karpov,white,"Sebag,M",Trophee Karpov Preliminary 2012,Cap d'Agde FRA,2012.10.31,2012,11,"Karpov,Ana","Sebag,M",2616.0,2521.0,1-0,white_win,win,D12,,75,37.5,18,4,2,0,True,True,9,1,True,0,9,3
Karpov.pgn,Karpov,black,"Milliet,S",Trophee Karpov Preliminary 2012,Cap d'Agde FRA,2012.10.31,2012,12,"Milliet,S","Karpov,Ana",2421.0,2616.0,0-1,black_win,win,C53,,98,49.0,15,1,2,0,True,True,8,1,True,0,7,0
Karpov.pgn,Karpov,white,"Bauer,Ch",Trophee Karpov Preliminary 2012,Cap d'Agde FRA,2012.11.01,2012,13,"Karpov,Ana","Bauer,Ch",2616.0,2664.0,1-0,white_win,win,A40,,83,41.5,21,12,1,0,False,True,11,3,False,0,10,9
Karpov.pgn,Karpov,black,Ju Wenjun,Trophee Karpov Preliminary 2012,Cap d'Agde FRA,2012.11.01,2012,14,Ju Wenjun,"Karpov,Ana",2498.0,2616.0,0-1,black_win,win,D37,,106,53.0,19,3,2,0,True,True,11,3,True,0,8,0
Karpov.pgn,Karpov,white,"Edouard,R",Trophee Karpov KO 2012,Cap d'Agde FRA,2012.11.02,2012,1.2,"Karpov,Ana","Edouard,R",2616.0,2664.0,1-0,white_win,win,D27,,57,28.5,16,3,1,0,True,False,9,3,True,0,7,0
Karpov.pgn,Karpov,black,"Edouard,R",Trophee Karpov KO 2012,Cap d'Agde FRA,2012.11.02,2012,1.1,"Edouard,R","Karpov,Ana",2664.0,2616.0,1/2-1/2,draw,draw,D37,,61,30.5,14,0,2,0,True,True,7,0,True,0,7,0
Karpov.pgn,Karpov,black,"Ivanchuk,V",Trophee Karpov KO 2012,Cap d'Agde FRA,2012.11.03,2012,2.1,"Ivanchuk,V","Karpov,Ana",2771.0,2616.0,0-1,black_win,win,A05,,140,70.0,28,10,2,0,True,True,15,6,True,0,13,4
Karpov.pgn,Karpov,black,"Ivanchuk,V",Trophee Karpov KO 2012,Cap d'Agde FRA,2012.11.03,2012,2.3,"Ivanchuk,V","Karpov,Ana",2771.0,2616.0,1-0,white_win,loss,D37,,83,41.5,18,2,2,0,True,True,9,0,True,0,9,2
Karpov.pgn,Karpov,white,"Ivanchuk,V",Trophee Karpov KO 2012,Cap d'Agde FRA,2012.11.03,2012,2.4,"Karpov,Ana","Ivanchuk,V",2616.0,2771.0,1-0,white_win,win,D85,,71,35.5,18,5,1,0,False,True,10,2,False,0,8,3
Karpov.pgn,Karpov,white,"Ivanchuk,V",Trophee Karpov KO 2012,Cap d'Agde FRA,2012.11.03,2012,2.2,"Karpov,Ana","Ivanchuk,V",2616.0,2771.0,0-1,black_win,loss,E69,,100,50.0,17,4,2,0,True,True,8,1,True,0,9,3
Karpov.pgn,Karpov,black,"Ivanchuk,V",Trophee Karpov KO 2012,Cap d'Agde FRA,2012.11.03,2012,2.6,"Ivanchuk,V","Karpov,Ana",2771.0,2616.0,1-0,white_win,loss,D37,,122,61.0,23,10,2,0,True,True,13,7,True,0,10,3
Karpov.pgn,Karpov,white,"Ivanchuk,V",Trophee Karpov KO 2012,Cap d'Agde FRA,2012.11.03,2012,2.7,"Karpov,Ana","Ivanchuk,V",2616.0,2771.0,1/2-1/2,draw,draw,D85,,89,44.5,21,4,2,0,True,True,10,3,True,0,11,1
Karpov.pgn,Karpov,black,"Ivanchuk,V",Trophee Karpov KO 2012,Cap d'Agde FRA,2012.11.03,2012,2.8,"Ivanchuk,V","Karpov,Ana",2771.0,2616.0,0-1,black_win,win,A05,,84,42.0,23,1,2,0,True,True,11,0,True,0,12,1
Karpov.pgn,Karpov,white,"Ivanchuk,V",Trophee Karpov KO 2012,Cap d'Agde FRA,2012.11.03,2012,2.5,"Karpov,Ana","Ivanchuk,V",2616.0,2771.0,1-0,white_win,win,E71,,93,46.5,19,2,2,0,True,True,10,2,True,0,9,0
Karpov.pgn,Karpov,white,"Nepomniachtchi,I",Aeroflot Open Rapid Final,Moscow RUS,2013.02.16,2013,1.1,"Karpov,Ana","Nepomniachtchi,I",2616.0,2703.0,0-1,black_win,loss,D80,,114,57.0,26,5,2,0,True,True,12,1,True,0,14,4
Karpov.pgn,Karpov,black,"Nepomniachtchi,I",Aeroflot Open Rapid Final,Moscow RUS,2013.02.16,2013,1.2,"Nepomniachtchi,I","Karpov,Ana",2703.0,2616.0,1-0,white_win,loss,B10,,95,47.5,20,3,2,1,True,True,10,0,True,0,10,3
Karpov.pgn,Karpov,white,"Alekseev,Evgeny",Bundesliga 2012-13,Eppingen GER,2013.02.24,2013,10,"Karpov,Ana","Alekseev,Evgeny",2616.0,2683.0,1/2-1/2,draw,draw,E10,,127,63.5,23,7,2,0,True,True,11,1,True,0,12,6
Karpov.pgn,Karpov,white,"Svidler,P",Bundesliga 2012-13,Schwetzingen GER,2013.04.07,2013,15,"Karpov,Ana","Svidler,P",2616.0,2747.0,1/2-1/2,draw,draw,D79,,42,21.0,12,0,2,0,True,True,6,0,True,0,6,0
Karpov.pgn,Karpov,white,"Tomashevsky,E",Sberbank GM Rapid,Kiev UKR,2013.06.05,2013,1,"Karpov,Ana","Tomashevsky,E",2619.0,2709.0,1/2-1/2,draw,draw,D11,,57,28.5,16,3,2,0,True,True,8,3,True,0,8,0
Karpov.pgn,Karpov,white,"Korobov,A",Sberbank GM Rapid,Kiev UKR,2013.06.05,2013,2,"Karpov,Ana","Korobov,A",2619.0,2715.0,0-1,black_win,loss,D30,,108,54.0,28,3,2,1,True,True,14,0,True,0,14,3
Karpov.pgn,Karpov,black,"Leko,P",Sberbank GM Rapid,Kiev UKR,2013.06.05,2013,3,"Leko,P","Karpov,Ana",2737.0,2619.0,1/2-1/2,draw,draw,B01,,61,30.5,12,0,2,0,True,True,6,0,True,0,6,0
Karpov.pgn,Karpov,white,"Eljanov,P",Sberbank GM Rapid,Kiev UKR,2013.06.06,2013,4,"Karpov,Ana","Eljanov,P",2619.0,2707.0,1-0,white_win,win,E60,,103,51.5,22,4,2,0,True,True,12,0,True,0,10,4
Karpov.pgn,Karpov,black,"Topalov,V",Sberbank GM Rapid,Kiev UKR,2013.06.06,2013,5,"Topalov,V","Karpov,Ana",2784.0,2619.0,1/2-1/2,draw,draw,B01,,67,33.5,16,2,2,0,True,True,8,0,True,0,8,2
Karpov.pgn,Karpov,white,"Naiditsch,A",Sberbank GM Rapid,Kiev UKR,2013.06.06,2013,6,"Karpov,Ana","Naiditsch,A",2619.0,2710.0,0-1,black_win,loss,A64,,92,46.0,19,2,2,0,True,True,9,0,True,0,10,2
Karpov.pgn,Karpov,black,"Areshchenko,A",Sberbank GM Rapid,Kiev UKR,2013.06.07,2013,7,"Areshchenko,A","Karpov,Ana",2708.0,2619.0,1-0,white_win,loss,B01,,87,43.5,14,7,2,0,True,True,7,1,True,0,7,6
Karpov.pgn,Karpov,white,"Zhigalko,S",Sberbank GM Rapid,Kiev UKR,2013.06.07,2013,8,"Karpov,Ana","Zhigalko,S",2619.0,2661.0,1/2-1/2,draw,draw,A17,,92,46.0,17,10,2,0,True,True,8,1,True,0,9,9
Karpov.pgn,Karpov,black,"Karjakin,Sergey",Sberbank GM Rapid,Kiev UKR,2013.06.07,2013,9,"Karjakin,Sergey","Karpov,Ana",2782.0,2619.0,1-0,white_win,loss,B01,,65,32.5,14,7,0,0,False,False,6,0,False,0,8,7
Karpov.pgn,Karpov,white,"Ivanchuk,V",2nd Karpov Trophy Prelim,Cap d'Agde FRA,2013.10.25,2013,1.3,"Karpov,Ana","Ivanchuk,V",2619.0,2733.0,1/2-1/2,draw,draw,D11,,122,61.0,19,2,1,0,False,True,9,0,False,0,10,2
Karpov.pgn,Karpov,black,"Muzychuk,M",2nd Karpov Trophy Prelim,Cap d'Agde FRA,2013.10.25,2013,2.4,"Muzychuk,M","Karpov,Ana",2491.0,2619.0,0-1,black_win,win,B01,,83,41.5,16,0,2,0,True,True,9,0,True,0,7,0
Karpov.pgn,Karpov,white,"Sebag,M",2nd Karpov Trophy Prelim,Cap d'Agde FRA,2013.10.26,2013,3.3,"Karpov,Ana","Sebag,M",2619.0,2510.0,1/2-1/2,draw,draw,D12,,82,41.0,18,5,2,0,True,True,9,4,True,0,9,1
Karpov.pgn,Karpov,black,"Maisuradze,N",2nd Karpov Trophy Prelim,Cap d'Agde FRA,2013.10.26,2013,4.2,"Maisuradze,N","Karpov,Ana",2302.0,2619.0,0-1,black_win,win,D27,,45,22.5,12,0,2,0,True,True,6,0,True,0,6,0
Karpov.pgn,Karpov,white,"Pelletier,Y",2nd Karpov Trophy Prelim,Cap d'Agde FRA,2013.10.27,2013,5.3,"Karpov,Ana","Pelletier,Y",2619.0,2578.0,1-0,white_win,win,E32,,73,36.5,21,4,1,0,False,True,11,1,False,0,10,3
Karpov.pgn,Karpov,black,"Bacrot,E",2nd Karpov Trophy Prelim,Cap d'Agde FRA,2013.10.27,2013,6.4,"Bacrot,E","Karpov,Ana",2730.0,2619.0,0-1,black_win,win,A28,,86,43.0,19,9,1,0,False,True,9,3,True,0,10,6
Karpov.pgn,Karpov,white,Zhao Xue,2nd Karpov Trophy Prelim,Cap d'Agde FRA,2013.10.28,2013,7.3,"Karpov,Ana",Zhao Xue,2619.0,2579.0,1-0,white_win,win,D38,,96,48.0,19,7,1,0,False,True,10,2,False,0,9,5
Karpov.pgn,Karpov,black,"Ivanchuk,V",2nd Karpov Trophy Prelim,Cap d'Agde FRA,2013.10.28,2013,8.4,"Ivanchuk,V","Karpov,Ana",2733.0,2619.0,0-1,black_win,win,B01,,40,20.0,8,0,1,0,True,False,4,0,False,0,4,0
Karpov.pgn,Karpov,white,"Muzychuk,M",2nd Karpov Trophy Prelim,Cap d'Agde FRA,2013.10.29,2013,9.4,"Karpov,Ana","Muzychuk,M",2619.0,2491.0,1-0,white_win,win,D73,,121,60.5,21,7,2,0,True,True,11,1,True,0,10,6
Karpov.pgn,Karpov,white,"Maisuradze,N",2nd Karpov Trophy Prelim,Cap d'Agde FRA,2013.10.30,2013,11.2,"Karpov,Ana","Maisuradze,N",2619.0,2302.0,1-0,white_win,win,D57,,73,36.5,17,5,2,0,True,True,8,2,True,0,9,3
Karpov.pgn,Karpov,black,"Pelletier,Y",2nd Karpov Trophy Prelim,Cap d'Agde FRA,2013.10.30,2013,12.3,"Pelletier,Y","Karpov,Ana",2578.0,2619.0,1/2-1/2,draw,draw,E06,,24,12.0,3,0,2,0,True,True,1,0,True,0,2,0
Karpov.pgn,Karpov,white,"Bacrot,E",2nd Karpov Trophy Prelim,Cap d'Agde FRA,2013.10.31,2013,13.4,"Karpov,Ana","Bacrot,E",2619.0,2730.0,1/2-1/2,draw,draw,D73,,38,19.0,12,0,2,0,True,True,6,0,True,0,6,0
Karpov.pgn,Karpov,black,Zhao Xue,2nd Karpov Trophy Prelim,Cap d'Agde FRA,2013.10.31,2013,14.3,Zhao Xue,"Karpov,Ana",2579.0,2619.0,1/2-1/2,draw,draw,A15,,55,27.5,14,1,2,0,True,True,7,0,True,0,7,1
Karpov.pgn,Karpov,black,"Muzychuk,M",2nd Karpov Trophy KO,Cap d'Agde FRA,2013.11.01,2013,1.1,"Muzychuk,M","Karpov,Ana",2491.0,2619.0,1/2-1/2,draw,draw,C42,,112,56.0,20,7,1,0,True,False,10,1,False,0,10,6
Karpov.pgn,Karpov,white,"Muzychuk,M",2nd Karpov Trophy KO,Cap d'Agde FRA,2013.11.01,2013,1.2,"Karpov,Ana","Muzychuk,M",2619.0,2491.0,1-0,white_win,win,A15,,205,102.5,26,48,1,2,False,True,13,6,False,1,13,42
Karpov.pgn,Karpov,white,"Bacrot,E",2nd Karpov Trophy KO,Cap d'Agde FRA,2013.11.02,2013,2.1,"Karpov,Ana","Bacrot,E",2619.0,2730.0,1/2-1/2,draw,draw,E71,,124,62.0,18,12,2,0,True,True,9,1,True,0,9,11
Karpov.pgn,Karpov,black,"Bacrot,E",2nd Karpov Trophy KO,Cap d'Agde FRA,2013.11.02,2013,2.2,"Bacrot,E","Karpov,Ana",2730.0,2619.0,1/2-1/2,draw,draw,B01,,23,11.5,4,0,0,0,False,False,2,0,False,0,2,0
Karpov.pgn,Karpov,black,"Bacrot,E",2nd Karpov Trophy KO,Cap d'Agde FRA,2013.11.02,2013,2.4,"Bacrot,E","Karpov,Ana",2730.0,2619.0,1-0,white_win,loss,E15,,110,55.0,18,5,2,0,True,True,10,4,True,0,8,1
Karpov.pgn,Karpov,white,"Bacrot,E",2nd Karpov Trophy KO,Cap d'Agde FRA,2013.11.02,2013,2.3,"Karpov,Ana","Bacrot,E",2619.0,2730.0,0-1,black_win,loss,E71,,128,64.0,21,9,2,0,True,True,10,0,True,0,11,9
Karpov.pgn,Karpov,white,"Rotov,Igor",14th Puhajarve Rapid,Puhajarve EST,2013.11.29,2013,1.1,"Karpov,Ana","Rotov,Igor",2619.0,,1-0,white_win,win,A81,,99,49.5,20,9,2,0,True,True,11,7,True,0,9,2
Karpov.pgn,Karpov,black,"Vihmand,Ants",14th Puhajarve Rapid,Puhajarve EST,2013.11.29,2013,2.1,"Vihmand,Ants","Karpov,Ana",,2619.0,0-1,black_win,win,A00,,88,44.0,16,5,2,0,True,True,9,2,True,0,7,3
Karpov.pgn,Karpov,white,"Reizniece,D",14th Puhajarve Rapid,Puhajarve EST,2013.11.29,2013,3.5,"Karpov,Ana","Reizniece,D",2619.0,2283.0,1-0,white_win,win,E71,,67,33.5,16,3,1,0,False,True,8,0,False,0,8,3
Karpov.pgn,Karpov,black,"Tuulik,Ulo",14th Puhajarve Rapid,Puhajarve EST,2013.11.29,2013,4.2,"Tuulik,Ulo","Karpov,Ana",,2619.0,0-1,black_win,win,A46,,88,44.0,16,1,2,0,True,True,10,0,True,0,6,1
Karpov.pgn,Karpov,white,"Ladva,O",14th Puhajarve Rapid,Puhajarve EST,2013.11.29,2013,9.1,"Karpov,Ana","Ladva,O",2619.0,2335.0,0-1,black_win,loss,D37,,118,59.0,26,5,1,0,False,True,12,2,False,0,14,3
Karpov.pgn,Karpov,black,"Porrasmaa,T",14th Puhajarve Rapid,Puhajarve EST,2013.11.29,2013,10.1,"Porrasmaa,T","Karpov,Ana",2070.0,2619.0,1-0,white_win,loss,A46,,49,24.5,9,2,1,0,True,False,4,0,False,0,5,2
Karpov.pgn,Karpov,white,"Sepp,O",14th Puhajarve Rapid,Puhajarve EST,2013.11.30,2013,11.1,"Karpov,Ana","Sepp,O",2619.0,2440.0,1-0,white_win,win,E71,,41,20.5,10,4,1,0,False,True,5,3,False,0,5,1
Karpov.pgn,Karpov,black,"Siemer,T",14th Puhajarve Rapid,Puhajarve EST,2013.11.30,2013,12.1,"Siemer,T","Karpov,Ana",2046.0,2619.0,0-1,black_win,win,E32,,80,40.0,17,0,2,0,True,True,9,0,True,0,8,0
Karpov.pgn,Karpov,white,"Seeman,T",14th Puhajarve Rapid,Puhajarve EST,2013.11.30,2013,13.1,"Karpov,Ana","Seeman,T",2619.0,2382.0,1/2-1/2,draw,draw,E71,,52,26.0,12,0,1,0,False,True,6,0,False,0,6,0
Karpov.pgn,Karpov,black,"Liiva,R",14th Puhajarve Rapid,Puhajarve EST,2013.11.30,2013,14.1,"Liiva,R","Karpov,Ana",2454.0,2619.0,1/2-1/2,draw,draw,B01,,55,27.5,8,0,2,0,True,True,4,0,True,0,4,0
Karpov.pgn,Karpov,white,"Rauk,T",14th Puhajarve Rapid,Puhajarve EST,2013.11.30,2013,15.1,"Karpov,Ana","Rauk,T",2619.0,2207.0,1-0,white_win,win,E15,,71,35.5,20,5,2,0,True,True,10,4,True,0,10,1
Karpov.pgn,Karpov,black,"Elmaste,G",14th Puhajarve Rapid,Puhajarve EST,2013.11.30,2013,16.1,"Elmaste,G","Karpov,Ana",2177.0,2619.0,0-1,black_win,win,A46,,84,42.0,16,4,2,0,True,True,8,3,True,0,8,1
Karpov.pgn,Karpov,white,"Taliharm,Andrus",14th Puhajarve Rapid,Puhajarve EST,2013.11.30,2013,17.1,"Karpov,Ana","Taliharm,Andrus",2619.0,,1-0,white_win,win,D35,,57,28.5,14,0,2,0,True,True,8,0,True,0,6,0
Karpov.pgn,Karpov,black,"Otsmann,Villu",14th Puhajarve Rapid,Puhajarve EST,2013.11.30,2013,18.1,"Otsmann,Villu","Karpov,Ana",,2619.0,0-1,black_win,win,B01,,100,50.0,17,8,2,0,True,True,9,7,True,0,8,1
Karpov.pgn,Karpov,white,"Nyback,T",14th Puhajarve Rapid,Puhajarve EST,2013.11.30,2013,19.1,"Karpov,Ana","Nyback,T",2619.0,2586.0,1-0,white_win,win,D79,,99,49.5,26,3,2,0,True,True,13,1,True,0,13,2
Karpov.pgn,Karpov,black,"Ozols,Andris",14th Puhajarve Rapid,Puhajarve EST,2013.11.30,2013,20.4,"Ozols,Andris","Karpov,Ana",1756.0,2619.0,0-1,black_win,win,B01,,38,19.0,8,2,1,0,True,False,5,2,False,0,3,0
Karpov.pgn,Karpov,white,"Valgmae,Toomas",14th Puhajarve Rapid,Puhajarve EST,2013.11.30,2013,21.3,"Karpov,Ana","Valgmae,Toomas",2619.0,2226.0,1-0,white_win,win,D11,,67,33.5,13,1,2,0,True,True,7,1,True,0,6,0
Karpov.pgn,Karpov,black,"Kelder,Hendrek",14th Puhajarve Rapid,Puhajarve EST,2013.11.30,2013,22.6,"Kelder,Hendrek","Karpov,Ana",,2619.0,0-1,black_win,win,B20,,52,26.0,13,0,1,0,True,False,7,0,False,0,6,0
Karpov.pgn,Karpov,white,"Jarvet,Juri",14th Puhajarve Rapid,Puhajarve EST,2013.11.30,2013,23.1,"Karpov,Ana","Jarvet,Juri",2619.0,,1-0,white_win,win,D77,,95,47.5,20,2,2,0,True,True,11,1,True,0,9,1
Karpov.pgn,Karpov,black,"Rebane,Raul",14th Puhajarve Rapid,Puhajarve EST,2013.11.30,2013,24.5,"Rebane,Raul","Karpov,Ana",,2619.0,0-1,black_win,win,A46,,82,41.0,19,4,1,0,False,True,11,1,True,0,8,3
Karpov.pgn,Karpov,black,"Vorobjov,P",14th Puhajarve Rapid,Puhajarve EST,2013.11.30,2013,26.3,"Vorobjov,P","Karpov,Ana",2207.0,2619.0,0-1,black_win,win,A45,,59,29.5,14,6,1,0,True,False,7,0,False,0,7,6
Karpov.pgn,Karpov,white,"Kulaots,K",14th Puhajarve Rapid,Puhajarve EST,2013.11.30,2013,27.1,"Karpov,Ana","Kulaots,K",2619.0,2567.0,1-0,white_win,win,D77,,131,65.5,23,11,2,0,True,True,13,3,True,0,10,8
Karpov.pgn,Karpov,black,"Simson,Urmas",14th Puhajarve Rapid,Puhajarve EST,2013.11.30,2013,28.1,"Simson,Urmas","Karpov,Ana",,2619.0,0-1,black_win,win,E20,,140,70.0,26,6,2,0,True,True,14,4,True,0,12,2
Karpov.pgn,Karpov,white,"Kapp,Viljar",14th Puhajarve Rapid,Puhajarve EST,2013.12.01,2013,29.2,"Karpov,Ana","Kapp,Viljar",2619.0,,1-0,white_win,win,D30,,65,32.5,16,1,2,0,True,True,9,1,True,0,7,0
Karpov.pgn,Karpov,black,"Leito,P",14th Puhajarve Rapid,Puhajarve EST,2013.12.01,2013,30.3,"Leito,P","Karpov,Ana",2333.0,2619.0,1/2-1/2,draw,draw,A22,,53,26.5,6,1,2,0,True,True,3,1,True,0,3,0
Karpov.pgn,Karpov,white,"Puusepp,Kaimar",14th Puhajarve Rapid,Puhajarve EST,2013.12.01,2013,31.1,"Karpov,Ana","Puusepp,Kaimar",2619.0,,1/2-1/2,draw,draw,E62,,72,36.0,14,2,2,0,True,True,7,2,True,0,7,0
Karpov.pgn,Karpov,white,"Georgiev,Ki",14th Puhajarve Rapid,Puhajarve EST,2013.12.01,2013,33.1,"Karpov,Ana","Georgiev,Ki",2619.0,2648.0,1/2-1/2,draw,draw,E34,,52,26.0,12,1,2,0,True,True,6,0,True,0,6,1
Karpov.pgn,Karpov,black,"Haavamae,Henrik",14th Puhajarve Rapid,Puhajarve EST,2013.12.01,2013,35.2,"Haavamae,Henrik","Karpov,Ana",2023.0,2619.0,0-1,black_win,win,B01,,130,65.0,25,9,2,0,True,True,13,9,True,0,12,0
Karpov.pgn,Karpov,black,"Timman,J",Karpov-Timman Match 2013,Groningen NED,2013.12.26,2013,1,"Timman,J","Karpov,Ana",2600.0,2619.0,1/2-1/2,draw,draw,B01,,81,40.5,18,3,1,0,True,False,9,1,False,0,9,2
Karpov.pgn,Karpov,white,"Timman,J",Karpov-Timman Match 2013,Groningen NED,2013.12.27,2013,2,"Karpov,Ana","Timman,J",2619.0,2600.0,1/2-1/2,draw,draw,E11,,110,55.0,21,13,2,0,True,True,10,6,True,0,11,7
Karpov.pgn,Karpov,black,"Timman,J",Karpov-Timman Match 2013,Groningen NED,2013.12.28,2013,3,"Timman,J","Karpov,Ana",2600.0,2619.0,1/2-1/2,draw,draw,C67,,68,34.0,18,6,1,0,True,False,9,1,False,0,9,5
Karpov.pgn,Karpov,white,"Timman,J",Karpov-Timman Match 2013,Groningen NED,2013.12.29,2013,4,"Karpov,Ana","Timman,J",2619.0,2600.0,1-0,white_win,win,E15,,81,40.5,15,5,2,0,True,True,8,3,True,0,7,2
Karpov.pgn,Karpov,white,"Kravtsiv,M",Bundesliga 2013-14,Hockenheim GER,2014.03.16,2014,12,"Karpov,Ana","Kravtsiv,M",2619.0,2609.0,1/2-1/2,draw,draw,D38,,132,66.0,27,11,2,0,True,True,14,7,True,0,13,4
Karpov.pgn,Karpov,white,"Graf,F",Bundesliga 2013-14,Eppingen GER,2014.04.05,2014,14,"Karpov,Ana","Graf,F",2619.0,2493.0,1/2-1/2,draw,draw,E16,,114,57.0,12,8,2,0,True,True,7,1,True,0,5,7
Karpov.pgn,Karpov,black,"Rodshtein,M",Bundesliga 2013-14,Eppingen GER,2014.04.06,2014,15,"Rodshtein,M","Karpov,Ana",2664.0,2619.0,0-1,black_win,win,E06,,138,69.0,19,2,2,0,True,True,10,1,True,0,9,1
Karpov.pgn,Karpov,white,"Edouard,R",3rd Karpov Trophy Rapid,Cap d'Agde FRA,2014.10.23,2014,1,"Karpov,Ana","Edouard,R",2623.0,2659.0,1-0,white_win,win,E10,,123,61.5,22,5,2,0,True,True,12,2,True,0,10,3
Karpov.pgn,Karpov,black,"Sebag,M",3rd Karpov Trophy Rapid,Cap d'Agde FRA,2014.10.23,2014,2,"Sebag,M","Karpov,Ana",2482.0,2623.0,0-1,black_win,win,B01,,72,36.0,17,4,2,0,True,True,10,2,True,0,7,2
Karpov.pgn,Karpov,black,"Edouard,R",3rd Karpov Trophy Rapid,Cap d'Agde FRA,2014.10.24,2014,3,"Edouard,R","Karpov,Ana",2659.0,2623.0,1/2-1/2,draw,draw,A45,,150,75.0,28,7,2,2,True,True,14,5,True,1,14,2
Karpov.pgn,Karpov,white,"Sebag,M",3rd Karpov Trophy Rapid,Cap d'Agde FRA,2014.10.24,2014,4,"Karpov,Ana","Sebag,M",2623.0,2482.0,1-0,white_win,win,D12,,43,21.5,10,2,0,0,False,False,5,1,False,0,5,1
Karpov.pgn,Karpov,white,"Edouard,R",3rd Karpov Trophy Blitz,Cap d'Agde FRA,2014.10.25,2014,1,"Karpov,Ana","Edouard,R",2623.0,2659.0,1-0,white_win,win,A40,,89,44.5,19,6,2,0,True,True,10,3,True,0,9,3
Karpov.pgn,Karpov,black,"Sebag,M",3rd Karpov Trophy Blitz,Cap d'Agde FRA,2014.10.25,2014,2,"Sebag,M","Karpov,Ana",2482.0,2623.0,1/2-1/2,draw,draw,C92,,196,98.0,27,25,2,0,True,True,13,12,True,0,14,13
Karpov.pgn,Karpov,black,"Edouard,R",3rd Karpov Trophy Blitz,Cap d'Agde FRA,2014.10.25,2014,3,"Edouard,R","Karpov,Ana",2659.0,2623.0,0-1,black_win,win,B01,,143,71.5,22,18,2,0,True,True,12,9,True,0,10,9
Karpov.pgn,Karpov,white,"Sebag,M",3rd Karpov Trophy Blitz,Cap d'Agde FRA,2014.10.25,2014,4,"Karpov,Ana","Sebag,M",2623.0,2482.0,1-0,white_win,win,D12,,67,33.5,15,4,1,0,False,True,8,3,False,0,7,1
Karpov.pgn,Karpov,white,"Mchedlishvili,M",Bundesliga 2014-15,Hockenheim GER,2014.12.07,2014,6.5,"Karpov,Ana","Mchedlishvili,M",2623.0,2609.0,1-0,white_win,win,A15,,55,27.5,11,0,2,0,True,True,6,0,True,0,5,0
Karpov.pgn,Karpov,white,"Morovic Fernandez,I",Karpov vs Morovic m,Arica CHI,2015.01.11,2015,1,"Karpov,Ana","Morovic Fernandez,I",2628.0,2568.0,1-0,white_win,win,E71,,103,51.5,18,0,2,0,True,True,8,0,True,0,10,0
Karpov.pgn,Karpov,black,"Morovic Fernandez,I",Karpov vs Morovic m,Arica CHI,2015.01.12,2015,2,"Morovic Fernandez,I","Karpov,Ana",2568.0,2628.0,1/2-1/2,draw,draw,C92,,101,50.5,14,0,2,0,True,True,7,0,True,0,7,0
Karpov.pgn,Karpov,white,"Morovic Fernandez,I",Karpov vs Morovic Rapid m,Arica CHI,2015.01.14,2015,1,"Karpov,Ana","Morovic Fernandez,I",2628.0,2568.0,1/2-1/2,draw,draw,E81,,72,36.0,17,8,2,0,True,True,9,2,True,0,8,6
Karpov.pgn,Karpov,black,"Morovic Fernandez,I",Karpov vs Morovic Rapid m,Arica CHI,2015.01.14,2015,2,"Morovic Fernandez,I","Karpov,Ana",2568.0,2628.0,1-0,white_win,loss,C92,,83,41.5,16,3,2,0,True,True,8,1,True,0,8,2
Karpov.pgn,Karpov,white,"Sveshnikov,E",Karpov-Sveshnikov Rapid m,Riga LAT,2015.07.07,2015,1,"Karpov,Ana","Sveshnikov,E",2628.0,2508.0,1/2-1/2,draw,draw,D30,,92,46.0,22,7,2,0,True,True,11,2,True,0,11,5
Karpov.pgn,Karpov,black,"Sveshnikov,E",Karpov-Sveshnikov Rapid m,Riga LAT,2015.07.07,2015,2,"Sveshnikov,E","Karpov,Ana",2508.0,2628.0,1-0,white_win,loss,B30,,59,29.5,12,2,1,0,True,False,6,1,False,0,6,1
Karpov.pgn,Karpov,white,"Sveshnikov,E",Karpov-Sveshnikov Rapid m,Riga LAT,2015.07.08,2015,3,"Karpov,Ana","Sveshnikov,E",2628.0,2508.0,1-0,white_win,win,D30,,100,50.0,25,5,2,0,True,True,13,1,True,0,12,4
Karpov.pgn,Karpov,black,"Sveshnikov,E",Karpov-Sveshnikov Rapid m,Riga LAT,2015.07.08,2015,4,"Sveshnikov,E","Karpov,Ana",2508.0,2628.0,0-1,black_win,win,B30,,74,37.0,21,5,1,0,True,False,11,1,False,0,10,4
Karpov.pgn,Karpov,white,"Sveshnikov,E",Karpov-Sveshnikov Rapid m,Riga LAT,2015.07.09,2015,5,"Karpov,Ana","Sveshnikov,E",2628.0,2508.0,1-0,white_win,win,E10,,95,47.5,21,7,2,0,True,True,12,6,True,0,9,1
Karpov.pgn,Karpov,black,"Sveshnikov,E",Karpov-Sveshnikov Rapid m,Riga LAT,2015.07.09,2015,6,"Sveshnikov,E","Karpov,Ana",2508.0,2628.0,1/2-1/2,draw,draw,B40,,109,54.5,20,14,2,0,True,True,10,8,True,0,10,6
Karpov.pgn,Karpov,black,"Gledura,B",Highlander Cup 2015,Budapest HUN,2015.10.17,2015,1.1,"Gledura,B","Karpov,Ana",2513.0,2628.0,1-0,white_win,loss,A15,,55,27.5,7,0,2,0,True,True,3,0,True,0,4,0
Karpov.pgn,Karpov,white,"Gledura,B",Highlander Cup 2015,Budapest HUN,2015.10.17,2015,1.2,"Karpov,Ana","Gledura,B",2628.0,2513.0,1/2-1/2,draw,draw,A37,,51,25.5,11,0,2,0,True,True,6,0,True,0,5,0
Karpov.pgn,Karpov,white,"Edouard,R",4th Karpov Trophy Prelim,Cap d'Agde FRA,2015.10.23,2015,1.3,"Karpov,Ana","Edouard,R",2628.0,2636.0,1/2-1/2,draw,draw,A15,,80,40.0,22,1,2,0,True,True,11,1,True,0,11,0
Karpov.pgn,Karpov,white,"Abdumalik,Z",4th Karpov Trophy Prelim,Cap d'Agde FRA,2015.10.23,2015,2.1,"Karpov,Ana","Abdumalik,Z",2628.0,2390.0,1-0,white_win,win,D79,,89,44.5,11,2,2,0,True,True,6,0,True,0,5,2
Karpov.pgn,Karpov,white,"Muzychuk,M",4th Karpov Trophy Prelim,Cap d'Agde FRA,2015.10.24,2015,4.1,"Karpov,Ana","Muzychuk,M",2628.0,2528.0,1-0,white_win,win,D73,,109,54.5,25,4,2,0,True,True,13,2,True,0,12,2
Karpov.pgn,Karpov,black,"Fressinet,L",4th Karpov Trophy Prelim,Cap d'Agde FRA,2015.10.25,2015,5.4,"Fressinet,L","Karpov,Ana",2702.0,2628.0,1/2-1/2,draw,draw,C84,,66,33.0,18,1,2,0,True,True,9,1,True,0,9,0
Karpov.pgn,Karpov,white,"Gharamian,T",4th Karpov Trophy Prelim,Cap d'Agde FRA,2015.10.25,2015,6.2,"Karpov,Ana","Gharamian,T",2628.0,2654.0,1/2-1/2,draw,draw,E11,,122,61.0,27,15,2,0,True,True,13,9,True,0,14,6
Karpov.pgn,Karpov,black,"Muzychuk,A",4th Karpov Trophy Prelim,Cap d'Agde FRA,2015.10.26,2015,7.4,"Muzychuk,A","Karpov,Ana",2549.0,2628.0,1/2-1/2,draw,draw,B18,,103,51.5,20,2,0,0,False,False,10,1,False,0,10,1
Karpov.pgn,Karpov,black,"Edouard,R",4th Karpov Trophy Prelim,Cap d'Agde FRA,2015.10.26,2015,8.4,"Edouard,R","Karpov,Ana",2636.0,2628.0,1/2-1/2,draw,draw,E21,,67,33.5,17,2,2,0,True,True,8,1,True,0,9,1
Karpov.pgn,Karpov,black,"Abdumalik,Z",4th Karpov Trophy Prelim,Cap d'Agde FRA,2015.10.27,2015,9.3,"Abdumalik,Z","Karpov,Ana",2390.0,2628.0,0-1,black_win,win,C92,,100,50.0,17,3,2,0,True,True,8,1,True,0,9,2
Karpov.pgn,Karpov,white,"Sebag,M",4th Karpov Trophy Prelim,Cap d'Agde FRA,2015.10.27,2015,10.1,"Karpov,Ana","Sebag,M",2628.0,2496.0,1-0,white_win,win,A11,,87,43.5,11,4,2,0,True,True,6,4,True,0,5,0
Karpov.pgn,Karpov,black,"Muzychuk,M",4th Karpov Trophy Prelim,Cap d'Agde FRA,2015.10.28,2015,11.1,"Muzychuk,M","Karpov,Ana",2528.0,2628.0,0-1,black_win,win,B11,,74,37.0,16,3,1,0,True,False,8,2,False,0,8,1
Karpov.pgn,Karpov,white,"Fressinet,L",4th Karpov Trophy Prelim,Cap d'Agde FRA,2015.10.28,2015,12.1,"Karpov,Ana","Fressinet,L",2628.0,2702.0,0-1,black_win,loss,E62,,38,19.0,6,1,2,0,True,True,3,0,True,0,3,1
Karpov.pgn,Karpov,white,"Muzychuk,A",4th Karpov Trophy Prelim,Cap d'Agde FRA,2015.10.29,2015,14.2,"Karpov,Ana","Muzychuk,A",2628.0,2549.0,1-0,white_win,win,E35,,119,59.5,25,4,2,1,True,True,12,2,True,1,13,2
Karpov.pgn,Karpov,black,"Edouard,R",4th Karpov Trophy 2015,Cap d'Agde FRA,2015.10.30,2015,1.4,"Edouard,R","Karpov,Ana",2636.0,2628.0,0-1,black_win,win,E21,,130,65.0,26,6,0,0,False,False,13,4,False,0,13,2
Karpov.pgn,Karpov,white,"Edouard,R",4th Karpov Trophy 2015,Cap d'Agde FRA,2015.10.30,2015,1.3,"Karpov,Ana","Edouard,R",2628.0,2636.0,0-1,black_win,loss,E35,,46,23.0,11,1,2,0,True,True,6,0,True,0,5,1
Karpov.pgn,Karpov,black,"Edouard,R",4th Karpov Trophy 2015,Cap d'Agde FRA,2015.10.30,2015,1.2,"Edouard,R","Karpov,Ana",2636.0,2628.0,1/2-1/2,draw,draw,A28,,75,37.5,17,3,2,0,True,True,8,2,True,0,9,1
Karpov.pgn,Karpov,white,"Edouard,R",4th Karpov Trophy 2015,Cap d'Agde FRA,2015.10.30,2015,1.1,"Karpov,Ana","Edouard,R",2628.0,2636.0,1/2-1/2,draw,draw,E35,,80,40.0,17,6,2,0,True,True,9,4,True,0,8,2
Karpov.pgn,Karpov,white,"Edouard,R",4th Karpov Trophy 2015,Cap d'Agde FRA,2015.10.30,2015,1.5,"Karpov,Ana","Edouard,R",2628.0,2636.0,1-0,white_win,win,E35,,75,37.5,20,7,1,0,False,True,10,2,False,0,10,5
Karpov.pgn,Karpov,black,"Edouard,R",4th Karpov Trophy 2015,Cap d'Agde FRA,2015.10.31,2015,1.6,"Edouard,R","Karpov,Ana",2636.0,2628.0,0-1,black_win,win,A28,,90,45.0,20,0,2,0,True,True,11,0,True,0,9,0
Karpov.pgn,Karpov,white,"Fressinet,L",4th Karpov Trophy 2015,Cap d'Agde FRA,2015.10.31,2015,2.3,"Karpov,Ana","Fressinet,L",2628.0,2702.0,0-1,black_win,loss,E60,,122,61.0,21,7,2,0,True,True,11,3,True,0,10,4
Karpov.pgn,Karpov,white,"Fressinet,L",4th Karpov Trophy 2015,Cap d'Agde FRA,2015.10.31,2015,2.1,"Karpov,Ana","Fressinet,L",2628.0,2702.0,1/2-1/2,draw,draw,D30,,122,61.0,27,4,2,0,True,True,14,4,True,0,13,0
Karpov.pgn,Karpov,black,"Fressinet,L",4th Karpov Trophy 2015,Cap d'Agde FRA,2015.10.31,2015,2.4,"Fressinet,L","Karpov,Ana",2702.0,2628.0,1-0,white_win,loss,A29,,63,31.5,13,1,2,0,True,True,7,1,True,0,6,0
Karpov.pgn,Karpov,black,"Fressinet,L",4th Karpov Trophy 2015,Cap d'Agde FRA,2015.10.31,2015,2.2,"Fressinet,L","Karpov,Ana",2702.0,2628.0,1/2-1/2,draw,draw,A29,,53,26.5,12,0,2,0,True,True,6,0,True,0,6,0
Karpov.pgn,Karpov,white,"Timman,J",4th Basamro Match 2016,Murmansk RUS,2016.10.06,2016,1,"Karpov,Ana","Timman,J",2628.0,2565.0,1/2-1/2,draw,draw,E62,,106,53.0,20,5,2,0,True,True,10,1,True,0,10,4
Karpov.pgn,Karpov,black,"Timman,J",4th Basamro Match 2016,Murmansk RUS,2016.10.07,2016,2,"Timman,J","Karpov,Ana",2565.0,2628.0,1/2-1/2,draw,draw,A05,,152,76.0,25,9,1,0,True,False,13,2,False,0,12,7
Karpov.pgn,Karpov,white,"Timman,J",4th Basamro Match 2016,Murmansk RUS,2016.10.08,2016,3,"Karpov,Ana","Timman,J",2628.0,2565.0,0-1,black_win,loss,E62,,80,40.0,20,2,2,0,True,True,9,0,True,0,11,2
Karpov.pgn,Karpov,black,"Timman,J",4th Basamro Match 2016,Murmansk RUS,2016.10.09,2016,4,"Timman,J","Karpov,Ana",2565.0,2628.0,1/2-1/2,draw,draw,A15,,37,18.5,12,1,2,0,True,True,6,0,True,0,6,1
Karpov.pgn,Karpov,white,"Kempinski,R",Bundesliga 2016-17,Hamburg GER,2016.10.15,2016,1.3,"Karpov,Ana","Kempinski,R",2628.0,2600.0,1-0,white_win,win,A41,,93,46.5,14,0,2,0,True,True,8,0,True,0,6,0
Karpov.pgn,Karpov,white,"Sebag,M",5th Karpov Trophy Prelim,Cap d'Agde FRA,2016.10.21,2016,1.3,"Karpov,Ana","Sebag,M",2628.0,2488.0,1-0,white_win,win,A11,,93,46.5,21,6,2,1,True,True,12,3,True,1,9,3
Karpov.pgn,Karpov,white,"Bacrot,E",5th Karpov Trophy Prelim,Cap d'Agde FRA,2016.10.21,2016,2.1,"Karpov,Ana","Bacrot,E",2628.0,2692.0,0-1,black_win,loss,E60,,136,68.0,24,3,2,0,True,True,11,3,True,0,13,0
Karpov.pgn,Karpov,black,"Vega Gutierrez,S",5th Karpov Trophy Prelim,Cap d'Agde FRA,2016.10.22,2016,3.2,"Vega Gutierrez,S","Karpov,Ana",2414.0,2628.0,1-0,white_win,loss,B01,,71,35.5,13,0,2,0,True,True,6,0,True,0,7,0
Karpov.pgn,Karpov,white,"Cornette,M",5th Karpov Trophy Prelim,Cap d'Agde FRA,2016.10.22,2016,4.2,"Karpov,Ana","Cornette,M",2628.0,2599.0,1-0,white_win,win,E32,,117,58.5,20,17,2,0,True,True,10,7,True,0,10,10
Karpov.pgn,Karpov,black,"Muzychuk,A",5th Karpov Trophy Prelim,Cap d'Agde FRA,2016.10.23,2016,5.3,"Muzychuk,A","Karpov,Ana",2561.0,2628.0,0-1,black_win,win,B17,,132,66.0,25,10,2,0,True,True,14,6,True,0,11,4
Karpov.pgn,Karpov,white,"Edouard,R",5th Karpov Trophy Prelim,Cap d'Agde FRA,2016.10.23,2016,6.3,"Karpov,Ana","Edouard,R",2628.0,2628.0,1/2-1/2,draw,draw,E35,,48,24.0,12,1,2,0,True,True,6,0,True,0,6,1
Karpov.pgn,Karpov,black,"Harika,D",5th Karpov Trophy Prelim,Cap d'Agde FRA,2016.10.24,2016,7.4,"Harika,D","Karpov,Ana",2528.0,2628.0,1/2-1/2,draw,draw,E04,,101,50.5,19,1,2,0,True,True,9,1,True,0,10,0
Karpov.pgn,Karpov,black,"Sebag,M",5th Karpov Trophy Prelim,Cap d'Agde FRA,2016.10.24,2016,8.1,"Sebag,M","Karpov,Ana",2488.0,2628.0,0-1,black_win,win,C53,,84,42.0,24,2,2,0,True,True,13,2,True,0,11,0
Karpov.pgn,Karpov,black,"Bacrot,E",5th Karpov Trophy Prelim,Cap d'Agde FRA,2016.10.25,2016,9.1,"Bacrot,E","Karpov,Ana",2692.0,2628.0,0-1,black_win,win,C53,,78,39.0,17,7,2,0,True,True,8,2,True,0,9,5
Karpov.pgn,Karpov,white,"Vega Gutierrez,S",5th Karpov Trophy Prelim,Cap d'Agde FRA,2016.10.25,2016,10.1,"Karpov,Ana","Vega Gutierrez,S",2628.0,2414.0,1-0,white_win,win,D30,,75,37.5,8,2,2,0,True,True,5,2,True,0,3,0
Karpov.pgn,Karpov,black,"Cornette,M",5th Karpov Trophy Prelim,Cap d'Agde FRA,2016.10.26,2016,11.2,"Cornette,M","Karpov,Ana",2599.0,2628.0,0-1,black_win,win,C50,,182,91.0,26,17,2,0,True,True,14,8,True,0,12,9
Karpov.pgn,Karpov,white,"Muzychuk,A",5th Karpov Trophy Prelim,Cap d'Agde FRA,2016.10.26,2016,12.2,"Karpov,Ana","Muzychuk,A",2628.0,2561.0,1/2-1/2,draw,draw,E60,,90,45.0,16,3,2,0,True,True,9,1,True,0,7,2
Karpov.pgn,Karpov,black,"Edouard,R",5th Karpov Trophy Prelim,Cap d'Agde FRA,2016.10.27,2016,13.3,"Edouard,R","Karpov,Ana",2628.0,2628.0,1-0,white_win,loss,A28,,76,38.0,17,5,2,0,True,True,9,3,True,0,8,2
Karpov.pgn,Karpov,white,"Harika,D",5th Karpov Trophy Prelim,Cap d'Agde FRA,2016.10.27,2016,14.3,"Karpov,Ana","Harika,D",2628.0,2528.0,1-0,white_win,win,E68,,123,61.5,27,6,2,0,True,True,14,4,True,0,13,2
Karpov.pgn,Karpov,black,"Edouard,R",5th Karpov Trophy 2016,Cap d'Agde FRA,2016.10.28,2016,1.1,"Edouard,R","Karpov,Ana",2628.0,2628.0,1-0,white_win,loss,A18,,107,53.5,21,9,0,1,False,False,10,2,False,0,11,7
Karpov.pgn,Karpov,white,"Edouard,R",5th Karpov Trophy 2016,Cap d'Agde FRA,2016.10.28,2016,1.2,"Karpov,Ana","Edouard,R",2628.0,2628.0,0-1,black_win,loss,E36,,46,23.0,9,2,0,0,False,False,4,0,False,0,5,2
Karpov.pgn,Karpov,black,"Laznicka,V",Bundesliga 2016-17,Berlin GER,2017.04.30,2017,14.3,"Laznicka,V","Karpov,Ana",2651.0,2628.0,1/2-1/2,draw,draw,E32,,105,52.5,19,9,2,0,True,True,10,8,True,0,9,1
Karpov.pgn,Karpov,white,"Svidler,P",TCh-RUS Men 2017,Sochi RUS,2017.05.05,2017,4.4,"Karpov,Ana","Svidler,P",2624.0,2755.0,1/2-1/2,draw,draw,D85,,89,44.5,17,6,2,0,True,True,9,3,True,0,8,3
Karpov.pgn,Karpov,black,"Timman,J",Platja d'Aro Legends Rapid,Platja d'Aro ESP,2017.06.27,2017,1.1,"Timman,J","Karpov,Ana",2578.0,2626.0,1-0,white_win,loss,A29,,87,43.5,16,4,2,0,True,True,9,0,True,0,7,4
Karpov.pgn,Karpov,white,"Ljubojevic,L",Platja d'Aro Legends Rapid,Platja d'Aro ESP,2017.06.28,2017,3.2,"Karpov,Ana","Ljubojevic,L",2626.0,2571.0,1/2-1/2,draw,draw,D37,,147,73.5,25,13,2,0,True,True,13,3,True,0,12,10
Karpov.pgn,Karpov,black,"Ljubojevic,L",Platja d'Aro Legends Rapid,Platja d'Aro ESP,2017.06.29,2017,4.2,"Ljubojevic,L","Karpov,Ana",2571.0,2626.0,1/2-1/2,draw,draw,D59,,60,30.0,14,2,2,0,True,True,7,0,True,0,7,2
Karpov.pgn,Karpov,white,"Ribli,Z",Platja d'Aro Legends Rapid,Platja d'Aro ESP,2017.06.30,2017,5.1,"Karpov,Ana","Ribli,Z",2626.0,2526.0,1/2-1/2,draw,draw,D30,,38,19.0,6,0,2,0,True,True,3,0,True,0,3,0
Karpov.pgn,Karpov,white,"Timman,J",Platja d'Aro Legends Rapid,Platja d'Aro ESP,2017.06.30,2017,6.1,"Karpov,Ana","Timman,J",2626.0,2578.0,1-0,white_win,win,E32,,127,63.5,26,9,1,0,False,True,13,3,False,0,13,6
Karpov.pgn,Karpov,black,"Timman,J",Platja d'Aro Legends Blitz,Platja d'Aro ESP,2017.07.01,2017,1.1,"Timman,J","Karpov,Ana",2578.0,2626.0,0-1,black_win,win,A05,,88,44.0,15,1,2,0,True,True,9,1,True,0,6,0
Karpov.pgn,Karpov,white,"Ribli,Z",Platja d'Aro Legends TB,Platja d'Aro ESP,2017.07.01,2017,1,"Karpov,Ana","Ribli,Z",2626.0,2526.0,0-1,black_win,loss,D30,,83,41.5,23,7,2,0,True,True,11,1,True,0,12,6
Karpov.pgn,Karpov,white,"Ljubojevic,L",Platja d'Aro Legends Blitz,Platja d'Aro ESP,2017.07.01,2017,3.2,"Karpov,Ana","Ljubojevic,L",2626.0,2571.0,1/2-1/2,draw,draw,D58,,45,22.5,14,2,1,0,False,True,7,0,False,0,7,2
Karpov.pgn,Karpov,black,"Ljubojevic,L",Platja d'Aro Legends Blitz,Platja d'Aro ESP,2017.07.01,2017,4.2,"Ljubojevic,L","Karpov,Ana",2571.0,2626.0,1/2-1/2,draw,draw,A22,,79,39.5,13,6,2,0,True,True,7,4,True,0,6,2
Karpov.pgn,Karpov,white,"Ribli,Z",Platja d'Aro Legends Blitz,Platja d'Aro ESP,2017.07.01,2017,5.1,"Karpov,Ana","Ribli,Z",2626.0,2526.0,1-0,white_win,win,D30,,43,21.5,5,0,2,0,True,True,3,0,True,0,2,0
Karpov.pgn,Karpov,white,"Timman,J",Platja d'Aro Legends Blitz,Platja d'Aro ESP,2017.07.01,2017,6.1,"Karpov,Ana","Timman,J",2626.0,2578.0,0-1,black_win,loss,E32,,74,37.0,14,2,1,0,True,False,7,1,True,0,7,1
Karpov.pgn,Karpov,black,"Morozevich,A",50th Biel ACCENTUS Rapid,Biel SUI,2017.07.23,2017,1.1,"Morozevich,A","Karpov,Ana",2675.0,2626.0,1-0,white_win,loss,C45,,62,31.0,12,1,2,0,True,True,6,1,True,0,6,0
Karpov.pgn,Karpov,white,"Morozevich,A",50th Biel ACCENTUS Rapid,Biel SUI,2017.07.23,2017,1.2,"Karpov,Ana","Morozevich,A",2626.0,2675.0,1/2-1/2,draw,draw,D37,,72,36.0,19,1,2,0,True,True,9,1,True,0,10,0
Karpov.pgn,Karpov,black,"Vaisser,A",6th Karpov Trophy Match,Cap d'Agde FRA,2017.10.29,2017,1,"Vaisser,A","Karpov,Ana",2506.0,2626.0,1-0,white_win,loss,E41,,46,23.0,10,0,2,0,True,True,5,0,True,0,5,0
Karpov.pgn,Karpov,white,"Vaisser,A",6th Karpov Trophy Match,Cap d'Agde FRA,2017.10.30,2017,2,"Karpov,Ana","Vaisser,A",2626.0,2506.0,1-0,white_win,win,A58,,87,43.5,25,7,1,0,False,True,13,4,False,0,12,3
Karpov.pgn,Karpov,black,"Vaisser,A",6th Karpov Trophy Rapid m,Cap d'Agde FRA,2017.10.31,2017,1,"Vaisser,A","Karpov,Ana",2506.0,2626.0,1/2-1/2,draw,draw,E41,,150,75.0,28,7,2,1,True,True,14,0,True,0,14,7
Karpov.pgn,Karpov,white,"Vaisser,A",6th Karpov Trophy Rapid m,Cap d'Agde FRA,2017.10.31,2017,2,"Karpov,Ana","Vaisser,A",2626.0,2506.0,1-0,white_win,win,A58,,109,54.5,21,8,1,0,False,True,11,0,False,0,10,8
Karpov.pgn,Karpov,black,"Vaisser,A",6th Karpov Trophy Rapid m,Cap d'Agde FRA,2017.11.01,2017,3,"Vaisser,A","Karpov,Ana",2506.0,2626.0,1-0,white_win,loss,E42,,303,151.5,27,34,2,0,True,True,13,14,True,0,14,20
Karpov.pgn,Karpov,white,"Vaisser,A",6th Karpov Trophy Rapid m,Cap d'Agde FRA,2017.11.01,2017,4,"Karpov,Ana","Vaisser,A",2626.0,2506.0,1-0,white_win,win,A46,,89,44.5,15,3,2,0,True,True,8,1,True,0,7,2
Karpov.pgn,Karpov,black,"Vaisser,A",6th Karpov Trophy Blitz m,Cap d'Agde FRA,2017.11.02,2017,1,"Vaisser,A","Karpov,Ana",2503.0,2626.0,1/2-1/2,draw,draw,E42,,106,53.0,24,3,2,0,True,True,12,3,True,0,12,0
Karpov.pgn,Karpov,white,"Vaisser,A",6th Karpov Trophy Blitz m,Cap d'Agde FRA,2017.11.02,2017,2,"Karpov,Ana","Vaisser,A",2626.0,2503.0,0-1,black_win,loss,A90,,111,55.5,24,6,2,0,True,True,12,4,True,0,12,2
Karpov.pgn,Karpov,black,"Vaisser,A",6th Karpov Trophy Blitz m,Cap d'Agde FRA,2017.11.02,2017,3,"Vaisser,A","Karpov,Ana",2503.0,2626.0,1-0,white_win,loss,E42,,69,34.5,17,1,2,0,True,True,8,0,True,0,9,1
Karpov.pgn,Karpov,white,"Vaisser,A",6th Karpov Trophy Blitz m,Cap d'Agde FRA,2017.11.02,2017,4,"Karpov,Ana","Vaisser,A",2626.0,2503.0,0-1,black_win,loss,A58,,64,32.0,19,1,2,0,True,True,10,1,True,0,9,0
Karpov.pgn,Karpov,black,"Vaisser,A",6th Karpov Trophy Blitz m,Cap d'Agde FRA,2017.11.02,2017,5,"Vaisser,A","Karpov,Ana",2503.0,2626.0,0-1,black_win,win,E42,,106,53.0,24,8,2,0,True,True,13,8,True,0,11,0
Karpov.pgn,Karpov,white,"Vaisser,A",6th Karpov Trophy Blitz m,Cap d'Agde FRA,2017.11.02,2017,6,"Karpov,Ana","Vaisser,A",2626.0,2503.0,1-0,white_win,win,A87,,83,41.5,24,3,2,0,True,True,13,2,True,0,11,1
Karpov.pgn,Karpov,white,Li Chao2,Bundesliga 2017-18,Schwaebisch Hall GER,2017.11.11,2017,3.5,"Karpov,Ana",Li Chao2,2626.0,2739.0,0-1,black_win,loss,D85,,84,42.0,20,3,2,0,True,True,10,1,True,0,10,2
Karpov.pgn,Karpov,white,Hou Yifan,Hou vs Karpov Match 2018,Harbin CHN,2018.02.05,2018,1,"Karpov,Ana",Hou Yifan,2623.0,2654.0,1-0,white_win,win,D38,,105,52.5,21,7,2,0,True,True,12,5,True,0,9,2
Karpov.pgn,Karpov,black,Hou Yifan,Hou vs Karpov Match 2018,Harbin CHN,2018.02.05,2018,2,Hou Yifan,"Karpov,Ana",2654.0,2623.0,0-1,black_win,win,C77,,85,42.5,15,3,2,0,True,True,9,0,True,0,6,3
Karpov.pgn,Karpov,white,Hou Yifan,Hou vs Karpov Match 2018,Harbin CHN,2018.02.05,2018,3,"Karpov,Ana",Hou Yifan,2623.0,2654.0,0-1,black_win,loss,A40,,100,50.0,14,4,0,0,False,False,6,0,False,0,8,4
Karpov.pgn,Karpov,black,Hou Yifan,Hou vs Karpov Match 2018,Harbin CHN,2018.02.05,2018,4,Hou Yifan,"Karpov,Ana",2654.0,2623.0,1/2-1/2,draw,draw,C77,,125,62.5,22,11,2,0,True,True,11,9,True,0,11,2
Karpov.pgn,Karpov,white,Hou Yifan,Hou vs Karpov Match 2018,Harbin CHN,2018.02.06,2018,5,"Karpov,Ana",Hou Yifan,2623.0,2654.0,1-0,white_win,win,A70,,85,42.5,16,3,2,0,True,True,8,3,True,0,8,0
Karpov.pgn,Karpov,black,Hou Yifan,Hou vs Karpov Match 2018,Harbin CHN,2018.02.06,2018,6,Hou Yifan,"Karpov,Ana",2654.0,2623.0,1-0,white_win,loss,A15,,105,52.5,19,3,2,0,True,True,8,3,True,0,11,0
Karpov.pgn,Karpov,black,"Vaisser,A",Platja d'Aro Legends Rapid,Platja d'Aro ESP,2018.06.25,2018,1.1,"Vaisser,A","Karpov,Ana",2502.0,2623.0,1/2-1/2,draw,draw,E41,,64,32.0,17,2,1,0,True,False,9,0,False,0,8,2
Karpov.pgn,Karpov,white,"Ljubojevic,L",Platja d'Aro Legends Rapid,Platja d'Aro ESP,2018.06.25,2018,2.1,"Karpov,Ana","Ljubojevic,L",2623.0,2571.0,1-0,white_win,win,D37,,103,51.5,24,3,2,0,True,True,12,2,True,0,12,1
Karpov.pgn,Karpov,black,"Torre,E",Platja d'Aro Legends Rapid,Platja d'Aro ESP,2018.06.26,2018,3.1,"Torre,E","Karpov,Ana",2460.0,2623.0,0-1,black_win,win,D00,,103,51.5,21,5,2,0,True,True,11,2,True,0,10,3
Karpov.pgn,Karpov,white,"Vaisser,A",Platja d'Aro Legends Rapid,Platja d'Aro ESP,2018.06.26,2018,4.1,"Karpov,Ana","Vaisser,A",2623.0,2502.0,1/2-1/2,draw,draw,A04,,130,65.0,27,22,2,2,True,True,14,8,True,1,13,14
Karpov.pgn,Karpov,white,"Torre,E",Platja d'Aro Legends Rapid,Platja d'Aro ESP,2018.06.27,2018,5.1,"Karpov,Ana","Torre,E",2623.0,2460.0,1-0,white_win,win,E11,,93,46.5,16,5,2,0,True,True,8,0,True,0,8,5
Karpov.pgn,Karpov,black,"Ljubojevic,L",Platja d'Aro Legends Rapid,Platja d'Aro ESP,2018.06.27,2018,6.1,"Ljubojevic,L","Karpov,Ana",2571.0,2623.0,1-0,white_win,loss,E15,,39,19.5,6,4,1,0,True,False,2,1,False,0,4,3
Karpov.pgn,Karpov,black,"Torre,E",Platja d'Aro Legends Blitz,Platja d'Aro ESP,2018.06.29,2018,1.1,"Torre,E","Karpov,Ana",2460.0,2623.0,0-1,black_win,win,D00,,63,31.5,14,0,2,0,True,True,7,0,True,0,7,0
Karpov.pgn,Karpov,white,"Torre,E",Platja d'Aro Legends Blitz,Platja d'Aro ESP,2018.06.29,2018,2.1,"Karpov,Ana","Torre,E",2623.0,2460.0,1/2-1/2,draw,draw,E11,,156,78.0,22,11,2,0,True,True,11,1,True,0,11,10
Karpov.pgn,Karpov,black,"Vaisser,A",Platja d'Aro Legends Blitz,Platja d'Aro ESP,2018.06.29,2018,3.1,"Vaisser,A","Karpov,Ana",2502.0,2623.0,1-0,white_win,loss,E41,,63,31.5,17,0,2,0,True,True,8,0,True,0,9,0
Karpov.pgn,Karpov,white,"Vaisser,A",Platja d'Aro Legends Blitz,Platja d'Aro ESP,2018.06.29,2018,4.1,"Karpov,Ana","Vaisser,A",2623.0,2502.0,1/2-1/2,draw,draw,A04,,50,25.0,12,3,1,0,True,False,6,2,True,0,6,1
Karpov.pgn,Karpov,white,"Ljubojevic,L",Platja d'Aro Legends Blitz,Platja d'Aro ESP,2018.06.29,2018,5.1,"Karpov,Ana","Ljubojevic,L",2623.0,2571.0,1-0,white_win,win,D55,,105,52.5,21,7,2,0,True,True,10,1,True,0,11,6
Karpov.pgn,Karpov,black,"Ljubojevic,L",Platja d'Aro Legends Blitz,Platja d'Aro ESP,2018.06.29,2018,6.1,"Ljubojevic,L","Karpov,Ana",2571.0,2623.0,0-1,black_win,win,A22,,84,42.0,23,4,1,0,False,True,13,4,True,0,10,0
Karpov.pgn,Karpov,white,"Vaisser,A",Platja d'Aro Legends Blitz,Platja d'Aro ESP,2018.06.30,2018,7.1,"Karpov,Ana","Vaisser,A",2623.0,2502.0,1-0,white_win,win,A04,,69,34.5,15,2,2,0,True,True,7,1,True,0,8,1
Karpov.pgn,Karpov,black,"Vaisser,A",Platja d'Aro Legends Blitz,Platja d'Aro ESP,2018.06.30,2018,8.1,"Vaisser,A","Karpov,Ana",2502.0,2623.0,1-0,white_win,loss,E41,,62,31.0,14,1,2,0,True,True,7,0,True,0,7,1
Karpov.pgn,Karpov,black,"Ljubojevic,L",Platja d'Aro Legends Blitz,Platja d'Aro ESP,2018.06.30,2018,9.1,"Ljubojevic,L","Karpov,Ana",2571.0,2623.0,1/2-1/2,draw,draw,A15,,77,38.5,20,2,2,0,True,True,10,1,True,0,10,1
Karpov.pgn,Karpov,white,"Ljubojevic,L",Platja d'Aro Legends Blitz,Platja d'Aro ESP,2018.06.30,2018,10.1,"Karpov,Ana","Ljubojevic,L",2623.0,2571.0,1-0,white_win,win,E32,,87,43.5,18,5,2,0,True,True,9,3,True,0,9,2
Karpov.pgn,Karpov,white,"Torre,E",Platja d'Aro Legends Blitz,Platja d'Aro ESP,2018.06.30,2018,11.1,"Karpov,Ana","Torre,E",2623.0,2460.0,1-0,white_win,win,E16,,73,36.5,13,1,2,0,True,True,7,0,True,0,6,1
Karpov.pgn,Karpov,black,"Torre,E",Platja d'Aro Legends Blitz,Platja d'Aro ESP,2018.06.30,2018,12.1,"Torre,E","Karpov,Ana",2460.0,2623.0,0-1,black_win,win,A45,,118,59.0,24,8,2,0,True,True,13,4,True,0,11,4
Karpov.pgn,Karpov,black,"Rashkovsky,N",Karpov-Rashkovsky Rapid,Yekaterinburg RUS,2018.08.01,2018,1,"Rashkovsky,N","Karpov,Ana",2483.0,2623.0,1/2-1/2,draw,draw,E18,,32,16.0,4,0,2,0,True,True,2,0,True,0,2,0
Karpov.pgn,Karpov,white,"Rashkovsky,N",Karpov-Rashkovsky Rapid,Yekaterinburg RUS,2018.08.01,2018,2,"Karpov,Ana","Rashkovsky,N",2623.0,2483.0,1/2-1/2,draw,draw,D31,,42,21.0,6,0,2,0,True,True,3,0,True,0,3,0
Karpov.pgn,Karpov,black,"Rashkovsky,N",Karpov-Rashkovsky Blitz,Yekaterinburg RUS,2018.08.03,2018,1,"Rashkovsky,N","Karpov,Ana",2483.0,2623.0,0-1,black_win,win,E14,,50,25.0,14,1,2,0,True,True,8,1,True,0,6,0
Karpov.pgn,Karpov,white,"Rashkovsky,N",Karpov-Rashkovsky Blitz,Yekaterinburg RUS,2018.08.03,2018,2,"Karpov,Ana","Rashkovsky,N",2623.0,2483.0,1-0,white_win,win,E11,,59,29.5,12,2,2,0,True,True,6,0,True,0,6,2
Karpov.pgn,Karpov,black,"Rashkovsky,N",Karpov-Rashkovsky Blitz,Yekaterinburg RUS,2018.08.03,2018,3,"Rashkovsky,N","Karpov,Ana",2483.0,2623.0,1/2-1/2,draw,draw,E18,,25,12.5,2,0,2,0,True,True,1,0,True,0,1,0
Karpov.pgn,Karpov,white,"Rashkovsky,N",Karpov-Rashkovsky Blitz,Yekaterinburg RUS,2018.08.03,2018,4,"Karpov,Ana","Rashkovsky,N",2623.0,2483.0,1/2-1/2,draw,draw,E33,,24,12.0,4,1,2,0,True,True,2,0,True,0,2,1
Karpov.pgn,Karpov,black,"Santos Ruiz,Miguel",8th Salamanca Uni Masters,Salamanca ESP,2018.10.24,2018,1.1,"Santos Ruiz,Miguel","Karpov,Ana",2523.0,2623.0,1/2-1/2,draw,draw,D12,,65,32.5,13,1,2,0,True,True,7,1,True,0,6,0
Karpov.pgn,Karpov,white,"Granda Zuniga,J",8th Salamanca Uni Masters,Salamanca ESP,2018.10.24,2018,2.1,"Karpov,Ana","Granda Zuniga,J",2623.0,2641.0,0-1,black_win,loss,E17,,118,59.0,26,5,2,0,True,True,13,3,True,0,13,2
Karpov.pgn,Karpov,black,"Topalov,V",8th Salamanca Uni Masters,Salamanca ESP,2018.10.25,2018,3.1,"Topalov,V","Karpov,Ana",2740.0,2623.0,1-0,white_win,loss,C92,,78,39.0,17,0,2,0,True,True,10,0,True,0,7,0
Karpov.pgn,Karpov,white,"Skripchenko,A",8th Salamanca Uni Masters,Salamanca ESP,2018.10.25,2018,4.1,"Karpov,Ana","Skripchenko,A",2623.0,2414.0,1-0,white_win,win,C41,,89,44.5,19,5,2,0,True,True,10,1,True,0,9,4
Karpov.pgn,Karpov,black,"Matnadze,A",8th Salamanca Uni Masters,Salamanca ESP,2018.10.26,2018,5.1,"Matnadze,A","Karpov,Ana",2362.0,2623.0,0-1,black_win,win,D02,,100,50.0,16,4,2,0,True,True,8,1,True,0,8,3
Karpov.pgn,Karpov,white,"Atalik,E",8th Salamanca Uni Masters,Salamanca ESP,2018.10.27,2018,6.1,"Karpov,Ana","Atalik,E",2623.0,2445.0,1-0,white_win,win,D85,,85,42.5,21,7,1,0,False,True,12,5,False,0,9,2
Karpov.pgn,Karpov,black,"Calzetta Ruiz,M",8th Salamanca Uni Masters,Salamanca ESP,2018.10.27,2018,7.1,"Calzetta Ruiz,M","Karpov,Ana",2235.0,2623.0,0-1,black_win,win,C91,,78,39.0,13,2,2,0,True,True,8,0,True,0,5,2
Karpov.pgn,Karpov,black,"Schroeder,Ja",Bundesliga 2018-19,Viernheim GER,2018.11.24,2018,3.8,"Schroeder,Ja","Karpov,Ana",2571.0,2623.0,1/2-1/2,draw,draw,C53,,89,44.5,17,2,2,0,True,True,8,0,True,0,9,2
Karpov.pgn,Karpov,black,"Baldauf,Marc",Bundesliga 2018-19,Viernheim GER,2019.03.09,2019,12.4,"Baldauf,Marc","Karpov,Ana",2470.0,2623.0,1/2-1/2,draw,draw,E38,,121,60.5,20,8,2,0,True,True,10,6,True,0,10,2
Karpov.pgn,Karpov,white,"Almasi,Z",Bundesliga 2018-19,Viernheim GER,2019.03.10,2019,13.3,"Karpov,Ana","Almasi,Z",2623.0,2682.0,0-1,black_win,loss,E62,,98,49.0,17,3,2,0,True,True,9,0,True,0,8,3
Karpov.pgn,Karpov,white,"Matlakov,M",TCh-RUS Premier 2019,Sochi RUS,2019.05.08,2019,7.5,"Karpov,Ana","Matlakov,M",2616.0,2697.0,1/2-1/2,draw,draw,E32,,54,27.0,11,10,1,0,False,True,5,0,False,0,6,10
Karpov.pgn,Karpov,white,"Ljubojevic,L",Platja d'Aro Legends Rap,Platja d'Aro ESP,2019.06.25,2019,2.1,"Karpov,Ana","Ljubojevic,L",2617.0,2571.0,0-1,black_win,loss,E36,,66,33.0,12,2,1,0,False,True,6,0,False,0,6,2
Karpov.pgn,Karpov,black,"Vaganian,R",Platja d'Aro Legends Rap,Platja d'Aro ESP,2019.06.26,2019,3.1,"Vaganian,R","Karpov,Ana",2526.0,2617.0,1/2-1/2,draw,draw,A30,,33,16.5,6,0,2,0,True,True,3,0,True,0,3,0
Karpov.pgn,Karpov,black,"Romanishin,O",Platja d'Aro Legends Rap,Platja d'Aro ESP,2019.06.26,2019,4.1,"Romanishin,O","Karpov,Ana",2451.0,2617.0,1/2-1/2,draw,draw,A46,,53,26.5,14,3,1,0,True,False,7,0,False,0,7,3
Karpov.pgn,Karpov,white,"Vaganian,R",Platja d'Aro Legends Rap,Platja d'Aro ESP,2019.06.28,2019,5.1,"Karpov,Ana","Vaganian,R",2617.0,2526.0,1/2-1/2,draw,draw,D57,,96,48.0,24,4,2,0,True,True,12,2,True,0,12,2
Karpov.pgn,Karpov,black,"Ljubojevic,L",Platja d'Aro Legends Rap,Platja d'Aro ESP,2019.06.28,2019,6.1,"Ljubojevic,L","Karpov,Ana",2571.0,2617.0,1/2-1/2,draw,draw,C92,,210,105.0,24,19,2,0,True,True,11,10,True,0,13,9
Karpov.pgn,Karpov,black,"Romanishin,O",Platja d'Aro Legends Blitz,Platja d'Aro ESP,2019.06.29,2019,1,"Romanishin,O","Karpov,Ana",2451.0,2617.0,0-1,black_win,win,E17,,60,30.0,14,0,1,0,False,True,8,0,True,0,6,0
Karpov.pgn,Karpov,black,"Vaganian,R",Platja d'Aro Legends Blitz,Platja d'Aro ESP,2019.06.29,2019,3,"Vaganian,R","Karpov,Ana",2526.0,2617.0,1/2-1/2,draw,draw,A46,,56,28.0,11,0,2,0,True,True,5,0,True,0,6,0
Karpov.pgn,Karpov,white,"Romanishin,O",Platja d'Aro Legends Blitz,Platja d'Aro ESP,2019.06.29,2019,4,"Karpov,Ana","Romanishin,O",2617.0,2451.0,1-0,white_win,win,E38,,79,39.5,19,5,0,0,False,False,9,5,False,0,10,0
Karpov.pgn,Karpov,white,"Vaganian,R",Platja d'Aro Legends Blitz,Platja d'Aro ESP,2019.06.29,2019,5,"Karpov,Ana","Vaganian,R",2617.0,2526.0,1/2-1/2,draw,draw,D37,,150,75.0,22,11,2,0,True,True,12,8,True,0,10,3
Karpov.pgn,Karpov,black,"Romanishin,O",Platja d'Aro Legends Blitz,Platja d'Aro ESP,2019.06.30,2019,7,"Romanishin,O","Karpov,Ana",2451.0,2617.0,0-1,black_win,win,A07,,79,39.5,21,4,2,0,True,True,11,2,True,0,10,2
Karpov.pgn,Karpov,black,"Vaganian,R",Platja d'Aro Legends Blitz,Platja d'Aro ESP,2019.06.30,2019,9,"Vaganian,R","Karpov,Ana",2526.0,2617.0,1-0,white_win,loss,A46,,46,23.0,9,2,2,0,True,True,5,0,True,0,4,2
Karpov.pgn,Karpov,white,"Romanishin,O",Platja d'Aro Legends Blitz,Platja d'Aro ESP,2019.06.30,2019,10,"Karpov,Ana","Romanishin,O",2617.0,2451.0,1-0,white_win,win,E36,,154,77.0,23,15,1,0,False,True,12,3,False,0,11,12
Karpov.pgn,Karpov,white,"Vaganian,R",Platja d'Aro Legends Blitz,Platja d'Aro ESP,2019.06.30,2019,12,"Karpov,Ana","Vaganian,R",2617.0,2526.0,1/2-1/2,draw,draw,D31,,138,69.0,26,4,1,0,False,True,13,1,False,0,13,3
Karpov.pgn,Karpov,white,"Nihal,Sarin",Karpov-Sarin Blitz 2019,Cap d'Agde FRA,2019.11.02,2019,1,"Karpov,Ana","Nihal,Sarin",2617.0,2612.0,1-0,white_win,win,E35,,137,68.5,27,16,2,0,True,True,14,6,True,0,13,10
Karpov.pgn,Karpov,black,"Nihal,Sarin",Karpov-Sarin Rapid 2019,Cap d'Agde FRA,2019.11.02,2019,1,"Nihal,Sarin","Karpov,Ana",2612.0,2617.0,1/2-1/2,draw,draw,A46,,118,59.0,27,1,2,0,True,True,13,1,True,0,14,0
Karpov.pgn,Karpov,white,"Nihal,Sarin",Karpov-Sarin Rapid 2019,Cap d'Agde FRA,2019.11.02,2019,2,"Karpov,Ana","Nihal,Sarin",2617.0,2612.0,1/2-1/2,draw,draw,E35,,98,49.0,21,5,2,0,True,True,10,1,True,0,11,4
Karpov.pgn,Karpov,black,"Nihal,Sarin",Karpov-Sarin Blitz 2019,Cap d'Agde FRA,2019.11.02,2019,2,"Nihal,Sarin","Karpov,Ana",2612.0,2617.0,1-0,white_win,loss,A46,,55,27.5,9,2,2,0,True,True,4,0,True,0,5,2
Karpov.pgn,Karpov,white,"Timman,J",80th Noteboom 4 Player Gp,Leiden NED,2020.02.28,2020,1.1,"Karpov,Ana","Timman,J",2617.0,2532.0,1/2-1/2,draw,draw,E32,,100,50.0,24,2,1,0,False,True,12,0,False,0,12,2
Karpov.pgn,Karpov,white,"Huebner,R",80th Noteboom 4 Player Gp,Leiden NED,2020.02.29,2020,2.1,"Karpov,Ana","Huebner,R",2617.0,2576.0,1-0,white_win,win,E17,,115,57.5,23,2,2,0,True,True,12,1,True,0,11,1
Karpov.pgn,Karpov,black,"Nikolic,Pr",80th Noteboom 4 Player Gp,Leiden NED,2020.02.29,2020,3.1,"Nikolic,Pr","Karpov,Ana",2571.0,2617.0,1-0,white_win,loss,E15,,83,41.5,17,1,2,0,True,True,8,1,True,0,9,0
Karpov.pgn,Karpov,black,"Timman,J",80th Noteboom 4 Player Gp,Leiden NED,2020.02.29,2020,4.1,"Timman,J","Karpov,Ana",2532.0,2617.0,0-1,black_win,win,A05,,59,29.5,14,1,2,0,True,True,7,0,True,0,7,1
Karpov.pgn,Karpov,white,"Nikolic,Pr",80th Noteboom 4 Player Gp,Leiden NED,2020.03.01,2020,5.1,"Karpov,Ana","Nikolic,Pr",2617.0,2571.0,1/2-1/2,draw,draw,A90,,84,42.0,18,6,2,0,True,True,9,4,True,0,9,2
Karpov.pgn,Karpov,black,"Huebner,R",80th Noteboom 4 Player Gp,Leiden NED,2020.03.01,2020,6.1,"Huebner,R","Karpov,Ana",2576.0,2617.0,1/2-1/2,draw,draw,A46,,65,32.5,12,4,2,0,True,True,6,0,True,0,6,4
Karpov.pgn,Karpov,white,"Artemiev,V",Smyslov Region Group Cup,Moscow RUS,2021.08.16,2021,1.1,"Karpov,Ana","Artemiev,V",2617.0,2704.0,1/2-1/2,draw,draw,D77,,86,43.0,25,4,2,0,True,True,13,0,True,0,12,4
Karpov.pgn,Karpov,black,"Artemiev,V",Smyslov Region Group Cup,Moscow RUS,2021.08.16,2021,2.1,"Artemiev,V","Karpov,Ana",2704.0,2617.0,1-0,white_win,loss,C50,,51,25.5,11,0,2,0,True,True,5,0,True,0,6,0
Karpov.pgn,Karpov,black,"Potkin,V",Smyslov Region Group Cup,Moscow RUS,2021.08.16,2021,3.10,"Potkin,V","Karpov,Ana",2571.0,2617.0,1/2-1/2,draw,draw,A29,,69,34.5,22,1,2,0,True,True,11,1,True,0,11,0
Karpov.pgn,Karpov,white,"Potkin,V",Smyslov Region Group Cup,Moscow RUS,2021.08.16,2021,4.10,"Karpov,Ana","Potkin,V",2617.0,2571.0,1-0,white_win,win,D30,,83,41.5,21,3,2,0,True,True,11,2,True,0,10,1
Karpov.pgn,Karpov,black,"Karjakin,Sergey",Smyslov Region Group Cup,Moscow RUS,2021.08.16,2021,5.5,"Karjakin,Sergey","Karpov,Ana",2757.0,2617.0,1/2-1/2,draw,draw,A46,,133,66.5,27,11,2,0,True,True,13,9,True,0,14,2
Karpov.pgn,Karpov,white,"Karjakin,Sergey",Smyslov Region Group Cup,Moscow RUS,2021.08.16,2021,6.5,"Karpov,Ana","Karjakin,Sergey",2617.0,2757.0,1-0,white_win,win,E32,,141,70.5,25,16,2,0,True,True,13,4,True,0,12,12
Karpov.pgn,Karpov,white,"Zvjaginsev,V",Smyslov Region Group Cup,Moscow RUS,2021.08.16,2021,7.5,"Karpov,Ana","Zvjaginsev,V",2617.0,2608.0,1/2-1/2,draw,draw,A40,,57,28.5,14,1,2,0,True,True,7,1,True,0,7,0
Karpov.pgn,Karpov,black,"Zvjaginsev,V",Smyslov Region Group Cup,Moscow RUS,2021.08.16,2021,8.5,"Zvjaginsev,V","Karpov,Ana",2608.0,2617.0,1/2-1/2,draw,draw,A28,,51,25.5,14,2,2,0,True,True,7,1,True,0,7,1
Karpov.pgn,Karpov,white,"Paravyan,D",Smyslov Region Group Cup,Moscow RUS,2021.08.16,2021,9.5,"Karpov,Ana","Paravyan,D",2617.0,2631.0,1-0,white_win,win,A80,,117,58.5,16,1,2,0,True,True,9,1,True,0,7,0
Karpov.pgn,Karpov,black,"Paravyan,D",Smyslov Region Group Cup,Moscow RUS,2021.08.16,2021,10.5,"Paravyan,D","Karpov,Ana",2631.0,2617.0,1-0,white_win,loss,C53,,97,48.5,24,6,2,0,True,True,11,2,True,0,13,4
Karpov.pgn,Karpov,black,"Kobalia,M",Smyslov Region Group Cup,Moscow RUS,2021.08.16,2021,11.5,"Kobalia,M","Karpov,Ana",2594.0,2617.0,1-0,white_win,loss,C88,,49,24.5,12,1,2,0,True,True,5,0,True,0,7,1
Karpov.pgn,Karpov,white,"Kobalia,M",Smyslov Region Group Cup,Moscow RUS,2021.08.16,2021,12.5,"Karpov,Ana","Kobalia,M",2617.0,2594.0,0-1,black_win,loss,D12,,63,31.5,12,1,2,0,True,True,6,0,True,0,6,1
Karpov.pgn,Karpov,black,"Matlakov,M",Smyslov Region Group Cup,Moscow RUS,2021.08.16,2021,13.7,"Matlakov,M","Karpov,Ana",2680.0,2617.0,0-1,black_win,win,C88,,84,42.0,19,7,2,0,True,True,9,0,True,0,10,7
Karpov.pgn,Karpov,white,"Matlakov,M",Smyslov Region Group Cup,Moscow RUS,2021.08.16,2021,14.7,"Karpov,Ana","Matlakov,M",2617.0,2680.0,1-0,white_win,win,D25,,127,63.5,21,2,2,0,True,True,12,1,True,0,9,1
Karpov.pgn,Karpov,white,"Maurizzi,Marc Andria",Karpov Rapid Match,Cap d'Agde FRA,2021.11.01,2021,1,"Karpov,Ana","Maurizzi,Marc Andria",2617.0,2496.0,1/2-1/2,draw,draw,E15,,156,78.0,26,17,2,0,True,True,13,3,True,0,13,14
Karpov.pgn,Karpov,black,"Maurizzi,Marc Andria",Karpov Rapid Match,Cap d'Agde FRA,2021.11.01,2021,2,"Maurizzi,Marc Andria","Karpov,Ana",2496.0,2617.0,0-1,black_win,win,C77,,94,47.0,19,2,2,0,True,True,10,0,True,0,9,2
Karpov.pgn,Karpov,white,"Maurizzi,Marc Andria",Karpov Rapid Match,Cap d'Agde FRA,2021.11.02,2021,3,"Karpov,Ana","Maurizzi,Marc Andria",2617.0,2496.0,1-0,white_win,win,E15,,105,52.5,19,6,2,0,True,True,11,2,True,0,8,4
Karpov.pgn,Karpov,black,"Maurizzi,Marc Andria",Karpov Rapid Match,Cap d'Agde FRA,2021.11.02,2021,4,"Maurizzi,Marc Andria","Karpov,Ana",2496.0,2617.0,0-1,black_win,win,C77,,118,59.0,25,12,0,2,False,False,12,7,False,1,13,5
Karpov.pgn,Karpov,black,"Maurizzi,Marc'Andria",Karpov Blitz Match,Cap d'Agde FRA,2021.11.03,2021,1,"Maurizzi,Marc'Andria","Karpov,Ana",2496.0,2617.0,1-0,white_win,loss,C77,,104,52.0,21,1,1,0,False,True,10,0,True,0,11,1
Karpov.pgn,Karpov,white,"Maurizzi,Marc'Andria",Karpov Blitz Match,Cap d'Agde FRA,2021.11.03,2021,2,"Karpov,Ana","Maurizzi,Marc'Andria",2617.0,2496.0,0-1,black_win,loss,E15,,114,57.0,21,8,2,0,True,True,10,3,True,0,11,5
Karpov.pgn,Karpov,black,"Maurizzi,Marc'Andria",Karpov Blitz Match,Cap d'Agde FRA,2021.11.03,2021,3,"Maurizzi,Marc'Andria","Karpov,Ana",2496.0,2617.0,1/2-1/2,draw,draw,C77,,113,56.5,18,1,1,0,False,True,9,0,True,0,9,1
Karpov.pgn,Karpov,white,"Maurizzi,Marc'Andria",Karpov Blitz Match,Cap d'Agde FRA,2021.11.03,2021,4,"Karpov,Ana","Maurizzi,Marc'Andria",2617.0,2496.0,1-0,white_win,win,E35,,103,51.5,20,8,2,0,True,True,10,1,True,0,10,7
Karpov.pgn,Karpov,white,"Morozevich,A",18th Moscow Stars Prelim,Moscow RUS,2022.07.17,2022,1.1,"Karpov,Ana","Morozevich,A",2617.0,2659.0,1-0,white_win,win,A56,,119,59.5,27,7,2,0,True,True,14,4,True,0,13,3
Karpov.pgn,Karpov,black,"Morozevich,A",18th Moscow Stars Prelim,Moscow RUS,2022.07.17,2022,2.1,"Morozevich,A","Karpov,Ana",2659.0,2617.0,1/2-1/2,draw,draw,C44,,130,65.0,27,7,2,0,True,True,13,1,True,0,14,6
Karpov.pgn,Karpov,black,"Grischuk,A",18th Moscow Stars Prelim,Moscow RUS,2022.07.18,2022,3.2,"Grischuk,A","Karpov,Ana",2745.0,2617.0,1-0,white_win,loss,C92,,141,70.5,20,2,2,0,True,True,9,2,True,0,11,0
Karpov.pgn,Karpov,white,"Grischuk,A",18th Moscow Stars Prelim,Moscow RUS,2022.07.18,2022,4.2,"Karpov,Ana","Grischuk,A",2617.0,2745.0,0-1,black_win,loss,D12,,104,52.0,22,4,1,0,False,True,11,2,False,0,11,2
Karpov.pgn,Karpov,white,"Karjakin,Sergey",18th Moscow Stars Prelim,Moscow RUS,2022.07.19,2022,5.2,"Karpov,Ana","Karjakin,Sergey",2617.0,2747.0,1/2-1/2,draw,draw,D27,,40,20.0,10,2,1,0,True,False,5,1,True,0,5,1
Karpov.pgn,Karpov,black,"Karjakin,Sergey",18th Moscow Stars Prelim,Moscow RUS,2022.07.19,2022,6.2,"Karjakin,Sergey","Karpov,Ana",2747.0,2617.0,1/2-1/2,draw,draw,B10,,32,16.0,4,1,0,0,False,False,2,1,False,0,2,0
Karpov.pgn,Karpov,black,"Morozevich,A",18th Moscow Stars 3rd-4th,Moscow RUS,2022.07.20,2022,1.2,"Morozevich,A","Karpov,Ana",2659.0,2617.0,1/2-1/2,draw,draw,A45,,116,58.0,26,6,1,0,True,False,13,3,False,0,13,3
Karpov.pgn,Karpov,white,"Morozevich,A",18th Moscow Stars 3rd-4th,Moscow RUS,2022.07.20,2022,2.2,"Karpov,Ana","Morozevich,A",2617.0,2659.0,1/2-1/2,draw,draw,D22,,34,17.0,14,1,1,0,True,False,7,1,True,0,7,0
Karpov.pgn,Karpov,black,"Morozevich,A",18th Moscow Stars 3rd-4th,Moscow RUS,2022.07.20,2022,3.2,"Morozevich,A","Karpov,Ana",2659.0,2617.0,1-0,white_win,loss,A45,,44,22.0,13,2,1,0,True,False,6,1,False,0,7,1
