source_file,main_player,player_color,opponent,event,site,date,year,round,white,black,white_elo,black_elo,result,result_label,player_result,eco,opening,num_plies,num_moves,captures,checks,castles,promotions,white_castled,black_castled,player_captures,player_checks,player_castled,player_promotions,opponent_captures,opponent_checks,style
Kasparov.pgn,Kasparov,black,"Chandler, Murray G",Wch U16,Wattignies,1976.08.27,1976,?,"Chandler, Murray G","Kasparov, Gary",,,1-0,white_win,loss,B22,,82,41.0,14,5,2,0,True,True,7,1,True,0,7,4,dynamic
Kasparov.pgn,Kasparov,white,"Galle, Andre",Wch U16,Wattignies,1976.??.??,1976,?,"Kasparov, Gary","Galle, Andre",,,1-0,white_win,win,C11,,75,37.5,24,4,1,0,True,False,12,3,True,0,12,1,dynamic
Kasparov.pgn,Kasparov,white,"Grinberg, Nir",Wch U16,Wattignies,1976.??.??,1976,?,"Kasparov, Gary","Grinberg, Nir",,,1/2-1/2,draw,draw,B45,,33,16.5,10,1,2,0,True,True,5,0,True,0,5,1,dynamic
Kasparov.pgn,Kasparov,black,"Roos, Louis",Wch U16,Wattignies,1976.??.??,1976,?,"Roos, Louis","Kasparov, Gary",,,0-1,black_win,win,B50,,50,25.0,6,1,2,0,True,True,3,1,True,0,3,0,dynamic
Kasparov.pgn,Kasparov,black,"Van der Wiel, John TH",Wch U16,Wattignies,1976.??.??,1976,?,"Van der Wiel, John TH","Kasparov, Gary",,,1-0,white_win,loss,B93,,83,41.5,13,3,2,0,True,True,6,2,True,0,7,1,dynamic
Kasparov.pgn,Kasparov,black,"Dunne, David Joseph",Wch U16,Wattignies,1976.??.??,1976,?,"Dunne, David Joseph","Kasparov, Gary",,,0-1,black_win,win,B51,,114,57.0,27,5,2,0,True,True,14,3,True,0,13,2,dynamic
Kasparov.pgn,Kasparov,white,"Rogers, Ian",Wch U16,Wattignies,1976.??.??,1976,?,"Kasparov, Gary","Rogers, Ian",,1865.0,1-0,white_win,win,B33,,67,33.5,16,2,2,0,True,True,9,2,True,0,7,0,dynamic
Kasparov.pgn,Kasparov,white,"Cramling, Pia",Wch U16,Wattignies,1976.??.??,1976,?,"Kasparov, Gary","Cramling, Pia",,,1/2-1/2,draw,draw,C42,,37,18.5,7,1,2,0,True,True,4,0,True,0,3,1,dynamic
Kasparov.pgn,Kasparov,white,"Sendur, Adnan",Wch U16,Wattignies,1976.??.??,1976,?,"Kasparov, Gary","Sendur, Adnan",,,1-0,white_win,win,B08,,43,21.5,12,1,2,0,True,True,6,0,True,0,6,1,dynamic
Kasparov.pgn,Kasparov,white,"West, Guy",Telechess ol1 7778,telex,1977.??.??,1977,?,"Kasparov, Gary","West, Guy",,,1-0,white_win,win,B40,,23,11.5,5,1,0,0,False,False,3,1,False,0,2,0,dynamic
Kasparov.pgn,Kasparov,black,"Tseshkovsky, Vitaly",URS-ch sf,Daugavpils,1978.??.??,1978,?,"Tseshkovsky, Vitaly","Kasparov, Gary",2570.0,2200.0,1/2-1/2,draw,draw,B19,,28,14.0,4,2,0,0,False,False,2,2,False,0,2,0,dynamic
Kasparov.pgn,Kasparov,white,"Panchenko, Alexander N",URS-ch sf,Daugavpils,1978.??.??,1978,?,"Kasparov, Gary","Panchenko, Alexander N",2200.0,2495.0,1-0,white_win,win,B67,,69,34.5,18,3,1,0,True,False,9,1,True,0,9,2,dynamic
Kasparov.pgn,Kasparov,white,"Palatnik, Semon",URS-ch sf,Daugavpils,1978.??.??,1978,?,"Kasparov, Gary","Palatnik, Semon",,2490.0,1-0,white_win,win,B04,,73,36.5,15,7,2,0,True,True,9,7,True,0,6,0,dynamic
Kasparov.pgn,Kasparov,white,"Lputian, Smbat G",URS-ch sf,Daugavpils,1978.??.??,1978,?,"Kasparov, Gary","Lputian, Smbat G",2200.0,2200.0,1-0,white_win,win,D37,,55,27.5,10,0,2,0,True,True,6,0,True,0,4,0,dynamic
Kasparov.pgn,Kasparov,white,"Kupreichik, Viktor D",URS-ch sf,Daugavpils,1978.??.??,1978,?,"Kasparov, Gary","Kupreichik, Viktor D",2200.0,2200.0,1/2-1/2,draw,draw,C61,,42,21.0,10,0,2,0,True,True,5,0,True,0,5,0,dynamic
Kasparov.pgn,Kasparov,black,"Tseitlin, Mark D",URS-ch sf,Daugavpils,1978.??.??,1978,?,"Tseitlin, Mark D","Kasparov, Gary",2480.0,2200.0,0-1,black_win,win,B13,,106,53.0,20,19,1,0,True,False,11,14,False,0,9,5,dynamic
Kasparov.pgn,Kasparov,white,"Korsunsky, Rostislav R",URS-ch sf,Daugavpils,1978.??.??,1978,?,"Kasparov, Gary","Korsunsky, Rostislav R",2200.0,2200.0,1-0,white_win,win,B85,,103,51.5,26,7,2,0,True,True,14,5,True,0,12,2,dynamic
Kasparov.pgn,Kasparov,white,"Ivanov, Igor V",URS-ch sf,Daugavpils,1978.??.??,1978,?,"Kasparov, Gary","Ivanov, Igor V",,2415.0,1/2-1/2,draw,draw,B38,,79,39.5,19,2,2,0,True,True,9,2,True,0,10,0,dynamic
Kasparov.pgn,Kasparov,black,"Kapengut, Albert Z",URS-ch sf,Daugavpils,1978.??.??,1978,?,"Kapengut, Albert Z","Kasparov, Gary",2465.0,2200.0,1/2-1/2,draw,draw,B19,,74,37.0,13,0,1,0,False,True,6,0,True,0,7,0,dynamic
Kasparov.pgn,Kasparov,black,"Alburt, Lev O",URS-ch sf,Daugavpils,1978.??.??,1978,?,"Alburt, Lev O","Kasparov, Gary",2510.0,2200.0,0-1,black_win,win,E74,,112,56.0,27,6,2,0,True,True,14,6,True,0,13,0,dynamic
Kasparov.pgn,Kasparov,black,"Kholmov, Ratmir D",URS-ch sf,Daugavpils,1978.??.??,1978,?,"Kholmov, Ratmir D","Kasparov, Gary",2540.0,2200.0,1-0,white_win,loss,B18,,129,64.5,23,5,2,0,True,True,11,3,True,0,12,2,dynamic
Kasparov.pgn,Kasparov,black,"Nikolaevsky, Yuri V",URS-ch sf,Daugavpils,1978.??.??,1978,?,"Nikolaevsky, Yuri V","Kasparov, Gary",2200.0,2200.0,1/2-1/2,draw,draw,E60,,61,30.5,10,2,2,0,True,True,5,2,True,0,5,0,dynamic
Kasparov.pgn,Kasparov,black,"Mikhalchishin, Adrian",URS-ch sf,Daugavpils,1978.??.??,1978,?,"Mikhalchishin, Adrian","Kasparov, Gary",2460.0,2200.0,1/2-1/2,draw,draw,B19,,34,17.0,8,0,1,0,True,False,4,0,False,0,4,0,dynamic
Kasparov.pgn,Kasparov,white,"Lutikov, Anatoly S",Minsk,Minsk,1978.??.??,1978,?,"Kasparov, Gary","Lutikov, Anatoly S",,2540.0,1-0,white_win,win,A41,,113,56.5,22,5,1,0,True,False,11,5,True,0,11,0,dynamic
Kasparov.pgn,Kasparov,white,"Butnorius, Algimantas",Moscow,Moscow,1978.??.??,1978,?,"Kasparov, Gary","Butnorius, Algimantas",,,1-0,white_win,win,E14,,81,40.5,17,7,2,1,True,True,9,3,True,1,8,4,dynamic
Kasparov.pgn,Kasparov,black,"Tukmakov, Vladimir B",URS-ch46,Tbilisi,1978.??.??,1978,?,"Tukmakov, Vladimir B","Kasparov, Gary",2570.0,,1/2-1/2,draw,draw,E91,,41,20.5,10,2,2,0,True,True,5,1,True,0,5,1,dynamic
Kasparov.pgn,Kasparov,black,"Tseshkovsky, Vitaly",URS-ch46,Tbilisi,1978.??.??,1978,?,"Tseshkovsky, Vitaly","Kasparov, Gary",2550.0,,1-0,white_win,loss,B19,,101,50.5,21,10,2,0,True,True,9,1,True,0,12,9,dynamic
Kasparov.pgn,Kasparov,black,"Geller, Efim P",URS-ch46,Tbilisi,1978.??.??,1978,?,"Geller, Efim P","Kasparov, Gary",2590.0,,1/2-1/2,draw,draw,B19,,83,41.5,18,3,2,0,True,True,9,2,True,0,9,1,dynamic
Kasparov.pgn,Kasparov,black,"Timoshchenko, Gennadi A",URS-ch46,Tbilisi,1978.??.??,1978,?,"Timoshchenko, Gennadi A","Kasparov, Gary",2530.0,,1-0,white_win,loss,B22,,81,40.5,15,8,2,0,True,True,7,2,True,0,8,6,dynamic
Kasparov.pgn,Kasparov,black,"Gulko, Boris F",URS-ch46,Tbilisi,1978.??.??,1978,?,"Gulko, Boris F","Kasparov, Gary",2565.0,,1/2-1/2,draw,draw,A07,,114,57.0,19,5,2,0,True,True,10,3,True,0,9,2,dynamic
Kasparov.pgn,Kasparov,white,"Bagirov, Vladimir",URS-ch46,Tbilisi,1978.??.??,1978,?,"Kasparov, Gary","Bagirov, Vladimir",,2505.0,1/2-1/2,draw,draw,B17,,60,30.0,12,1,2,0,True,True,6,1,True,0,6,0,dynamic
Kasparov.pgn,Kasparov,white,"Beliavsky, Alexander G",URS-ch46,Tbilisi,1978.??.??,1978,?,"Kasparov, Gary","Beliavsky, Alexander G",,2530.0,1-0,white_win,win,D58,,83,41.5,20,1,2,0,True,True,10,1,True,0,10,0,dynamic
Kasparov.pgn,Kasparov,white,"Dorfman, Josif D",URS-ch46,Tbilisi,1978.??.??,1978,?,"Kasparov, Gary","Dorfman, Josif D",,2550.0,1-0,white_win,win,C92,,77,38.5,18,2,2,0,True,True,10,2,True,0,8,0,dynamic
Kasparov.pgn,Kasparov,white,"Giorgadze, Tamaz",URS-ch46,Tbilisi,1978.??.??,1978,?,"Kasparov, Gary","Giorgadze, Tamaz",,2535.0,1/2-1/2,draw,draw,D61,,44,22.0,10,0,2,0,True,True,5,0,True,0,5,0,dynamic
Kasparov.pgn,Kasparov,white,"Kuzmin, Gennadi P",URS-ch46,Tbilisi,1978.??.??,1978,?,"Kasparov, Gary","Kuzmin, Gennadi P",,2560.0,1-0,white_win,win,C97,,83,41.5,14,1,2,0,True,True,8,1,True,0,6,0,dynamic
Kasparov.pgn,Kasparov,white,"Polugaevsky, Lev",URS-ch46,Tbilisi,1978.??.??,1978,?,"Kasparov, Gary","Polugaevsky, Lev",,2620.0,1-0,white_win,win,B43,,91,45.5,19,8,1,0,True,False,10,7,True,0,9,1,dynamic
Kasparov.pgn,Kasparov,white,"Romanishin, Oleg M",URS-ch46,Tbilisi,1978.??.??,1978,?,"Kasparov, Gary","Romanishin, Oleg M",,2610.0,1/2-1/2,draw,draw,A28,,77,38.5,17,3,1,0,False,True,8,0,False,0,9,3,dynamic
Kasparov.pgn,Kasparov,white,"Tal, Mihail",URS-ch46,Tbilisi,1978.??.??,1978,?,"Kasparov, Gary","Tal, Mihail",,2625.0,1/2-1/2,draw,draw,C69,,34,17.0,12,0,2,0,True,True,6,0,True,0,6,0,dynamic
Kasparov.pgn,Kasparov,black,"Sveshnikov, Evgeny",URS-ch46,Tbilisi,1978.??.??,1978,?,"Sveshnikov, Evgeny","Kasparov, Gary",2565.0,,1/2-1/2,draw,draw,D41,,40,20.0,9,0,2,0,True,True,4,0,True,0,5,0,dynamic
Kasparov.pgn,Kasparov,black,"Razuvaev, Yuri S",URS-ch46,Tbilisi,1978.??.??,1978,?,"Razuvaev, Yuri S","Kasparov, Gary",2465.0,,1-0,white_win,loss,B85,,69,34.5,13,1,2,0,True,True,6,0,True,0,7,1,dynamic
Kasparov.pgn,Kasparov,black,"Mikhalchishin, Adrian",URS-ch46,Tbilisi,1978.??.??,1978,?,"Mikhalchishin, Adrian","Kasparov, Gary",2460.0,,1-0,white_win,loss,B82,,163,81.5,26,27,2,3,True,True,12,7,True,2,14,20,dynamic
Kasparov.pgn,Kasparov,black,"Makarichev, Sergey",URS-ch46,Tbilisi,1978.??.??,1978,?,"Makarichev, Sergey","Kasparov, Gary",2495.0,,1/2-1/2,draw,draw,A36,,44,22.0,12,2,2,0,True,True,6,1,True,0,6,1,dynamic
Kasparov.pgn,Kasparov,white,"Vukic, Milan",Banja Luka,Banja Luka,1979.??.??,1979,?,"Kasparov, Gary","Vukic, Milan",,2485.0,1-0,white_win,win,E91,,79,39.5,17,2,2,0,True,True,9,2,True,0,8,0,dynamic
Kasparov.pgn,Kasparov,white,"Bukic, Enver",Banja Luka,Banja Luka,1979.??.??,1979,?,"Kasparov, Gary","Bukic, Enver",,2495.0,1-0,white_win,win,E12,,133,66.5,25,9,2,0,True,True,13,2,True,0,12,7,dynamic
Kasparov.pgn,Kasparov,white,"Kurajica, Bojan",Banja Luka,Banja Luka,1979.??.??,1979,?,"Kasparov, Gary","Kurajica, Bojan",,2515.0,1/2-1/2,draw,draw,E46,,23,11.5,0,0,2,0,True,True,0,0,True,0,0,0,dynamic
Kasparov.pgn,Kasparov,white,"Marovic, Drazen",Banja Luka,Banja Luka,1979.??.??,1979,?,"Kasparov, Gary","Marovic, Drazen",,2470.0,1-0,white_win,win,D61,,69,34.5,18,5,2,0,True,True,10,4,True,0,8,1,dynamic
Kasparov.pgn,Kasparov,black,"Garcia Gonzales, Guillermo",Banja Luka,Banja Luka,1979.??.??,1979,?,"Garcia Gonzales, Guillermo","Kasparov, Gary",,,1/2-1/2,draw,draw,E97,,41,20.5,14,0,2,0,True,True,7,0,True,0,7,0,dynamic
Kasparov.pgn,Kasparov,black,"Andersson, Ulf",Banja Luka,Banja Luka,1979.??.??,1979,?,"Andersson, Ulf","Kasparov, Gary",2560.0,,1/2-1/2,draw,draw,A35,,24,12.0,6,0,2,0,True,True,3,0,True,0,3,0,dynamic
Kasparov.pgn,Kasparov,black,"Adorjan, Andras",Banja Luka,Banja Luka,1979.??.??,1979,?,"Adorjan, Andras","Kasparov, Gary",2525.0,,1/2-1/2,draw,draw,B85,,65,32.5,17,6,2,0,True,True,9,0,True,0,8,6,dynamic
Kasparov.pgn,Kasparov,white,"Matanovic, Aleksandar",Banja Luka,Banja Luka,1979.??.??,1979,?,"Kasparov, Gary","Matanovic, Aleksandar",,2495.0,1/2-1/2,draw,draw,C97,,37,18.5,0,0,2,0,True,True,0,0,True,0,0,0,dynamic
Kasparov.pgn,Kasparov,white,"Marjanovic, Slavoljub",Banja Luka,Banja Luka,1979.??.??,1979,?,"Kasparov, Gary","Marjanovic, Slavoljub",,2505.0,1-0,white_win,win,E12,,67,33.5,15,7,2,0,True,True,8,6,True,0,7,1,dynamic
Kasparov.pgn,Kasparov,black,"Smejkal, Jan",Banja Luka,Banja Luka,1979.??.??,1979,?,"Smejkal, Jan","Kasparov, Gary",2550.0,,1/2-1/2,draw,draw,E62,,54,27.0,10,1,2,0,True,True,5,0,True,0,5,1,dynamic
Kasparov.pgn,Kasparov,black,"Sibarevic, Milenko",Banja Luka,Banja Luka,1979.??.??,1979,?,"Sibarevic, Milenko","Kasparov, Gary",2355.0,,0-1,black_win,win,B85,,64,32.0,18,1,2,0,True,True,10,1,True,0,8,0,dynamic
Kasparov.pgn,Kasparov,black,"Knezevic, Milorad",Banja Luka,Banja Luka,1979.??.??,1979,?,"Knezevic, Milorad","Kasparov, Gary",2500.0,,0-1,black_win,win,E01,,80,40.0,16,3,2,0,True,True,8,3,True,0,8,0,dynamic
Kasparov.pgn,Kasparov,white,"Petrosian, Tigran V",Banja Luka,Banja Luka,1979.??.??,1979,?,"Kasparov, Gary","Petrosian, Tigran V",,2610.0,1/2-1/2,draw,draw,C97,,45,22.5,6,1,2,0,True,True,3,0,True,0,3,1,dynamic
Kasparov.pgn,Kasparov,white,"Browne, Walter S",Banja Luka,Banja Luka,1979.??.??,1979,?,"Kasparov, Gary","Browne, Walter S",,2540.0,1-0,white_win,win,E12,,77,38.5,16,1,2,0,True,True,8,1,True,0,8,0,dynamic
Kasparov.pgn,Kasparov,black,"Hernandez, Roman",Banja Luka,Banja Luka,1979.??.??,1979,?,"Hernandez, Roman","Kasparov, Gary",2500.0,,0-1,black_win,win,E76,,52,26.0,14,2,2,0,True,True,7,2,True,0,7,0,dynamic
Kasparov.pgn,Kasparov,white,"Lerner, Konstantin Z",URS-ch47,Minsk,1979.??.??,1979,?,"Kasparov, Gary","Lerner, Konstantin Z",2545.0,2475.0,0-1,black_win,loss,E46,,90,45.0,22,0,2,0,True,True,11,0,True,0,11,0,dynamic
Kasparov.pgn,Kasparov,white,"Romanishin, Oleg M",URS-ch47,Minsk,1979.??.??,1979,?,"Kasparov, Gary","Romanishin, Oleg M",2545.0,2560.0,1/2-1/2,draw,draw,E42,,90,45.0,12,4,1,0,False,True,6,3,False,0,6,1,dynamic
Kasparov.pgn,Kasparov,white,"Razuvaev, Yuri S",URS-ch47,Minsk,1979.??.??,1979,?,"Kasparov, Gary","Razuvaev, Yuri S",2545.0,2470.0,1/2-1/2,draw,draw,D85,,62,31.0,20,2,2,0,True,True,10,1,True,0,10,1,dynamic
Kasparov.pgn,Kasparov,white,"Rashkovsky, Nukhim N",URS-ch47,Minsk,1979.??.??,1979,?,"Kasparov, Gary","Rashkovsky, Nukhim N",2545.0,2500.0,1/2-1/2,draw,draw,B97,,68,34.0,15,11,1,0,True,False,6,10,True,0,9,1,dynamic
Kasparov.pgn,Kasparov,black,"Makarichev, Sergey",URS-ch47,Minsk,1979.??.??,1979,?,"Makarichev, Sergey","Kasparov, Gary",2500.0,2545.0,1/2-1/2,draw,draw,A30,,33,16.5,12,0,2,0,True,True,6,0,True,0,6,0,dynamic
Kasparov.pgn,Kasparov,white,"Kupreichik, Viktor D",URS-ch47,Minsk,1979.??.??,1979,?,"Kasparov, Gary","Kupreichik, Viktor D",2545.0,2540.0,1-0,white_win,win,D15,,89,44.5,16,7,0,0,False,False,9,4,False,0,7,3,dynamic
Kasparov.pgn,Kasparov,white,"Jussupow, Artur",URS-ch47,Minsk,1979.??.??,1979,?,"Kasparov, Gary","Jussupow, Artur",2545.0,2490.0,1-0,white_win,win,C83,,81,40.5,26,3,2,0,True,True,14,1,True,0,12,2,dynamic
Kasparov.pgn,Kasparov,white,"Giorgadze, Tamaz",URS-ch47,Minsk,1979.??.??,1979,?,"Kasparov, Gary","Giorgadze, Tamaz",2545.0,2535.0,1-0,white_win,win,C24,,80,40.0,10,0,2,0,True,True,5,0,True,0,5,0,dynamic
Kasparov.pgn,Kasparov,white,"Dolmatov, Sergey",URS-ch47,Minsk,1979.??.??,1979,?,"Kasparov, Gary","Dolmatov, Sergey",2545.0,2495.0,1-0,white_win,win,D14,,129,64.5,25,8,2,0,True,True,13,3,True,0,12,5,dynamic
Kasparov.pgn,Kasparov,white,"Anikaev, Yuri N",URS-ch47,Minsk,1979.??.??,1979,?,"Kasparov, Gary","Anikaev, Yuri N",2545.0,2455.0,0-1,black_win,loss,B60,,136,68.0,21,7,2,0,True,True,10,3,True,0,11,4,dynamic
Kasparov.pgn,Kasparov,black,"Geller, Efim P",URS-ch47,Minsk,1979.??.??,1979,?,"Geller, Efim P","Kasparov, Gary",2550.0,2545.0,1/2-1/2,draw,draw,B07,,126,63.0,25,9,2,0,True,True,12,7,True,0,13,2,dynamic
Kasparov.pgn,Kasparov,black,"Beliavsky, Alexander G",URS-ch47,Minsk,1979.??.??,1979,?,"Beliavsky, Alexander G","Kasparov, Gary",2595.0,2545.0,1-0,white_win,loss,A75,,69,34.5,17,0,2,0,True,True,9,0,True,0,8,0,dynamic
Kasparov.pgn,Kasparov,black,"Balashov, Yuri S",URS-ch47,Minsk,1979.??.??,1979,?,"Balashov, Yuri S","Kasparov, Gary",2600.0,2545.0,1/2-1/2,draw,draw,A43,,42,21.0,12,0,2,0,True,True,6,0,True,0,6,0,dynamic
Kasparov.pgn,Kasparov,black,"Sveshnikov, Evgeny",URS-ch47,Minsk,1979.??.??,1979,?,"Sveshnikov, Evgeny","Kasparov, Gary",2545.0,2545.0,0-1,black_win,win,B22,,86,43.0,20,3,1,0,False,True,10,3,True,0,10,0,dynamic
Kasparov.pgn,Kasparov,black,"Tseshkovsky, Vitaly",URS-ch47,Minsk,1979.??.??,1979,?,"Tseshkovsky, Vitaly","Kasparov, Gary",2560.0,2545.0,1/2-1/2,draw,draw,B44,,63,31.5,15,0,2,0,True,True,7,0,True,0,8,0,dynamic
Kasparov.pgn,Kasparov,black,"Tal, Mihail",URS-ch47,Minsk,1979.??.??,1979,?,"Tal, Mihail","Kasparov, Gary",2615.0,2545.0,1/2-1/2,draw,draw,B85,,41,20.5,6,0,2,0,True,True,3,0,True,0,3,0,dynamic
Kasparov.pgn,Kasparov,black,"Vaganian, Rafael A",URS-ch47,Minsk,1979.??.??,1979,?,"Vaganian, Rafael A","Kasparov, Gary",2570.0,2545.0,0-1,black_win,win,C41,,100,50.0,20,9,2,0,True,True,11,6,True,0,9,3,dynamic
Kasparov.pgn,Kasparov,black,"Kudriashov, Anatoli",URS Spartakiad,URS,1979.??.??,1979,?,"Kudriashov, Anatoli","Kasparov, Gary",2380.0,2200.0,0-1,black_win,win,B81,,116,58.0,24,3,2,0,True,True,13,2,True,0,11,1,dynamic
Kasparov.pgn,Kasparov,white,"Polugaevsky, Lev",URS Spartakiad,URS,1979.??.??,1979,?,"Kasparov, Gary","Polugaevsky, Lev",2200.0,2625.0,1-0,white_win,win,B81,,73,36.5,19,9,1,0,False,True,10,0,False,0,9,9,dynamic
Kasparov.pgn,Kasparov,white,"Mnatsakanian, Eduard A",URS Spartakiad,URS,1979.??.??,1979,?,"Kasparov, Gary","Mnatsakanian, Eduard A",2200.0,2425.0,1-0,white_win,win,A25,,65,32.5,15,1,2,0,True,True,7,1,True,0,8,0,dynamic
Kasparov.pgn,Kasparov,white,"Gipslis, Aivars",URS Spartakiad,URS,1979.??.??,1979,?,"Kasparov, Gary","Gipslis, Aivars",2200.0,2525.0,1/2-1/2,draw,draw,A30,,45,22.5,2,0,2,0,True,True,1,0,True,0,1,0,dynamic
Kasparov.pgn,Kasparov,black,"Govbinder, Mikhail Y",URS Spartakiad,URS,1979.??.??,1979,?,"Govbinder, Mikhail Y","Kasparov, Gary",2200.0,2200.0,1/2-1/2,draw,draw,B87,,84,42.0,23,4,2,0,True,True,11,0,True,0,12,4,dynamic
Kasparov.pgn,Kasparov,black,"Veingold, Aleksandr",URS Spartakiad,URS,1979.??.??,1979,?,"Veingold, Aleksandr","Kasparov, Gary",2370.0,2200.0,1-0,white_win,loss,E92,,81,40.5,16,5,2,0,True,True,8,0,True,0,8,5,dynamic
Kasparov.pgn,Kasparov,black,"Averkin, Orest N",URS Spartakiad,URS,1979.??.??,1979,?,"Averkin, Orest N","Kasparov, Gary",2455.0,2200.0,1/2-1/2,draw,draw,E99,,87,43.5,16,0,2,0,True,True,8,0,True,0,8,0,dynamic
Kasparov.pgn,Kasparov,white,"Csom, Istvan",Baku,Baku,1980.??.??,1980,1,"Kasparov, Gary","Csom, Istvan",2595.0,2510.0,1-0,white_win,win,E42,,57,28.5,12,1,2,0,True,True,7,1,True,0,5,0,dynamic
Kasparov.pgn,Kasparov,black,"Grigorian, Karen Ashotovich",Baku,Baku,1980.??.??,1980,2,"Grigorian, Karen Ashotovich","Kasparov, Gary",2475.0,2595.0,0-1,black_win,win,A61,,60,30.0,14,1,2,0,True,True,7,1,True,0,7,0,dynamic
Kasparov.pgn,Kasparov,white,"Beliavsky, Alexander G",Baku,Baku,1980.??.??,1980,3,"Kasparov, Gary","Beliavsky, Alexander G",2595.0,2590.0,1/2-1/2,draw,draw,A13,,66,33.0,16,1,2,0,True,True,8,0,True,0,8,1,dynamic
Kasparov.pgn,Kasparov,black,"Gufeld, Eduard",Baku,Baku,1980.??.??,1980,4,"Gufeld, Eduard","Kasparov, Gary",2510.0,2595.0,1/2-1/2,draw,draw,B44,,65,32.5,16,2,2,0,True,True,8,0,True,0,8,2,dynamic
Kasparov.pgn,Kasparov,white,"Torre, Eugenio",Baku,Baku,1980.??.??,1980,5,"Kasparov, Gary","Torre, Eugenio",2595.0,2520.0,1-0,white_win,win,A44,,113,56.5,17,2,2,0,True,True,9,2,True,0,8,0,dynamic
Kasparov.pgn,Kasparov,black,"Magerramov, Elmar",Baku,Baku,1980.??.??,1980,6,"Magerramov, Elmar","Kasparov, Gary",2435.0,2595.0,1/2-1/2,draw,draw,E18,,35,17.5,10,0,2,0,True,True,5,0,True,0,5,0,dynamic
Kasparov.pgn,Kasparov,white,"Zaitsev, Igor A",Baku,Baku,1980.??.??,1980,7,"Kasparov, Gary","Zaitsev, Igor A",2595.0,2490.0,1-0,white_win,win,D58,,60,30.0,16,5,2,0,True,True,8,4,True,0,8,1,dynamic
Kasparov.pgn,Kasparov,black,"Mikhalchishin, Adrian",Baku,Baku,1980.??.??,1980,8,"Mikhalchishin, Adrian","Kasparov, Gary",2490.0,2595.0,1/2-1/2,draw,draw,A33,,83,41.5,25,3,2,0,True,True,12,0,True,0,13,3,dynamic
Kasparov.pgn,Kasparov,white,"Lechtynsky, Jiri",Baku,Baku,1980.??.??,1980,9,"Kasparov, Gary","Lechtynsky, Jiri",2595.0,2450.0,1/2-1/2,draw,draw,E46,,57,28.5,15,0,2,0,True,True,6,0,True,0,9,0,dynamic
Kasparov.pgn,Kasparov,black,"Vogt, Lothar",Baku,Baku,1980.??.??,1980,10,"Vogt, Lothar","Kasparov, Gary",2510.0,2595.0,1/2-1/2,draw,draw,B12,,67,33.5,14,2,2,0,True,True,7,0,True,0,7,2,dynamic
Kasparov.pgn,Kasparov,white,"Chiburdanidze, Maia",Baku,Baku,1980.??.??,1980,11,"Kasparov, Gary","Chiburdanidze, Maia",2595.0,2400.0,1-0,white_win,win,E92,,80,40.0,12,2,1,0,False,True,7,2,False,0,5,0,dynamic
Kasparov.pgn,Kasparov,black,"Garcia Martinez, Silvino",Baku,Baku,1980.??.??,1980,12,"Garcia Martinez, Silvino","Kasparov, Gary",2450.0,2595.0,0-1,black_win,win,A70,,72,36.0,17,1,2,0,True,True,8,0,True,0,9,1,dynamic
Kasparov.pgn,Kasparov,white,"Antoshin, Vladimir S",Baku,Baku,1980.??.??,1980,13,"Kasparov, Gary","Antoshin, Vladimir S",2595.0,2480.0,1-0,white_win,win,E12,,59,29.5,19,7,2,0,True,True,10,6,True,0,9,1,dynamic
Kasparov.pgn,Kasparov,black,"Padevsky, Nikola",Baku,Baku,1980.??.??,1980,14,"Padevsky, Nikola","Kasparov, Gary",2415.0,2595.0,1/2-1/2,draw,draw,E69,,82,41.0,23,2,2,0,True,True,12,2,True,0,11,0,dynamic
Kasparov.pgn,Kasparov,white,"Martinovic, Slobodan",Baku,Baku,1980.??.??,1980,15,"Kasparov, Gary","Martinovic, Slobodan",2595.0,2475.0,1-0,white_win,win,A48,,77,38.5,15,1,2,0,True,True,7,1,True,0,8,0,dynamic
Kasparov.pgn,Kasparov,white,"Cuijpers, Frans Andre",Wch U20,Dortmund,1980.??.??,1980,1,"Kasparov, Gary","Cuijpers, Frans Andre",2595.0,,1-0,white_win,win,A67,,55,27.5,16,1,2,0,True,True,8,1,True,0,8,0,dynamic
Kasparov.pgn,Kasparov,black,"Gerbert, Philipp",Wch U20,Dortmund,1980.??.??,1980,2,"Gerbert, Philipp","Kasparov, Gary",,2595.0,0-1,black_win,win,B85,,114,57.0,24,8,2,0,True,True,12,6,True,0,12,2,dynamic
Kasparov.pgn,Kasparov,white,"McNab, Colin Anderson",Wch U20,Dortmund,1980.??.??,1980,3,"Kasparov, Gary","McNab, Colin Anderson",2595.0,,1-0,white_win,win,B06,,79,39.5,15,4,2,0,True,True,8,4,True,0,7,0,dynamic
Kasparov.pgn,Kasparov,black,"Negulescu, Adrian",Wch U20,Dortmund,1980.??.??,1980,4,"Negulescu, Adrian","Kasparov, Gary",,2595.0,1/2-1/2,draw,draw,A26,,69,34.5,20,1,2,0,True,True,10,1,True,0,10,0,dynamic
Kasparov.pgn,Kasparov,black,"Arnason, Jon L",Wch U20,Dortmund,1980.??.??,1980,5,"Arnason, Jon L","Kasparov, Gary",2435.0,2595.0,0-1,black_win,win,B92,,116,58.0,26,7,2,0,True,True,13,3,True,0,13,4,dynamic
Kasparov.pgn,Kasparov,white,"Akesson, Ralf",Wch U20,Dortmund,1980.??.??,1980,6,"Kasparov, Gary","Akesson, Ralf",2595.0,2230.0,1-0,white_win,win,E12,,71,35.5,16,2,2,0,True,True,7,2,True,0,9,0,dynamic
Kasparov.pgn,Kasparov,black,"Tempone, Marcelo",Wch U20,Dortmund,1980.??.??,1980,7,"Tempone, Marcelo","Kasparov, Gary",2235.0,2595.0,0-1,black_win,win,A38,,86,43.0,19,3,2,0,True,True,10,2,True,0,9,1,dynamic
Kasparov.pgn,Kasparov,white,"Toro Sanchez, Bernardo",Wch U20,Dortmund,1980.??.??,1980,8,"Kasparov, Gary","Toro Sanchez, Bernardo",2595.0,2265.0,1/2-1/2,draw,draw,A14,,43,21.5,8,0,2,0,True,True,4,0,True,0,4,0,dynamic
Kasparov.pgn,Kasparov,black,"Short, Nigel D",Wch U20,Dortmund,1980.??.??,1980,9,"Short, Nigel D","Kasparov, Gary",2360.0,2595.0,1/2-1/2,draw,draw,B22,,81,40.5,17,2,2,0,True,True,8,1,True,0,9,1,dynamic
Kasparov.pgn,Kasparov,white,"Hjorth, Greg",Wch U20,Dortmund,1980.??.??,1980,10,"Kasparov, Gary","Hjorth, Greg",2595.0,,1-0,white_win,win,D34,,53,26.5,15,1,2,0,True,True,6,0,True,0,9,1,dynamic
Kasparov.pgn,Kasparov,black,"Danailov, Silvio",Wch U20,Dortmund,1980.??.??,1980,11,"Danailov, Silvio","Kasparov, Gary",2295.0,2595.0,0-1,black_win,win,E92,,60,30.0,12,1,2,0,True,True,6,0,True,0,6,1,dynamic
Kasparov.pgn,Kasparov,white,"Morovic Fernandez, Ivan",Wch U20,Dortmund,1980.??.??,1980,12,"Kasparov, Gary","Morovic Fernandez, Ivan",2595.0,2380.0,1/2-1/2,draw,draw,A48,,28,14.0,2,0,2,0,True,True,1,0,True,0,1,0,dynamic
Kasparov.pgn,Kasparov,white,"Karolyi, Tibor Jr",Wch U20,Dortmund,1980.??.??,1980,13,"Kasparov, Gary","Karolyi, Tibor Jr",2595.0,,1/2-1/2,draw,draw,E12,,55,27.5,11,2,2,0,True,True,5,2,True,0,6,0,dynamic
Kasparov.pgn,Kasparov,black,"Georgiev, Krum",Malta ol (Men),La Valetta,1980.??.??,1980,?,"Georgiev, Krum","Kasparov, Gary",2455.0,2595.0,1-0,white_win,loss,B96,,125,62.5,22,12,1,0,True,False,10,4,False,0,12,8,dynamic
Kasparov.pgn,Kasparov,black,"Csom, Istvan",Malta ol (Men),La Valetta,1980.??.??,1980,?,"Csom, Istvan","Kasparov, Gary",2510.0,2595.0,1/2-1/2,draw,draw,E69,,45,22.5,8,2,2,0,True,True,4,2,True,0,4,0,dynamic
Kasparov.pgn,Kasparov,black,"Giardelli, Sergio C",Malta ol (Men),La Valetta,1980.??.??,1980,?,"Giardelli, Sergio C","Kasparov, Gary",2300.0,2595.0,0-1,black_win,win,A16,,64,32.0,16,0,2,0,True,True,8,0,True,0,8,0,dynamic
Kasparov.pgn,Kasparov,black,"Hansen, Curt",Malta ol (Men),La Valetta,1980.??.??,1980,?,"Hansen, Curt","Kasparov, Gary",2200.0,2595.0,1/2-1/2,draw,draw,A08,,65,32.5,5,1,2,0,True,True,2,1,True,0,3,0,dynamic
Kasparov.pgn,Kasparov,white,"Ghitescu, Theodor",Malta ol (Men),La Valetta,1980.??.??,1980,?,"Kasparov, Gary","Ghitescu, Theodor",2595.0,2460.0,1/2-1/2,draw,draw,A65,,36,18.0,6,0,2,0,True,True,3,0,True,0,3,0,dynamic
Kasparov.pgn,Kasparov,white,"Ligterink, Gert",Malta ol (Men),La Valetta,1980.??.??,1980,?,"Kasparov, Gary","Ligterink, Gert",2595.0,2455.0,1-0,white_win,win,E18,,47,23.5,11,0,2,0,True,True,5,0,True,0,6,0,dynamic
Kasparov.pgn,Kasparov,white,"Marjanovic, Slavoljub",Malta ol (Men),La Valetta,1980.??.??,1980,?,"Kasparov, Gary","Marjanovic, Slavoljub",2595.0,2490.0,1-0,white_win,win,E17,,45,22.5,8,1,2,0,True,True,3,1,True,0,5,0,dynamic
Kasparov.pgn,Kasparov,white,"Natsis, Trifon",Malta ol (Men),La Valetta,1980.??.??,1980,?,"Kasparov, Gary","Natsis, Trifon",2595.0,2240.0,1-0,white_win,win,D85,,63,31.5,16,7,1,0,False,True,8,1,False,0,8,6,dynamic
Kasparov.pgn,Kasparov,white,"Petursson, Margeir",Malta ol (Men),La Valetta,1980.??.??,1980,?,"Kasparov, Gary","Petursson, Margeir",2595.0,2425.0,1-0,white_win,win,D15,,67,33.5,16,3,1,0,True,False,7,2,True,0,9,1,dynamic
Kasparov.pgn,Kasparov,white,"Speelman, Jonathan S",Malta ol (Men),La Valetta,1980.??.??,1980,?,"Kasparov, Gary","Speelman, Jonathan S",2595.0,2490.0,1-0,white_win,win,E15,,73,36.5,14,4,1,0,False,True,6,0,False,0,8,4,dynamic
Kasparov.pgn,Kasparov,black,"Shamkovich, Leonid",Malta ol (Men),La Valetta,1980.??.??,1980,?,"Shamkovich, Leonid","Kasparov, Gary",2515.0,2595.0,0-1,black_win,win,D40,,109,54.5,19,1,2,0,True,True,10,1,True,0,9,0,dynamic
Kasparov.pgn,Kasparov,black,"Rott, Georg",Malta ol (Men),La Valetta,1980.??.??,1980,?,"Rott, Georg","Kasparov, Gary",2200.0,2595.0,0-1,black_win,win,B89,,90,45.0,22,6,1,0,True,False,12,5,False,0,10,1,dynamic
Kasparov.pgn,Kasparov,black,"Webb, Simon",EU-chT,Skara,1980.??.??,1980,1,"Webb, Simon","Kasparov, Gary",2425.0,2595.0,0-1,black_win,win,A38,,76,38.0,20,2,2,0,True,True,11,1,True,0,9,1,dynamic
Kasparov.pgn,Kasparov,white,"Pinter, Jozsef",EU-chT,Skara,1980.??.??,1980,2,"Kasparov, Gary","Pinter, Jozsef",2595.0,2535.0,1/2-1/2,draw,draw,A09,,71,35.5,17,0,2,0,True,True,9,0,True,0,8,0,dynamic
Kasparov.pgn,Kasparov,black,"Renman, Nils Gustaf",EU-chT,Skara,1980.??.??,1980,3,"Renman, Nils Gustaf","Kasparov, Gary",2425.0,2595.0,0-1,black_win,win,A30,,90,45.0,14,2,2,0,True,True,7,2,True,0,7,0,dynamic
Kasparov.pgn,Kasparov,black,"Spiridonov, Nikola",EU-chT,Skara,1980.??.??,1980,4,"Spiridonov, Nikola","Kasparov, Gary",2470.0,2595.0,0-1,black_win,win,A48,,80,40.0,19,4,2,0,True,True,10,2,True,0,9,2,dynamic
Kasparov.pgn,Kasparov,white,"Pribyl, Josef",EU-chT,Skara,1980.??.??,1980,5,"Kasparov, Gary","Pribyl, Josef",2595.0,2395.0,1-0,white_win,win,D85,,61,30.5,14,4,2,1,True,True,6,4,True,1,8,0,dynamic
Kasparov.pgn,Kasparov,white,"Vukic, Milan",EU-chT,Skara,1980.??.??,1980,7,"Kasparov, Gary","Vukic, Milan",2595.0,2460.0,1-0,white_win,win,B19,,73,36.5,16,2,2,0,True,True,8,1,True,0,8,1,dynamic
Kasparov.pgn,Kasparov,black,"Tukmakov, Vladimir B",URS-ch49,Frunze,1981.??.??,1981,?,"Tukmakov, Vladimir B","Kasparov, Gary",2480.0,2630.0,0-1,black_win,win,E74,,58,29.0,15,1,2,0,True,True,7,1,True,0,8,0,dynamic
Kasparov.pgn,Kasparov,black,"Romanishin, Oleg M",URS-ch49,Frunze,1981.??.??,1981,?,"Romanishin, Oleg M","Kasparov, Gary",2590.0,2630.0,1/2-1/2,draw,draw,D93,,119,59.5,23,8,2,0,True,True,12,2,True,0,11,6,dynamic
Kasparov.pgn,Kasparov,black,"Psakhis, Lev",URS-ch49,Frunze,1981.??.??,1981,?,"Psakhis, Lev","Kasparov, Gary",2535.0,2630.0,1-0,white_win,loss,E55,,87,43.5,24,8,2,0,True,True,13,7,True,0,11,1,dynamic
Kasparov.pgn,Kasparov,black,"Mikhalchishin, Adrian",URS-ch49,Frunze,1981.??.??,1981,?,"Mikhalchishin, Adrian","Kasparov, Gary",2545.0,2630.0,0-1,black_win,win,A31,,74,37.0,19,2,2,0,True,True,10,1,True,0,9,1,dynamic
Kasparov.pgn,Kasparov,black,"Kuzmin, Gennadi P",URS-ch49,Frunze,1981.??.??,1981,?,"Kuzmin, Gennadi P","Kasparov, Gary",2550.0,2630.0,1/2-1/2,draw,draw,B83,,116,58.0,20,4,2,0,True,True,10,0,True,0,10,4,dynamic
Kasparov.pgn,Kasparov,black,"Yudasin, Leonid",URS-ch49,Frunze,1981.??.??,1981,?,"Yudasin, Leonid","Kasparov, Gary",2345.0,2630.0,0-1,black_win,win,B96,,48,24.0,10,0,2,0,True,True,5,0,True,0,5,0,dynamic
Kasparov.pgn,Kasparov,white,"Timoshchenko, Gennadi A",URS-ch49,Frunze,1981.??.??,1981,?,"Kasparov, Gary","Timoshchenko, Gennadi A",2630.0,2505.0,1-0,white_win,win,D44,,85,42.5,22,6,2,0,True,True,12,3,True,0,10,3,dynamic
Kasparov.pgn,Kasparov,white,"Sveshnikov, Evgeny",URS-ch49,Frunze,1981.??.??,1981,?,"Kasparov, Gary","Sveshnikov, Evgeny",2630.0,2545.0,1/2-1/2,draw,draw,D43,,44,22.0,12,1,1,0,False,True,6,0,False,0,6,1,dynamic
Kasparov.pgn,Kasparov,white,"Kupreichik, Viktor D",URS-ch49,Frunze,1981.??.??,1981,?,"Kasparov, Gary","Kupreichik, Viktor D",2630.0,2580.0,1/2-1/2,draw,draw,D18,,119,59.5,24,2,2,0,True,True,12,1,True,0,12,1,dynamic
Kasparov.pgn,Kasparov,white,"Jussupow, Artur",URS-ch49,Frunze,1981.??.??,1981,?,"Kasparov, Gary","Jussupow, Artur",2630.0,2585.0,1-0,white_win,win,E15,,78,39.0,14,2,2,0,True,True,6,1,True,0,8,1,dynamic
Kasparov.pgn,Kasparov,white,"Gavrikov, Viktor",URS-ch49,Frunze,1981.??.??,1981,?,"Kasparov, Gary","Gavrikov, Viktor",2630.0,2365.0,1-0,white_win,win,D34,,65,32.5,13,4,2,0,True,True,7,4,True,0,6,0,dynamic
Kasparov.pgn,Kasparov,white,"Dorfman, Josif D",URS-ch49,Frunze,1981.??.??,1981,?,"Kasparov, Gary","Dorfman, Josif D",2630.0,2505.0,1-0,white_win,win,D44,,85,42.5,22,7,2,0,True,True,12,7,True,0,10,0,dynamic
Kasparov.pgn,Kasparov,white,"Dolmatov, Sergey",URS-ch49,Frunze,1981.??.??,1981,?,"Kasparov, Gary","Dolmatov, Sergey",2630.0,2575.0,1-0,white_win,win,D18,,91,45.5,17,4,1,0,True,False,9,2,True,0,8,2,dynamic
Kasparov.pgn,Kasparov,white,"Beliavsky, Alexander G",URS-ch49,Frunze,1981.??.??,1981,?,"Kasparov, Gary","Beliavsky, Alexander G",2630.0,2615.0,1-0,white_win,win,D18,,131,65.5,24,9,2,2,True,True,12,7,True,1,12,2,dynamic
Kasparov.pgn,Kasparov,white,"Agzamov, Georgy",URS-ch49,Frunze,1981.??.??,1981,?,"Kasparov, Gary","Agzamov, Georgy",2630.0,2435.0,1/2-1/2,draw,draw,D32,,65,32.5,16,2,2,0,True,True,8,2,True,0,8,0,dynamic
Kasparov.pgn,Kasparov,black,"Gulko, Boris F",URS-ch49,Frunze,1981.??.??,1981,?,"Gulko, Boris F","Kasparov, Gary",2565.0,2630.0,1-0,white_win,loss,A65,,73,36.5,15,2,2,0,True,True,6,1,True,0,9,1,dynamic
Kasparov.pgn,Kasparov,black,"Tseshkovsky, Vitaly",URS-ch49,Frunze,1981.??.??,1981,?,"Tseshkovsky, Vitaly","Kasparov, Gary",2575.0,2630.0,0-1,black_win,win,B80,,50,25.0,14,3,2,0,True,True,7,3,True,0,7,0,dynamic
Kasparov.pgn,Kasparov,white,"Morrison, Graham",WchT U26,Graz,1981.??.??,1981,?,"Kasparov, Gary","Morrison, Graham",2630.0,,1-0,white_win,win,E92,,53,26.5,10,2,2,0,True,True,5,1,True,0,5,1,dynamic
Kasparov.pgn,Kasparov,black,"Sunye Neto, Jaime",WchT U26,Graz,1981.??.??,1981,?,"Sunye Neto, Jaime","Kasparov, Gary",2475.0,2630.0,0-1,black_win,win,D32,,94,47.0,16,2,2,0,True,True,9,2,True,0,7,0,dynamic
Kasparov.pgn,Kasparov,black,"Schussler, Harry",WchT U26,Graz,1981.??.??,1981,?,"Schussler, Harry","Kasparov, Gary",,2630.0,0-1,black_win,win,D77,,64,32.0,21,4,2,0,True,True,11,2,True,0,10,2,dynamic
Kasparov.pgn,Kasparov,white,"Duer, Arne",WchT U26,Graz,1981.??.??,1981,?,"Kasparov, Gary","Duer, Arne",2630.0,,1-0,white_win,win,D55,,49,24.5,14,0,2,0,True,True,8,0,True,0,6,0,dynamic
Kasparov.pgn,Kasparov,white,"Fedorowicz, John P",WchT U26,Graz,1981.??.??,1981,?,"Kasparov, Gary","Fedorowicz, John P",2630.0,2455.0,1-0,white_win,win,E12,,67,33.5,13,4,2,1,True,True,7,3,True,1,6,1,dynamic
Kasparov.pgn,Kasparov,white,"Groszpeter, Attila",WchT U26,Graz,1981.??.??,1981,?,"Kasparov, Gary","Groszpeter, Attila",2630.0,,1/2-1/2,draw,draw,E12,,60,30.0,17,1,2,0,True,True,8,1,True,0,9,0,dynamic
Kasparov.pgn,Kasparov,white,"Kouatly, Bachar",WchT U26,Graz,1981.??.??,1981,?,"Kasparov, Gary","Kouatly, Bachar",2630.0,,1/2-1/2,draw,draw,D85,,51,25.5,13,1,2,0,True,True,7,1,True,0,6,0,dynamic
Kasparov.pgn,Kasparov,black,"Speelman, Jonathan S",WchT U26,Graz,1981.??.??,1981,?,"Speelman, Jonathan S","Kasparov, Gary",2550.0,2630.0,0-1,black_win,win,A30,,140,70.0,26,3,2,1,True,True,13,3,True,1,13,0,dynamic
Kasparov.pgn,Kasparov,white,"Van der Wiel, John TH",WchT U26,Graz,1981.??.??,1981,?,"Kasparov, Gary","Van der Wiel, John TH",2630.0,,1-0,white_win,win,E12,,105,52.5,22,9,0,0,False,False,11,8,False,0,11,1,dynamic
Kasparov.pgn,Kasparov,black,"Klaric, Zlatko",WchT U26,Graz,1981.??.??,1981,?,"Klaric, Zlatko","Kasparov, Gary",2450.0,2630.0,0-1,black_win,win,B06,,80,40.0,16,6,1,0,False,True,8,6,True,0,8,0,dynamic
Kasparov.pgn,Kasparov,black,Nikitin/Sakarov,Moscow exh m,Moscow,1981.??.??,1981,?,Nikitin/Sakarov,"Kasparov, Gary",,2625.0,0-1,black_win,win,B44,,80,40.0,11,0,2,0,True,True,5,0,True,0,6,0,dynamic
Kasparov.pgn,Kasparov,white,Nikitin/Sakarov,Moscow exh m,Moscow,1981.??.??,1981,?,"Kasparov, Gary",Nikitin/Sakarov,2625.0,,1-0,white_win,win,A50,,75,37.5,10,7,1,0,False,True,6,7,False,0,4,0,dynamic
Kasparov.pgn,Kasparov,white,"Nikitin, Aleksander S",Moscow exh m,Moscow,1981.??.??,1981,?,"Kasparov, Gary","Nikitin, Aleksander S",2625.0,,1/2-1/2,draw,draw,E15,,55,27.5,16,4,1,0,True,False,8,4,True,0,8,0,dynamic
Kasparov.pgn,Kasparov,white,"Petrosian, Tigran V",Moscow,Moscow,1981.??.??,1981,?,"Kasparov, Gary","Petrosian, Tigran V",2625.0,2585.0,0-1,black_win,loss,E12,,84,42.0,13,6,2,0,True,True,6,4,True,0,7,2,dynamic
Kasparov.pgn,Kasparov,black,"Polugaevsky, Lev",Moscow,Moscow,1981.??.??,1981,?,"Polugaevsky, Lev","Kasparov, Gary",2620.0,2625.0,1/2-1/2,draw,draw,D79,,31,15.5,4,0,2,0,True,True,2,0,True,0,2,0,dynamic
Kasparov.pgn,Kasparov,white,"Torre, Eugenio",Moscow,Moscow,1981.??.??,1981,?,"Kasparov, Gary","Torre, Eugenio",2625.0,2550.0,1-0,white_win,win,D58,,71,35.5,18,1,2,0,True,True,10,1,True,0,8,0,dynamic
Kasparov.pgn,Kasparov,white,"Balashov, Yuri S",Moscow,Moscow,1981.??.??,1981,?,"Kasparov, Gary","Balashov, Yuri S",2625.0,2600.0,1/2-1/2,draw,draw,B71,,31,15.5,6,0,2,0,True,True,3,0,True,0,3,0,dynamic
Kasparov.pgn,Kasparov,white,"Karpov, Anatoly",Moscow,Moscow,1981.??.??,1981,?,"Kasparov, Gary","Karpov, Anatoly",2625.0,2690.0,1/2-1/2,draw,draw,D55,,35,17.5,4,0,2,0,True,True,2,0,True,0,2,0,dynamic
Kasparov.pgn,Kasparov,white,"Gheorghiu, Florin",Moscow,Moscow,1981.??.??,1981,?,"Kasparov, Gary","Gheorghiu, Florin",2625.0,2605.0,1/2-1/2,draw,draw,E16,,80,40.0,16,1,2,0,True,True,8,1,True,0,8,0,dynamic
Kasparov.pgn,Kasparov,white,"Andersson, Ulf",Moscow,Moscow,1981.??.??,1981,?,"Kasparov, Gary","Andersson, Ulf",2625.0,2610.0,1/2-1/2,draw,draw,E42,,166,83.0,17,0,2,0,True,True,9,0,True,0,8,0,dynamic
Kasparov.pgn,Kasparov,black,"Geller, Efim P",Moscow,Moscow,1981.??.??,1981,?,"Geller, Efim P","Kasparov, Gary",2615.0,2625.0,0-1,black_win,win,B83,,54,27.0,14,0,2,0,True,True,8,0,True,0,6,0,dynamic
Kasparov.pgn,Kasparov,black,"Beliavsky, Alexander G",Moscow,Moscow,1981.??.??,1981,?,"Beliavsky, Alexander G","Kasparov, Gary",2620.0,2625.0,0-1,black_win,win,E83,,80,40.0,14,1,2,0,True,True,8,1,True,0,6,0,dynamic
Kasparov.pgn,Kasparov,black,"Grigorian, Karen Ashotovich",Moscow1,Moscow,1981.??.??,1981,?,"Grigorian, Karen Ashotovich","Kasparov, Gary",2435.0,2630.0,1/2-1/2,draw,draw,E65,,41,20.5,7,0,2,0,True,True,3,0,True,0,4,0,dynamic
Kasparov.pgn,Kasparov,white,"Ivanov, Alexander",Moscow1,Moscow,1981.??.??,1981,?,"Kasparov, Gary","Ivanov, Alexander",2625.0,,1-0,white_win,win,E12,,81,40.5,18,2,2,0,True,True,9,1,True,0,9,1,dynamic
Kasparov.pgn,Kasparov,white,"Palatnik, Semon",Moscow1,Moscow,1981.??.??,1981,?,"Kasparov, Gary","Palatnik, Semon",2625.0,2480.0,1-0,white_win,win,D34,,81,40.5,14,0,2,0,True,True,7,0,True,0,7,0,dynamic
Kasparov.pgn,Kasparov,white,"Yurtaev, Leonid",Moscow1,Moscow,1981.??.??,1981,?,"Kasparov, Gary","Yurtaev, Leonid",2630.0,2380.0,1-0,white_win,win,E48,,60,30.0,15,0,2,0,True,True,7,0,True,0,8,0,dynamic
Kasparov.pgn,Kasparov,black,"Rashkovsky, Nukhim N",Moscow1,Moscow,1981.??.??,1981,?,"Rashkovsky, Nukhim N","Kasparov, Gary",2535.0,2625.0,1/2-1/2,draw,draw,A32,,64,32.0,16,0,2,0,True,True,8,0,True,0,8,0,dynamic
Kasparov.pgn,Kasparov,black,"Sluckij, Leonid",Moscow1,Moscow,1981.??.??,1981,?,"Sluckij, Leonid","Kasparov, Gary",,2625.0,1/2-1/2,draw,draw,E60,,33,16.5,3,0,2,0,True,True,1,0,True,0,2,0,dynamic
Kasparov.pgn,Kasparov,black,"Vaganian, Rafael A",Moscow1,Moscow,1981.??.??,1981,?,"Vaganian, Rafael A","Kasparov, Gary",2570.0,2630.0,1/2-1/2,draw,draw,E60,,42,21.0,13,0,2,0,True,True,6,0,True,0,7,0,dynamic
Kasparov.pgn,Kasparov,black,"Vaisser, Anatoli",Moscow1,Moscow,1981.??.??,1981,?,"Vaisser, Anatoli","Kasparov, Gary",2385.0,2630.0,0-1,black_win,win,E77,,81,40.5,19,6,1,0,False,True,11,5,True,0,8,1,dynamic
Kasparov.pgn,Kasparov,black,"Portisch, Lajos",Moscow,Moscow,1981.??.??,1981,?,"Portisch, Lajos","Kasparov, Gary",2650.0,2625.0,1/2-1/2,draw,draw,A75,,98,49.0,21,10,2,0,True,True,9,7,True,0,12,3,dynamic
Kasparov.pgn,Kasparov,black,"Smejkal, Jan",Moscow,Moscow,1981.??.??,1981,?,"Smejkal, Jan","Kasparov, Gary",2535.0,2625.0,1/2-1/2,draw,draw,A30,,32,16.0,4,0,2,0,True,True,2,0,True,0,2,0,dynamic
Kasparov.pgn,Kasparov,black,"Smyslov, Vassily",Moscow,Moscow,1981.??.??,1981,?,"Smyslov, Vassily","Kasparov, Gary",2545.0,2625.0,1/2-1/2,draw,draw,D77,,26,13.0,4,0,2,0,True,True,2,0,True,0,2,0,dynamic
Kasparov.pgn,Kasparov,black,"Timman, Jan H",Moscow,Moscow,1981.??.??,1981,?,"Timman, Jan H","Kasparov, Gary",2620.0,2625.0,1/2-1/2,draw,draw,E83,,48,24.0,9,0,2,0,True,True,4,0,True,0,5,0,dynamic
Kasparov.pgn,Kasparov,black,"Smyslov, Vassily",Moscow-4teams,Moscow,1981.??.??,1981,?,"Smyslov, Vassily","Kasparov, Gary",2545.0,2625.0,0-1,black_win,win,A30,,54,27.0,9,0,2,0,True,True,5,0,True,0,4,0,dynamic
Kasparov.pgn,Kasparov,black,"Romanishin, Oleg M",Moscow-4teams,Moscow,1981.??.??,1981,?,"Romanishin, Oleg M","Kasparov, Gary",2595.0,2625.0,1-0,white_win,loss,A39,,67,33.5,20,1,2,0,True,True,10,0,True,0,10,1,dynamic
Kasparov.pgn,Kasparov,black,"Karpov, Anatoly",Moscow-4teams,Moscow,1981.??.??,1981,?,"Karpov, Anatoly","Kasparov, Gary",2690.0,2625.0,1/2-1/2,draw,draw,A30,,82,41.0,17,5,2,0,True,True,9,1,True,0,8,4,dynamic
Kasparov.pgn,Kasparov,white,"Smyslov, Vassily",Moscow-4teams,Moscow,1981.??.??,1981,?,"Kasparov, Gary","Smyslov, Vassily",2625.0,2580.0,1-0,white_win,win,C70,,77,38.5,17,2,2,0,True,True,9,0,True,0,8,2,dynamic
Kasparov.pgn,Kasparov,white,"Karpov, Anatoly",Moscow-4teams,Moscow,1981.??.??,1981,?,"Kasparov, Gary","Karpov, Anatoly",2625.0,2690.0,1/2-1/2,draw,draw,C42,,81,40.5,15,1,2,0,True,True,8,1,True,0,7,0,dynamic
Kasparov.pgn,Kasparov,white,"Romanishin, Oleg M",Moscow-4teams,Moscow,1981.??.??,1981,?,"Kasparov, Gary","Romanishin, Oleg M",2625.0,2590.0,1-0,white_win,win,D85,,85,42.5,25,7,1,1,False,True,12,1,False,0,13,6,dynamic
Kasparov.pgn,Kasparov,white,"Beliavsky, Alexander G",Tilburg,Tilburg,1981.??.??,1981,?,"Kasparov, Gary","Beliavsky, Alexander G",2630.0,2615.0,1/2-1/2,draw,draw,D18,,77,38.5,13,0,2,0,True,True,6,0,True,0,7,0,dynamic
Kasparov.pgn,Kasparov,white,"Andersson, Ulf",Tilburg,Tilburg,1981.??.??,1981,?,"Kasparov, Gary","Andersson, Ulf",2630.0,2600.0,1-0,white_win,win,E12,,59,29.5,12,2,1,0,True,False,6,2,True,0,6,0,dynamic
Kasparov.pgn,Kasparov,black,"Ljubojevic, Ljubomir",Tilburg,Tilburg,1981.??.??,1981,?,"Ljubojevic, Ljubomir","Kasparov, Gary",2590.0,2630.0,1/2-1/2,draw,draw,B44,,55,27.5,8,0,2,0,True,True,4,0,True,0,4,0,dynamic
Kasparov.pgn,Kasparov,black,"Miles, Anthony J",Tilburg,Tilburg,1981.??.??,1981,?,"Miles, Anthony J","Kasparov, Gary",2565.0,2630.0,1/2-1/2,draw,draw,D77,,75,37.5,16,3,2,0,True,True,8,3,True,0,8,0,dynamic
Kasparov.pgn,Kasparov,white,"Larsen, Bent",Tilburg,Tilburg,1981.??.??,1981,?,"Kasparov, Gary","Larsen, Bent",2630.0,2610.0,1/2-1/2,draw,draw,A54,,96,48.0,26,5,2,0,True,True,13,4,True,0,13,1,dynamic
Kasparov.pgn,Kasparov,black,"Portisch, Lajos",Tilburg,Tilburg,1981.??.??,1981,?,"Portisch, Lajos","Kasparov, Gary",2620.0,2630.0,1/2-1/2,draw,draw,A75,,81,40.5,17,4,2,0,True,True,8,3,True,0,9,1,dynamic
Kasparov.pgn,Kasparov,black,"Timman, Jan H",Tilburg,Tilburg,1981.??.??,1981,?,"Timman, Jan H","Kasparov, Gary",2630.0,2630.0,1-0,white_win,loss,E66,,79,39.5,15,0,2,0,True,True,6,0,True,0,9,0,dynamic
Kasparov.pgn,Kasparov,white,"Petrosian, Tigran V",Tilburg,Tilburg,1981.??.??,1981,?,"Kasparov, Gary","Petrosian, Tigran V",2630.0,2585.0,0-1,black_win,loss,D22,,83,41.5,14,2,2,0,True,True,6,2,True,0,8,0,dynamic
Kasparov.pgn,Kasparov,white,"Sosonko, Gennadi",Tilburg,Tilburg,1981.??.??,1981,?,"Kasparov, Gary","Sosonko, Gennadi",2630.0,2585.0,1-0,white_win,win,D38,,57,28.5,14,4,0,0,False,False,8,2,False,0,6,2,dynamic
Kasparov.pgn,Kasparov,black,"Huebner, Robert",Tilburg,Tilburg,1981.??.??,1981,?,"Huebner, Robert","Kasparov, Gary",2640.0,2630.0,0-1,black_win,win,A30,,98,49.0,19,5,2,0,True,True,10,4,True,0,9,1,dynamic
Kasparov.pgn,Kasparov,white,"Spassky, Boris V",Tilburg,Tilburg,1981.??.??,1981,?,"Kasparov, Gary","Spassky, Boris V",2630.0,2630.0,0-1,black_win,loss,E74,,114,57.0,22,10,2,0,True,True,11,6,True,0,11,4,dynamic
Kasparov.pgn,Kasparov,black,"Timman, Jan H",Bugojno,Bugojno,1982.??.??,1982,?,"Timman, Jan H","Kasparov, Gary",2625.0,2630.0,1/2-1/2,draw,draw,E84,,56,28.0,12,4,2,0,True,True,6,3,True,0,6,1,dynamic
Kasparov.pgn,Kasparov,white,"Larsen, Bent",Bugojno,Bugojno,1982.??.??,1982,?,"Kasparov, Gary","Larsen, Bent",2690.0,2555.0,1-0,white_win,win,A55,,77,38.5,17,2,2,0,True,True,9,1,True,0,8,1,dynamic
Kasparov.pgn,Kasparov,white,"Ljubojevic, Ljubomir",Bugojno,Bugojno,1982.??.??,1982,?,"Kasparov, Gary","Ljubojevic, Ljubomir",2690.0,2645.0,1/2-1/2,draw,draw,E12,,25,12.5,2,0,2,0,True,True,1,0,True,0,1,0,dynamic
Kasparov.pgn,Kasparov,black,"Polugaevsky, Lev",Bugojno,Bugojno,1982.??.??,1982,?,"Polugaevsky, Lev","Kasparov, Gary",2625.0,2690.0,1/2-1/2,draw,draw,E74,,70,35.0,21,1,2,0,True,True,10,1,True,0,11,0,dynamic
Kasparov.pgn,Kasparov,black,"Andersson, Ulf",Bugojno,Bugojno,1982.??.??,1982,?,"Andersson, Ulf","Kasparov, Gary",2635.0,2690.0,1/2-1/2,draw,draw,E65,,25,12.5,5,0,2,0,True,True,2,0,True,0,3,0,dynamic
Kasparov.pgn,Kasparov,white,"Gligoric, Svetozar",Bugojno,Bugojno,1982.??.??,1982,?,"Kasparov, Gary","Gligoric, Svetozar",2690.0,2510.0,1-0,white_win,win,E12,,83,41.5,15,4,2,0,True,True,8,1,True,0,7,3,dynamic
Kasparov.pgn,Kasparov,black,"Spassky, Boris V",Bugojno,Bugojno,1982.??.??,1982,?,"Spassky, Boris V","Kasparov, Gary",2605.0,2690.0,1/2-1/2,draw,draw,B23,,64,32.0,20,4,2,0,True,True,10,4,True,0,10,0,dynamic
Kasparov.pgn,Kasparov,black,"Ivanovic, Bozidar",Bugojno,Bugojno,1982.??.??,1982,?,"Ivanovic, Bozidar","Kasparov, Gary",2480.0,2690.0,1/2-1/2,draw,draw,B86,,37,18.5,12,2,2,0,True,True,6,2,True,0,6,0,dynamic
Kasparov.pgn,Kasparov,white,"Najdorf, Miguel",Bugojno,Bugojno,1982.??.??,1982,?,"Kasparov, Gary","Najdorf, Miguel",2630.0,2510.0,1-0,white_win,win,E12,,49,24.5,13,1,2,0,True,True,5,1,True,0,8,0,dynamic
Kasparov.pgn,Kasparov,black,"Kavalek, Lubomir",Bugojno,Bugojno,1982.??.??,1982,?,"Kavalek, Lubomir","Kasparov, Gary",2595.0,2630.0,0-1,black_win,win,E90,,54,27.0,9,4,1,0,False,True,5,3,True,0,4,1,dynamic
Kasparov.pgn,Kasparov,white,"Petrosian, Tigran V",Bugojno,Bugojno,1982.??.??,1982,?,"Kasparov, Gary","Petrosian, Tigran V",2630.0,2585.0,1-0,white_win,win,E11,,47,23.5,8,2,2,0,True,True,4,0,True,0,4,2,dynamic
Kasparov.pgn,Kasparov,white,"Huebner, Robert",Bugojno,Bugojno,1982.??.??,1982,?,"Kasparov, Gary","Huebner, Robert",2690.0,2620.0,1/2-1/2,draw,draw,E15,,33,16.5,6,2,2,0,True,True,3,0,True,0,3,2,dynamic
Kasparov.pgn,Kasparov,white,"Ivkov, Borislav",Bugojno,Bugojno,1982.??.??,1982,?,"Kasparov, Gary","Ivkov, Borislav",2690.0,2475.0,1-0,white_win,win,E12,,77,38.5,21,3,1,0,True,False,12,2,True,0,9,1,dynamic
Kasparov.pgn,Kasparov,black,"Sarapu, Ortvin",Luzern ol (Men),Luzern,1982.??.??,1982,1,"Sarapu, Ortvin","Kasparov, Gary",2315.0,2675.0,0-1,black_win,win,B87,,92,46.0,15,1,2,0,True,True,8,1,True,0,7,0,dynamic
Kasparov.pgn,Kasparov,black,"Alburt, Lev O",Luzern ol (Men),Luzern,1982.??.??,1982,3,"Alburt, Lev O","Kasparov, Gary",2565.0,2675.0,0-1,black_win,win,E73,,114,57.0,20,16,2,0,True,True,11,15,True,0,9,1,dynamic
Kasparov.pgn,Kasparov,white,"Gligoric, Svetozar",Luzern ol (Men),Luzern,1982.??.??,1982,4,"Kasparov, Gary","Gligoric, Svetozar",2675.0,2530.0,1-0,white_win,win,E32,,101,50.5,26,6,2,0,True,True,14,2,True,0,12,4,dynamic
Kasparov.pgn,Kasparov,black,"Smejkal, Jan",Luzern ol (Men),Luzern,1982.??.??,1982,5,"Smejkal, Jan","Kasparov, Gary",2565.0,2675.0,1/2-1/2,draw,draw,A30,,32,16.0,6,0,2,0,True,True,3,0,True,0,3,0,dynamic
Kasparov.pgn,Kasparov,white,"Sosonko, Gennadi",Luzern ol (Men),Luzern,1982.??.??,1982,6,"Kasparov, Gary","Sosonko, Gennadi",2675.0,2575.0,1/2-1/2,draw,draw,E12,,24,12.0,4,0,1,0,True,False,2,0,True,0,2,0,dynamic
Kasparov.pgn,Kasparov,black,"Huebner, Robert",Luzern ol (Men),Luzern,1982.??.??,1982,7,"Huebner, Robert","Kasparov, Gary",2630.0,2675.0,1/2-1/2,draw,draw,E92,,26,13.0,8,0,1,0,False,True,4,0,True,0,4,0,dynamic
Kasparov.pgn,Kasparov,black,"Ribli, Zoltan",Luzern ol (Men),Luzern,1982.??.??,1982,8,"Ribli, Zoltan","Kasparov, Gary",2580.0,2675.0,1/2-1/2,draw,draw,D75,,36,18.0,8,0,2,0,True,True,4,0,True,0,4,0,dynamic
Kasparov.pgn,Kasparov,white,"Nunn, John DM",Luzern ol (Men),Luzern,1982.??.??,1982,9,"Kasparov, Gary","Nunn, John DM",2675.0,2565.0,1-0,white_win,win,A67,,41,20.5,12,2,2,0,True,True,6,2,True,0,6,0,dynamic
Kasparov.pgn,Kasparov,black,"Kortschnoj, Viktor",Luzern ol (Men),Luzern,1982.??.??,1982,10,"Kortschnoj, Viktor","Kasparov, Gary",2635.0,2675.0,0-1,black_win,win,A64,,72,36.0,20,5,2,0,True,True,11,3,True,0,9,2,dynamic
Kasparov.pgn,Kasparov,white,"Suba, Mihai",Luzern ol (Men),Luzern,1982.??.??,1982,12,"Kasparov, Gary","Suba, Mihai",2675.0,2525.0,1-0,white_win,win,A75,,95,47.5,21,7,2,0,True,True,11,4,True,0,10,3,dynamic
Kasparov.pgn,Kasparov,white,"Andersson, Ulf",Luzern ol (Men),Luzern,1982.??.??,1982,13,"Kasparov, Gary","Andersson, Ulf",2675.0,2610.0,1/2-1/2,draw,draw,E11,,33,16.5,6,2,2,0,True,True,3,0,True,0,3,2,dynamic
Kasparov.pgn,Kasparov,white,"Sax, Gyula",Moscow Interzonal,Moscow,1982.??.??,1982,1,"Kasparov, Gary","Sax, Gyula",2675.0,2590.0,1-0,white_win,win,D86,,75,37.5,19,3,2,0,True,True,10,1,True,0,9,2,dynamic
Kasparov.pgn,Kasparov,black,"Quinteros, Miguel A",Moscow Interzonal,Moscow,1982.??.??,1982,2,"Quinteros, Miguel A","Kasparov, Gary",2520.0,2675.0,1/2-1/2,draw,draw,A32,,44,22.0,10,0,2,0,True,True,5,0,True,0,5,0,dynamic
Kasparov.pgn,Kasparov,white,"Murrey, Jacob",Moscow Interzonal,Moscow,1982.??.??,1982,3,"Kasparov, Gary","Murrey, Jacob",2630.0,2500.0,1-0,white_win,win,E12,,51,25.5,13,4,0,0,False,False,8,3,False,0,5,1,dynamic
Kasparov.pgn,Kasparov,black,"Geller, Efim P",Moscow Interzonal,Moscow,1982.??.??,1982,4,"Geller, Efim P","Kasparov, Gary",2565.0,2675.0,1/2-1/2,draw,draw,B83,,57,28.5,16,2,2,0,True,True,8,0,True,0,8,2,dynamic
Kasparov.pgn,Kasparov,white,"Tal, Mihail",Moscow Interzonal,Moscow,1982.??.??,1982,5,"Kasparov, Gary","Tal, Mihail",2675.0,2610.0,1/2-1/2,draw,draw,D43,,48,24.0,10,1,2,0,True,True,5,1,True,0,5,0,dynamic
Kasparov.pgn,Kasparov,white,"Beliavsky, Alexander G",Moscow Interzonal,Moscow,1982.??.??,1982,6,"Kasparov, Gary","Beliavsky, Alexander G",2675.0,2620.0,1/2-1/2,draw,draw,C92,,81,40.5,19,7,2,0,True,True,9,4,True,0,10,3,dynamic
Kasparov.pgn,Kasparov,black,"Christiansen, Larry Mark",Moscow Interzonal,Moscow,1982.??.??,1982,7,"Christiansen, Larry Mark","Kasparov, Gary",2575.0,2675.0,0-1,black_win,win,E76,,80,40.0,17,3,2,0,True,True,8,2,True,0,9,1,dynamic
Kasparov.pgn,Kasparov,white,"Garcia Gonzales, Guillermo",Moscow Interzonal,Moscow,1982.??.??,1982,8,"Kasparov, Gary","Garcia Gonzales, Guillermo",2675.0,2500.0,1/2-1/2,draw,draw,E11,,46,23.0,8,1,2,0,True,True,4,0,True,0,4,1,dynamic
Kasparov.pgn,Kasparov,black,"Andersson, Ulf",Moscow Interzonal,Moscow,1982.??.??,1982,9,"Andersson, Ulf","Kasparov, Gary",2610.0,2675.0,1/2-1/2,draw,draw,E95,,56,28.0,14,0,2,0,True,True,6,0,True,0,8,0,dynamic
Kasparov.pgn,Kasparov,white,"Rodriguez, Ruben",Moscow Interzonal,Moscow,1982.??.??,1982,10,"Kasparov, Gary","Rodriguez, Ruben",2675.0,2415.0,1-0,white_win,win,D52,,115,57.5,25,8,2,0,True,True,13,6,True,0,12,2,dynamic
Kasparov.pgn,Kasparov,black,"Van der Wiel, John TH",Moscow Interzonal,Moscow,1982.??.??,1982,11,"Van der Wiel, John TH","Kasparov, Gary",2520.0,2675.0,0-1,black_win,win,A45,,44,22.0,6,2,1,0,False,True,3,2,True,0,3,0,dynamic
Kasparov.pgn,Kasparov,white,"Gheorghiu, Florin",Moscow Interzonal,Moscow,1982.??.??,1982,12,"Kasparov, Gary","Gheorghiu, Florin",2675.0,2535.0,1-0,white_win,win,E12,,53,26.5,12,4,1,0,True,False,6,4,True,0,6,0,dynamic
Kasparov.pgn,Kasparov,black,"Velimirovic, Dragoljub",Moscow Interzonal,Moscow,1982.??.??,1982,13,"Velimirovic, Dragoljub","Kasparov, Gary",2495.0,2675.0,0-1,black_win,win,B12,,80,40.0,18,7,0,0,False,False,10,4,False,0,8,3,dynamic
Kasparov.pgn,Kasparov,white,"Kortschnoj, Viktor",Candidats sf1,London,1983.??.??,1983,1,"Kasparov, Gary","Kortschnoj, Viktor",2690.0,2610.0,0-1,black_win,loss,E12,,104,52.0,25,7,2,0,True,True,12,3,True,0,13,4,dynamic
Kasparov.pgn,Kasparov,black,"Kortschnoj, Viktor",Candidats sf1,London,1983.??.??,1983,2,"Kortschnoj, Viktor","Kasparov, Gary",2610.0,2690.0,1/2-1/2,draw,draw,D34,,61,30.5,10,0,2,0,True,True,5,0,True,0,5,0,dynamic
Kasparov.pgn,Kasparov,white,"Kortschnoj, Viktor",Candidats sf1,London,1983.??.??,1983,3,"Kasparov, Gary","Kortschnoj, Viktor",2690.0,2610.0,1/2-1/2,draw,draw,E12,,35,17.5,8,1,2,0,True,True,5,1,True,0,3,0,dynamic
Kasparov.pgn,Kasparov,black,"Kortschnoj, Viktor",Candidats sf1,London,1983.??.??,1983,4,"Kortschnoj, Viktor","Kasparov, Gary",2610.0,2690.0,1/2-1/2,draw,draw,E05,,82,41.0,17,4,2,0,True,True,9,3,True,0,8,1,dynamic
Kasparov.pgn,Kasparov,white,"Kortschnoj, Viktor",Candidats sf1,London,1983.??.??,1983,5,"Kasparov, Gary","Kortschnoj, Viktor",2690.0,2610.0,1/2-1/2,draw,draw,E04,,42,21.0,8,1,2,0,True,True,4,1,True,0,4,0,dynamic
Kasparov.pgn,Kasparov,black,"Kortschnoj, Viktor",Candidats sf1,London,1983.??.??,1983,6,"Kortschnoj, Viktor","Kasparov, Gary",2610.0,2690.0,0-1,black_win,win,D30,,156,78.0,28,16,2,1,True,True,14,13,True,1,14,3,dynamic
Kasparov.pgn,Kasparov,white,"Kortschnoj, Viktor",Candidats sf1,London,1983.??.??,1983,7,"Kasparov, Gary","Kortschnoj, Viktor",2690.0,2610.0,1-0,white_win,win,E04,,91,45.5,18,6,1,0,True,False,10,5,True,0,8,1,dynamic
Kasparov.pgn,Kasparov,black,"Kortschnoj, Viktor",Candidats sf1,London,1983.??.??,1983,8,"Kortschnoj, Viktor","Kasparov, Gary",2610.0,2690.0,1/2-1/2,draw,draw,E04,,78,39.0,17,3,2,0,True,True,9,0,True,0,8,3,dynamic
Kasparov.pgn,Kasparov,white,"Kortschnoj, Viktor",Candidats sf1,London,1983.??.??,1983,9,"Kasparov, Gary","Kortschnoj, Viktor",2690.0,2610.0,1-0,white_win,win,E04,,59,29.5,15,1,2,0,True,True,7,1,True,0,8,0,dynamic
Kasparov.pgn,Kasparov,black,"Kortschnoj, Viktor",Candidats sf1,London,1983.??.??,1983,10,"Kortschnoj, Viktor","Kasparov, Gary",2610.0,2690.0,1/2-1/2,draw,draw,D58,,83,41.5,22,2,2,0,True,True,11,1,True,0,11,1,dynamic
Kasparov.pgn,Kasparov,white,"Kortschnoj, Viktor",Candidats sf1,London,1983.??.??,1983,11,"Kasparov, Gary","Kortschnoj, Viktor",2690.0,2610.0,1-0,white_win,win,A60,,63,31.5,16,0,2,0,True,True,8,0,True,0,8,0,dynamic
Kasparov.pgn,Kasparov,white,"Tal, Mihail",Moscow tt,Moscow,1983.??.??,1983,?,"Kasparov, Gary","Tal, Mihail",2690.0,2620.0,1/2-1/2,draw,draw,D44,,86,43.0,18,10,2,0,True,True,11,10,True,0,7,0,dynamic
Kasparov.pgn,Kasparov,white,"Beliavsky, Alexander G",Candidats qf2,Moscow,1983.??.??,1983,1,"Kasparov, Gary","Beliavsky, Alexander G",2690.0,2590.0,1/2-1/2,draw,draw,D58,,128,64.0,20,9,2,0,True,True,10,8,True,0,10,1,dynamic
Kasparov.pgn,Kasparov,black,"Beliavsky, Alexander G",Candidats qf2,Moscow,1983.??.??,1983,2,"Beliavsky, Alexander G","Kasparov, Gary",2570.0,2690.0,0-1,black_win,win,D34,,75,37.5,14,0,2,0,True,True,7,0,True,0,7,0,dynamic
Kasparov.pgn,Kasparov,white,"Beliavsky, Alexander G",Candidats qf2,Moscow,1983.??.??,1983,3,"Kasparov, Gary","Beliavsky, Alexander G",2690.0,2570.0,1/2-1/2,draw,draw,D58,,48,24.0,14,1,2,0,True,True,7,1,True,0,7,0,dynamic
Kasparov.pgn,Kasparov,black,"Beliavsky, Alexander G",Candidats qf2,Moscow,1983.??.??,1983,4,"Beliavsky, Alexander G","Kasparov, Gary",2570.0,2690.0,1-0,white_win,loss,E54,,75,37.5,18,5,2,0,True,True,9,0,True,0,9,5,dynamic
Kasparov.pgn,Kasparov,white,"Beliavsky, Alexander G",Candidats qf2,Moscow,1983.??.??,1983,5,"Kasparov, Gary","Beliavsky, Alexander G",2690.0,2570.0,1-0,white_win,win,D58,,76,38.0,16,8,2,0,True,True,8,4,True,0,8,4,dynamic
Kasparov.pgn,Kasparov,black,"Beliavsky, Alexander G",Candidats qf2,Moscow,1983.??.??,1983,6,"Beliavsky, Alexander G","Kasparov, Gary",2570.0,2690.0,1/2-1/2,draw,draw,D34,,61,30.5,12,2,2,0,True,True,6,2,True,0,6,0,dynamic
Kasparov.pgn,Kasparov,white,"Beliavsky, Alexander G",Candidats qf2,Moscow,1983.??.??,1983,7,"Kasparov, Gary","Beliavsky, Alexander G",2690.0,2570.0,1/2-1/2,draw,draw,D58,,42,21.0,9,0,2,0,True,True,5,0,True,0,4,0,dynamic
Kasparov.pgn,Kasparov,black,"Beliavsky, Alexander G",Candidats qf2,Moscow,1983.??.??,1983,8,"Beliavsky, Alexander G","Kasparov, Gary",2570.0,2690.0,0-1,black_win,win,E81,,93,46.5,23,7,2,0,True,True,12,5,True,0,11,2,dynamic
Kasparov.pgn,Kasparov,white,"Beliavsky, Alexander G",Candidats qf2,Moscow,1983.??.??,1983,9,"Kasparov, Gary","Beliavsky, Alexander G",2690.0,2570.0,1-0,white_win,win,A43,,63,31.5,8,3,2,0,True,True,4,2,True,0,4,1,dynamic
Kasparov.pgn,Kasparov,black,"Seirawan, Yasser",Niksic,Niksic,1983.??.??,1983,1,"Seirawan, Yasser","Kasparov, Gary",2605.0,2690.0,0-1,black_win,win,D34,,108,54.0,22,1,2,0,True,True,11,0,True,0,11,1,dynamic
Kasparov.pgn,Kasparov,white,"Petrosian, Tigran V",Niksic,Niksic,1983.??.??,1983,2,"Kasparov, Gary","Petrosian, Tigran V",2690.0,2580.0,1-0,white_win,win,A93,,101,50.5,20,7,2,0,True,True,10,3,True,0,10,4,dynamic
Kasparov.pgn,Kasparov,black,"Sax, Gyula",Niksic,Niksic,1983.??.??,1983,3,"Sax, Gyula","Kasparov, Gary",2570.0,2690.0,1/2-1/2,draw,draw,B82,,77,38.5,20,4,2,0,True,True,9,1,True,0,11,3,dynamic
Kasparov.pgn,Kasparov,white,"Portisch, Lajos",Niksic,Niksic,1983.??.??,1983,4,"Kasparov, Gary","Portisch, Lajos",2690.0,2600.0,1-0,white_win,win,E12,,69,34.5,16,10,2,0,True,True,8,10,True,0,8,0,dynamic
Kasparov.pgn,Kasparov,black,"Ljubojevic, Ljubomir",Niksic,Niksic,1983.??.??,1983,5,"Ljubojevic, Ljubomir","Kasparov, Gary",2645.0,2690.0,0-1,black_win,win,A08,,50,25.0,7,0,2,0,True,True,3,0,True,0,4,0,dynamic
Kasparov.pgn,Kasparov,white,"Ivanovic, Bozidar",Niksic,Niksic,1983.??.??,1983,6,"Kasparov, Gary","Ivanovic, Bozidar",2690.0,2515.0,1-0,white_win,win,E49,,51,25.5,12,1,2,0,True,True,6,0,True,0,6,1,dynamic
Kasparov.pgn,Kasparov,black,"Larsen, Bent",Niksic,Niksic,1983.??.??,1983,7,"Larsen, Bent","Kasparov, Gary",2565.0,2690.0,0-1,black_win,win,D34,,112,56.0,25,5,2,0,True,True,13,3,True,0,12,2,dynamic
Kasparov.pgn,Kasparov,white,"Spassky, Boris V",Niksic,Niksic,1983.??.??,1983,8,"Kasparov, Gary","Spassky, Boris V",2690.0,2605.0,0-1,black_win,loss,E84,,66,33.0,16,5,2,0,True,True,8,5,True,0,8,0,dynamic
Kasparov.pgn,Kasparov,black,"Nikolic, Predrag",Niksic,Niksic,1983.??.??,1983,9,"Nikolic, Predrag","Kasparov, Gary",2540.0,2690.0,0-1,black_win,win,D34,,142,71.0,24,6,2,0,True,True,12,4,True,0,12,2,dynamic
Kasparov.pgn,Kasparov,white,"Tal, Mihail",Niksic,Niksic,1983.??.??,1983,10,"Kasparov, Gary","Tal, Mihail",2690.0,2620.0,1/2-1/2,draw,draw,E11,,65,32.5,16,6,2,0,True,True,8,1,True,0,8,5,dynamic
Kasparov.pgn,Kasparov,black,"Miles, Anthony J",Niksic,Niksic,1983.??.??,1983,11,"Miles, Anthony J","Kasparov, Gary",2585.0,2690.0,1/2-1/2,draw,draw,D34,,80,40.0,12,0,2,0,True,True,6,0,True,0,6,0,dynamic
Kasparov.pgn,Kasparov,white,"Andersson, Ulf",Niksic,Niksic,1983.??.??,1983,12,"Kasparov, Gary","Andersson, Ulf",2690.0,2640.0,1/2-1/2,draw,draw,E04,,66,33.0,19,2,2,0,True,True,9,1,True,0,10,1,dynamic
Kasparov.pgn,Kasparov,black,"Timman, Jan H",Niksic,Niksic,1983.??.??,1983,13,"Timman, Jan H","Kasparov, Gary",2605.0,2690.0,0-1,black_win,win,B96,,132,66.0,23,5,2,0,True,True,12,3,True,0,11,2,dynamic
Kasparov.pgn,Kasparov,white,"Gligoric, Svetozar",Niksic,Niksic,1983.??.??,1983,15,"Kasparov, Gary","Gligoric, Svetozar",2690.0,2505.0,1-0,white_win,win,E17,,73,36.5,15,1,2,0,True,True,9,1,True,0,6,0,dynamic
Kasparov.pgn,Kasparov,black,"Timman, Jan H",URS-World,London,1984.??.??,1984,1.2,"Timman, Jan H","Kasparov, Gary",2610.0,2710.0,1/2-1/2,draw,draw,D36,,46,23.0,6,0,2,0,True,True,3,0,True,0,3,0,dynamic
Kasparov.pgn,Kasparov,white,"Timman, Jan H",URS-World,London,1984.??.??,1984,2.2,"Kasparov, Gary","Timman, Jan H",2710.0,2610.0,1/2-1/2,draw,draw,D59,,47,23.5,14,0,2,0,True,True,7,0,True,0,7,0,dynamic
Kasparov.pgn,Kasparov,black,"Timman, Jan H",URS-World,London,1984.??.??,1984,3.2,"Timman, Jan H","Kasparov, Gary",2610.0,2710.0,1/2-1/2,draw,draw,C95,,115,57.5,22,9,2,0,True,True,12,4,True,0,10,5,dynamic
Kasparov.pgn,Kasparov,white,"Timman, Jan H",URS-World,London,1984.??.??,1984,4.1,"Kasparov, Gary","Timman, Jan H",2710.0,2610.0,1-0,white_win,win,D55,,67,33.5,14,2,2,0,True,True,8,2,True,0,6,0,dynamic
Kasparov.pgn,Kasparov,black,"Karpov, Anatoly",World Championship 31th-KK1,Moscow,1984.??.??,1984,1,"Karpov, Anatoly","Kasparov, Gary",2705.0,2715.0,1/2-1/2,draw,draw,B81,,72,36.0,14,1,2,0,True,True,7,1,True,0,7,0,dynamic
Kasparov.pgn,Kasparov,white,"Karpov, Anatoly",World Championship 31th-KK1,Moscow,1984.??.??,1984,2,"Kasparov, Gary","Karpov, Anatoly",2715.0,2705.0,1/2-1/2,draw,draw,E17,,93,46.5,20,6,2,0,True,True,9,3,True,0,11,3,dynamic
Kasparov.pgn,Kasparov,black,"Karpov, Anatoly",World Championship 31th-KK1,Moscow,1984.??.??,1984,3,"Karpov, Anatoly","Kasparov, Gary",2705.0,2715.0,1-0,white_win,loss,B44,,61,30.5,15,0,2,0,True,True,7,0,True,0,8,0,dynamic
Kasparov.pgn,Kasparov,white,"Karpov, Anatoly",World Championship 31th-KK1,Moscow,1984.??.??,1984,4,"Kasparov, Gary","Karpov, Anatoly",2715.0,2705.0,1/2-1/2,draw,draw,E15,,88,44.0,16,1,2,0,True,True,8,0,True,0,8,1,dynamic
Kasparov.pgn,Kasparov,black,"Karpov, Anatoly",World Championship 31th-KK1,Moscow,1984.??.??,1984,5,"Karpov, Anatoly","Kasparov, Gary",2705.0,2715.0,1/2-1/2,draw,draw,B85,,42,21.0,4,0,2,0,True,True,2,0,True,0,2,0,dynamic
Kasparov.pgn,Kasparov,white,"Karpov, Anatoly",World Championship 31th-KK1,Moscow,1984.??.??,1984,6,"Kasparov, Gary","Karpov, Anatoly",2715.0,2705.0,0-1,black_win,loss,E15,,140,70.0,27,6,2,0,True,True,13,3,True,0,14,3,dynamic
Kasparov.pgn,Kasparov,black,"Karpov, Anatoly",World Championship 31th-KK1,Moscow,1984.??.??,1984,7,"Karpov, Anatoly","Kasparov, Gary",2705.0,2715.0,1-0,white_win,loss,D34,,83,41.5,17,1,2,0,True,True,8,0,True,0,9,1,dynamic
Kasparov.pgn,Kasparov,white,"Karpov, Anatoly",World Championship 31th-KK1,Moscow,1984.??.??,1984,8,"Kasparov, Gary","Karpov, Anatoly",2715.0,2705.0,1/2-1/2,draw,draw,E05,,39,19.5,4,0,2,0,True,True,2,0,True,0,2,0,dynamic
Kasparov.pgn,Kasparov,black,"Karpov, Anatoly",World Championship 31th-KK1,Moscow,1984.??.??,1984,9,"Karpov, Anatoly","Kasparov, Gary",2705.0,2715.0,1-0,white_win,loss,D34,,139,69.5,25,7,2,0,True,True,11,1,True,0,14,6,dynamic
Kasparov.pgn,Kasparov,white,"Karpov, Anatoly",World Championship 31th-KK1,Moscow,1984.??.??,1984,10,"Kasparov, Gary","Karpov, Anatoly",2715.0,2705.0,1/2-1/2,draw,draw,E12,,29,14.5,4,0,2,0,True,True,2,0,True,0,2,0,dynamic
Kasparov.pgn,Kasparov,black,"Karpov, Anatoly",World Championship 31th-KK1,Moscow,1984.??.??,1984,11,"Karpov, Anatoly","Kasparov, Gary",2705.0,2715.0,1/2-1/2,draw,draw,A30,,81,40.5,17,5,2,0,True,True,8,4,True,0,9,1,dynamic
Kasparov.pgn,Kasparov,white,"Karpov, Anatoly",World Championship 31th-KK1,Moscow,1984.??.??,1984,12,"Kasparov, Gary","Karpov, Anatoly",2715.0,2705.0,1/2-1/2,draw,draw,D58,,41,20.5,12,0,2,0,True,True,6,0,True,0,6,0,dynamic
Kasparov.pgn,Kasparov,black,"Karpov, Anatoly",World Championship 31th-KK1,Moscow,1984.??.??,1984,13,"Karpov, Anatoly","Kasparov, Gary",2705.0,2715.0,1/2-1/2,draw,draw,A30,,66,33.0,18,0,2,0,True,True,9,0,True,0,9,0,dynamic
Kasparov.pgn,Kasparov,white,"Karpov, Anatoly",World Championship 31th-KK1,Moscow,1984.??.??,1984,14,"Kasparov, Gary","Karpov, Anatoly",2715.0,2705.0,1/2-1/2,draw,draw,E15,,31,15.5,6,1,2,0,True,True,3,0,True,0,3,1,dynamic
Kasparov.pgn,Kasparov,black,"Karpov, Anatoly",World Championship 31th-KK1,Moscow,1984.??.??,1984,15,"Karpov, Anatoly","Kasparov, Gary",2705.0,2715.0,1/2-1/2,draw,draw,E15,,186,93.0,22,6,2,0,True,True,11,1,True,0,11,5,dynamic
Kasparov.pgn,Kasparov,white,"Karpov, Anatoly",World Championship 31th-KK1,Moscow,1984.??.??,1984,16,"Kasparov, Gary","Karpov, Anatoly",2715.0,2705.0,1/2-1/2,draw,draw,E15,,70,35.0,17,7,2,0,True,True,9,3,True,0,8,4,dynamic
Kasparov.pgn,Kasparov,black,"Karpov, Anatoly",World Championship 31th-KK1,Moscow,1984.??.??,1984,17,"Karpov, Anatoly","Kasparov, Gary",2705.0,2715.0,1/2-1/2,draw,draw,D58,,44,22.0,13,0,2,0,True,True,7,0,True,0,6,0,dynamic
Kasparov.pgn,Kasparov,white,"Karpov, Anatoly",World Championship 31th-KK1,Moscow,1984.??.??,1984,18,"Kasparov, Gary","Karpov, Anatoly",2715.0,2705.0,1/2-1/2,draw,draw,E15,,43,21.5,10,3,2,0,True,True,5,2,True,0,5,1,dynamic
Kasparov.pgn,Kasparov,black,"Karpov, Anatoly",World Championship 31th-KK1,Moscow,1984.??.??,1984,19,"Karpov, Anatoly","Kasparov, Gary",2705.0,2715.0,1/2-1/2,draw,draw,D55,,88,44.0,22,2,2,0,True,True,11,1,True,0,11,1,dynamic
Kasparov.pgn,Kasparov,white,"Karpov, Anatoly",World Championship 31th-KK1,Moscow,1984.??.??,1984,20,"Kasparov, Gary","Karpov, Anatoly",2715.0,2705.0,1/2-1/2,draw,draw,A30,,29,14.5,7,0,2,0,True,True,3,0,True,0,4,0,dynamic
Kasparov.pgn,Kasparov,black,"Karpov, Anatoly",World Championship 31th-KK1,Moscow,1984.??.??,1984,21,"Karpov, Anatoly","Kasparov, Gary",2705.0,2715.0,1/2-1/2,draw,draw,D53,,61,30.5,20,0,2,0,True,True,10,0,True,0,10,0,dynamic
Kasparov.pgn,Kasparov,white,"Karpov, Anatoly",World Championship 31th-KK1,Moscow,1984.??.??,1984,22,"Kasparov, Gary","Karpov, Anatoly",2715.0,2705.0,1/2-1/2,draw,draw,E05,,39,19.5,6,0,2,0,True,True,3,0,True,0,3,0,dynamic
Kasparov.pgn,Kasparov,black,"Karpov, Anatoly",World Championship 31th-KK1,Moscow,1984.??.??,1984,23,"Karpov, Anatoly","Kasparov, Gary",2705.0,2715.0,1/2-1/2,draw,draw,D53,,44,22.0,12,0,2,0,True,True,6,0,True,0,6,0,dynamic
Kasparov.pgn,Kasparov,white,"Karpov, Anatoly",World Championship 31th-KK1,Moscow,1984.??.??,1984,24,"Kasparov, Gary","Karpov, Anatoly",2715.0,2705.0,1/2-1/2,draw,draw,A33,,33,16.5,10,0,2,0,True,True,5,0,True,0,5,0,dynamic
Kasparov.pgn,Kasparov,black,"Karpov, Anatoly",World Championship 31th-KK1,Moscow,1984.??.??,1984,25,"Karpov, Anatoly","Kasparov, Gary",2705.0,2715.0,1/2-1/2,draw,draw,D58,,42,21.0,6,0,2,0,True,True,3,0,True,0,3,0,dynamic
Kasparov.pgn,Kasparov,white,"Karpov, Anatoly",World Championship 31th-KK1,Moscow,1984.??.??,1984,26,"Kasparov, Gary","Karpov, Anatoly",2715.0,2705.0,1/2-1/2,draw,draw,A33,,46,23.0,15,2,2,0,True,True,8,1,True,0,7,1,dynamic
Kasparov.pgn,Kasparov,black,"Karpov, Anatoly",World Championship 31th-KK1,Moscow,1984.??.??,1984,27,"Karpov, Anatoly","Kasparov, Gary",2705.0,2715.0,1-0,white_win,loss,D55,,117,58.5,23,7,2,0,True,True,11,2,True,0,12,5,dynamic
Kasparov.pgn,Kasparov,white,"Karpov, Anatoly",World Championship 31th-KK1,Moscow,1984.??.??,1984,28,"Kasparov, Gary","Karpov, Anatoly",2715.0,2705.0,1/2-1/2,draw,draw,C42,,49,24.5,11,1,1,0,True,False,5,1,True,0,6,0,dynamic
Kasparov.pgn,Kasparov,black,"Karpov, Anatoly",World Championship 31th-KK1,Moscow,1984.??.??,1984,29,"Karpov, Anatoly","Kasparov, Gary",2705.0,2715.0,1/2-1/2,draw,draw,D47,,26,13.0,4,0,2,0,True,True,2,0,True,0,2,0,dynamic
Kasparov.pgn,Kasparov,white,"Karpov, Anatoly",World Championship 31th-KK1,Moscow,1984.??.??,1984,30,"Kasparov, Gary","Karpov, Anatoly",2715.0,2705.0,1/2-1/2,draw,draw,C42,,40,20.0,16,1,2,0,True,True,8,1,True,0,8,0,dynamic
Kasparov.pgn,Kasparov,black,"Karpov, Anatoly",World Championship 31th-KK1,Moscow,1984.??.??,1984,31,"Karpov, Anatoly","Kasparov, Gary",2705.0,2715.0,1/2-1/2,draw,draw,D58,,70,35.0,13,0,2,0,True,True,6,0,True,0,7,0,dynamic
Kasparov.pgn,Kasparov,white,"Karpov, Anatoly",World Championship 31th-KK1,Moscow,1984.??.??,1984,32,"Kasparov, Gary","Karpov, Anatoly",2715.0,2705.0,1-0,white_win,win,E12,,81,40.5,23,5,0,0,False,False,12,2,False,0,11,3,dynamic
Kasparov.pgn,Kasparov,black,"Karpov, Anatoly",World Championship 31th-KK1,Moscow,1984.??.??,1984,33,"Karpov, Anatoly","Kasparov, Gary",2705.0,2715.0,1/2-1/2,draw,draw,D45,,39,19.5,12,0,2,0,True,True,6,0,True,0,6,0,dynamic
Kasparov.pgn,Kasparov,white,"Karpov, Anatoly",World Championship 31th-KK1,Moscow,1984.??.??,1984,34,"Kasparov, Gary","Karpov, Anatoly",2715.0,2705.0,1/2-1/2,draw,draw,D58,,40,20.0,6,0,2,0,True,True,3,0,True,0,3,0,dynamic
Kasparov.pgn,Kasparov,black,"Karpov, Anatoly",World Championship 31th-KK1,Moscow,1984.??.??,1984,35,"Karpov, Anatoly","Kasparov, Gary",2705.0,2715.0,1/2-1/2,draw,draw,B64,,34,17.0,10,0,2,0,True,True,5,0,True,0,5,0,dynamic
Kasparov.pgn,Kasparov,white,"Karpov, Anatoly",World Championship 31th-KK1,Moscow,1984.??.??,1984,36,"Kasparov, Gary","Karpov, Anatoly",2715.0,2705.0,1/2-1/2,draw,draw,D58,,81,40.5,17,3,2,0,True,True,9,2,True,0,8,1,dynamic
Kasparov.pgn,Kasparov,black,"Karpov, Anatoly",World Championship 31th-KK1,Moscow,1984.??.??,1984,37,"Karpov, Anatoly","Kasparov, Gary",2705.0,2715.0,1/2-1/2,draw,draw,B63,,30,15.0,7,0,2,0,True,True,4,0,True,0,3,0,dynamic
Kasparov.pgn,Kasparov,white,"Karpov, Anatoly",World Championship 31th-KK1,Moscow,1984.??.??,1984,38,"Kasparov, Gary","Karpov, Anatoly",2715.0,2705.0,1/2-1/2,draw,draw,D58,,50,25.0,10,0,2,0,True,True,5,0,True,0,5,0,dynamic
Kasparov.pgn,Kasparov,black,"Karpov, Anatoly",World Championship 31th-KK1,Moscow,1984.??.??,1984,39,"Karpov, Anatoly","Kasparov, Gary",2705.0,2715.0,1/2-1/2,draw,draw,D58,,96,48.0,19,1,2,0,True,True,10,0,True,0,9,1,dynamic
Kasparov.pgn,Kasparov,white,"Karpov, Anatoly",World Championship 31th-KK1,Moscow,1984.??.??,1984,40,"Kasparov, Gary","Karpov, Anatoly",2715.0,2705.0,1/2-1/2,draw,draw,D58,,140,70.0,25,0,2,0,True,True,13,0,True,0,12,0,dynamic
Kasparov.pgn,Kasparov,black,"Karpov, Anatoly",World Championship 31th-KK1,Moscow,1984.??.??,1984,41,"Karpov, Anatoly","Kasparov, Gary",2705.0,2715.0,1/2-1/2,draw,draw,C42,,141,70.5,23,10,2,0,True,True,11,6,True,0,12,4,dynamic
Kasparov.pgn,Kasparov,white,"Karpov, Anatoly",World Championship 31th-KK1,Moscow,1984.??.??,1984,42,"Kasparov, Gary","Karpov, Anatoly",2715.0,2705.0,1/2-1/2,draw,draw,D58,,52,26.0,16,1,2,0,True,True,8,1,True,0,8,0,dynamic
Kasparov.pgn,Kasparov,black,"Karpov, Anatoly",World Championship 31th-KK1,Moscow,1984.??.??,1984,43,"Karpov, Anatoly","Kasparov, Gary",2705.0,2715.0,1/2-1/2,draw,draw,B84,,42,21.0,10,2,2,0,True,True,5,1,True,0,5,1,dynamic
Kasparov.pgn,Kasparov,white,"Karpov, Anatoly",World Championship 31th-KK1,Moscow,1984.??.??,1984,44,"Kasparov, Gary","Karpov, Anatoly",2715.0,2705.0,1/2-1/2,draw,draw,C92,,75,37.5,19,3,2,0,True,True,10,1,True,0,9,2,dynamic
Kasparov.pgn,Kasparov,black,"Karpov, Anatoly",World Championship 31th-KK1,Moscow,1984.??.??,1984,45,"Karpov, Anatoly","Kasparov, Gary",2705.0,2715.0,1/2-1/2,draw,draw,B85,,72,36.0,18,0,2,0,True,True,9,0,True,0,9,0,dynamic
Kasparov.pgn,Kasparov,white,"Karpov, Anatoly",World Championship 31th-KK1,Moscow,1984.??.??,1984,46,"Kasparov, Gary","Karpov, Anatoly",2715.0,2705.0,1/2-1/2,draw,draw,C92,,82,41.0,12,0,2,0,True,True,6,0,True,0,6,0,dynamic
Kasparov.pgn,Kasparov,black,"Karpov, Anatoly",World Championship 31th-KK1,Moscow,1984.??.??,1984,47,"Karpov, Anatoly","Kasparov, Gary",2705.0,2715.0,0-1,black_win,win,D52,,64,32.0,11,5,1,0,False,True,5,5,True,0,6,0,dynamic
Kasparov.pgn,Kasparov,white,"Karpov, Anatoly",World Championship 31th-KK1,Moscow,1984.??.??,1984,48,"Kasparov, Gary","Karpov, Anatoly",2715.0,2705.0,1-0,white_win,win,C42,,133,66.5,24,9,2,0,True,True,13,4,True,0,11,5,dynamic
Kasparov.pgn,Kasparov,white,"Smyslov, Vassily",Candidats final,Vilnius,1984.??.??,1984,1,"Kasparov, Gary","Smyslov, Vassily",2710.0,2600.0,1/2-1/2,draw,draw,D91,,66,33.0,10,0,2,0,True,True,5,0,True,0,5,0,dynamic
Kasparov.pgn,Kasparov,black,"Smyslov, Vassily",Candidats final,Vilnius,1984.??.??,1984,2,"Smyslov, Vassily","Kasparov, Gary",2600.0,2710.0,1/2-1/2,draw,draw,D34,,81,40.5,20,1,2,0,True,True,10,0,True,0,10,1,dynamic
Kasparov.pgn,Kasparov,white,"Smyslov, Vassily",Candidats final,Vilnius,1984.??.??,1984,3,"Kasparov, Gary","Smyslov, Vassily",2710.0,2600.0,1-0,white_win,win,D52,,82,41.0,18,6,2,0,True,True,9,6,True,0,9,0,dynamic
Kasparov.pgn,Kasparov,black,"Smyslov, Vassily",Candidats final,Vilnius,1984.??.??,1984,4,"Smyslov, Vassily","Kasparov, Gary",2600.0,2710.0,0-1,black_win,win,D37,,82,41.0,19,1,2,0,True,True,10,0,True,0,9,1,dynamic
Kasparov.pgn,Kasparov,white,"Smyslov, Vassily",Candidats final,Vilnius,1984.??.??,1984,5,"Kasparov, Gary","Smyslov, Vassily",2710.0,2600.0,1/2-1/2,draw,draw,D44,,72,36.0,18,5,2,0,True,True,10,5,True,0,8,0,dynamic
Kasparov.pgn,Kasparov,black,"Smyslov, Vassily",Candidats final,Vilnius,1984.??.??,1984,6,"Smyslov, Vassily","Kasparov, Gary",2600.0,2710.0,1/2-1/2,draw,draw,D56,,85,42.5,16,2,2,0,True,True,8,0,True,0,8,2,dynamic
Kasparov.pgn,Kasparov,white,"Smyslov, Vassily",Candidats final,Vilnius,1984.??.??,1984,7,"Kasparov, Gary","Smyslov, Vassily",2710.0,2600.0,1/2-1/2,draw,draw,D52,,27,13.5,8,2,1,0,False,True,4,0,False,0,4,2,dynamic
Kasparov.pgn,Kasparov,black,"Smyslov, Vassily",Candidats final,Vilnius,1984.??.??,1984,8,"Smyslov, Vassily","Kasparov, Gary",2600.0,2710.0,1/2-1/2,draw,draw,D34,,55,27.5,6,0,2,0,True,True,3,0,True,0,3,0,dynamic
Kasparov.pgn,Kasparov,white,"Smyslov, Vassily",Candidats final,Vilnius,1984.??.??,1984,9,"Kasparov, Gary","Smyslov, Vassily",2710.0,2600.0,1-0,white_win,win,D52,,88,44.0,16,0,1,0,False,True,8,0,False,0,8,0,dynamic
Kasparov.pgn,Kasparov,black,"Smyslov, Vassily",Candidats final,Vilnius,1984.??.??,1984,10,"Smyslov, Vassily","Kasparov, Gary",2600.0,2710.0,1/2-1/2,draw,draw,D34,,75,37.5,17,1,2,0,True,True,8,1,True,0,9,0,dynamic
Kasparov.pgn,Kasparov,white,"Smyslov, Vassily",Candidats final,Vilnius,1984.??.??,1984,11,"Kasparov, Gary","Smyslov, Vassily",2710.0,2600.0,1/2-1/2,draw,draw,D07,,52,26.0,17,4,2,0,True,True,8,4,True,0,9,0,dynamic
Kasparov.pgn,Kasparov,black,"Smyslov, Vassily",Candidats final,Vilnius,1984.??.??,1984,12,"Smyslov, Vassily","Kasparov, Gary",2600.0,2710.0,0-1,black_win,win,D34,,80,40.0,17,3,2,0,True,True,8,2,True,0,9,1,dynamic
Kasparov.pgn,Kasparov,white,"Smyslov, Vassily",Candidats final,Vilnius,1984.??.??,1984,13,"Kasparov, Gary","Smyslov, Vassily",2710.0,2600.0,1/2-1/2,draw,draw,D52,,30,15.0,10,0,1,0,False,True,5,0,False,0,5,0,dynamic
Kasparov.pgn,Kasparov,white,"Huebner, Robert",Hamburg m,Hamburg,1985.07.??,1985,4,"Kasparov, Gary","Huebner, Robert",2715.0,2605.0,1-0,white_win,win,E15,,119,59.5,20,2,2,0,True,True,10,1,True,0,10,1,dynamic
Kasparov.pgn,Kasparov,white,"Andersson, Ulf",Belgrade m,Belgrade,1985.??.??,1985,1,"Kasparov, Gary","Andersson, Ulf",2715.0,2575.0,1/2-1/2,draw,draw,E04,,72,36.0,16,3,2,0,True,True,8,1,True,0,8,2,dynamic
Kasparov.pgn,Kasparov,black,"Andersson, Ulf",Belgrade m,Belgrade,1985.??.??,1985,2,"Andersson, Ulf","Kasparov, Gary",2575.0,2715.0,1/2-1/2,draw,draw,D36,,87,43.5,11,3,2,0,True,True,6,3,True,0,5,0,dynamic
Kasparov.pgn,Kasparov,white,"Andersson, Ulf",Belgrade m,Belgrade,1985.??.??,1985,3,"Kasparov, Gary","Andersson, Ulf",2715.0,2575.0,1-0,white_win,win,E04,,79,39.5,20,8,1,0,True,False,11,7,True,0,9,1,dynamic
Kasparov.pgn,Kasparov,black,"Andersson, Ulf",Belgrade m,Belgrade,1985.??.??,1985,4,"Andersson, Ulf","Kasparov, Gary",2575.0,2715.0,1/2-1/2,draw,draw,A30,,47,23.5,16,0,2,0,True,True,8,0,True,0,8,0,dynamic
Kasparov.pgn,Kasparov,white,"Andersson, Ulf",Belgrade m,Belgrade,1985.??.??,1985,5,"Kasparov, Gary","Andersson, Ulf",2715.0,2575.0,1-0,white_win,win,E06,,99,49.5,20,2,2,0,True,True,10,1,True,0,10,1,dynamic
Kasparov.pgn,Kasparov,black,"Andersson, Ulf",Belgrade m,Belgrade,1985.??.??,1985,6,"Andersson, Ulf","Kasparov, Gary",2575.0,2715.0,1/2-1/2,draw,draw,E02,,47,23.5,14,1,2,0,True,True,7,0,True,0,7,1,dynamic
Kasparov.pgn,Kasparov,white,"Hess, Christian",HSK-Kasparov simul,Hamburg,1985.??.??,1985,?,"Kasparov, Gary","Hess, Christian",2700.0,2260.0,1/2-1/2,draw,draw,A57,,56,28.0,18,2,2,0,True,True,9,1,True,0,9,1,dynamic
Kasparov.pgn,Kasparov,black,"Behrhorst, Frank",HSK-Kasparov simul,Hamburg,1985.??.??,1985,?,"Behrhorst, Frank","Kasparov, Gary",2320.0,2700.0,0-1,black_win,win,D93,,100,50.0,26,3,1,0,False,True,13,2,True,0,13,1,dynamic
Kasparov.pgn,Kasparov,white,"Reefschlaeger, Helmut",HSK-Kasparov simul,Hamburg,1985.??.??,1985,?,"Kasparov, Gary","Reefschlaeger, Helmut",2700.0,2395.0,1/2-1/2,draw,draw,D16,,51,25.5,8,0,2,0,True,True,4,0,True,0,4,0,dynamic
Kasparov.pgn,Kasparov,black,"Chandler, Murray G",HSK-Kasparov simul,Hamburg,1985.??.??,1985,?,"Chandler, Murray G","Kasparov, Gary",2525.0,2700.0,1-0,white_win,loss,B45,,65,32.5,17,2,0,0,False,False,8,2,False,0,9,0,dynamic
Kasparov.pgn,Kasparov,black,"Cordes, Hans Joerg",HSK-Kasparov simul,Hamburg,1985.??.??,1985,?,"Cordes, Hans Joerg","Kasparov, Gary",2310.0,2700.0,1-0,white_win,loss,D44,,105,52.5,25,3,2,0,True,True,12,0,True,0,13,3,dynamic
Kasparov.pgn,Kasparov,white,"Gruenberg, Rainer",HSK-Kasparov simul,Hamburg,1985.??.??,1985,?,"Kasparov, Gary","Gruenberg, Rainer",2700.0,2270.0,1-0,white_win,win,A34,,99,49.5,25,7,1,0,False,True,13,5,False,0,12,2,dynamic
Kasparov.pgn,Kasparov,white,"Wegner, Hannu",HSK-Kasparov simul,Hamburg,1985.??.??,1985,?,"Kasparov, Gary","Wegner, Hannu",2700.0,2210.0,1/2-1/2,draw,draw,A33,,65,32.5,16,4,1,0,True,False,8,4,True,0,8,0,dynamic
Kasparov.pgn,Kasparov,black,"Wahls, Matthias",HSK-Kasparov simul,Hamburg,1985.??.??,1985,?,"Wahls, Matthias","Kasparov, Gary",2285.0,2700.0,1-0,white_win,loss,B52,,57,28.5,14,6,1,0,True,False,7,2,False,0,7,4,dynamic
Kasparov.pgn,Kasparov,black,"Huebner, Robert",Hamburg m,Hamburg,1985.??.??,1985,1,"Huebner, Robert","Kasparov, Gary",2605.0,2715.0,0-1,black_win,win,A21,,56,28.0,13,10,0,0,False,False,6,8,False,0,7,2,dynamic
Kasparov.pgn,Kasparov,white,"Huebner, Robert",Hamburg m,Hamburg,1985.??.??,1985,2,"Kasparov, Gary","Huebner, Robert",2715.0,2605.0,1-0,white_win,win,D55,,77,38.5,16,3,2,0,True,True,8,2,True,0,8,1,dynamic
Kasparov.pgn,Kasparov,black,"Huebner, Robert",Hamburg m,Hamburg,1985.??.??,1985,3,"Huebner, Robert","Kasparov, Gary",2605.0,2715.0,1/2-1/2,draw,draw,B63,,80,40.0,16,1,2,0,True,True,8,1,True,0,8,0,dynamic
Kasparov.pgn,Kasparov,black,"Huebner, Robert",Hamburg m,Hamburg,1985.??.??,1985,5,"Huebner, Robert","Kasparov, Gary",2605.0,2715.0,1/2-1/2,draw,draw,B63,,79,39.5,21,4,2,0,True,True,10,2,True,0,11,2,dynamic
Kasparov.pgn,Kasparov,white,"Huebner, Robert",Hamburg m,Hamburg,1985.??.??,1985,6,"Kasparov, Gary","Huebner, Robert",2715.0,2605.0,1/2-1/2,draw,draw,E11,,55,27.5,16,1,2,0,True,True,8,0,True,0,8,1,dynamic
Kasparov.pgn,Kasparov,black,"Timman, Jan H",Hilversum KRO m,Hilversum,1985.??.??,1985,1,"Timman, Jan H","Kasparov, Gary",2640.0,2700.0,0-1,black_win,win,C93,,102,51.0,19,1,2,0,True,True,10,0,True,0,9,1,dynamic
Kasparov.pgn,Kasparov,white,"Timman, Jan H",Hilversum KRO m,Hilversum,1985.??.??,1985,2,"Kasparov, Gary","Timman, Jan H",2700.0,2640.0,1-0,white_win,win,E13,,69,34.5,15,1,1,0,False,True,8,0,False,0,7,1,dynamic
Kasparov.pgn,Kasparov,black,"Timman, Jan H",Hilversum KRO m,Hilversum,1985.??.??,1985,3,"Timman, Jan H","Kasparov, Gary",2640.0,2700.0,1-0,white_win,loss,C93,,81,40.5,17,6,2,0,True,True,9,1,True,0,8,5,dynamic
Kasparov.pgn,Kasparov,white,"Timman, Jan H",Hilversum KRO m,Hilversum,1985.??.??,1985,4,"Kasparov, Gary","Timman, Jan H",2700.0,2640.0,1/2-1/2,draw,draw,E13,,123,61.5,25,4,1,0,True,False,12,3,True,0,13,1,dynamic
Kasparov.pgn,Kasparov,black,"Timman, Jan H",Hilversum KRO m,Hilversum,1985.??.??,1985,5,"Timman, Jan H","Kasparov, Gary",2640.0,2700.0,1/2-1/2,draw,draw,C69,,68,34.0,23,3,2,0,True,True,12,3,True,0,11,0,dynamic
Kasparov.pgn,Kasparov,white,"Timman, Jan H",Hilversum KRO m,Hilversum,1985.??.??,1985,6,"Kasparov, Gary","Timman, Jan H",2700.0,2640.0,1-0,white_win,win,E13,,81,40.5,16,6,2,0,True,True,9,5,True,0,7,1,dynamic
Kasparov.pgn,Kasparov,white,"Karpov, Anatoly",World Championship 32th-KK2,Moscow,1985.??.??,1985,1,"Kasparov, Gary","Karpov, Anatoly",2700.0,2720.0,1-0,white_win,win,E20,,83,41.5,21,2,0,0,False,False,11,0,False,0,10,2,dynamic
Kasparov.pgn,Kasparov,black,"Karpov, Anatoly",World Championship 32th-KK2,Moscow,1985.??.??,1985,2,"Karpov, Anatoly","Kasparov, Gary",2720.0,2700.0,1/2-1/2,draw,draw,B85,,129,64.5,24,4,2,0,True,True,12,4,True,0,12,0,dynamic
Kasparov.pgn,Kasparov,white,"Karpov, Anatoly",World Championship 32th-KK2,Moscow,1985.??.??,1985,3,"Kasparov, Gary","Karpov, Anatoly",2700.0,2720.0,1/2-1/2,draw,draw,D55,,40,20.0,10,0,2,0,True,True,5,0,True,0,5,0,dynamic
Kasparov.pgn,Kasparov,black,"Karpov, Anatoly",World Championship 32th-KK2,Moscow,1985.??.??,1985,4,"Karpov, Anatoly","Kasparov, Gary",2720.0,2700.0,1-0,white_win,loss,D55,,125,62.5,14,7,2,0,True,True,7,1,True,0,7,6,dynamic
Kasparov.pgn,Kasparov,white,"Karpov, Anatoly",World Championship 32th-KK2,Moscow,1985.??.??,1985,5,"Kasparov, Gary","Karpov, Anatoly",2700.0,2720.0,0-1,black_win,loss,C92,,82,41.0,15,0,2,0,True,True,7,0,True,0,8,0,dynamic
Kasparov.pgn,Kasparov,black,"Karpov, Anatoly",World Championship 32th-KK2,Moscow,1985.??.??,1985,6,"Karpov, Anatoly","Kasparov, Gary",2720.0,2700.0,1/2-1/2,draw,draw,D55,,54,27.0,15,1,2,0,True,True,7,0,True,0,8,1,dynamic
Kasparov.pgn,Kasparov,white,"Karpov, Anatoly",World Championship 32th-KK2,Moscow,1985.??.??,1985,7,"Kasparov, Gary","Karpov, Anatoly",2700.0,2720.0,1/2-1/2,draw,draw,E32,,62,31.0,17,3,2,0,True,True,8,2,True,0,9,1,dynamic
Kasparov.pgn,Kasparov,black,"Karpov, Anatoly",World Championship 32th-KK2,Moscow,1985.??.??,1985,8,"Karpov, Anatoly","Kasparov, Gary",2720.0,2700.0,1/2-1/2,draw,draw,D58,,98,49.0,25,7,2,0,True,True,12,5,True,0,13,2,dynamic
Kasparov.pgn,Kasparov,white,"Karpov, Anatoly",World Championship 32th-KK2,Moscow,1985.??.??,1985,9,"Kasparov, Gary","Karpov, Anatoly",2700.0,2720.0,1/2-1/2,draw,draw,C92,,105,52.5,22,3,2,0,True,True,10,3,True,0,12,0,dynamic
Kasparov.pgn,Kasparov,black,"Karpov, Anatoly",World Championship 32th-KK2,Moscow,1985.??.??,1985,10,"Karpov, Anatoly","Kasparov, Gary",2720.0,2700.0,1/2-1/2,draw,draw,B85,,73,36.5,17,3,2,0,True,True,9,3,True,0,8,0,dynamic
Kasparov.pgn,Kasparov,white,"Karpov, Anatoly",World Championship 32th-KK2,Moscow,1985.??.??,1985,11,"Kasparov, Gary","Karpov, Anatoly",2700.0,2720.0,1-0,white_win,win,E21,,49,24.5,12,2,2,0,True,True,6,2,True,0,6,0,dynamic
Kasparov.pgn,Kasparov,black,"Karpov, Anatoly",World Championship 32th-KK2,Moscow,1985.??.??,1985,12,"Karpov, Anatoly","Kasparov, Gary",2720.0,2700.0,1/2-1/2,draw,draw,B44,,36,18.0,10,1,2,0,True,True,5,0,True,0,5,1,dynamic
Kasparov.pgn,Kasparov,white,"Karpov, Anatoly",World Championship 32th-KK2,Moscow,1985.??.??,1985,13,"Kasparov, Gary","Karpov, Anatoly",2700.0,2720.0,1/2-1/2,draw,draw,E20,,48,24.0,14,0,2,0,True,True,7,0,True,0,7,0,dynamic
Kasparov.pgn,Kasparov,black,"Karpov, Anatoly",World Championship 32th-KK2,Moscow,1985.??.??,1985,14,"Karpov, Anatoly","Kasparov, Gary",2720.0,2700.0,1/2-1/2,draw,draw,B54,,64,32.0,16,6,0,0,False,False,8,3,False,0,8,3,dynamic
Kasparov.pgn,Kasparov,white,"Karpov, Anatoly",World Championship 32th-KK2,Moscow,1985.??.??,1985,15,"Kasparov, Gary","Karpov, Anatoly",2700.0,2720.0,1/2-1/2,draw,draw,C42,,44,22.0,12,3,2,0,True,True,6,3,True,0,6,0,dynamic
Kasparov.pgn,Kasparov,black,"Karpov, Anatoly",World Championship 32th-KK2,Moscow,1985.??.??,1985,16,"Karpov, Anatoly","Kasparov, Gary",2720.0,2700.0,0-1,black_win,win,B44,,80,40.0,17,4,2,0,True,True,7,4,True,0,10,0,dynamic
Kasparov.pgn,Kasparov,white,"Karpov, Anatoly",World Championship 32th-KK2,Moscow,1985.??.??,1985,17,"Kasparov, Gary","Karpov, Anatoly",2700.0,2720.0,1/2-1/2,draw,draw,E20,,57,28.5,16,3,2,0,True,True,8,0,True,0,8,3,dynamic
Kasparov.pgn,Kasparov,black,"Karpov, Anatoly",World Championship 32th-KK2,Moscow,1985.??.??,1985,18,"Karpov, Anatoly","Kasparov, Gary",2720.0,2700.0,1/2-1/2,draw,draw,B85,,45,22.5,6,0,2,0,True,True,3,0,True,0,3,0,dynamic
Kasparov.pgn,Kasparov,white,"Karpov, Anatoly",World Championship 32th-KK2,Moscow,1985.??.??,1985,19,"Kasparov, Gary","Karpov, Anatoly",2700.0,2720.0,1-0,white_win,win,E21,,83,41.5,17,1,2,0,True,True,9,1,True,0,8,0,dynamic
Kasparov.pgn,Kasparov,black,"Karpov, Anatoly",World Championship 32th-KK2,Moscow,1985.??.??,1985,20,"Karpov, Anatoly","Kasparov, Gary",2720.0,2700.0,1/2-1/2,draw,draw,D35,,170,85.0,25,4,2,0,True,True,12,3,True,0,13,1,dynamic
Kasparov.pgn,Kasparov,white,"Karpov, Anatoly",World Championship 32th-KK2,Moscow,1985.??.??,1985,21,"Kasparov, Gary","Karpov, Anatoly",2700.0,2720.0,1/2-1/2,draw,draw,D31,,88,44.0,16,1,1,0,False,True,8,0,False,0,8,1,dynamic
Kasparov.pgn,Kasparov,black,"Karpov, Anatoly",World Championship 32th-KK2,Moscow,1985.??.??,1985,22,"Karpov, Anatoly","Kasparov, Gary",2720.0,2700.0,1-0,white_win,loss,D35,,83,41.5,21,1,2,0,True,True,10,1,True,0,11,0,dynamic
Kasparov.pgn,Kasparov,white,"Karpov, Anatoly",World Championship 32th-KK2,Moscow,1985.??.??,1985,23,"Kasparov, Gary","Karpov, Anatoly",2700.0,2720.0,1/2-1/2,draw,draw,D55,,81,40.5,12,2,2,0,True,True,6,1,True,0,6,1,dynamic
Kasparov.pgn,Kasparov,black,"Karpov, Anatoly",World Championship 32th-KK2,Moscow,1985.??.??,1985,24,"Karpov, Anatoly","Kasparov, Gary",2720.0,2700.0,0-1,black_win,win,B85,,84,42.0,16,3,2,0,True,True,7,3,True,0,9,0,dynamic
Kasparov.pgn,Kasparov,white,"Miles, Anthony J",Basel m,Basel,1986.??.??,1986,1,"Kasparov, Gary","Miles, Anthony J",2720.0,2610.0,1-0,white_win,win,A56,,83,41.5,14,2,2,0,True,True,7,0,True,0,7,2,dynamic
Kasparov.pgn,Kasparov,black,"Miles, Anthony J",Basel m,Basel,1986.??.??,1986,2,"Miles, Anthony J","Kasparov, Gary",2610.0,2720.0,0-1,black_win,win,D97,,138,69.0,21,19,2,0,True,True,11,2,True,0,10,17,dynamic
Kasparov.pgn,Kasparov,white,"Miles, Anthony J",Basel m,Basel,1986.??.??,1986,3,"Kasparov, Gary","Miles, Anthony J",2720.0,2610.0,1-0,white_win,win,A43,,61,30.5,18,2,1,0,False,True,10,0,False,0,8,2,dynamic
Kasparov.pgn,Kasparov,black,"Miles, Anthony J",Basel m,Basel,1986.??.??,1986,4,"Miles, Anthony J","Kasparov, Gary",2610.0,2720.0,1/2-1/2,draw,draw,D49,,46,23.0,12,3,2,0,True,True,6,3,True,0,6,0,dynamic
Kasparov.pgn,Kasparov,white,"Miles, Anthony J",Basel m,Basel,1986.??.??,1986,5,"Kasparov, Gary","Miles, Anthony J",2720.0,2610.0,1-0,white_win,win,D44,,55,27.5,13,1,2,0,True,True,7,1,True,0,6,0,dynamic
Kasparov.pgn,Kasparov,black,"Miles, Anthony J",Basel m,Basel,1986.??.??,1986,6,"Miles, Anthony J","Kasparov, Gary",2610.0,2720.0,0-1,black_win,win,D49,,58,29.0,16,2,1,0,True,False,9,0,False,0,7,2,dynamic
Kasparov.pgn,Kasparov,black,"Nunn, John DM",OHRA-A,Brussels,1986.??.??,1986,?,"Nunn, John DM","Kasparov, Gary",2590.0,2740.0,0-1,black_win,win,B97,,54,27.0,11,1,1,0,True,False,6,0,False,0,5,1,dynamic
Kasparov.pgn,Kasparov,black,"Short, Nigel D",OHRA-A,Brussels,1986.??.??,1986,?,"Short, Nigel D","Kasparov, Gary",2615.0,2740.0,1-0,white_win,loss,B80,,89,44.5,18,5,1,0,True,False,8,4,False,0,10,1,dynamic
Kasparov.pgn,Kasparov,black,"Portisch, Lajos",OHRA-A,Brussels,1986.??.??,1986,?,"Portisch, Lajos","Kasparov, Gary",2605.0,2740.0,1/2-1/2,draw,draw,D58,,42,21.0,6,0,2,0,True,True,3,0,True,0,3,0,dynamic
Kasparov.pgn,Kasparov,black,"Huebner, Robert",OHRA-A,Brussels,1986.??.??,1986,?,"Huebner, Robert","Kasparov, Gary",2620.0,2740.0,0-1,black_win,win,D90,,76,38.0,14,8,2,0,True,True,7,7,True,0,7,1,dynamic
Kasparov.pgn,Kasparov,black,"Kortschnoj, Viktor",OHRA-A,Brussels,1986.??.??,1986,?,"Kortschnoj, Viktor","Kasparov, Gary",2650.0,2740.0,1/2-1/2,draw,draw,D37,,47,23.5,12,0,2,0,True,True,6,0,True,0,6,0,dynamic
Kasparov.pgn,Kasparov,white,"Portisch, Lajos",OHRA-A,Brussels,1986.??.??,1986,?,"Kasparov, Gary","Portisch, Lajos",2740.0,2605.0,1-0,white_win,win,D61,,127,63.5,20,2,2,0,True,True,11,1,True,0,9,1,dynamic
Kasparov.pgn,Kasparov,white,"Short, Nigel D",OHRA-A,Brussels,1986.??.??,1986,?,"Kasparov, Gary","Short, Nigel D",2740.0,2615.0,1-0,white_win,win,D55,,65,32.5,13,1,2,0,True,True,7,1,True,0,6,0,dynamic
Kasparov.pgn,Kasparov,white,"Huebner, Robert",OHRA-A,Brussels,1986.??.??,1986,?,"Kasparov, Gary","Huebner, Robert",2740.0,2620.0,1-0,white_win,win,D46,,63,31.5,18,2,2,0,True,True,10,2,True,0,8,0,dynamic
Kasparov.pgn,Kasparov,white,"Kortschnoj, Viktor",OHRA-A,Brussels,1986.??.??,1986,?,"Kasparov, Gary","Kortschnoj, Viktor",2740.0,2650.0,1/2-1/2,draw,draw,E11,,83,41.5,23,9,2,1,True,True,11,4,True,0,12,5,dynamic
Kasparov.pgn,Kasparov,white,"Nunn, John DM",OHRA-A,Brussels,1986.??.??,1986,6,"Kasparov, Gary","Nunn, John DM",2740.0,2590.0,1-0,white_win,win,D79,,35,17.5,11,1,2,0,True,True,5,0,True,0,6,1,dynamic
Kasparov.pgn,Kasparov,white,"Smejkal, Jan",Dubai ol (Men),Dubai,1986.??.??,1986,3,"Kasparov, Gary","Smejkal, Jan",2740.0,2540.0,1-0,white_win,win,C92,,81,40.5,12,1,2,0,True,True,6,1,True,0,6,0,dynamic
Kasparov.pgn,Kasparov,black,"Portisch, Lajos",Dubai ol (Men),Dubai,1986.??.??,1986,4,"Portisch, Lajos","Kasparov, Gary",2605.0,2740.0,1/2-1/2,draw,draw,D45,,141,70.5,17,9,2,0,True,True,9,9,True,0,8,0,dynamic
Kasparov.pgn,Kasparov,white,"Olafsson, Helgi",Dubai ol (Men),Dubai,1986.??.??,1986,7,"Kasparov, Gary","Olafsson, Helgi",2740.0,2560.0,1-0,white_win,win,D55,,81,40.5,15,2,2,0,True,True,8,2,True,0,7,0,dynamic
Kasparov.pgn,Kasparov,black,"Seirawan, Yasser",Dubai ol (Men),Dubai,1986.??.??,1986,8,"Seirawan, Yasser","Kasparov, Gary",2580.0,2740.0,1-0,white_win,loss,D91,,123,61.5,20,2,2,0,True,True,10,1,True,0,10,1,dynamic
Kasparov.pgn,Kasparov,white,"Suba, Mihai",Dubai ol (Men),Dubai,1986.??.??,1986,10,"Kasparov, Gary","Suba, Mihai",2740.0,2580.0,1/2-1/2,draw,draw,E20,,126,63.0,24,4,2,0,True,True,12,0,True,0,12,4,dynamic
Kasparov.pgn,Kasparov,black,"Fernandez Garcia, Jose L",Dubai ol (Men),Dubai,1986.??.??,1986,12,"Fernandez Garcia, Jose L","Kasparov, Gary",2485.0,2740.0,0-1,black_win,win,B44,,80,40.0,13,2,2,0,True,True,7,2,True,0,6,0,dynamic
Kasparov.pgn,Kasparov,white,"Tatai, Stefano",Dubai ol (Men),Dubai,1986.??.??,1986,13,"Kasparov, Gary","Tatai, Stefano",2740.0,2420.0,1-0,white_win,win,D38,,81,40.5,17,4,2,0,True,True,8,3,True,0,9,1,dynamic
Kasparov.pgn,Kasparov,black,"Schmidt, Wlodzimierz",Dubai ol (Men),Dubai,1986.??.??,1986,14,"Schmidt, Wlodzimierz","Kasparov, Gary",2445.0,2740.0,0-1,black_win,win,A57,,112,56.0,26,4,2,0,True,True,14,1,True,0,12,3,dynamic
Kasparov.pgn,Kasparov,black,"Karpov, Anatoly",World Championship 33th-KK3,London/Leningrad,1986.??.??,1986,1,"Karpov, Anatoly","Kasparov, Gary",2705.0,2740.0,1/2-1/2,draw,draw,D92,,41,20.5,10,2,2,0,True,True,5,0,True,0,5,2,dynamic
Kasparov.pgn,Kasparov,white,"Karpov, Anatoly",World Championship 33th-KK3,London/Leningrad,1986.??.??,1986,2,"Kasparov, Gary","Karpov, Anatoly",2740.0,2705.0,1/2-1/2,draw,draw,E20,,104,52.0,24,10,0,0,False,False,12,3,False,0,12,7,dynamic
Kasparov.pgn,Kasparov,black,"Karpov, Anatoly",World Championship 33th-KK3,London/Leningrad,1986.??.??,1986,3,"Karpov, Anatoly","Kasparov, Gary",2705.0,2740.0,1/2-1/2,draw,draw,D79,,69,34.5,11,0,2,0,True,True,5,0,True,0,6,0,dynamic
Kasparov.pgn,Kasparov,white,"Karpov, Anatoly",World Championship 33th-KK3,London/Leningrad,1986.??.??,1986,4,"Kasparov, Gary","Karpov, Anatoly",2740.0,2705.0,1-0,white_win,win,E20,,80,40.0,17,1,2,0,True,True,9,0,True,0,8,1,dynamic
Kasparov.pgn,Kasparov,black,"Karpov, Anatoly",World Championship 33th-KK3,London/Leningrad,1986.??.??,1986,5,"Karpov, Anatoly","Kasparov, Gary",2705.0,2740.0,1-0,white_win,loss,D82,,63,31.5,13,1,1,0,False,True,6,1,True,0,7,0,dynamic
Kasparov.pgn,Kasparov,white,"Karpov, Anatoly",World Championship 33th-KK3,London/Leningrad,1986.??.??,1986,6,"Kasparov, Gary","Karpov, Anatoly",2740.0,2705.0,1/2-1/2,draw,draw,C42,,83,41.5,18,2,2,0,True,True,9,1,True,0,9,1,dynamic
Kasparov.pgn,Kasparov,black,"Karpov, Anatoly",World Championship 33th-KK3,London/Leningrad,1986.??.??,1986,7,"Karpov, Anatoly","Kasparov, Gary",2705.0,2740.0,1/2-1/2,draw,draw,D31,,81,40.5,20,5,0,0,False,False,11,3,False,0,9,2,dynamic
Kasparov.pgn,Kasparov,white,"Karpov, Anatoly",World Championship 33th-KK3,London/Leningrad,1986.??.??,1986,8,"Kasparov, Gary","Karpov, Anatoly",2740.0,2705.0,1-0,white_win,win,D35,,61,30.5,16,0,2,0,True,True,7,0,True,0,9,0,dynamic
Kasparov.pgn,Kasparov,black,"Karpov, Anatoly",World Championship 33th-KK3,London/Leningrad,1986.??.??,1986,9,"Karpov, Anatoly","Kasparov, Gary",2705.0,2740.0,1/2-1/2,draw,draw,D93,,40,20.0,6,0,2,0,True,True,3,0,True,0,3,0,dynamic
Kasparov.pgn,Kasparov,white,"Karpov, Anatoly",World Championship 33th-KK3,London/Leningrad,1986.??.??,1986,10,"Kasparov, Gary","Karpov, Anatoly",2740.0,2705.0,1/2-1/2,draw,draw,D55,,86,43.0,18,3,2,0,True,True,9,2,True,0,9,1,dynamic
Kasparov.pgn,Kasparov,black,"Karpov, Anatoly",World Championship 33th-KK3,London/Leningrad,1986.??.??,1986,11,"Karpov, Anatoly","Kasparov, Gary",2705.0,2740.0,1/2-1/2,draw,draw,D93,,81,40.5,25,5,2,0,True,True,13,2,True,0,12,3,dynamic
Kasparov.pgn,Kasparov,white,"Karpov, Anatoly",World Championship 33th-KK3,London/Leningrad,1986.??.??,1986,12,"Kasparov, Gary","Karpov, Anatoly",2740.0,2705.0,1/2-1/2,draw,draw,D55,,67,33.5,15,1,2,0,True,True,8,1,True,0,7,0,dynamic
Kasparov.pgn,Kasparov,black,"Karpov, Anatoly",World Championship 33th-KK3,London/Leningrad,1986.??.??,1986,13,"Karpov, Anatoly","Kasparov, Gary",2705.0,2740.0,1/2-1/2,draw,draw,D79,,80,40.0,15,1,2,0,True,True,8,1,True,0,7,0,dynamic
Kasparov.pgn,Kasparov,white,"Karpov, Anatoly",World Championship 33th-KK3,London/Leningrad,1986.??.??,1986,14,"Kasparov, Gary","Karpov, Anatoly",2740.0,2705.0,1-0,white_win,win,C92,,81,40.5,18,0,2,0,True,True,9,0,True,0,9,0,dynamic
Kasparov.pgn,Kasparov,black,"Karpov, Anatoly",World Championship 33th-KK3,London/Leningrad,1986.??.??,1986,15,"Karpov, Anatoly","Kasparov, Gary",2705.0,2740.0,1/2-1/2,draw,draw,D98,,58,29.0,14,1,2,0,True,True,7,1,True,0,7,0,dynamic
Kasparov.pgn,Kasparov,white,"Karpov, Anatoly",World Championship 33th-KK3,London/Leningrad,1986.??.??,1986,16,"Kasparov, Gary","Karpov, Anatoly",2740.0,2705.0,1-0,white_win,win,C92,,81,40.5,20,4,2,0,True,True,11,4,True,0,9,0,dynamic
Kasparov.pgn,Kasparov,black,"Karpov, Anatoly",World Championship 33th-KK3,London/Leningrad,1986.??.??,1986,17,"Karpov, Anatoly","Kasparov, Gary",2705.0,2740.0,1-0,white_win,loss,D98,,61,30.5,13,0,2,0,True,True,6,0,True,0,7,0,dynamic
Kasparov.pgn,Kasparov,white,"Karpov, Anatoly",World Championship 33th-KK3,London/Leningrad,1986.??.??,1986,18,"Kasparov, Gary","Karpov, Anatoly",2740.0,2705.0,0-1,black_win,loss,E13,,116,58.0,19,8,0,0,False,False,9,3,False,0,10,5,dynamic
Kasparov.pgn,Kasparov,black,"Karpov, Anatoly",World Championship 33th-KK3,London/Leningrad,1986.??.??,1986,19,"Karpov, Anatoly","Kasparov, Gary",2705.0,2740.0,1-0,white_win,loss,D97,,80,40.0,21,3,2,0,True,True,10,2,True,0,11,1,dynamic
Kasparov.pgn,Kasparov,white,"Karpov, Anatoly",World Championship 33th-KK3,London/Leningrad,1986.??.??,1986,20,"Kasparov, Gary","Karpov, Anatoly",2740.0,2705.0,1/2-1/2,draw,draw,E05,,42,21.0,10,0,2,0,True,True,5,0,True,0,5,0,dynamic
Kasparov.pgn,Kasparov,black,"Karpov, Anatoly",World Championship 33th-KK3,London/Leningrad,1986.??.??,1986,21,"Karpov, Anatoly","Kasparov, Gary",2705.0,2740.0,1/2-1/2,draw,draw,E15,,90,45.0,17,8,2,0,True,True,9,4,True,0,8,4,dynamic
Kasparov.pgn,Kasparov,white,"Karpov, Anatoly",World Championship 33th-KK3,London/Leningrad,1986.??.??,1986,22,"Kasparov, Gary","Karpov, Anatoly",2740.0,2705.0,1-0,white_win,win,D55,,91,45.5,18,4,2,0,True,True,9,3,True,0,9,1,dynamic
Kasparov.pgn,Kasparov,black,"Karpov, Anatoly",World Championship 33th-KK3,London/Leningrad,1986.??.??,1986,23,"Karpov, Anatoly","Kasparov, Gary",2705.0,2740.0,1/2-1/2,draw,draw,A30,,64,32.0,13,0,2,0,True,True,6,0,True,0,7,0,dynamic
Kasparov.pgn,Kasparov,white,"Karpov, Anatoly",World Championship 33th-KK3,London/Leningrad,1986.??.??,1986,24,"Kasparov, Gary","Karpov, Anatoly",2740.0,2705.0,1/2-1/2,draw,draw,E16,,81,40.5,20,7,2,0,True,True,10,3,True,0,10,4,dynamic
Kasparov.pgn,Kasparov,black,"Larsen, Bent",Brussels blitz,Brussels,1987.??.??,1987,?,"Larsen, Bent","Kasparov, Gary",2565.0,2735.0,0-1,black_win,win,B45,,91,45.5,19,3,0,0,False,False,10,1,False,0,9,2,dynamic
Kasparov.pgn,Kasparov,black,"Kortschnoj, Viktor",Brussels blitz,Brussels,1987.??.??,1987,?,"Kortschnoj, Viktor","Kasparov, Gary",2625.0,2735.0,1/2-1/2,draw,draw,A16,,69,34.5,18,5,0,0,False,False,9,2,False,0,9,3,dynamic
Kasparov.pgn,Kasparov,black,"Ljubojevic, Ljubomir",Brussels blitz,Brussels,1987.??.??,1987,?,"Ljubojevic, Ljubomir","Kasparov, Gary",2620.0,2735.0,1-0,white_win,loss,A21,,79,39.5,16,0,2,0,True,True,7,0,True,0,9,0,dynamic
Kasparov.pgn,Kasparov,white,"Van der Wiel, John TH",Brussels blitz,Brussels,1987.??.??,1987,?,"Kasparov, Gary","Van der Wiel, John TH",2735.0,2590.0,1-0,white_win,win,E63,,83,41.5,17,3,2,0,True,True,8,3,True,0,9,0,dynamic
Kasparov.pgn,Kasparov,white,"Torre, Eugenio",Brussels blitz,Brussels,1987.??.??,1987,?,"Kasparov, Gary","Torre, Eugenio",2735.0,2540.0,1-0,white_win,win,D15,,49,24.5,11,1,1,0,False,True,6,0,False,0,5,1,dynamic
Kasparov.pgn,Kasparov,white,"Timman, Jan H",Brussels blitz,Brussels,1987.??.??,1987,?,"Kasparov, Gary","Timman, Jan H",2735.0,2590.0,1-0,white_win,win,E11,,127,63.5,22,8,2,0,True,True,11,5,True,0,11,3,dynamic
Kasparov.pgn,Kasparov,white,"Timman, Jan H",Brussels blitz,Brussels,1987.??.??,1987,?,"Kasparov, Gary","Timman, Jan H",2735.0,2590.0,1-0,white_win,win,A40,,31,15.5,4,1,1,0,True,False,2,1,True,0,2,0,dynamic
Kasparov.pgn,Kasparov,white,"Tal, Mihail",Brussels blitz,Brussels,1987.??.??,1987,?,"Kasparov, Gary","Tal, Mihail",2735.0,2605.0,1-0,white_win,win,E42,,71,35.5,15,1,2,0,True,True,7,1,True,0,8,0,dynamic
Kasparov.pgn,Kasparov,white,"Sosonko, Gennadi",Brussels blitz,Brussels,1987.??.??,1987,?,"Kasparov, Gary","Sosonko, Gennadi",2735.0,2545.0,1-0,white_win,win,A14,,67,33.5,13,0,2,0,True,True,7,0,True,0,6,0,dynamic
Kasparov.pgn,Kasparov,white,"Short, Nigel D",Brussels blitz,Brussels,1987.??.??,1987,?,"Kasparov, Gary","Short, Nigel D",2735.0,2615.0,1-0,white_win,win,E14,,47,23.5,13,1,2,0,True,True,7,0,True,0,6,1,dynamic
Kasparov.pgn,Kasparov,white,"Ljubojevic, Ljubomir",Brussels blitz,Brussels,1987.??.??,1987,?,"Kasparov, Gary","Ljubojevic, Ljubomir",2735.0,2620.0,1-0,white_win,win,B06,,75,37.5,10,3,2,0,True,True,4,3,True,0,6,0,dynamic
Kasparov.pgn,Kasparov,white,"Larsen, Bent",Brussels blitz,Brussels,1987.??.??,1987,?,"Kasparov, Gary","Larsen, Bent",2735.0,2565.0,1-0,white_win,win,D40,,47,23.5,9,1,2,0,True,True,5,0,True,0,4,1,dynamic
Kasparov.pgn,Kasparov,white,"Kortschnoj, Viktor",Brussels blitz,Brussels,1987.??.??,1987,?,"Kasparov, Gary","Kortschnoj, Viktor",2735.0,2625.0,1/2-1/2,draw,draw,A13,,101,50.5,24,5,2,0,True,True,12,2,True,0,12,3,dynamic
Kasparov.pgn,Kasparov,white,"Karpov, Anatoly",Brussels blitz,Brussels,1987.??.??,1987,?,"Kasparov, Gary","Karpov, Anatoly",2735.0,2710.0,1-0,white_win,win,E12,,118,59.0,25,10,2,0,True,True,11,5,True,0,14,5,dynamic
Kasparov.pgn,Kasparov,white,"Huebner, Robert",Brussels blitz,Brussels,1987.??.??,1987,?,"Kasparov, Gary","Huebner, Robert",2735.0,2615.0,1/2-1/2,draw,draw,D20,,96,48.0,24,8,2,0,True,True,12,5,True,0,12,3,dynamic
Kasparov.pgn,Kasparov,black,"Karpov, Anatoly",Brussels blitz,Brussels,1987.??.??,1987,?,"Karpov, Anatoly","Kasparov, Gary",2710.0,2735.0,1/2-1/2,draw,draw,E60,,83,41.5,16,2,2,0,True,True,8,2,True,0,8,0,dynamic
Kasparov.pgn,Kasparov,black,"Huebner, Robert",Brussels blitz,Brussels,1987.??.??,1987,?,"Huebner, Robert","Kasparov, Gary",2615.0,2735.0,0-1,black_win,win,A21,,72,36.0,19,3,2,0,True,True,10,3,True,0,9,0,dynamic
Kasparov.pgn,Kasparov,black,"Winants, Luc",Brussels,Brussels,1987.??.??,1987,?,"Winants, Luc","Kasparov, Gary",2415.0,2735.0,0-1,black_win,win,D59,,110,55.0,20,12,2,0,True,True,10,10,True,0,10,2,dynamic
Kasparov.pgn,Kasparov,black,"Torre, Eugenio",Brussels,Brussels,1987.??.??,1987,?,"Torre, Eugenio","Kasparov, Gary",2540.0,2735.0,1/2-1/2,draw,draw,D03,,58,29.0,10,0,2,0,True,True,5,0,True,0,5,0,dynamic
Kasparov.pgn,Kasparov,black,"Van der Wiel, John TH",Brussels blitz,Brussels,1987.??.??,1987,?,"Van der Wiel, John TH","Kasparov, Gary",2590.0,2735.0,0-1,black_win,win,B50,,70,35.0,19,6,2,0,True,True,11,6,True,0,8,0,dynamic
Kasparov.pgn,Kasparov,black,"Short, Nigel D",Brussels blitz,Brussels,1987.??.??,1987,?,"Short, Nigel D","Kasparov, Gary",2615.0,2735.0,1-0,white_win,loss,B50,,81,40.5,17,4,2,0,True,True,8,0,True,0,9,4,dynamic
Kasparov.pgn,Kasparov,black,"Meulders, Richard",Brussels,Brussels,1987.??.??,1987,?,"Meulders, Richard","Kasparov, Gary",2360.0,2735.0,0-1,black_win,win,E48,,124,62.0,21,7,2,0,True,True,11,4,True,0,10,3,dynamic
Kasparov.pgn,Kasparov,black,"Torre, Eugenio",Brussels blitz,Brussels,1987.??.??,1987,?,"Torre, Eugenio","Kasparov, Gary",2540.0,2735.0,0-1,black_win,win,D03,,164,82.0,25,5,1,2,False,True,12,4,True,2,13,1,dynamic
Kasparov.pgn,Kasparov,black,"Timman, Jan H",Brussels blitz,Brussels,1987.??.??,1987,?,"Timman, Jan H","Kasparov, Gary",2590.0,2735.0,1/2-1/2,draw,draw,B52,,77,38.5,18,5,2,0,True,True,9,2,True,0,9,3,dynamic
Kasparov.pgn,Kasparov,black,"Timman, Jan H",Brussels blitz,Brussels,1987.??.??,1987,?,"Timman, Jan H","Kasparov, Gary",2590.0,2735.0,1/2-1/2,draw,draw,D91,,67,33.5,20,2,0,0,False,False,10,1,False,0,10,1,dynamic
Kasparov.pgn,Kasparov,black,"Tal, Mihail",Brussels blitz,Brussels,1987.??.??,1987,?,"Tal, Mihail","Kasparov, Gary",2605.0,2735.0,1/2-1/2,draw,draw,B85,,131,65.5,24,8,2,0,True,True,12,2,True,0,12,6,dynamic
Kasparov.pgn,Kasparov,black,"Sosonko, Gennadi",Brussels blitz,Brussels,1987.??.??,1987,?,"Sosonko, Gennadi","Kasparov, Gary",2545.0,2735.0,0-1,black_win,win,D97,,126,63.0,27,13,2,0,True,True,14,10,True,0,13,3,dynamic
Kasparov.pgn,Kasparov,white,"Ljubojevic, Ljubomir",Brussels,Brussels,1987.??.??,1987,?,"Kasparov, Gary","Ljubojevic, Ljubomir",2735.0,2620.0,1/2-1/2,draw,draw,D95,,30,15.0,4,0,2,0,True,True,2,0,True,0,2,0,dynamic
Kasparov.pgn,Kasparov,white,"Short, Nigel D",Brussels,Brussels,1987.??.??,1987,?,"Kasparov, Gary","Short, Nigel D",2735.0,2615.0,1-0,white_win,win,A92,,122,61.0,21,10,2,1,True,True,10,3,True,0,11,7,dynamic
Kasparov.pgn,Kasparov,white,"Timman, Jan H",Brussels,Brussels,1987.??.??,1987,?,"Kasparov, Gary","Timman, Jan H",2735.0,2590.0,1/2-1/2,draw,draw,E11,,49,24.5,13,4,2,0,True,True,6,2,True,0,7,2,dynamic
Kasparov.pgn,Kasparov,white,"Van der Wiel, John TH",Brussels,Brussels,1987.??.??,1987,?,"Kasparov, Gary","Van der Wiel, John TH",2735.0,2590.0,1-0,white_win,win,D46,,53,26.5,10,1,2,0,True,True,5,1,True,0,5,0,dynamic
Kasparov.pgn,Kasparov,white,"Tal, Mihail",Brussels,Brussels,1987.??.??,1987,?,"Kasparov, Gary","Tal, Mihail",2735.0,2605.0,1-0,white_win,win,E48,,61,30.5,16,1,2,0,True,True,8,1,True,0,8,0,dynamic
Kasparov.pgn,Kasparov,black,"Karpov, Anatoly",Brussels,Brussels,1987.??.??,1987,?,"Karpov, Anatoly","Kasparov, Gary",2710.0,2735.0,1/2-1/2,draw,draw,A31,,105,52.5,26,3,2,0,True,True,13,2,True,0,13,1,dynamic
Kasparov.pgn,Kasparov,black,"Kortschnoj, Viktor",Brussels,Brussels,1987.??.??,1987,?,"Kortschnoj, Viktor","Kasparov, Gary",2625.0,2735.0,1/2-1/2,draw,draw,A16,,33,16.5,8,3,1,0,True,False,4,0,False,0,4,3,dynamic
Kasparov.pgn,Kasparov,black,"Larsen, Bent",Brussels,Brussels,1987.??.??,1987,?,"Larsen, Bent","Kasparov, Gary",2565.0,2735.0,0-1,black_win,win,D34,,86,43.0,20,5,2,1,True,True,9,1,True,1,11,4,dynamic
Kasparov.pgn,Kasparov,white,"Stein, Bernd",HSK-Kasparov simul,Hamburg,1987.??.??,1987,1,"Kasparov, Gary","Stein, Bernd",2735.0,2385.0,1-0,white_win,win,A55,,49,24.5,16,2,2,0,True,True,8,1,True,0,8,1,dynamic
Kasparov.pgn,Kasparov,black,"Wahls, Matthias",HSK-Kasparov simul,Hamburg,1987.??.??,1987,2,"Wahls, Matthias","Kasparov, Gary",2440.0,2735.0,0-1,black_win,win,B33,,100,50.0,16,9,2,0,True,True,8,4,True,0,8,5,dynamic
Kasparov.pgn,Kasparov,white,"Schulte, Oliver",HSK-Kasparov simul,Hamburg,1987.??.??,1987,3,"Kasparov, Gary","Schulte, Oliver",2735.0,2370.0,1/2-1/2,draw,draw,D40,,59,29.5,14,0,2,0,True,True,7,0,True,0,7,0,dynamic
Kasparov.pgn,Kasparov,black,"Wegner, Hannu",HSK-Kasparov simul,Hamburg,1987.??.??,1987,4,"Wegner, Hannu","Kasparov, Gary",2345.0,2735.0,0-1,black_win,win,D97,,46,23.0,10,1,1,0,False,True,5,1,True,0,5,0,dynamic
Kasparov.pgn,Kasparov,black,"Reefschlaeger, Helmut",HSK-Kasparov simul,Hamburg,1987.??.??,1987,5,"Reefschlaeger, Helmut","Kasparov, Gary",2365.0,2735.0,0-1,black_win,win,A58,,80,40.0,14,2,2,0,True,True,6,2,True,0,8,0,dynamic
Kasparov.pgn,Kasparov,white,"Behrhorst, Frank",HSK-Kasparov simul,Hamburg,1987.??.??,1987,6,"Kasparov, Gary","Behrhorst, Frank",2735.0,2335.0,1/2-1/2,draw,draw,D30,,104,52.0,24,4,2,0,True,True,11,2,True,0,13,2,dynamic
Kasparov.pgn,Kasparov,black,"Gruenberg, Rainer",HSK-Kasparov simul,Hamburg,1987.??.??,1987,7,"Gruenberg, Rainer","Kasparov, Gary",2285.0,2735.0,0-1,black_win,win,A21,,44,22.0,11,1,2,0,True,True,6,0,True,0,5,1,dynamic
Kasparov.pgn,Kasparov,white,"Cordes, Hans Joerg",HSK-Kasparov simul,Hamburg,1987.??.??,1987,8,"Kasparov, Gary","Cordes, Hans Joerg",2735.0,2385.0,1-0,white_win,win,D38,,67,33.5,16,3,1,0,False,True,8,0,False,0,8,3,dynamic
Kasparov.pgn,Kasparov,white,"Short, Nigel D",London m,London,1987.??.??,1987,1,"Kasparov, Gary","Short, Nigel D",2735.0,2615.0,1-0,white_win,win,A90,,120,60.0,21,13,2,0,True,True,10,7,True,0,11,6,dynamic
Kasparov.pgn,Kasparov,black,"Short, Nigel D",London m,London,1987.??.??,1987,2,"Short, Nigel D","Kasparov, Gary",2615.0,2735.0,0-1,black_win,win,B80,,104,52.0,24,11,0,0,False,False,13,9,False,0,11,2,dynamic
Kasparov.pgn,Kasparov,white,"Short, Nigel D",London m,London,1987.??.??,1987,3,"Kasparov, Gary","Short, Nigel D",2735.0,2615.0,0-1,black_win,loss,D02,,100,50.0,14,3,2,0,True,True,6,2,True,0,8,1,dynamic
Kasparov.pgn,Kasparov,black,"Short, Nigel D",London m,London,1987.??.??,1987,4,"Short, Nigel D","Kasparov, Gary",2615.0,2735.0,0-1,black_win,win,B52,,112,56.0,23,8,2,0,True,True,12,3,True,0,11,5,dynamic
Kasparov.pgn,Kasparov,white,"Short, Nigel D",London m,London,1987.??.??,1987,5,"Kasparov, Gary","Short, Nigel D",2735.0,2615.0,1-0,white_win,win,A41,,103,51.5,20,4,2,0,True,True,10,2,True,0,10,2,dynamic
Kasparov.pgn,Kasparov,black,"Short, Nigel D",London m,London,1987.??.??,1987,6,"Short, Nigel D","Kasparov, Gary",2615.0,2735.0,1-0,white_win,loss,B80,,89,44.5,16,4,2,0,True,True,9,3,True,0,7,1,dynamic
Kasparov.pgn,Kasparov,white,"Beliavsky, Alexander G",Moscow TV,Moscow,1987.??.??,1987,?,"Kasparov, Gary","Beliavsky, Alexander G",2735.0,2585.0,1-0,white_win,win,D36,,87,43.5,18,5,2,0,True,True,10,3,True,0,8,2,dynamic
Kasparov.pgn,Kasparov,white,"Tal, Mihail",Moscow TV,Moscow,1987.??.??,1987,?,"Kasparov, Gary","Tal, Mihail",2735.0,2605.0,1/2-1/2,draw,draw,E41,,139,69.5,24,6,2,0,True,True,12,3,True,0,12,3,dynamic
Kasparov.pgn,Kasparov,black,"Tal, Mihail",Moscow TV,Moscow,1987.??.??,1987,?,"Tal, Mihail","Kasparov, Gary",2605.0,2735.0,1/2-1/2,draw,draw,E65,,73,36.5,24,2,2,0,True,True,12,0,True,0,12,2,dynamic
Kasparov.pgn,Kasparov,black,"Beliavsky, Alexander G",Moscow TV,Moscow,1987.??.??,1987,?,"Beliavsky, Alexander G","Kasparov, Gary",2630.0,2735.0,1/2-1/2,draw,draw,D97,,52,26.0,15,0,2,0,True,True,8,0,True,0,7,0,dynamic
Kasparov.pgn,Kasparov,black,"Karpov, Anatoly",World Championship 34th-KK4,Sevilla,1987.??.??,1987,1,"Karpov, Anatoly","Kasparov, Gary",2700.0,2740.0,1/2-1/2,draw,draw,D79,,59,29.5,6,0,2,0,True,True,3,0,True,0,3,0,dynamic
Kasparov.pgn,Kasparov,white,"Karpov, Anatoly",World Championship 34th-KK4,Sevilla,1987.??.??,1987,2,"Kasparov, Gary","Karpov, Anatoly",2740.0,2700.0,0-1,black_win,loss,A29,,64,32.0,17,2,2,0,True,True,8,0,True,0,9,2,dynamic
Kasparov.pgn,Kasparov,black,"Karpov, Anatoly",World Championship 34th-KK4,Sevilla,1987.??.??,1987,3,"Karpov, Anatoly","Kasparov, Gary",2700.0,2740.0,1/2-1/2,draw,draw,D79,,58,29.0,4,0,2,0,True,True,2,0,True,0,2,0,dynamic
Kasparov.pgn,Kasparov,white,"Karpov, Anatoly",World Championship 34th-KK4,Sevilla,1987.??.??,1987,4,"Kasparov, Gary","Karpov, Anatoly",2740.0,2700.0,1-0,white_win,win,A29,,81,40.5,20,1,2,0,True,True,11,1,True,0,9,0,dynamic
Kasparov.pgn,Kasparov,black,"Karpov, Anatoly",World Championship 34th-KK4,Sevilla,1987.??.??,1987,5,"Karpov, Anatoly","Kasparov, Gary",2700.0,2740.0,1-0,white_win,loss,D87,,75,37.5,16,5,2,0,True,True,7,3,True,0,9,2,dynamic
Kasparov.pgn,Kasparov,white,"Karpov, Anatoly",World Championship 34th-KK4,Sevilla,1987.??.??,1987,6,"Kasparov, Gary","Karpov, Anatoly",2740.0,2700.0,1/2-1/2,draw,draw,A25,,55,27.5,8,0,2,0,True,True,4,0,True,0,4,0,dynamic
Kasparov.pgn,Kasparov,black,"Karpov, Anatoly",World Championship 34th-KK4,Sevilla,1987.??.??,1987,7,"Karpov, Anatoly","Kasparov, Gary",2700.0,2740.0,1/2-1/2,draw,draw,D87,,158,79.0,27,19,2,2,True,True,13,11,True,1,14,8,dynamic
Kasparov.pgn,Kasparov,white,"Karpov, Anatoly",World Championship 34th-KK4,Sevilla,1987.??.??,1987,8,"Kasparov, Gary","Karpov, Anatoly",2740.0,2700.0,1-0,white_win,win,A21,,99,49.5,13,1,2,0,True,True,6,1,True,0,7,0,dynamic
Kasparov.pgn,Kasparov,black,"Karpov, Anatoly",World Championship 34th-KK4,Sevilla,1987.??.??,1987,9,"Karpov, Anatoly","Kasparov, Gary",2700.0,2740.0,1/2-1/2,draw,draw,D88,,140,70.0,25,15,2,0,True,True,12,6,True,0,13,9,dynamic
Kasparov.pgn,Kasparov,white,"Karpov, Anatoly",World Championship 34th-KK4,Sevilla,1987.??.??,1987,10,"Kasparov, Gary","Karpov, Anatoly",2740.0,2700.0,1/2-1/2,draw,draw,B17,,39,19.5,8,1,2,0,True,True,4,1,True,0,4,0,dynamic
Kasparov.pgn,Kasparov,black,"Karpov, Anatoly",World Championship 34th-KK4,Sevilla,1987.??.??,1987,11,"Karpov, Anatoly","Kasparov, Gary",2700.0,2740.0,0-1,black_win,win,D87,,100,50.0,20,10,2,0,True,True,10,4,True,0,10,6,dynamic
Kasparov.pgn,Kasparov,white,"Karpov, Anatoly",World Championship 34th-KK4,Sevilla,1987.??.??,1987,12,"Kasparov, Gary","Karpov, Anatoly",2740.0,2700.0,1/2-1/2,draw,draw,D31,,41,20.5,2,0,2,0,True,True,1,0,True,0,1,0,dynamic
Kasparov.pgn,Kasparov,black,"Karpov, Anatoly",World Championship 34th-KK4,Sevilla,1987.??.??,1987,13,"Karpov, Anatoly","Kasparov, Gary",2700.0,2740.0,1/2-1/2,draw,draw,D85,,72,36.0,19,2,2,0,True,True,10,2,True,0,9,0,dynamic
Kasparov.pgn,Kasparov,white,"Karpov, Anatoly",World Championship 34th-KK4,Sevilla,1987.??.??,1987,14,"Kasparov, Gary","Karpov, Anatoly",2740.0,2700.0,1/2-1/2,draw,draw,B17,,41,20.5,6,1,2,0,True,True,3,1,True,0,3,0,dynamic
Kasparov.pgn,Kasparov,black,"Karpov, Anatoly",World Championship 34th-KK4,Sevilla,1987.??.??,1987,15,"Karpov, Anatoly","Kasparov, Gary",2700.0,2740.0,1/2-1/2,draw,draw,D97,,85,42.5,22,3,2,0,True,True,10,0,True,0,12,3,dynamic
Kasparov.pgn,Kasparov,white,"Karpov, Anatoly",World Championship 34th-KK4,Sevilla,1987.??.??,1987,16,"Kasparov, Gary","Karpov, Anatoly",2740.0,2700.0,0-1,black_win,loss,A29,,81,40.5,17,1,2,0,True,True,8,0,True,0,9,1,dynamic
Kasparov.pgn,Kasparov,black,"Karpov, Anatoly",World Championship 34th-KK4,Sevilla,1987.??.??,1987,17,"Karpov, Anatoly","Kasparov, Gary",2700.0,2740.0,1/2-1/2,draw,draw,E97,,92,46.0,20,2,2,0,True,True,10,1,True,0,10,1,dynamic
Kasparov.pgn,Kasparov,white,"Karpov, Anatoly",World Championship 34th-KK4,Sevilla,1987.??.??,1987,18,"Kasparov, Gary","Karpov, Anatoly",2740.0,2700.0,1/2-1/2,draw,draw,D58,,80,40.0,24,1,2,0,True,True,12,0,True,0,12,1,dynamic
Kasparov.pgn,Kasparov,black,"Karpov, Anatoly",World Championship 34th-KK4,Sevilla,1987.??.??,1987,19,"Karpov, Anatoly","Kasparov, Gary",2700.0,2740.0,1/2-1/2,draw,draw,D58,,120,60.0,25,12,2,0,True,True,12,3,True,0,13,9,dynamic
Kasparov.pgn,Kasparov,white,"Karpov, Anatoly",World Championship 34th-KK4,Sevilla,1987.??.??,1987,20,"Kasparov, Gary","Karpov, Anatoly",2740.0,2700.0,1/2-1/2,draw,draw,D53,,74,37.0,18,2,2,0,True,True,9,1,True,0,9,1,dynamic
Kasparov.pgn,Kasparov,black,"Karpov, Anatoly",World Championship 34th-KK4,Sevilla,1987.??.??,1987,21,"Karpov, Anatoly","Kasparov, Gary",2700.0,2740.0,1/2-1/2,draw,draw,D97,,56,28.0,9,0,2,0,True,True,4,0,True,0,5,0,dynamic
Kasparov.pgn,Kasparov,white,"Karpov, Anatoly",World Championship 34th-KK4,Sevilla,1987.??.??,1987,22,"Kasparov, Gary","Karpov, Anatoly",2740.0,2700.0,1/2-1/2,draw,draw,D37,,37,18.5,10,0,2,0,True,True,5,0,True,0,5,0,dynamic
Kasparov.pgn,Kasparov,black,"Karpov, Anatoly",World Championship 34th-KK4,Sevilla,1987.??.??,1987,23,"Karpov, Anatoly","Kasparov, Gary",2700.0,2740.0,1-0,white_win,loss,A34,,114,57.0,19,3,2,0,True,True,10,2,True,0,9,1,dynamic
Kasparov.pgn,Kasparov,white,"Karpov, Anatoly",World Championship 34th-KK4,Sevilla,1987.??.??,1987,24,"Kasparov, Gary","Karpov, Anatoly",2740.0,2700.0,1-0,white_win,win,A14,,127,63.5,19,6,2,0,True,True,10,4,True,0,9,2,dynamic
Kasparov.pgn,Kasparov,black,"Gobet, Fernand",SWZ-Kasparov,?,1987.??.??,1987,?,"Gobet, Fernand","Kasparov, Gary",2355.0,2735.0,0-1,black_win,win,B33,,68,34.0,15,5,1,0,True,False,7,2,False,0,8,3,dynamic
Kasparov.pgn,Kasparov,black,"Hug, Werner",SWZ-Kasparov,?,1987.??.??,1987,?,"Hug, Werner","Kasparov, Gary",2430.0,2735.0,1/2-1/2,draw,draw,B25,,69,34.5,18,4,1,0,False,True,9,3,True,0,9,1,dynamic
Kasparov.pgn,Kasparov,white,"Huss, Andreas",SWZ-Kasparov,?,1987.??.??,1987,?,"Kasparov, Gary","Huss, Andreas",2735.0,2375.0,1-0,white_win,win,E09,,75,37.5,15,1,2,0,True,True,8,0,True,0,7,1,dynamic
Kasparov.pgn,Kasparov,white,"Trepp, Markus",SWZ-Kasparov,?,1987.??.??,1987,?,"Kasparov, Gary","Trepp, Markus",2735.0,2405.0,1-0,white_win,win,A55,,53,26.5,10,2,2,0,True,True,5,2,True,0,5,0,dynamic
Kasparov.pgn,Kasparov,white,"Wirthensohn, Heinz",SWZ-Kasparov,?,1987.??.??,1987,?,"Kasparov, Gary","Wirthensohn, Heinz",2735.0,2435.0,1-0,white_win,win,E43,,49,24.5,14,4,2,0,True,True,6,4,True,0,8,0,dynamic
Kasparov.pgn,Kasparov,black,"Zueger, Beat",SWZ-Kasparov,?,1987.??.??,1987,?,"Zueger, Beat","Kasparov, Gary",2400.0,2735.0,0-1,black_win,win,D34,,82,41.0,17,5,2,0,True,True,10,5,True,0,7,0,dynamic
Kasparov.pgn,Kasparov,white,"Timman, Jan H",Optiebeurs,Amsterdam,1988.??.??,1988,1,"Kasparov, Gary","Timman, Jan H",2750.0,2675.0,1/2-1/2,draw,draw,D55,,50,25.0,10,1,2,0,True,True,5,1,True,0,5,0,dynamic
Kasparov.pgn,Kasparov,white,"Van der Wiel, John TH",Optiebeurs,Amsterdam,1988.??.??,1988,1,"Kasparov, Gary","Van der Wiel, John TH",2750.0,2555.0,1-0,white_win,win,E12,,61,30.5,10,1,2,0,True,True,5,1,True,0,5,0,dynamic
Kasparov.pgn,Kasparov,black,"Karpov, Anatoly",Optiebeurs,Amsterdam,1988.??.??,1988,1,"Karpov, Anatoly","Kasparov, Gary",2715.0,2750.0,1/2-1/2,draw,draw,D76,,74,37.0,18,1,2,0,True,True,9,1,True,0,9,0,dynamic
Kasparov.pgn,Kasparov,white,"Karpov, Anatoly",Optiebeurs,Amsterdam,1988.??.??,1988,2,"Kasparov, Gary","Karpov, Anatoly",2750.0,2715.0,1-0,white_win,win,B17,,77,38.5,19,6,2,0,True,True,11,4,True,0,8,2,dynamic
Kasparov.pgn,Kasparov,black,"Timman, Jan H",Optiebeurs,Amsterdam,1988.??.??,1988,2,"Timman, Jan H","Kasparov, Gary",2675.0,2750.0,1/2-1/2,draw,draw,D82,,90,45.0,23,15,0,0,False,False,11,11,False,0,12,4,dynamic
Kasparov.pgn,Kasparov,black,"Van der Wiel, John TH",Optiebeurs,Amsterdam,1988.??.??,1988,2,"Van der Wiel, John TH","Kasparov, Gary",2555.0,2750.0,1/2-1/2,draw,draw,B84,,34,17.0,2,0,2,0,True,True,1,0,True,0,1,0,dynamic
Kasparov.pgn,Kasparov,white,"Timman, Jan H",Optiebeurs,Amsterdam,1988.??.??,1988,3,"Kasparov, Gary","Timman, Jan H",2750.0,2675.0,1-0,white_win,win,D18,,109,54.5,19,7,2,0,True,True,10,1,True,0,9,6,dynamic
Kasparov.pgn,Kasparov,white,"Van der Wiel, John TH",Optiebeurs,Amsterdam,1988.??.??,1988,3,"Kasparov, Gary","Van der Wiel, John TH",2750.0,2555.0,1-0,white_win,win,E12,,89,44.5,17,5,2,0,True,True,9,4,True,0,8,1,dynamic
Kasparov.pgn,Kasparov,black,"Karpov, Anatoly",Optiebeurs,Amsterdam,1988.??.??,1988,3,"Karpov, Anatoly","Kasparov, Gary",2715.0,2750.0,1/2-1/2,draw,draw,D87,,115,57.5,24,9,2,0,True,True,12,6,True,0,12,3,dynamic
Kasparov.pgn,Kasparov,black,"Timman, Jan H",Optiebeurs,Amsterdam,1988.??.??,1988,4,"Timman, Jan H","Kasparov, Gary",2675.0,2750.0,1/2-1/2,draw,draw,D82,,48,24.0,12,1,1,0,False,True,6,0,True,0,6,1,dynamic
Kasparov.pgn,Kasparov,white,"Karpov, Anatoly",Optiebeurs,Amsterdam,1988.??.??,1988,4,"Kasparov, Gary","Karpov, Anatoly",2750.0,2715.0,1-0,white_win,win,B17,,123,61.5,20,7,2,0,True,True,11,5,True,0,9,2,dynamic
Kasparov.pgn,Kasparov,black,"Van der Wiel, John TH",Optiebeurs,Amsterdam,1988.??.??,1988,4,"Van der Wiel, John TH","Kasparov, Gary",2555.0,2750.0,0-1,black_win,win,B85,,88,44.0,15,0,2,0,True,True,8,0,True,0,7,0,dynamic
Kasparov.pgn,Kasparov,black,"Rosich, Alfred",Barcelona sim,Barcelona,1988.??.??,1988,?,"Rosich, Alfred","Kasparov, Gary",2220.0,2750.0,0-1,black_win,win,B21,,48,24.0,14,3,2,0,True,True,6,3,True,0,8,0,dynamic
Kasparov.pgn,Kasparov,black,"Bofill, Alejandro",Barcelona sim,Barcelona,1988.??.??,1988,?,"Bofill, Alejandro","Kasparov, Gary",2410.0,2750.0,0-1,black_win,win,B84,,81,40.5,18,4,2,0,True,True,9,4,True,0,9,0,dynamic
Kasparov.pgn,Kasparov,white,"De la Riva, M.",Barcelona sim,Barcelona,1988.??.??,1988,?,"Kasparov, Gary","De la Riva, M.",2750.0,,1-0,white_win,win,A35,,69,34.5,11,2,2,0,True,True,6,0,True,0,5,2,dynamic
Kasparov.pgn,Kasparov,black,"Juanpera, J.",Barcelona sim,Barcelona,1988.??.??,1988,?,"Juanpera, J.","Kasparov, Gary",,2750.0,0-1,black_win,win,D71,,78,39.0,17,2,2,0,True,True,9,1,True,0,8,1,dynamic
Kasparov.pgn,Kasparov,white,"Pablo Marin, Alejandro",Barcelona sim,Barcelona,1988.??.??,1988,?,"Kasparov, Gary","Pablo Marin, Alejandro",2750.0,2395.0,1-0,white_win,win,E69,,74,37.0,5,1,2,0,True,True,3,0,True,0,2,1,dynamic
Kasparov.pgn,Kasparov,white,"Pomes Marcet, Juan",Barcelona sim,Barcelona,1988.??.??,1988,?,"Kasparov, Gary","Pomes Marcet, Juan",2750.0,,1-0,white_win,win,A86,,73,36.5,15,0,1,0,False,True,9,0,False,0,6,0,dynamic
Kasparov.pgn,Kasparov,white,"Pares Vives, Jose",Barcelona sim,Barcelona,1988.??.??,1988,?,"Kasparov, Gary","Pares Vives, Jose",2750.0,2290.0,1-0,white_win,win,D76,,79,39.5,13,2,2,0,True,True,7,2,True,0,6,0,dynamic
Kasparov.pgn,Kasparov,black,"Ljubojevic, Ljubomir",World Cup,Belfort,1988.??.??,1988,?,"Ljubojevic, Ljubomir","Kasparov, Gary",2610.0,2750.0,0-1,black_win,win,B81,,78,39.0,13,0,2,0,True,True,7,0,True,0,6,0,dynamic
Kasparov.pgn,Kasparov,white,"Speelman, Jonathan S",World Cup,Belfort,1988.??.??,1988,?,"Kasparov, Gary","Speelman, Jonathan S",2750.0,2625.0,1/2-1/2,draw,draw,A54,,82,41.0,18,1,2,0,True,True,9,1,True,0,9,0,dynamic
Kasparov.pgn,Kasparov,white,"Sokolov, Andrei",World Cup,Belfort,1988.??.??,1988,?,"Kasparov, Gary","Sokolov, Andrei",2750.0,2595.0,1-0,white_win,win,A19,,83,41.5,21,2,2,0,True,True,11,2,True,0,10,0,dynamic
Kasparov.pgn,Kasparov,white,"Nogueiras, Jesus",World Cup,Belfort,1988.??.??,1988,?,"Kasparov, Gary","Nogueiras, Jesus",2750.0,2560.0,1-0,white_win,win,D24,,57,28.5,17,3,2,0,True,True,9,1,True,0,8,2,dynamic
Kasparov.pgn,Kasparov,white,"Huebner, Robert",World Cup,Belfort,1988.??.??,1988,?,"Kasparov, Gary","Huebner, Robert",2750.0,2595.0,1/2-1/2,draw,draw,D10,,76,38.0,18,6,1,0,False,True,9,2,False,0,9,4,dynamic
Kasparov.pgn,Kasparov,white,"Hjartarson, Johann",World Cup,Belfort,1988.??.??,1988,?,"Kasparov, Gary","Hjartarson, Johann",2750.0,2595.0,1/2-1/2,draw,draw,A20,,87,43.5,16,5,2,0,True,True,8,2,True,0,8,3,dynamic
Kasparov.pgn,Kasparov,white,"Ehlvest, Jaan",World Cup,Belfort,1988.??.??,1988,?,"Kasparov, Gary","Ehlvest, Jaan",2750.0,2585.0,1-0,white_win,win,E12,,68,34.0,14,3,2,0,True,True,7,1,True,0,7,2,dynamic
Kasparov.pgn,Kasparov,white,"Andersson, Ulf",World Cup,Belfort,1988.??.??,1988,?,"Kasparov, Gary","Andersson, Ulf",2750.0,2605.0,1-0,white_win,win,D36,,75,37.5,19,1,2,0,True,True,10,1,True,0,9,0,dynamic
Kasparov.pgn,Kasparov,black,"Karpov, Anatoly",World Cup,Belfort,1988.??.??,1988,?,"Karpov, Anatoly","Kasparov, Gary",2715.0,2750.0,1-0,white_win,loss,D87,,75,37.5,13,5,2,0,True,True,6,2,True,0,7,3,dynamic
Kasparov.pgn,Kasparov,black,"Beliavsky, Alexander G",World Cup,Belfort,1988.??.??,1988,?,"Beliavsky, Alexander G","Kasparov, Gary",2645.0,2750.0,0-1,black_win,win,D97,,54,27.0,15,1,2,0,True,True,8,1,True,0,7,0,dynamic
Kasparov.pgn,Kasparov,black,"Ribli, Zoltan",World Cup,Belfort,1988.??.??,1988,?,"Ribli, Zoltan","Kasparov, Gary",2620.0,2750.0,1/2-1/2,draw,draw,B39,,25,12.5,6,0,2,0,True,True,3,0,True,0,3,0,dynamic
Kasparov.pgn,Kasparov,black,"Short, Nigel D",World Cup,Belfort,1988.??.??,1988,?,"Short, Nigel D","Kasparov, Gary",2630.0,2750.0,0-1,black_win,win,B80,,80,40.0,19,4,2,0,True,True,9,2,True,0,10,2,dynamic
Kasparov.pgn,Kasparov,black,"Spassky, Boris V",World Cup,Belfort,1988.??.??,1988,?,"Spassky, Boris V","Kasparov, Gary",2565.0,2750.0,1/2-1/2,draw,draw,A39,,82,41.0,23,4,2,0,True,True,12,2,True,0,11,2,dynamic
Kasparov.pgn,Kasparov,black,"Jussupow, Artur",World Cup,Belfort,1988.??.??,1988,?,"Jussupow, Artur","Kasparov, Gary",2620.0,2750.0,0-1,black_win,win,D00,,120,60.0,23,12,2,0,True,True,11,5,True,0,12,7,dynamic
Kasparov.pgn,Kasparov,black,"Timman, Jan H",World Cup,Belfort,1988.??.??,1988,?,"Timman, Jan H","Kasparov, Gary",2675.0,2750.0,0-1,black_win,win,D82,,90,45.0,23,2,2,0,True,True,12,1,True,0,11,1,dynamic
Kasparov.pgn,Kasparov,white,"Ulibin, Mikhail",Cannes sim,Cannes,1988.??.??,1988,10,"Kasparov, Gary","Ulibin, Mikhail",2735.0,2390.0,1/2-1/2,draw,draw,A14,,79,39.5,21,0,2,0,True,True,11,0,True,0,10,0,dynamic
Kasparov.pgn,Kasparov,white,"Weemaes, Ronald",Cannes sim,Cannes,1988.??.??,1988,10,"Kasparov, Gary","Weemaes, Ronald",2735.0,2350.0,1-0,white_win,win,A18,,47,23.5,9,0,2,0,True,True,5,0,True,0,4,0,dynamic
Kasparov.pgn,Kasparov,white,"Gonda, Gentaro",Cannes sim,Cannes,1988.??.??,1988,10,"Kasparov, Gary","Gonda, Gentaro",2735.0,2205.0,1-0,white_win,win,D41,,75,37.5,17,8,2,0,True,True,8,7,True,0,9,1,dynamic
Kasparov.pgn,Kasparov,white,"Gueye, Gorgui",Cannes sim,Cannes,1988.??.??,1988,10,"Kasparov, Gary","Gueye, Gorgui",2735.0,2205.0,1-0,white_win,win,A90,,47,23.5,9,0,2,0,True,True,5,0,True,0,4,0,dynamic
Kasparov.pgn,Kasparov,white,"Gerber, Richard",Cannes sim,Cannes,1988.??.??,1988,10,"Kasparov, Gary","Gerber, Richard",2735.0,2320.0,1-0,white_win,win,E68,,85,42.5,17,0,2,0,True,True,9,0,True,0,8,0,dynamic
Kasparov.pgn,Kasparov,white,"Arlandi, Ennio",Cannes sim,Cannes,1988.??.??,1988,10,"Kasparov, Gary","Arlandi, Ennio",2735.0,2380.0,1-0,white_win,win,A33,,51,25.5,16,1,2,0,True,True,8,1,True,0,8,0,dynamic
Kasparov.pgn,Kasparov,white,"Jones, Lee",Cannes sim,Cannes,1988.??.??,1988,10,"Kasparov, Gary","Jones, Lee",2735.0,,1-0,white_win,win,E40,,75,37.5,17,3,2,0,True,True,9,1,True,0,8,2,dynamic
Kasparov.pgn,Kasparov,white,"Savereide, Diane",Cannes sim,Cannes,1988.??.??,1988,10,"Kasparov, Gary","Savereide, Diane",2735.0,2280.0,1-0,white_win,win,A30,,72,36.0,20,3,2,0,True,True,10,0,True,0,10,3,dynamic
Kasparov.pgn,Kasparov,white,"Adams, Michael",Cannes sim,Cannes,1988.??.??,1988,10,"Kasparov, Gary","Adams, Michael",2735.0,2430.0,0-1,black_win,loss,E14,,74,37.0,12,2,2,0,True,True,6,1,True,0,6,1,dynamic
Kasparov.pgn,Kasparov,white,"Hamilton, Robert",Cannes sim,Cannes,1988.??.??,1988,10,"Kasparov, Gary","Hamilton, Robert",2735.0,2365.0,1-0,white_win,win,A39,,85,42.5,20,1,2,0,True,True,11,1,True,0,9,0,dynamic
Kasparov.pgn,Kasparov,black,"Hort, Vlastimil",Cologne m,Cologne,1988.??.??,1988,1,"Hort, Vlastimil","Kasparov, Gary",2595.0,2760.0,0-1,black_win,win,D00,,70,35.0,16,5,2,0,True,True,9,5,True,0,7,0,dynamic
Kasparov.pgn,Kasparov,white,"Hort, Vlastimil",Cologne m,Cologne,1988.??.??,1988,2,"Kasparov, Gary","Hort, Vlastimil",2760.0,2595.0,1/2-1/2,draw,draw,A25,,48,24.0,6,0,2,0,True,True,3,0,True,0,3,0,dynamic
Kasparov.pgn,Kasparov,black,"Hort, Vlastimil",Cologne m,Cologne,1988.??.??,1988,3,"Hort, Vlastimil","Kasparov, Gary",2595.0,2760.0,0-1,black_win,win,D34,,100,50.0,19,6,2,0,True,True,10,5,True,0,9,1,dynamic
Kasparov.pgn,Kasparov,white,"Nogueiras, Jesus",Madrid rapid,Madrid,1988.??.??,1988,1,"Kasparov, Gary","Nogueiras, Jesus",2750.0,2560.0,1/2-1/2,draw,draw,B14,,79,39.5,22,7,1,0,False,True,11,4,False,0,11,3,dynamic
Kasparov.pgn,Kasparov,black,"Speelman, Jonathan S",Madrid rapid,Madrid,1988.??.??,1988,2,"Speelman, Jonathan S","Kasparov, Gary",2625.0,2750.0,0-1,black_win,win,E92,,78,39.0,17,4,2,0,True,True,7,2,True,0,10,2,dynamic
Kasparov.pgn,Kasparov,white,"Hjartarson, Johann",Madrid rapid,Madrid,1988.??.??,1988,3,"Kasparov, Gary","Hjartarson, Johann",2750.0,2590.0,1-0,white_win,win,E32,,63,31.5,16,3,2,0,True,True,8,2,True,0,8,1,dynamic
Kasparov.pgn,Kasparov,black,"Portisch, Lajos",Madrid rapid,Madrid,1988.??.??,1988,4,"Portisch, Lajos","Kasparov, Gary",2610.0,2750.0,1/2-1/2,draw,draw,A34,,138,69.0,27,8,2,0,True,True,13,5,True,0,14,3,dynamic
Kasparov.pgn,Kasparov,black,"Kortschnoj, Viktor",Madrid rapid,Madrid,1988.??.??,1988,5,"Kortschnoj, Viktor","Kasparov, Gary",2640.0,2750.0,1/2-1/2,draw,draw,E73,,60,30.0,22,2,2,0,True,True,11,2,True,0,11,0,dynamic
Kasparov.pgn,Kasparov,white,"Illescas Cordoba, Miguel",Madrid rapid,Madrid,1988.??.??,1988,6,"Kasparov, Gary","Illescas Cordoba, Miguel",2750.0,2495.0,1-0,white_win,win,A43,,95,47.5,19,18,0,0,False,False,10,11,False,0,9,7,dynamic
Kasparov.pgn,Kasparov,black,"Andersson, Ulf",Madrid rapid,Madrid,1988.??.??,1988,7,"Andersson, Ulf","Kasparov, Gary",2605.0,2750.0,1/2-1/2,draw,draw,A87,,129,64.5,25,14,2,1,True,True,13,10,True,0,12,4,dynamic
Kasparov.pgn,Kasparov,white,"Ljubojevic, Ljubomir",Madrid rapid,Madrid,1988.??.??,1988,8,"Kasparov, Gary","Ljubojevic, Ljubomir",2750.0,2610.0,1/2-1/2,draw,draw,D36,,104,52.0,16,2,2,0,True,True,8,0,True,0,8,2,dynamic
Kasparov.pgn,Kasparov,white,"Sokolov, Andrei",URS-ch55,Moscow,1988.??.??,1988,?,"Kasparov, Gary","Sokolov, Andrei",2760.0,2600.0,1/2-1/2,draw,draw,A29,,64,32.0,16,1,2,0,True,True,8,0,True,0,8,1,dynamic
Kasparov.pgn,Kasparov,white,"Smyslov, Vassily",URS-ch55,Moscow,1988.??.??,1988,?,"Kasparov, Gary","Smyslov, Vassily",2760.0,2550.0,1/2-1/2,draw,draw,D36,,40,20.0,4,0,2,0,True,True,2,0,True,0,2,0,dynamic
Kasparov.pgn,Kasparov,black,"Khalifman, Alexander",URS-ch55,Moscow,1988.??.??,1988,?,"Khalifman, Alexander","Kasparov, Gary",2530.0,2760.0,1/2-1/2,draw,draw,B80,,68,34.0,17,0,2,0,True,True,8,0,True,0,9,0,dynamic
Kasparov.pgn,Kasparov,white,"Smirin, Ilia",URS-ch55,Moscow,1988.??.??,1988,?,"Kasparov, Gary","Smirin, Ilia",2760.0,2500.0,1-0,white_win,win,E97,,81,40.5,18,2,2,0,True,True,8,2,True,0,10,0,dynamic
Kasparov.pgn,Kasparov,white,"Salov, Valery",URS-ch55,Moscow,1988.??.??,1988,?,"Kasparov, Gary","Salov, Valery",2760.0,2625.0,1-0,white_win,win,A29,,115,57.5,23,7,2,0,True,True,12,1,True,0,11,6,dynamic
Kasparov.pgn,Kasparov,white,"Malaniuk, Vladimir P",URS-ch55,Moscow,1988.??.??,1988,?,"Kasparov, Gary","Malaniuk, Vladimir P",2760.0,2520.0,1/2-1/2,draw,draw,A88,,41,20.5,8,0,2,0,True,True,4,0,True,0,4,0,dynamic
Kasparov.pgn,Kasparov,white,"Kharitonov, Andrei Y",URS-ch55,Moscow,1988.??.??,1988,?,"Kasparov, Gary","Kharitonov, Andrei Y",2760.0,2550.0,1-0,white_win,win,C08,,69,34.5,16,3,2,0,True,True,9,2,True,0,7,1,dynamic
Kasparov.pgn,Kasparov,white,"Ivanchuk, Vassily",URS-ch55,Moscow,1988.??.??,1988,?,"Kasparov, Gary","Ivanchuk, Vassily",2760.0,2625.0,1-0,white_win,win,A29,,47,23.5,13,1,2,0,True,True,6,1,True,0,7,0,dynamic
Kasparov.pgn,Kasparov,white,"Eingorn, Vereslav S",URS-ch55,Moscow,1988.??.??,1988,?,"Kasparov, Gary","Eingorn, Vereslav S",2760.0,2560.0,1/2-1/2,draw,draw,D35,,39,19.5,6,0,2,0,True,True,3,0,True,0,3,0,dynamic
Kasparov.pgn,Kasparov,black,"Karpov, Anatoly",URS-ch55,Moscow,1988.??.??,1988,?,"Karpov, Anatoly","Kasparov, Gary",2725.0,2760.0,1/2-1/2,draw,draw,E32,,59,29.5,8,1,2,0,True,True,4,1,True,0,4,0,dynamic
Kasparov.pgn,Kasparov,black,"Jussupow, Artur",URS-ch55,Moscow,1988.??.??,1988,?,"Jussupow, Artur","Kasparov, Gary",2620.0,2760.0,1/2-1/2,draw,draw,D89,,61,30.5,18,3,2,1,True,True,9,3,True,0,9,0,dynamic
Kasparov.pgn,Kasparov,black,"Gurevich, Mikhail",URS-ch55,Moscow,1988.??.??,1988,?,"Gurevich, Mikhail","Kasparov, Gary",2630.0,2760.0,0-1,black_win,win,D97,,64,32.0,16,6,2,0,True,True,8,5,True,0,8,1,dynamic
Kasparov.pgn,Kasparov,black,"Vaganian, Rafael A",URS-ch55,Moscow,1988.??.??,1988,?,"Vaganian, Rafael A","Kasparov, Gary",2595.0,2760.0,1/2-1/2,draw,draw,E92,,68,34.0,17,0,2,0,True,True,9,0,True,0,8,0,dynamic
Kasparov.pgn,Kasparov,black,"Ehlvest, Jaan",URS-ch55,Moscow,1988.??.??,1988,?,"Ehlvest, Jaan","Kasparov, Gary",2580.0,2760.0,1/2-1/2,draw,draw,B85,,83,41.5,21,0,2,0,True,True,11,0,True,0,10,0,dynamic
Kasparov.pgn,Kasparov,black,"Beliavsky, Alexander G",URS-ch55,Moscow,1988.??.??,1988,?,"Beliavsky, Alexander G","Kasparov, Gary",2665.0,2760.0,1/2-1/2,draw,draw,D89,,46,23.0,9,0,2,0,True,True,5,0,True,0,4,0,dynamic
Kasparov.pgn,Kasparov,black,"Gavrikov, Viktor",URS-ch55,Moscow,1988.??.??,1988,?,"Gavrikov, Viktor","Kasparov, Gary",2545.0,2760.0,1/2-1/2,draw,draw,E97,,80,40.0,15,4,2,0,True,True,7,2,True,0,8,2,dynamic
Kasparov.pgn,Kasparov,black,"Yudasin, Leonid",URS-ch55,Moscow,1988.??.??,1988,?,"Yudasin, Leonid","Kasparov, Gary",2505.0,2760.0,0-1,black_win,win,B82,,60,30.0,9,0,2,0,True,True,5,0,True,0,4,0,dynamic
Kasparov.pgn,Kasparov,black,"Fishbein, Alexander",New York sim,New York,1988.??.??,1988,?,"Fishbein, Alexander","Kasparov, Gary",2435.0,2750.0,1/2-1/2,draw,draw,B33,,126,63.0,25,6,2,0,True,True,13,3,True,0,12,3,dynamic
Kasparov.pgn,Kasparov,white,"Gurevich, Ilya",New York sim,New York,1988.??.??,1988,?,"Kasparov, Gary","Gurevich, Ilya",2750.0,2400.0,1-0,white_win,win,E66,,97,48.5,22,1,2,0,True,True,12,0,True,0,10,1,dynamic
Kasparov.pgn,Kasparov,white,"Rachels, Stuart",New York sim,New York,1988.??.??,1988,?,"Kasparov, Gary","Rachels, Stuart",2750.0,2350.0,1-0,white_win,win,A65,,83,41.5,19,6,2,0,True,True,8,4,True,0,11,2,dynamic
Kasparov.pgn,Kasparov,white,"Wolff, Patrick G",New York sim,New York,1988.??.??,1988,?,"Kasparov, Gary","Wolff, Patrick G",2750.0,2530.0,0-1,black_win,loss,A20,,50,25.0,15,4,2,0,True,True,7,2,True,0,8,2,dynamic
Kasparov.pgn,Kasparov,black,"Rao, Vivek",New York sim,New York,1988.??.??,1988,?,"Rao, Vivek","Kasparov, Gary",2355.0,2750.0,0-1,black_win,win,D97,,101,50.5,25,4,2,0,True,True,12,2,True,0,13,2,dynamic
Kasparov.pgn,Kasparov,black,"Edelman, Daniel",New York sim,New York,1988.??.??,1988,?,"Edelman, Daniel","Kasparov, Gary",2360.0,2750.0,1/2-1/2,draw,draw,B33,,27,13.5,2,2,0,0,False,False,1,2,False,0,1,0,dynamic
Kasparov.pgn,Kasparov,white,"Hjartarson, Johann",World Cup,Reykjavik,1988.??.??,1988,?,"Kasparov, Gary","Hjartarson, Johann",2760.0,2610.0,1-0,white_win,win,E32,,111,55.5,18,10,2,0,True,True,8,8,True,0,10,2,dynamic
Kasparov.pgn,Kasparov,white,"Beliavsky, Alexander G",World Cup,Reykjavik,1988.??.??,1988,?,"Kasparov, Gary","Beliavsky, Alexander G",2760.0,2665.0,1/2-1/2,draw,draw,C85,,123,61.5,22,5,2,0,True,True,11,1,True,0,11,4,dynamic
Kasparov.pgn,Kasparov,black,"Timman, Jan H",World Cup,Reykjavik,1988.??.??,1988,?,"Timman, Jan H","Kasparov, Gary",2660.0,2760.0,0-1,black_win,win,E88,,89,44.5,22,10,2,0,True,True,11,9,True,0,11,1,dynamic
Kasparov.pgn,Kasparov,black,"Speelman, Jonathan S",World Cup,Reykjavik,1988.??.??,1988,?,"Speelman, Jonathan S","Kasparov, Gary",2645.0,2760.0,1/2-1/2,draw,draw,D78,,34,17.0,7,0,2,0,True,True,3,0,True,0,4,0,dynamic
Kasparov.pgn,Kasparov,black,"Spassky, Boris V",World Cup,Reykjavik,1988.??.??,1988,?,"Spassky, Boris V","Kasparov, Gary",2560.0,2760.0,1/2-1/2,draw,draw,B30,,37,18.5,2,0,2,0,True,True,1,0,True,0,1,0,dynamic
Kasparov.pgn,Kasparov,black,"Sokolov, Andrei",World Cup,Reykjavik,1988.??.??,1988,?,"Sokolov, Andrei","Kasparov, Gary",2600.0,2760.0,1-0,white_win,loss,B85,,87,43.5,12,1,2,0,True,True,6,0,True,0,6,1,dynamic
Kasparov.pgn,Kasparov,black,"Portisch, Lajos",World Cup,Reykjavik,1988.??.??,1988,?,"Portisch, Lajos","Kasparov, Gary",2630.0,2760.0,1/2-1/2,draw,draw,D76,,92,46.0,20,1,2,0,True,True,10,0,True,0,10,1,dynamic
Kasparov.pgn,Kasparov,black,"Petursson, Margeir",World Cup,Reykjavik,1988.??.??,1988,?,"Petursson, Margeir","Kasparov, Gary",2530.0,2760.0,1/2-1/2,draw,draw,E94,,52,26.0,2,0,2,0,True,True,1,0,True,0,1,0,dynamic
Kasparov.pgn,Kasparov,black,"Kortschnoj, Viktor",World Cup,Reykjavik,1988.??.??,1988,?,"Kortschnoj, Viktor","Kasparov, Gary",2595.0,2760.0,0-1,black_win,win,D87,,86,43.0,17,3,2,0,True,True,9,3,True,0,8,0,dynamic
Kasparov.pgn,Kasparov,white,"Tal, Mihail",World Cup,Reykjavik,1988.??.??,1988,?,"Kasparov, Gary","Tal, Mihail",2760.0,2610.0,1/2-1/2,draw,draw,D17,,84,42.0,25,6,2,0,True,True,13,4,True,0,12,2,dynamic
Kasparov.pgn,Kasparov,white,"Sax, Gyula",World Cup,Reykjavik,1988.??.??,1988,?,"Kasparov, Gary","Sax, Gyula",2760.0,2600.0,1-0,white_win,win,E32,,75,37.5,17,6,1,0,False,True,8,0,False,0,9,6,dynamic
Kasparov.pgn,Kasparov,white,"Ribli, Zoltan",World Cup,Reykjavik,1988.??.??,1988,?,"Kasparov, Gary","Ribli, Zoltan",2760.0,2630.0,1/2-1/2,draw,draw,E12,,35,17.5,4,0,2,0,True,True,2,0,True,0,2,0,dynamic
Kasparov.pgn,Kasparov,white,"Nunn, John DM",World Cup,Reykjavik,1988.??.??,1988,?,"Kasparov, Gary","Nunn, John DM",2760.0,2620.0,1/2-1/2,draw,draw,E92,,82,41.0,21,1,2,0,True,True,11,0,True,0,10,1,dynamic
Kasparov.pgn,Kasparov,white,"Nikolic, Predrag",World Cup,Reykjavik,1988.??.??,1988,?,"Kasparov, Gary","Nikolic, Predrag",2760.0,2585.0,1/2-1/2,draw,draw,D18,,48,24.0,12,3,2,0,True,True,7,0,True,0,5,3,dynamic
Kasparov.pgn,Kasparov,white,"Andersson, Ulf",World Cup,Reykjavik,1988.??.??,1988,?,"Kasparov, Gary","Andersson, Ulf",2760.0,2625.0,1-0,white_win,win,D36,,87,43.5,24,1,2,0,True,True,12,1,True,0,12,0,dynamic
Kasparov.pgn,Kasparov,black,"Jussupow, Artur",World Cup,Reykjavik,1988.??.??,1988,?,"Jussupow, Artur","Kasparov, Gary",2620.0,2760.0,1/2-1/2,draw,draw,D85,,42,21.0,16,2,0,0,False,False,8,2,False,0,8,0,dynamic
Kasparov.pgn,Kasparov,black,"Ehlvest, Jaan",World Cup,Reykjavik,1988.??.??,1988,?,"Ehlvest, Jaan","Kasparov, Gary",2580.0,2760.0,0-1,black_win,win,A28,,50,25.0,9,1,2,0,True,True,4,1,True,0,5,0,dynamic
Kasparov.pgn,Kasparov,white,"Thorsteins, Karl",Wch-blitz,Saint John,1988.??.??,1988,1,"Kasparov, Gary","Thorsteins, Karl",2750.0,2440.0,1-0,white_win,win,D76,,115,57.5,22,6,2,0,True,True,12,1,True,0,10,5,dynamic
Kasparov.pgn,Kasparov,black,"Thorsteins, Karl",Wch-blitz,Saint John,1988.??.??,1988,1,"Thorsteins, Karl","Kasparov, Gary",2440.0,2750.0,1/2-1/2,draw,draw,B08,,84,42.0,20,1,2,0,True,True,10,1,True,0,10,0,dynamic
Kasparov.pgn,Kasparov,white,"Thorsteins, Karl",Wch-blitz,Saint John,1988.??.??,1988,1,"Kasparov, Gary","Thorsteins, Karl",2750.0,2440.0,1-0,white_win,win,D35,,77,38.5,15,2,2,0,True,True,9,2,True,0,6,0,dynamic
Kasparov.pgn,Kasparov,white,"Dlugy, Maxim",Wch-blitz,Saint John,1988.??.??,1988,2,"Kasparov, Gary","Dlugy, Maxim",2750.0,2550.0,1-0,white_win,win,E57,,53,26.5,15,3,2,0,True,True,8,1,True,0,7,2,dynamic
Kasparov.pgn,Kasparov,black,"Dlugy, Maxim",Wch-blitz,Saint John,1988.??.??,1988,2,"Dlugy, Maxim","Kasparov, Gary",2550.0,2750.0,1-0,white_win,loss,B07,,106,53.0,26,4,2,0,True,True,12,2,True,0,14,2,dynamic
Kasparov.pgn,Kasparov,black,"Dlugy, Maxim",Wch-blitz,Saint John,1988.??.??,1988,2,"Dlugy, Maxim","Kasparov, Gary",2550.0,2750.0,0-1,black_win,win,D88,,76,38.0,22,5,2,0,True,True,11,3,True,0,11,2,dynamic
Kasparov.pgn,Kasparov,black,"Dlugy, Maxim",Wch-blitz,Saint John,1988.??.??,1988,2,"Dlugy, Maxim","Kasparov, Gary",2550.0,2750.0,0-1,black_win,win,D93,,116,58.0,25,16,1,0,False,True,14,12,True,0,11,4,dynamic
Kasparov.pgn,Kasparov,white,"Dlugy, Maxim",Wch-blitz,Saint John,1988.??.??,1988,2,"Kasparov, Gary","Dlugy, Maxim",2750.0,2550.0,1/2-1/2,draw,draw,E20,,142,71.0,28,13,2,0,True,True,14,7,True,0,14,6,dynamic
Kasparov.pgn,Kasparov,white,"Dlugy, Maxim",Wch-blitz,Saint John,1988.??.??,1988,2,"Kasparov, Gary","Dlugy, Maxim",2750.0,2550.0,0-1,black_win,loss,E91,,70,35.0,14,3,2,0,True,True,7,1,True,0,7,2,dynamic
Kasparov.pgn,Kasparov,black,"Georgiev, Kiril",Wch-blitz,Saint John,1988.??.??,1988,3,"Georgiev, Kiril","Kasparov, Gary",2595.0,2750.0,1-0,white_win,loss,A30,,129,64.5,25,15,2,0,True,True,12,14,True,0,13,1,dynamic
Kasparov.pgn,Kasparov,white,"Georgiev, Kiril",Wch-blitz,Saint John,1988.??.??,1988,3,"Kasparov, Gary","Georgiev, Kiril",2750.0,2595.0,1/2-1/2,draw,draw,A29,,100,50.0,22,2,2,0,True,True,11,2,True,0,11,0,dynamic
Kasparov.pgn,Kasparov,white,"Georgiev, Kiril",Wch-blitz,Saint John,1988.??.??,1988,3,"Kasparov, Gary","Georgiev, Kiril",2750.0,2595.0,1/2-1/2,draw,draw,A29,,123,61.5,28,10,2,0,True,True,14,4,True,0,14,6,dynamic
Kasparov.pgn,Kasparov,black,"Georgiev, Kiril",Wch-blitz,Saint John,1988.??.??,1988,3,"Georgiev, Kiril","Kasparov, Gary",2595.0,2750.0,1-0,white_win,loss,A38,,105,52.5,21,6,2,0,True,True,10,3,True,0,11,3,dynamic
Kasparov.pgn,Kasparov,black,"Torre, Eugenio",Thessaloniki ol (Men),Thessaloniki,1988.??.??,1988,2,"Torre, Eugenio","Kasparov, Gary",2555.0,2760.0,0-1,black_win,win,D03,,84,42.0,20,2,2,0,True,True,11,1,True,0,9,1,dynamic
Kasparov.pgn,Kasparov,white,"Campora, Daniel H",Thessaloniki ol (Men),Thessaloniki,1988.??.??,1988,3,"Kasparov, Gary","Campora, Daniel H",2760.0,2540.0,1-0,white_win,win,D35,,71,35.5,13,3,2,0,True,True,6,3,True,0,7,0,dynamic
Kasparov.pgn,Kasparov,black,"Gheorghiu, Florin",Thessaloniki ol (Men),Thessaloniki,1988.??.??,1988,4,"Gheorghiu, Florin","Kasparov, Gary",2485.0,2760.0,0-1,black_win,win,E89,,72,36.0,14,4,2,0,True,True,7,4,True,0,7,0,dynamic
Kasparov.pgn,Kasparov,black,"Hjartarson, Johann",Thessaloniki ol (Men),Thessaloniki,1988.??.??,1988,5,"Hjartarson, Johann","Kasparov, Gary",2610.0,2760.0,1/2-1/2,draw,draw,B80,,107,53.5,24,4,2,0,True,True,12,2,True,0,12,2,dynamic
Kasparov.pgn,Kasparov,white,"Short, Nigel D",Thessaloniki ol (Men),Thessaloniki,1988.??.??,1988,6,"Kasparov, Gary","Short, Nigel D",2760.0,2665.0,1-0,white_win,win,D31,,45,22.5,5,0,1,0,True,False,3,0,True,0,2,0,dynamic
Kasparov.pgn,Kasparov,black,"Ljubojevic, Ljubomir",Thessaloniki ol (Men),Thessaloniki,1988.??.??,1988,8,"Ljubojevic, Ljubomir","Kasparov, Gary",2600.0,2760.0,0-1,black_win,win,A41,,102,51.0,21,3,2,0,True,True,11,1,True,0,10,2,dynamic
Kasparov.pgn,Kasparov,white,"Seirawan, Yasser",Thessaloniki ol (Men),Thessaloniki,1988.??.??,1988,9,"Kasparov, Gary","Seirawan, Yasser",2760.0,2610.0,1-0,white_win,win,D21,,76,38.0,20,3,0,0,False,False,10,0,False,0,10,3,dynamic
Kasparov.pgn,Kasparov,black,"Portisch, Lajos",Thessaloniki ol (Men),Thessaloniki,1988.??.??,1988,10,"Portisch, Lajos","Kasparov, Gary",2630.0,2760.0,1/2-1/2,draw,draw,D76,,45,22.5,12,0,2,0,True,True,6,0,True,0,6,0,dynamic
Kasparov.pgn,Kasparov,black,"Hansen, Curt",Thessaloniki ol (Men),Thessaloniki,1988.??.??,1988,12,"Hansen, Curt","Kasparov, Gary",2520.0,2760.0,1/2-1/2,draw,draw,D76,,80,40.0,24,5,2,0,True,True,12,2,True,0,12,3,dynamic
Kasparov.pgn,Kasparov,white,"Georgiev, Kiril",Thessaloniki ol (Men),Thessaloniki,1988.??.??,1988,13,"Kasparov, Gary","Georgiev, Kiril",2760.0,2595.0,1-0,white_win,win,E37,,121,60.5,23,10,1,0,False,True,12,2,False,0,11,8,dynamic
Kasparov.pgn,Kasparov,white,"Simon, A.",Zuerich sim,Zuerich,1988.??.??,1988,?,"Kasparov, Gary","Simon, A.",2750.0,,1-0,white_win,win,D20,,59,29.5,16,7,1,0,True,False,11,7,True,0,5,0,dynamic
Kasparov.pgn,Kasparov,white,"Schiendorfer, R.",Zuerich sim,Zuerich,1988.??.??,1988,?,"Kasparov, Gary","Schiendorfer, R.",2750.0,,1-0,white_win,win,E13,,95,47.5,15,1,2,0,True,True,8,0,True,0,7,1,dynamic
Kasparov.pgn,Kasparov,white,"Scherrer, B.",Zuerich sim,Zuerich,1988.??.??,1988,?,"Kasparov, Gary","Scherrer, B.",2750.0,,1-0,white_win,win,D06,,57,28.5,14,5,1,0,False,True,8,0,False,0,6,5,dynamic
Kasparov.pgn,Kasparov,white,"Moggi, C.",Zuerich sim,Zuerich,1988.??.??,1988,?,"Kasparov, Gary","Moggi, C.",2750.0,,1-0,white_win,win,E69,,83,41.5,18,7,2,0,True,True,8,6,True,0,10,1,dynamic
Kasparov.pgn,Kasparov,white,"Lauper, X.",Zuerich sim,Zuerich,1988.??.??,1988,?,"Kasparov, Gary","Lauper, X.",2750.0,,1-0,white_win,win,D06,,61,30.5,19,2,2,0,True,True,11,0,True,0,8,2,dynamic
Kasparov.pgn,Kasparov,white,"Kupper, Josef",Zuerich sim,Zuerich,1988.??.??,1988,?,"Kasparov, Gary","Kupper, Josef",2750.0,,1/2-1/2,draw,draw,B39,,54,27.0,10,0,2,0,True,True,5,0,True,0,5,0,dynamic
Kasparov.pgn,Kasparov,white,"Wirth, Wolfgang",Zuerich sim,Zuerich,1988.??.??,1988,?,"Kasparov, Gary","Wirth, Wolfgang",2750.0,,1-0,white_win,win,B01,,90,45.0,21,3,2,0,True,True,11,2,True,0,10,1,dynamic
Kasparov.pgn,Kasparov,white,"Hirzel, Rene",Zuerich sim,Zuerich,1988.??.??,1988,?,"Kasparov, Gary","Hirzel, Rene",2750.0,,1-0,white_win,win,B06,,53,26.5,13,1,1,0,True,False,7,0,True,0,6,1,dynamic
Kasparov.pgn,Kasparov,white,"Felder, Markus",Zuerich sim,Zuerich,1988.??.??,1988,?,"Kasparov, Gary","Felder, Markus",2750.0,,1-0,white_win,win,D85,,67,33.5,7,1,2,0,True,True,4,1,True,0,3,0,dynamic
Kasparov.pgn,Kasparov,white,"Egli, K.",Zuerich sim,Zuerich,1988.??.??,1988,?,"Kasparov, Gary","Egli, K.",2750.0,,1-0,white_win,win,A56,,65,32.5,11,1,2,0,True,True,5,0,True,0,6,1,dynamic
Kasparov.pgn,Kasparov,white,Comp Leonardo Maestro,Zuerich sim,Zuerich,1988.??.??,1988,?,"Kasparov, Gary",Comp Leonardo Maestro,2750.0,,1-0,white_win,win,A29,,49,24.5,10,5,2,0,True,True,4,4,True,0,6,1,dynamic
Kasparov.pgn,Kasparov,white,"Cahn, R.",Zuerich sim,Zuerich,1988.??.??,1988,?,"Kasparov, Gary","Cahn, R.",2750.0,,1-0,white_win,win,D51,,61,30.5,18,7,2,0,True,True,9,6,True,0,9,1,dynamic
Kasparov.pgn,Kasparov,white,"Bohrer, E.",Zuerich sim,Zuerich,1988.??.??,1988,?,"Kasparov, Gary","Bohrer, E.",2750.0,,1-0,white_win,win,D06,,41,20.5,9,0,2,0,True,True,5,0,True,0,4,0,dynamic
Kasparov.pgn,Kasparov,white,"Baude, H.",Zuerich sim,Zuerich,1988.??.??,1988,?,"Kasparov, Gary","Baude, H.",2750.0,,1-0,white_win,win,C18,,91,45.5,17,5,2,0,True,True,9,1,True,0,8,4,dynamic
Kasparov.pgn,Kasparov,white,"Karrer, Hans",Zuerich sim,Zuerich,1988.??.??,1988,?,"Kasparov, Gary","Karrer, Hans",2750.0,,1-0,white_win,win,B04,,55,27.5,7,1,2,0,True,True,4,1,True,0,3,0,dynamic
Kasparov.pgn,Kasparov,white,"Joris, P.",Zuerich sim,Zuerich,1988.??.??,1988,?,"Kasparov, Gary","Joris, P.",2750.0,,1-0,white_win,win,D36,,45,22.5,6,0,2,0,True,True,4,0,True,0,2,0,dynamic
Kasparov.pgn,Kasparov,white,"Schweizer, Wolfgang",Zuerich sim,Zuerich,1988.??.??,1988,?,"Kasparov, Gary","Schweizer, Wolfgang",2750.0,,1-0,white_win,win,D89,,55,27.5,16,1,2,0,True,True,8,1,True,0,8,0,dynamic
Kasparov.pgn,Kasparov,white,"Schuerer, P.",Zuerich sim,Zuerich,1988.??.??,1988,?,"Kasparov, Gary","Schuerer, P.",2750.0,,1-0,white_win,win,D13,,31,15.5,8,0,2,0,True,True,4,0,True,0,4,0,dynamic
Kasparov.pgn,Kasparov,white,Comp Deep Thought,AGS Computer Challenge,?,1989.??.??,1989,1,"Kasparov, Gary",Comp Deep Thought,2775.0,,1-0,white_win,win,D20,,73,36.5,20,7,0,0,False,False,9,5,False,0,11,2,dynamic
Kasparov.pgn,Kasparov,black,Comp Deep Thought,AGS Computer Challenge,?,1989.??.??,1989,2,Comp Deep Thought,"Kasparov, Gary",,2775.0,0-1,black_win,win,B22,,104,52.0,20,1,2,0,True,True,10,1,True,0,10,0,dynamic
Kasparov.pgn,Kasparov,white,"Speelman, Jonathan S",World Cup,Barcelona,1989.??.??,1989,?,"Kasparov, Gary","Speelman, Jonathan S",2775.0,2640.0,1-0,white_win,win,A42,,49,24.5,16,3,2,0,True,True,8,3,True,0,8,0,dynamic
Kasparov.pgn,Kasparov,black,"Kortschnoj, Viktor",World Cup,Barcelona,1989.??.??,1989,?,"Kortschnoj, Viktor","Kasparov, Gary",2610.0,2775.0,0-1,black_win,win,E97,,110,55.0,24,5,2,1,True,True,12,0,True,1,12,5,dynamic
Kasparov.pgn,Kasparov,black,"Ljubojevic, Ljubomir",World Cup,Barcelona,1989.??.??,1989,?,"Ljubojevic, Ljubomir","Kasparov, Gary",2580.0,2775.0,1/2-1/2,draw,draw,D76,,34,17.0,10,0,2,0,True,True,5,0,True,0,5,0,dynamic
Kasparov.pgn,Kasparov,white,"Short, Nigel D",World Cup,Barcelona,1989.??.??,1989,?,"Kasparov, Gary","Short, Nigel D",2775.0,2650.0,1-0,white_win,win,A21,,101,50.5,22,6,1,1,True,False,11,4,True,1,11,2,dynamic
Kasparov.pgn,Kasparov,black,"Nogueiras, Jesus",World Cup,Barcelona,1989.??.??,1989,?,"Nogueiras, Jesus","Kasparov, Gary",2575.0,2775.0,1/2-1/2,draw,draw,A68,,58,29.0,18,0,2,0,True,True,9,0,True,0,9,0,dynamic
Kasparov.pgn,Kasparov,black,"Vaganian, Rafael A",World Cup,Barcelona,1989.??.??,1989,?,"Vaganian, Rafael A","Kasparov, Gary",2600.0,2775.0,1/2-1/2,draw,draw,D76,,86,43.0,17,8,2,0,True,True,8,1,True,0,9,7,dynamic
Kasparov.pgn,Kasparov,white,"Ribli, Zoltan",World Cup,Barcelona,1989.??.??,1989,?,"Kasparov, Gary","Ribli, Zoltan",2775.0,2625.0,1/2-1/2,draw,draw,D39,,80,40.0,22,7,1,0,True,False,11,4,True,0,11,3,dynamic
Kasparov.pgn,Kasparov,white,"Nikolic, Predrag",World Cup,Barcelona,1989.??.??,1989,?,"Kasparov, Gary","Nikolic, Predrag",2775.0,2605.0,1/2-1/2,draw,draw,E37,,73,36.5,20,3,1,0,False,True,10,0,False,0,10,3,dynamic
Kasparov.pgn,Kasparov,white,"Salov, Valery",World Cup,Barcelona,1989.??.??,1989,?,"Kasparov, Gary","Salov, Valery",2775.0,2630.0,1-0,white_win,win,A34,,57,28.5,14,2,1,0,True,False,7,2,True,0,7,0,dynamic
Kasparov.pgn,Kasparov,white,"Huebner, Robert",World Cup,Barcelona,1989.??.??,1989,?,"Kasparov, Gary","Huebner, Robert",2775.0,2600.0,1/2-1/2,draw,draw,D17,,33,16.5,6,0,2,0,True,True,3,0,True,0,3,0,dynamic
Kasparov.pgn,Kasparov,black,"Jussupow, Artur",World Cup,Barcelona,1989.??.??,1989,?,"Jussupow, Artur","Kasparov, Gary",2610.0,2775.0,1-0,white_win,loss,E92,,81,40.5,10,1,2,0,True,True,5,1,True,0,5,0,dynamic
Kasparov.pgn,Kasparov,black,"Illescas Cordoba, Miguel",World Cup,Barcelona,1989.??.??,1989,?,"Illescas Cordoba, Miguel","Kasparov, Gary",2525.0,2775.0,0-1,black_win,win,B84,,172,86.0,26,14,2,0,True,True,13,10,True,0,13,4,dynamic
Kasparov.pgn,Kasparov,black,"Hjartarson, Johann",World Cup,Barcelona,1989.??.??,1989,?,"Hjartarson, Johann","Kasparov, Gary",2615.0,2775.0,1/2-1/2,draw,draw,D76,,119,59.5,24,8,2,0,True,True,12,4,True,0,12,4,dynamic
Kasparov.pgn,Kasparov,white,"Seirawan, Yasser",World Cup,Barcelona,1989.??.??,1989,?,"Kasparov, Gary","Seirawan, Yasser",2775.0,2610.0,1/2-1/2,draw,draw,E87,,57,28.5,9,2,1,0,False,True,4,0,False,0,5,2,dynamic
Kasparov.pgn,Kasparov,black,"Beliavsky, Alexander G",World Cup,Barcelona,1989.??.??,1989,?,"Beliavsky, Alexander G","Kasparov, Gary",2640.0,2775.0,0-1,black_win,win,B85,,122,61.0,20,4,2,0,True,True,11,4,True,0,9,0,dynamic
Kasparov.pgn,Kasparov,white,"Spassky, Boris V",World Cup,Barcelona,1989.??.??,1989,?,"Kasparov, Gary","Spassky, Boris V",2775.0,2580.0,1-0,white_win,win,D35,,103,51.5,24,3,1,0,False,True,13,2,False,0,11,1,dynamic
Kasparov.pgn,Kasparov,white,"Nikolic, Predrag",Belgrade,Belgrade,1989.??.??,1989,?,"Kasparov, Gary","Nikolic, Predrag",2775.0,2600.0,1-0,white_win,win,E35,,81,40.5,18,2,0,0,False,False,9,2,False,0,9,0,dynamic
Kasparov.pgn,Kasparov,black,"Jussupow, Artur",Belgrade,Belgrade,1989.??.??,1989,?,"Jussupow, Artur","Kasparov, Gary",2610.0,2775.0,1/2-1/2,draw,draw,D76,,43,21.5,10,0,2,0,True,True,5,0,True,0,5,0,dynamic
Kasparov.pgn,Kasparov,white,"Ehlvest, Jaan",Belgrade,Belgrade,1989.??.??,1989,?,"Kasparov, Gary","Ehlvest, Jaan",2775.0,2620.0,1-0,white_win,win,D58,,117,58.5,17,0,2,0,True,True,9,0,True,0,8,0,dynamic
Kasparov.pgn,Kasparov,white,"Hjartarson, Johann",Belgrade,Belgrade,1989.??.??,1989,?,"Kasparov, Gary","Hjartarson, Johann",2775.0,2555.0,1/2-1/2,draw,draw,E12,,122,61.0,23,4,2,0,True,True,12,1,True,0,11,3,dynamic
Kasparov.pgn,Kasparov,black,"Agdestein, Simen",Belgrade,Belgrade,1989.??.??,1989,?,"Agdestein, Simen","Kasparov, Gary",2605.0,2775.0,0-1,black_win,win,E60,,113,56.5,22,8,2,1,True,True,12,5,True,1,10,3,dynamic
Kasparov.pgn,Kasparov,white,"Popovic, Petar",Belgrade,Belgrade,1989.??.??,1989,?,"Kasparov, Gary","Popovic, Petar",2775.0,2550.0,1-0,white_win,win,A16,,77,38.5,11,1,2,0,True,True,6,1,True,0,5,0,dynamic
Kasparov.pgn,Kasparov,white,"Timman, Jan H",Belgrade,Belgrade,1989.??.??,1989,?,"Kasparov, Gary","Timman, Jan H",2775.0,2635.0,1/2-1/2,draw,draw,E11,,96,48.0,17,12,2,0,True,True,8,2,True,0,9,10,dynamic
Kasparov.pgn,Kasparov,black,"Kozul, Zdenko",Belgrade,Belgrade,1989.??.??,1989,?,"Kozul, Zdenko","Kasparov, Gary",2560.0,2775.0,0-1,black_win,win,E32,,42,21.0,10,1,1,0,False,True,5,1,True,0,5,0,dynamic
Kasparov.pgn,Kasparov,black,"Ljubojevic, Ljubomir",Belgrade,Belgrade,1989.??.??,1989,?,"Ljubojevic, Ljubomir","Kasparov, Gary",2635.0,2775.0,0-1,black_win,win,B96,,74,37.0,21,5,2,0,True,True,12,4,True,0,9,1,dynamic
Kasparov.pgn,Kasparov,black,"Short, Nigel D",Belgrade,Belgrade,1989.??.??,1989,?,"Short, Nigel D","Kasparov, Gary",2660.0,2775.0,0-1,black_win,win,B82,,206,103.0,26,20,2,1,True,True,13,10,True,1,13,10,dynamic
Kasparov.pgn,Kasparov,black,"Damljanovic, Branko",Belgrade,Belgrade,1989.??.??,1989,?,"Damljanovic, Branko","Kasparov, Gary",2555.0,2775.0,0-1,black_win,win,B70,,64,32.0,16,2,2,0,True,True,8,2,True,0,8,0,dynamic
Kasparov.pgn,Kasparov,white,"Sharif, Mershad",Evry sim,Evry,1989.??.??,1989,?,"Kasparov, Gary","Sharif, Mershad",2775.0,2420.0,1-0,white_win,win,A17,,75,37.5,17,4,2,0,True,True,9,2,True,0,8,2,dynamic
Kasparov.pgn,Kasparov,black,"Kouatly, Bachar",Evry sim,Evry,1989.??.??,1989,?,"Kouatly, Bachar","Kasparov, Gary",2470.0,2775.0,0-1,black_win,win,E92,,62,31.0,13,2,1,0,False,True,7,2,True,0,6,0,dynamic
Kasparov.pgn,Kasparov,black,"Haik, Aldo",Evry sim,Evry,1989.??.??,1989,?,"Haik, Aldo","Kasparov, Gary",2390.0,2775.0,1/2-1/2,draw,draw,A65,,61,30.5,14,3,2,0,True,True,7,3,True,0,7,0,dynamic
Kasparov.pgn,Kasparov,white,"Renet, Olivier",Evry sim,Evry,1989.??.??,1989,?,"Kasparov, Gary","Renet, Olivier",2775.0,2480.0,1-0,white_win,win,E37,,85,42.5,20,5,1,0,False,True,11,1,False,0,9,4,dynamic
Kasparov.pgn,Kasparov,black,"Miralles, Gilles",Evry sim,Evry,1989.??.??,1989,?,"Miralles, Gilles","Kasparov, Gary",2400.0,2775.0,1/2-1/2,draw,draw,D76,,95,47.5,24,4,2,0,True,True,11,2,True,0,13,2,dynamic
Kasparov.pgn,Kasparov,white,"Koch, Jean Rene",Evry sim,Evry,1989.??.??,1989,?,"Kasparov, Gary","Koch, Jean Rene",2775.0,2390.0,1/2-1/2,draw,draw,B38,,49,24.5,9,0,2,0,True,True,5,0,True,0,4,0,dynamic
Kasparov.pgn,Kasparov,white,"Kamsky, Gata",New York exh,New York,1989.??.??,1989,1,"Kasparov, Gary","Kamsky, Gata",2775.0,2345.0,1-0,white_win,win,E08,,101,50.5,21,6,2,0,True,True,11,5,True,0,10,1,dynamic
Kasparov.pgn,Kasparov,black,"Kamsky, Gata",New York exh,New York,1989.??.??,1989,2,"Kamsky, Gata","Kasparov, Gary",2345.0,2775.0,0-1,black_win,win,C02,,214,107.0,25,34,2,1,True,True,12,5,True,1,13,29,dynamic
Kasparov.pgn,Kasparov,black,"Short, Nigel D",World Cup,Skelleftea,1989.??.??,1989,?,"Short, Nigel D","Kasparov, Gary",2660.0,2775.0,0-1,black_win,win,A46,,90,45.0,17,2,1,0,False,True,8,1,True,0,9,1,dynamic
Kasparov.pgn,Kasparov,black,"Ehlvest, Jaan",World Cup,Skelleftea,1989.??.??,1989,?,"Ehlvest, Jaan","Kasparov, Gary",2620.0,2775.0,1/2-1/2,draw,draw,B86,,46,23.0,7,0,2,0,True,True,3,0,True,0,4,0,dynamic
Kasparov.pgn,Kasparov,black,"Karpov, Anatoly",World Cup,Skelleftea,1989.??.??,1989,?,"Karpov, Anatoly","Kasparov, Gary",2755.0,2775.0,1/2-1/2,draw,draw,E97,,84,42.0,16,6,2,0,True,True,8,5,True,0,8,1,dynamic
Kasparov.pgn,Kasparov,white,"Andersson, Ulf",World Cup,Skelleftea,1989.??.??,1989,?,"Kasparov, Gary","Andersson, Ulf",2775.0,2635.0,1/2-1/2,draw,draw,E32,,69,34.5,14,3,2,0,True,True,7,1,True,0,7,2,dynamic
Kasparov.pgn,Kasparov,white,"Huebner, Robert",World Cup,Skelleftea,1989.??.??,1989,?,"Kasparov, Gary","Huebner, Robert",2775.0,2605.0,1/2-1/2,draw,draw,D20,,120,60.0,17,11,2,0,True,True,8,10,True,0,9,1,dynamic
Kasparov.pgn,Kasparov,white,"Kortschnoj, Viktor",World Cup,Skelleftea,1989.??.??,1989,?,"Kasparov, Gary","Kortschnoj, Viktor",2775.0,2655.0,1-0,white_win,win,A34,,45,22.5,15,7,1,0,True,False,8,7,True,0,7,0,dynamic
Kasparov.pgn,Kasparov,black,"Seirawan, Yasser",World Cup,Skelleftea,1989.??.??,1989,?,"Seirawan, Yasser","Kasparov, Gary",2585.0,2775.0,1/2-1/2,draw,draw,A65,,86,43.0,16,6,2,0,True,True,8,5,True,0,8,1,dynamic
Kasparov.pgn,Kasparov,white,"Nunn, John DM",World Cup,Skelleftea,1989.??.??,1989,?,"Kasparov, Gary","Nunn, John DM",2775.0,2575.0,1/2-1/2,draw,draw,E92,,84,42.0,22,5,2,0,True,True,10,1,True,0,12,4,dynamic
Kasparov.pgn,Kasparov,white,"Ribli, Zoltan",World Cup,Skelleftea,1989.??.??,1989,?,"Kasparov, Gary","Ribli, Zoltan",2775.0,2605.0,1/2-1/2,draw,draw,A30,,51,25.5,13,2,2,0,True,True,7,1,True,0,6,1,dynamic
Kasparov.pgn,Kasparov,white,"Salov, Valery",World Cup,Skelleftea,1989.??.??,1989,?,"Kasparov, Gary","Salov, Valery",2775.0,2645.0,1/2-1/2,draw,draw,E18,,33,16.5,2,0,2,0,True,True,1,0,True,0,1,0,dynamic
Kasparov.pgn,Kasparov,white,"Tal, Mihail",World Cup,Skelleftea,1989.??.??,1989,?,"Kasparov, Gary","Tal, Mihail",2775.0,2585.0,1/2-1/2,draw,draw,D35,,120,60.0,25,13,2,0,True,True,13,9,True,0,12,4,dynamic
Kasparov.pgn,Kasparov,white,"Vaganian, Rafael A",World Cup,Skelleftea,1989.??.??,1989,?,"Kasparov, Gary","Vaganian, Rafael A",2775.0,2585.0,1-0,white_win,win,A33,,85,42.5,17,8,1,0,False,True,9,4,False,0,8,4,dynamic
Kasparov.pgn,Kasparov,black,"Nikolic, Predrag",World Cup,Skelleftea,1989.??.??,1989,?,"Nikolic, Predrag","Kasparov, Gary",2600.0,2775.0,1/2-1/2,draw,draw,D76,,135,67.5,25,12,2,0,True,True,13,7,True,0,12,5,dynamic
Kasparov.pgn,Kasparov,black,"Portisch, Lajos",World Cup,Skelleftea,1989.??.??,1989,?,"Portisch, Lajos","Kasparov, Gary",2600.0,2775.0,0-1,black_win,win,D36,,124,62.0,23,10,2,0,True,True,13,9,True,0,10,1,dynamic
Kasparov.pgn,Kasparov,black,"Sax, Gyula",World Cup,Skelleftea,1989.??.??,1989,?,"Sax, Gyula","Kasparov, Gary",2580.0,2775.0,1/2-1/2,draw,draw,B82,,61,30.5,20,5,2,0,True,True,10,2,True,0,10,3,dynamic
Kasparov.pgn,Kasparov,white,"Piket, Jeroen",Tilburg,Tilburg,1989.??.??,1989,1,"Kasparov, Gary","Piket, Jeroen",2775.0,2540.0,1-0,white_win,win,B78,,79,39.5,15,2,2,0,True,True,7,1,True,0,8,1,dynamic
Kasparov.pgn,Kasparov,black,"Ljubojevic, Ljubomir",Tilburg,Tilburg,1989.??.??,1989,2,"Ljubojevic, Ljubomir","Kasparov, Gary",2635.0,2775.0,1/2-1/2,draw,draw,B50,,53,26.5,16,5,1,0,True,False,8,1,False,0,8,4,dynamic
Kasparov.pgn,Kasparov,white,"Sax, Gyula",Tilburg,Tilburg,1989.??.??,1989,3,"Kasparov, Gary","Sax, Gyula",2775.0,2580.0,1-0,white_win,win,B81,,61,30.5,12,2,1,0,True,False,6,2,True,0,6,0,dynamic
Kasparov.pgn,Kasparov,black,"Kortschnoj, Viktor",Tilburg,Tilburg,1989.??.??,1989,4,"Kortschnoj, Viktor","Kasparov, Gary",2655.0,2775.0,1/2-1/2,draw,draw,D76,,54,27.0,13,0,2,0,True,True,6,0,True,0,7,0,dynamic
Kasparov.pgn,Kasparov,white,"Ivanchuk, Vassily",Tilburg,Tilburg,1989.??.??,1989,5,"Kasparov, Gary","Ivanchuk, Vassily",2775.0,2660.0,1-0,white_win,win,E15,,81,40.5,12,1,2,0,True,True,6,0,True,0,6,1,dynamic
Kasparov.pgn,Kasparov,white,"Hjartarson, Johann",Tilburg,Tilburg,1989.??.??,1989,6,"Kasparov, Gary","Hjartarson, Johann",2775.0,2555.0,1-0,white_win,win,D39,,51,25.5,14,2,2,0,True,True,8,1,True,0,6,1,dynamic
Kasparov.pgn,Kasparov,black,"Agdestein, Simen",Tilburg,Tilburg,1989.??.??,1989,7,"Agdestein, Simen","Kasparov, Gary",2605.0,2775.0,0-1,black_win,win,A36,,48,24.0,8,0,2,0,True,True,3,0,True,0,5,0,dynamic
Kasparov.pgn,Kasparov,black,"Piket, Jeroen",Tilburg,Tilburg,1989.??.??,1989,8,"Piket, Jeroen","Kasparov, Gary",2540.0,2775.0,0-1,black_win,win,E99,,56,28.0,8,1,2,0,True,True,4,1,True,0,4,0,dynamic
Kasparov.pgn,Kasparov,white,"Ljubojevic, Ljubomir",Tilburg,Tilburg,1989.??.??,1989,9,"Kasparov, Gary","Ljubojevic, Ljubomir",2775.0,2635.0,1-0,white_win,win,E11,,75,37.5,16,6,2,0,True,True,8,0,True,0,8,6,dynamic
Kasparov.pgn,Kasparov,black,"Sax, Gyula",Tilburg,Tilburg,1989.??.??,1989,10,"Sax, Gyula","Kasparov, Gary",2580.0,2775.0,1/2-1/2,draw,draw,B52,,30,15.0,6,2,2,0,True,True,3,0,True,0,3,2,dynamic
Kasparov.pgn,Kasparov,white,"Kortschnoj, Viktor",Tilburg,Tilburg,1989.??.??,1989,11,"Kasparov, Gary","Kortschnoj, Viktor",2775.0,2655.0,1-0,white_win,win,E35,,57,28.5,14,3,2,0,True,True,7,1,True,0,7,2,dynamic
Kasparov.pgn,Kasparov,black,"Ivanchuk, Vassily",Tilburg,Tilburg,1989.??.??,1989,12,"Ivanchuk, Vassily","Kasparov, Gary",2660.0,2775.0,1/2-1/2,draw,draw,B96,,70,35.0,19,3,2,0,True,True,9,2,True,0,10,1,dynamic
Kasparov.pgn,Kasparov,black,"Hjartarson, Johann",Tilburg,Tilburg,1989.??.??,1989,13,"Hjartarson, Johann","Kasparov, Gary",2555.0,2775.0,0-1,black_win,win,A39,,62,31.0,13,2,2,0,True,True,7,0,True,0,6,2,dynamic
Kasparov.pgn,Kasparov,white,"Agdestein, Simen",Tilburg,Tilburg,1989.??.??,1989,14,"Kasparov, Gary","Agdestein, Simen",2775.0,2605.0,1-0,white_win,win,C03,,59,29.5,16,3,2,1,True,True,8,2,True,1,8,1,dynamic
Kasparov.pgn,Kasparov,black,"Gelfand, Boris",Linares,Linares,1990.??.??,1990,1,"Gelfand, Boris","Kasparov, Gary",2615.0,2800.0,1/2-1/2,draw,draw,E99,,89,44.5,23,7,2,0,True,True,12,4,True,0,11,3,dynamic
Kasparov.pgn,Kasparov,white,"Short, Nigel D",Linares,Linares,1990.??.??,1990,2,"Kasparov, Gary","Short, Nigel D",2800.0,2635.0,1-0,white_win,win,A26,,95,47.5,21,10,2,0,True,True,11,6,True,0,10,4,dynamic
Kasparov.pgn,Kasparov,black,"Portisch, Lajos",Linares,Linares,1990.??.??,1990,3,"Portisch, Lajos","Kasparov, Gary",2605.0,2800.0,0-1,black_win,win,E97,,54,27.0,13,1,2,0,True,True,7,1,True,0,6,0,dynamic
Kasparov.pgn,Kasparov,white,"Spassky, Boris V",Linares,Linares,1990.??.??,1990,4,"Kasparov, Gary","Spassky, Boris V",2800.0,2560.0,1-0,white_win,win,E35,,57,28.5,12,3,0,0,False,False,7,2,False,0,5,1,dynamic
Kasparov.pgn,Kasparov,black,"Jussupow, Artur",Linares,Linares,1990.??.??,1990,5,"Jussupow, Artur","Kasparov, Gary",2615.0,2800.0,0-1,black_win,win,E69,,126,63.0,22,2,2,0,True,True,11,2,True,0,11,0,dynamic
Kasparov.pgn,Kasparov,white,"Ljubojevic, Ljubomir",Linares,Linares,1990.??.??,1990,6,"Kasparov, Gary","Ljubojevic, Ljubomir",2800.0,2625.0,1/2-1/2,draw,draw,E20,,54,27.0,19,5,0,0,False,False,9,3,False,0,10,2,dynamic
Kasparov.pgn,Kasparov,black,"Ivanchuk, Vassily",Linares,Linares,1990.??.??,1990,7,"Ivanchuk, Vassily","Kasparov, Gary",2665.0,2800.0,0-1,black_win,win,B97,,86,43.0,19,6,2,0,True,True,9,3,True,0,10,3,dynamic
Kasparov.pgn,Kasparov,black,"Gulko, Boris F",Linares,Linares,1990.??.??,1990,8,"Gulko, Boris F","Kasparov, Gary",2610.0,2800.0,1-0,white_win,loss,E88,,107,53.5,16,3,2,0,True,True,7,2,True,0,9,1,dynamic
Kasparov.pgn,Kasparov,white,"Salov, Valery",Linares,Linares,1990.??.??,1990,9,"Kasparov, Gary","Salov, Valery",2800.0,2645.0,1/2-1/2,draw,draw,E20,,112,56.0,26,4,2,0,True,True,13,4,True,0,13,0,dynamic
Kasparov.pgn,Kasparov,black,"Beliavsky, Alexander G",Linares,Linares,1990.??.??,1990,10,"Beliavsky, Alexander G","Kasparov, Gary",2640.0,2800.0,1/2-1/2,draw,draw,E84,,81,40.5,21,2,2,0,True,True,11,2,True,0,10,0,dynamic
Kasparov.pgn,Kasparov,white,"Illescas Cordoba, Miguel",Linares,Linares,1990.??.??,1990,11,"Kasparov, Gary","Illescas Cordoba, Miguel",2800.0,2530.0,1-0,white_win,win,D34,,121,60.5,20,9,2,0,True,True,10,4,True,0,10,5,dynamic
Kasparov.pgn,Kasparov,black,"Karpov, Anatoly",World Championship 35th-KK5,Lyon/New York,1990.??.??,1990,1,"Karpov, Anatoly","Kasparov, Gary",2730.0,2800.0,1/2-1/2,draw,draw,E81,,60,30.0,17,0,2,0,True,True,8,0,True,0,9,0,dynamic
Kasparov.pgn,Kasparov,white,"Karpov, Anatoly",World Championship 35th-KK5,Lyon/New York,1990.??.??,1990,2,"Kasparov, Gary","Karpov, Anatoly",2800.0,2730.0,1-0,white_win,win,C92,,87,43.5,18,4,2,0,True,True,10,2,True,0,8,2,dynamic
Kasparov.pgn,Kasparov,black,"Karpov, Anatoly",World Championship 35th-KK5,Lyon/New York,1990.??.??,1990,3,"Karpov, Anatoly","Kasparov, Gary",2730.0,2800.0,1/2-1/2,draw,draw,E92,,105,52.5,24,8,2,0,True,True,12,2,True,0,12,6,dynamic
Kasparov.pgn,Kasparov,white,"Karpov, Anatoly",World Championship 35th-KK5,Lyon/New York,1990.??.??,1990,4,"Kasparov, Gary","Karpov, Anatoly",2800.0,2730.0,1/2-1/2,draw,draw,C92,,80,40.0,16,6,2,0,True,True,7,5,True,0,9,1,dynamic
Kasparov.pgn,Kasparov,black,"Karpov, Anatoly",World Championship 35th-KK5,Lyon/New York,1990.??.??,1990,5,"Karpov, Anatoly","Kasparov, Gary",2730.0,2800.0,1/2-1/2,draw,draw,E94,,71,35.5,16,0,2,0,True,True,8,0,True,0,8,0,dynamic
Kasparov.pgn,Kasparov,white,"Karpov, Anatoly",World Championship 35th-KK5,Lyon/New York,1990.??.??,1990,6,"Kasparov, Gary","Karpov, Anatoly",2800.0,2730.0,1/2-1/2,draw,draw,C92,,82,41.0,17,0,2,0,True,True,8,0,True,0,9,0,dynamic
Kasparov.pgn,Kasparov,black,"Karpov, Anatoly",World Championship 35th-KK5,Lyon/New York,1990.??.??,1990,7,"Karpov, Anatoly","Kasparov, Gary",2730.0,2800.0,1-0,white_win,loss,E94,,87,43.5,21,1,2,0,True,True,10,1,True,0,11,0,dynamic
Kasparov.pgn,Kasparov,white,"Karpov, Anatoly",World Championship 35th-KK5,Lyon/New York,1990.??.??,1990,8,"Kasparov, Gary","Karpov, Anatoly",2800.0,2730.0,1/2-1/2,draw,draw,C92,,167,83.5,23,14,2,0,True,True,11,4,True,0,12,10,dynamic
Kasparov.pgn,Kasparov,black,"Karpov, Anatoly",World Championship 35th-KK5,Lyon/New York,1990.??.??,1990,9,"Karpov, Anatoly","Kasparov, Gary",2730.0,2800.0,1/2-1/2,draw,draw,D85,,67,33.5,16,0,2,0,True,True,8,0,True,0,8,0,dynamic
Kasparov.pgn,Kasparov,white,"Karpov, Anatoly",World Championship 35th-KK5,Lyon/New York,1990.??.??,1990,10,"Kasparov, Gary","Karpov, Anatoly",2800.0,2730.0,1/2-1/2,draw,draw,C43,,35,17.5,8,3,1,0,True,False,4,3,True,0,4,0,dynamic
Kasparov.pgn,Kasparov,black,"Karpov, Anatoly",World Championship 35th-KK5,Lyon/New York,1990.??.??,1990,11,"Karpov, Anatoly","Kasparov, Gary",2730.0,2800.0,1/2-1/2,draw,draw,E92,,48,24.0,11,2,2,0,True,True,5,2,True,0,6,0,dynamic
Kasparov.pgn,Kasparov,white,"Karpov, Anatoly",World Championship 35th-KK5,Lyon/New York,1990.??.??,1990,12,"Kasparov, Gary","Karpov, Anatoly",2800.0,2730.0,1/2-1/2,draw,draw,C92,,73,36.5,14,2,2,0,True,True,7,2,True,0,7,0,dynamic
Kasparov.pgn,Kasparov,black,"Karpov, Anatoly",World Championship 35th-KK5,Lyon/New York,1990.??.??,1990,13,"Karpov, Anatoly","Kasparov, Gary",2730.0,2800.0,1/2-1/2,draw,draw,D85,,83,41.5,20,0,2,0,True,True,10,0,True,0,10,0,dynamic
Kasparov.pgn,Kasparov,white,"Karpov, Anatoly",World Championship 35th-KK5,Lyon/New York,1990.??.??,1990,14,"Kasparov, Gary","Karpov, Anatoly",2800.0,2730.0,1/2-1/2,draw,draw,C45,,80,40.0,20,7,2,0,True,True,10,2,True,0,10,5,dynamic
Kasparov.pgn,Kasparov,black,"Karpov, Anatoly",World Championship 35th-KK5,Lyon/New York,1990.??.??,1990,15,"Karpov, Anatoly","Kasparov, Gary",2730.0,2800.0,1/2-1/2,draw,draw,D85,,66,33.0,16,3,1,0,False,True,8,2,True,0,8,1,dynamic
Kasparov.pgn,Kasparov,white,"Karpov, Anatoly",World Championship 35th-KK5,Lyon/New York,1990.??.??,1990,16,"Kasparov, Gary","Karpov, Anatoly",2800.0,2730.0,1-0,white_win,win,C45,,203,101.5,24,19,2,0,True,True,12,12,True,0,12,7,dynamic
Kasparov.pgn,Kasparov,black,"Karpov, Anatoly",World Championship 35th-KK5,Lyon/New York,1990.??.??,1990,17,"Karpov, Anatoly","Kasparov, Gary",2730.0,2800.0,1-0,white_win,loss,D85,,79,39.5,12,0,2,0,True,True,6,0,True,0,6,0,dynamic
Kasparov.pgn,Kasparov,white,"Karpov, Anatoly",World Championship 35th-KK5,Lyon/New York,1990.??.??,1990,18,"Kasparov, Gary","Karpov, Anatoly",2800.0,2730.0,1-0,white_win,win,C92,,113,56.5,21,2,2,0,True,True,11,2,True,0,10,0,dynamic
Kasparov.pgn,Kasparov,black,"Karpov, Anatoly",World Championship 35th-KK5,Lyon/New York,1990.??.??,1990,19,"Karpov, Anatoly","Kasparov, Gary",2730.0,2800.0,1/2-1/2,draw,draw,E92,,78,39.0,9,0,1,0,False,True,4,0,True,0,5,0,dynamic
Kasparov.pgn,Kasparov,white,"Karpov, Anatoly",World Championship 35th-KK5,Lyon/New York,1990.??.??,1990,20,"Kasparov, Gary","Karpov, Anatoly",2800.0,2730.0,1-0,white_win,win,C92,,81,40.5,18,7,2,0,True,True,10,7,True,0,8,0,dynamic
Kasparov.pgn,Kasparov,black,"Karpov, Anatoly",World Championship 35th-KK5,Lyon/New York,1990.??.??,1990,21,"Karpov, Anatoly","Kasparov, Gary",2730.0,2800.0,1/2-1/2,draw,draw,E87,,172,86.0,25,23,2,2,True,True,13,17,True,1,12,6,dynamic
Kasparov.pgn,Kasparov,white,"Karpov, Anatoly",World Championship 35th-KK5,Lyon/New York,1990.??.??,1990,22,"Kasparov, Gary","Karpov, Anatoly",2800.0,2730.0,1/2-1/2,draw,draw,C92,,85,42.5,20,5,2,0,True,True,11,4,True,0,9,1,dynamic
Kasparov.pgn,Kasparov,black,"Karpov, Anatoly",World Championship 35th-KK5,Lyon/New York,1990.??.??,1990,23,"Karpov, Anatoly","Kasparov, Gary",2730.0,2800.0,1-0,white_win,loss,E87,,57,28.5,12,2,2,0,True,True,6,2,True,0,6,0,dynamic
Kasparov.pgn,Kasparov,white,"Karpov, Anatoly",World Championship 35th-KK5,Lyon/New York,1990.??.??,1990,24,"Kasparov, Gary","Karpov, Anatoly",2800.0,2730.0,1/2-1/2,draw,draw,A17,,71,35.5,12,0,2,0,True,True,7,0,True,0,5,0,dynamic
Kasparov.pgn,Kasparov,black,"Psakhis, Lev",Murcia m,Murcia,1990.??.??,1990,1,"Psakhis, Lev","Kasparov, Gary",2575.0,2800.0,0-1,black_win,win,E81,,71,35.5,18,3,2,0,True,True,10,2,True,0,8,1,dynamic
Kasparov.pgn,Kasparov,white,"Psakhis, Lev",Murcia m,Murcia,1990.??.??,1990,2,"Kasparov, Gary","Psakhis, Lev",2800.0,2575.0,1/2-1/2,draw,draw,E13,,85,42.5,20,7,2,0,True,True,10,3,True,0,10,4,dynamic
Kasparov.pgn,Kasparov,black,"Psakhis, Lev",Murcia m,Murcia,1990.??.??,1990,3,"Psakhis, Lev","Kasparov, Gary",2575.0,2800.0,1/2-1/2,draw,draw,E81,,98,49.0,20,2,2,0,True,True,10,1,True,0,10,1,dynamic
Kasparov.pgn,Kasparov,white,"Psakhis, Lev",Murcia m,Murcia,1990.??.??,1990,4,"Kasparov, Gary","Psakhis, Lev",2800.0,2575.0,1-0,white_win,win,A46,,85,42.5,14,3,2,0,True,True,8,3,True,0,6,0,dynamic
Kasparov.pgn,Kasparov,black,"Psakhis, Lev",Murcia m,Murcia,1990.??.??,1990,5,"Psakhis, Lev","Kasparov, Gary",2575.0,2800.0,0-1,black_win,win,A26,,60,30.0,11,1,2,0,True,True,5,1,True,0,6,0,dynamic
Kasparov.pgn,Kasparov,white,"Psakhis, Lev",Murcia m,Murcia,1990.??.??,1990,6,"Kasparov, Gary","Psakhis, Lev",2800.0,2575.0,1-0,white_win,win,E42,,71,35.5,17,2,2,0,True,True,9,1,True,0,8,1,dynamic
Kasparov.pgn,Kasparov,white,"Kortschnoj, Viktor",Paris Immopar,Paris,1990.??.??,1990,?,"Kasparov, Gary","Kortschnoj, Viktor",2800.0,2625.0,1/2-1/2,draw,draw,A25,,120,60.0,17,0,2,0,True,True,9,0,True,0,8,0,dynamic
Kasparov.pgn,Kasparov,white,"Kortschnoj, Viktor",Paris Immopar,Paris,1990.??.??,1990,?,"Kasparov, Gary","Kortschnoj, Viktor",2800.0,2625.0,1/2-1/2,draw,draw,A29,,62,31.0,11,0,2,0,True,True,5,0,True,0,6,0,dynamic
Kasparov.pgn,Kasparov,white,"Short, Nigel D",Paris Immopar,Paris,1990.??.??,1990,?,"Kasparov, Gary","Short, Nigel D",2800.0,2635.0,1-0,white_win,win,A10,,117,58.5,25,3,2,0,True,True,13,2,True,0,12,1,dynamic
Kasparov.pgn,Kasparov,white,"Speelman, Jonathan S",Paris Immopar,Paris,1990.??.??,1990,?,"Kasparov, Gary","Speelman, Jonathan S",2800.0,2610.0,1-0,white_win,win,B07,,71,35.5,15,1,0,0,False,False,8,1,False,0,7,0,dynamic
Kasparov.pgn,Kasparov,black,"Kortschnoj, Viktor",Paris Immopar,Paris,1990.??.??,1990,?,"Kortschnoj, Viktor","Kasparov, Gary",2625.0,2800.0,1/2-1/2,draw,draw,E60,,82,41.0,14,0,2,0,True,True,7,0,True,0,7,0,dynamic
Kasparov.pgn,Kasparov,black,"Kortschnoj, Viktor",Paris Immopar,Paris,1990.??.??,1990,?,"Kortschnoj, Viktor","Kasparov, Gary",2625.0,2800.0,1/2-1/2,draw,draw,A49,,51,25.5,16,6,0,0,False,False,8,6,False,0,8,0,dynamic
Kasparov.pgn,Kasparov,black,"Short, Nigel D",Paris Immopar,Paris,1990.??.??,1990,?,"Short, Nigel D","Kasparov, Gary",2635.0,2800.0,1-0,white_win,loss,B21,,103,51.5,23,10,2,0,True,True,11,1,True,0,12,9,dynamic
Kasparov.pgn,Kasparov,black,"Speelman, Jonathan S",Paris Immopar,Paris,1990.??.??,1990,?,"Speelman, Jonathan S","Kasparov, Gary",2610.0,2800.0,1/2-1/2,draw,draw,E92,,84,42.0,21,2,1,0,False,True,11,0,True,0,10,2,dynamic
Kasparov.pgn,Kasparov,white,"Hansen, Curt",Svendborg m,Svendborg,1990.??.??,1990,1,"Kasparov, Gary","Hansen, Curt",2800.0,2570.0,1-0,white_win,win,B07,,58,29.0,11,1,2,0,True,True,6,0,True,0,5,1,dynamic
Kasparov.pgn,Kasparov,black,"Hansen, Curt",Svendborg m,Svendborg,1990.??.??,1990,2,"Hansen, Curt","Kasparov, Gary",2570.0,2800.0,1/2-1/2,draw,draw,E90,,77,38.5,13,10,2,0,True,True,7,7,True,0,6,3,dynamic
Kasparov.pgn,Kasparov,black,"Van der Wiel, John TH",Euwe mem,Amsterdam,1991.??.??,1991,1,"Van der Wiel, John TH","Kasparov, Gary",2530.0,2800.0,1/2-1/2,draw,draw,B96,,48,24.0,12,3,1,0,True,False,6,0,False,0,6,3,dynamic
Kasparov.pgn,Kasparov,white,"Gurevich, Mikhail",Euwe mem,Amsterdam,1991.??.??,1991,2,"Kasparov, Gary","Gurevich, Mikhail",2800.0,2650.0,1/2-1/2,draw,draw,A86,,75,37.5,17,3,2,0,True,True,8,3,True,0,9,0,dynamic
Kasparov.pgn,Kasparov,black,"Short, Nigel D",Euwe mem,Amsterdam,1991.??.??,1991,3,"Short, Nigel D","Kasparov, Gary",2635.0,2800.0,1/2-1/2,draw,draw,B85,,74,37.0,16,1,2,0,True,True,8,1,True,0,8,0,dynamic
Kasparov.pgn,Kasparov,white,"Salov, Valery",Euwe mem,Amsterdam,1991.??.??,1991,4,"Kasparov, Gary","Salov, Valery",2800.0,2645.0,1/2-1/2,draw,draw,B30,,75,37.5,18,0,2,0,True,True,10,0,True,0,8,0,dynamic
Kasparov.pgn,Kasparov,black,"Hjartarson, Johann",Euwe mem,Amsterdam,1991.??.??,1991,5,"Hjartarson, Johann","Kasparov, Gary",2535.0,2800.0,1/2-1/2,draw,draw,E81,,88,44.0,22,8,1,0,False,True,11,6,True,0,11,2,dynamic
Kasparov.pgn,Kasparov,white,"Karpov, Anatoly",Euwe mem,Amsterdam,1991.??.??,1991,6,"Kasparov, Gary","Karpov, Anatoly",2800.0,2725.0,1/2-1/2,draw,draw,C92,,122,61.0,23,6,2,1,True,True,12,3,True,0,11,3,dynamic
Kasparov.pgn,Kasparov,black,"Kortschnoj, Viktor",Euwe mem,Amsterdam,1991.??.??,1991,7,"Kortschnoj, Viktor","Kasparov, Gary",2615.0,2800.0,0-1,black_win,win,E99,,62,31.0,9,0,2,0,True,True,4,0,True,0,5,0,dynamic
Kasparov.pgn,Kasparov,white,"Timman, Jan H",Euwe mem,Amsterdam,1991.??.??,1991,8,"Kasparov, Gary","Timman, Jan H",2800.0,2630.0,1/2-1/2,draw,draw,E12,,57,28.5,15,1,1,0,False,True,8,1,False,0,7,0,dynamic
Kasparov.pgn,Kasparov,black,"Ljubojevic, Ljubomir",Euwe mem,Amsterdam,1991.??.??,1991,9,"Ljubojevic, Ljubomir","Kasparov, Gary",2590.0,2800.0,0-1,black_win,win,B51,,80,40.0,14,3,1,0,True,False,7,1,False,0,7,2,dynamic
Kasparov.pgn,Kasparov,white,"Spanghero, Nicola",Asiago Ludi Univ sim,Asiago,1991.??.??,1991,1,"Kasparov, Gary","Spanghero, Nicola",2800.0,,1-0,white_win,win,A56,,99,49.5,17,0,1,0,False,True,9,0,False,0,8,0,dynamic
Kasparov.pgn,Kasparov,white,"Spinelli, Doriano",Asiago Ludi Univ sim,Asiago,1991.??.??,1991,1,"Kasparov, Gary","Spinelli, Doriano",2800.0,,1-0,white_win,win,A85,,69,34.5,14,2,2,0,True,True,7,0,True,0,7,2,dynamic
Kasparov.pgn,Kasparov,white,"Capitelli, Paolo",Asiago Ludi Univ sim,Asiago,1991.??.??,1991,1,"Kasparov, Gary","Capitelli, Paolo",2800.0,,1-0,white_win,win,E69,,75,37.5,10,0,2,0,True,True,5,0,True,0,5,0,dynamic
Kasparov.pgn,Kasparov,white,"De Poi, Paolo",Asiago Ludi Univ sim,Asiago,1991.??.??,1991,1,"Kasparov, Gary","De Poi, Paolo",2800.0,,1-0,white_win,win,D45,,96,48.0,10,2,2,0,True,True,5,2,True,0,5,0,dynamic
Kasparov.pgn,Kasparov,white,"Bertacco, Piero",Asiago Ludi Univ sim,Asiago,1991.??.??,1991,1,"Kasparov, Gary","Bertacco, Piero",2800.0,,1-0,white_win,win,B18,,30,15.0,7,0,1,0,True,False,4,0,True,0,3,0,dynamic
Kasparov.pgn,Kasparov,white,"Dellair, Abdul Malek",Asiago Ludi Univ sim,Asiago,1991.??.??,1991,1,"Kasparov, Gary","Dellair, Abdul Malek",2800.0,,1-0,white_win,win,B08,,50,25.0,11,1,2,0,True,True,6,0,True,0,5,1,dynamic
Kasparov.pgn,Kasparov,white,"Guaglianone, Mario",Asiago Ludi Univ sim,Asiago,1991.??.??,1991,1,"Kasparov, Gary","Guaglianone, Mario",2800.0,,1-0,white_win,win,E14,,75,37.5,15,0,2,0,True,True,9,0,True,0,6,0,dynamic
Kasparov.pgn,Kasparov,white,"Mosna, Stefano",Asiago Ludi Univ sim,Asiago,1991.??.??,1991,1,"Kasparov, Gary","Mosna, Stefano",2800.0,,1/2-1/2,draw,draw,C01,,65,32.5,12,1,2,0,True,True,6,0,True,0,6,1,dynamic
Kasparov.pgn,Kasparov,white,"Boscolo, Max",Asiago Ludi Univ sim,Asiago,1991.??.??,1991,1,"Kasparov, Gary","Boscolo, Max",2800.0,,1-0,white_win,win,A48,,107,53.5,21,3,2,0,True,True,11,2,True,0,10,1,dynamic
Kasparov.pgn,Kasparov,white,"Ferioli, Franco",Asiago Ludi Univ sim,Asiago,1991.??.??,1991,1,"Kasparov, Gary","Ferioli, Franco",2800.0,,1-0,white_win,win,E91,,53,26.5,8,0,2,0,True,True,4,0,True,0,4,0,dynamic
Kasparov.pgn,Kasparov,white,"Di Fonzo, Valerio",Asiago Ludi Univ sim,Asiago,1991.??.??,1991,1,"Kasparov, Gary","Di Fonzo, Valerio",2800.0,,1-0,white_win,win,C80,,119,59.5,25,5,2,0,True,True,13,5,True,0,12,0,dynamic
Kasparov.pgn,Kasparov,white,"Paci, Daniele",Asiago Ludi Univ sim,Asiago,1991.??.??,1991,1,"Kasparov, Gary","Paci, Daniele",2800.0,,1-0,white_win,win,D06,,87,43.5,19,4,2,0,True,True,10,4,True,0,9,0,dynamic
Kasparov.pgn,Kasparov,white,"Piva, Giorgio",Asiago Ludi Univ sim,Asiago,1991.??.??,1991,1,"Kasparov, Gary","Piva, Giorgio",2800.0,,1/2-1/2,draw,draw,E08,,90,45.0,16,4,2,0,True,True,8,1,True,0,8,3,dynamic
Kasparov.pgn,Kasparov,white,"Rigoni, V.",Asiago Ludi Univ sim,Asiago,1991.??.??,1991,1,"Kasparov, Gary","Rigoni, V.",2800.0,,1-0,white_win,win,C68,,83,41.5,22,1,2,0,True,True,11,0,True,0,11,1,dynamic
Kasparov.pgn,Kasparov,white,"Ziglio, Roberto",Asiago Ludi Univ sim,Asiago,1991.??.??,1991,1,"Kasparov, Gary","Ziglio, Roberto",2800.0,,1/2-1/2,draw,draw,A04,,58,29.0,13,2,2,0,True,True,6,0,True,0,7,2,dynamic
Kasparov.pgn,Kasparov,white,"Viaggi, Giovanni",Asiago Ludi Univ sim,Asiago,1991.??.??,1991,1,"Kasparov, Gary","Viaggi, Giovanni",2800.0,,1-0,white_win,win,D35,,89,44.5,17,2,2,0,True,True,9,2,True,0,8,0,dynamic
Kasparov.pgn,Kasparov,white,"Negra, Massimiliano",Asiago Ludi Univ sim,Asiago,1991.??.??,1991,1,"Kasparov, Gary","Negra, Massimiliano",2800.0,,1-0,white_win,win,D20,,57,28.5,11,7,2,0,True,True,6,6,True,0,5,1,dynamic
Kasparov.pgn,Kasparov,white,"Bellemo, Luca",Asiago Ludi Univ sim,Asiago,1991.??.??,1991,1,"Kasparov, Gary","Bellemo, Luca",2800.0,,1/2-1/2,draw,draw,D36,,88,44.0,18,4,2,0,True,True,9,2,True,0,9,2,dynamic
Kasparov.pgn,Kasparov,white,"Sbarra, Marco",Asiago Ludi Univ sim,Asiago,1991.??.??,1991,1,"Kasparov, Gary","Sbarra, Marco",2800.0,,1-0,white_win,win,D94,,83,41.5,10,2,1,0,False,True,5,2,False,0,5,0,dynamic
Kasparov.pgn,Kasparov,white,"Bavagnoli, Gabriele",Asiago Ludi Univ sim,Asiago,1991.??.??,1991,1,"Kasparov, Gary","Bavagnoli, Gabriele",2800.0,,1-0,white_win,win,A57,,59,29.5,11,3,2,0,True,True,6,3,True,0,5,0,dynamic
Kasparov.pgn,Kasparov,white,"Beade, Cesar",Galicia simul,Galicia,1991.??.??,1991,?,"Kasparov, Gary","Beade, Cesar",2800.0,,1/2-1/2,draw,draw,D32,,46,23.0,12,0,2,0,True,True,6,0,True,0,6,0,dynamic
Kasparov.pgn,Kasparov,white,"Gonzalez Larranaga, Y.",Galicia simul,Galicia,1991.??.??,1991,?,"Kasparov, Gary","Gonzalez Larranaga, Y.",2800.0,,1-0,white_win,win,C54,,71,35.5,7,0,2,0,True,True,4,0,True,0,3,0,dynamic
Kasparov.pgn,Kasparov,white,"Garza Castro, R.",Galicia simul,Galicia,1991.??.??,1991,?,"Kasparov, Gary","Garza Castro, R.",2800.0,,1-0,white_win,win,C42,,81,40.5,18,3,2,0,True,True,10,3,True,0,8,0,dynamic
Kasparov.pgn,Kasparov,white,"Iglesias, Alejandro",Galicia simul,Galicia,1991.??.??,1991,?,"Kasparov, Gary","Iglesias, Alejandro",2800.0,2275.0,1-0,white_win,win,A25,,85,42.5,21,6,2,0,True,True,11,4,True,0,10,2,dynamic
Kasparov.pgn,Kasparov,white,"Marcote, P.",Galicia simul,Galicia,1991.??.??,1991,?,"Kasparov, Gary","Marcote, P.",2800.0,,1-0,white_win,win,A25,,33,16.5,5,1,0,0,False,False,3,1,False,0,2,0,dynamic
Kasparov.pgn,Kasparov,white,"Lago, Victor Miguel",Galicia simul,Galicia,1991.??.??,1991,?,"Kasparov, Gary","Lago, Victor Miguel",2800.0,,1-0,white_win,win,E94,,71,35.5,18,2,2,0,True,True,10,2,True,0,8,0,dynamic
Kasparov.pgn,Kasparov,white,"Carrazoni, A.",Galicia simul,Galicia,1991.??.??,1991,?,"Kasparov, Gary","Carrazoni, A.",2800.0,,1-0,white_win,win,E91,,78,39.0,19,1,2,2,True,True,10,0,True,1,9,1,dynamic
Kasparov.pgn,Kasparov,white,"Carreras, Francisco",Galicia simul,Galicia,1991.??.??,1991,?,"Kasparov, Gary","Carreras, Francisco",2800.0,2270.0,1/2-1/2,draw,draw,A30,,96,48.0,21,1,2,0,True,True,11,1,True,0,10,0,dynamic
Kasparov.pgn,Kasparov,white,"Casares, F.",Galicia simul,Galicia,1991.??.??,1991,?,"Kasparov, Gary","Casares, F.",2800.0,,1-0,white_win,win,D06,,71,35.5,16,5,2,0,True,True,8,5,True,0,8,0,dynamic
Kasparov.pgn,Kasparov,white,"Cid, D.",Galicia simul,Galicia,1991.??.??,1991,?,"Kasparov, Gary","Cid, D.",2800.0,,1-0,white_win,win,C62,,25,12.5,2,3,1,0,False,True,1,3,False,0,1,0,dynamic
Kasparov.pgn,Kasparov,white,"De la Fuente, F.",Galicia simul,Galicia,1991.??.??,1991,?,"Kasparov, Gary","De la Fuente, F.",2800.0,,1-0,white_win,win,D03,,79,39.5,19,3,2,0,True,True,10,3,True,0,9,0,dynamic
Kasparov.pgn,Kasparov,white,"Fernandez, Rodrigo Amaral",Galicia simul,Galicia,1991.??.??,1991,?,"Kasparov, Gary","Fernandez, Rodrigo Amaral",2800.0,,1-0,white_win,win,B01,,75,37.5,13,4,1,0,True,False,7,4,True,0,6,0,dynamic
Kasparov.pgn,Kasparov,white,"Freire, R.",Galicia simul,Galicia,1991.??.??,1991,?,"Kasparov, Gary","Freire, R.",2800.0,,1-0,white_win,win,C66,,80,40.0,22,3,2,0,True,True,11,3,True,0,11,0,dynamic
Kasparov.pgn,Kasparov,white,"Garcia Santos, G.",Galicia simul,Galicia,1991.??.??,1991,?,"Kasparov, Gary","Garcia Santos, G.",2800.0,,1-0,white_win,win,C60,,71,35.5,16,3,0,0,False,False,8,2,False,0,8,1,dynamic
Kasparov.pgn,Kasparov,white,"Larrosa, Jose",Galicia simul,Galicia,1991.??.??,1991,?,"Kasparov, Gary","Larrosa, Jose",2800.0,2260.0,1/2-1/2,draw,draw,D30,,69,34.5,10,0,2,0,True,True,5,0,True,0,5,0,dynamic
Kasparov.pgn,Kasparov,white,"Marcote, J.",Galicia simul,Galicia,1991.??.??,1991,?,"Kasparov, Gary","Marcote, J.",2800.0,,1-0,white_win,win,E68,,89,44.5,18,4,2,0,True,True,10,3,True,0,8,1,dynamic
Kasparov.pgn,Kasparov,white,"Vazquez, Fermin",Galicia simul,Galicia,1991.??.??,1991,?,"Kasparov, Gary","Vazquez, Fermin",2800.0,,1-0,white_win,win,A04,,69,34.5,17,0,2,0,True,True,9,0,True,0,8,0,dynamic
Kasparov.pgn,Kasparov,white,Martinez,Galicia simul,Galicia,1991.??.??,1991,?,"Kasparov, Gary",Martinez,2800.0,,1-0,white_win,win,A28,,113,56.5,22,8,1,0,False,True,12,4,False,0,10,4,dynamic
Kasparov.pgn,Kasparov,white,"Nunez, A.",Galicia simul,Galicia,1991.??.??,1991,?,"Kasparov, Gary","Nunez, A.",2800.0,2285.0,1-0,white_win,win,A04,,59,29.5,12,0,2,0,True,True,6,0,True,0,6,0,dynamic
Kasparov.pgn,Kasparov,white,"Paleo, D.",Galicia simul,Galicia,1991.??.??,1991,?,"Kasparov, Gary","Paleo, D.",2800.0,,1-0,white_win,win,D20,,31,15.5,7,1,2,0,True,True,4,1,True,0,3,0,dynamic
Kasparov.pgn,Kasparov,white,"Pena Rodriguez, J.",Galicia simul,Galicia,1991.??.??,1991,?,"Kasparov, Gary","Pena Rodriguez, J.",2800.0,,1-0,white_win,win,E94,,53,26.5,13,0,2,0,True,True,7,0,True,0,6,0,dynamic
Kasparov.pgn,Kasparov,white,"Permuy, Carlos",Galicia simul,Galicia,1991.??.??,1991,?,"Kasparov, Gary","Permuy, Carlos",2800.0,2260.0,1/2-1/2,draw,draw,A86,,80,40.0,20,4,0,0,False,False,9,1,False,0,11,3,dynamic
Kasparov.pgn,Kasparov,white,"Prieto, A.",Galicia simul,Galicia,1991.??.??,1991,?,"Kasparov, Gary","Prieto, A.",2800.0,,1-0,white_win,win,E61,,41,20.5,9,1,0,0,False,False,5,1,False,0,4,0,dynamic
Kasparov.pgn,Kasparov,white,Rey,Galicia simul,Galicia,1991.??.??,1991,?,"Kasparov, Gary",Rey,2800.0,,1-0,white_win,win,D13,,83,41.5,22,5,1,1,False,True,13,2,False,1,9,3,dynamic
Kasparov.pgn,Kasparov,white,"Rodriguez Miguens, D.",Galicia simul,Galicia,1991.??.??,1991,?,"Kasparov, Gary","Rodriguez Miguens, D.",2800.0,,1/2-1/2,draw,draw,D36,,42,21.0,6,0,2,0,True,True,3,0,True,0,3,0,dynamic
Kasparov.pgn,Kasparov,white,"Souto, E.",Galicia simul,Galicia,1991.??.??,1991,?,"Kasparov, Gary","Souto, E.",2800.0,,1-0,white_win,win,A80,,37,18.5,6,2,1,0,False,True,3,2,False,0,3,0,dynamic
Kasparov.pgn,Kasparov,white,"Suarez, Diego",Galicia simul,Galicia,1991.??.??,1991,?,"Kasparov, Gary","Suarez, Diego",2800.0,,1-0,white_win,win,A18,,61,30.5,16,3,2,0,True,True,9,2,True,0,7,1,dynamic
Kasparov.pgn,Kasparov,white,"Veiga Goy, Jose Luis",Galicia simul,Galicia,1991.??.??,1991,?,"Kasparov, Gary","Veiga Goy, Jose Luis",2800.0,,1-0,white_win,win,E41,,99,49.5,22,6,2,0,True,True,11,1,True,0,11,5,dynamic
Kasparov.pgn,Kasparov,black,"Ivanchuk, Vassily",Linares,Linares,1991.??.??,1991,1,"Ivanchuk, Vassily","Kasparov, Gary",2695.0,2800.0,1-0,white_win,loss,B51,,75,37.5,14,4,1,0,True,False,7,0,False,0,7,4,dynamic
Kasparov.pgn,Kasparov,white,"Gelfand, Boris",Linares,Linares,1991.??.??,1991,2,"Kasparov, Gary","Gelfand, Boris",2800.0,2700.0,1-0,white_win,win,D45,,75,37.5,15,3,2,0,True,True,8,0,True,0,7,3,dynamic
Kasparov.pgn,Kasparov,black,"Timman, Jan H",Linares,Linares,1991.??.??,1991,3,"Timman, Jan H","Kasparov, Gary",2630.0,2800.0,1/2-1/2,draw,draw,D03,,58,29.0,10,1,2,0,True,True,5,1,True,0,5,0,dynamic
Kasparov.pgn,Kasparov,black,"Gurevich, Mikhail",Linares,Linares,1991.??.??,1991,4,"Gurevich, Mikhail","Kasparov, Gary",2650.0,2800.0,0-1,black_win,win,E21,,84,42.0,19,4,2,0,True,True,10,2,True,0,9,2,dynamic
Kasparov.pgn,Kasparov,white,"Speelman, Jonathan S",Linares,Linares,1991.??.??,1991,5,"Kasparov, Gary","Speelman, Jonathan S",2800.0,2610.0,1/2-1/2,draw,draw,A35,,100,50.0,24,1,2,0,True,True,13,0,True,0,11,1,dynamic
Kasparov.pgn,Kasparov,black,"Salov, Valery",Linares,Linares,1991.??.??,1991,6,"Salov, Valery","Kasparov, Gary",2645.0,2800.0,1/2-1/2,draw,draw,E68,,62,31.0,6,0,2,0,True,True,3,0,True,0,3,0,dynamic
Kasparov.pgn,Kasparov,white,"Kamsky, Gata",Linares,Linares,1991.??.??,1991,7,"Kasparov, Gary","Kamsky, Gata",2800.0,2640.0,1-0,white_win,win,A50,,61,30.5,15,2,1,0,False,True,7,2,False,0,8,0,dynamic
Kasparov.pgn,Kasparov,black,"Karpov, Anatoly",Linares,Linares,1991.??.??,1991,8,"Karpov, Anatoly","Kasparov, Gary",2725.0,2800.0,1/2-1/2,draw,draw,D45,,64,32.0,16,4,2,0,True,True,8,2,True,0,8,2,dynamic
Kasparov.pgn,Kasparov,white,"Beliavsky, Alexander G",Linares,Linares,1991.??.??,1991,9,"Kasparov, Gary","Beliavsky, Alexander G",2800.0,2640.0,1-0,white_win,win,A19,,67,33.5,10,1,2,0,True,True,5,1,True,0,5,0,dynamic
Kasparov.pgn,Kasparov,black,"Ehlvest, Jaan",Linares,Linares,1991.??.??,1991,10,"Ehlvest, Jaan","Kasparov, Gary",2650.0,2800.0,0-1,black_win,win,B41,,80,40.0,12,2,2,0,True,True,7,2,True,0,5,0,dynamic
Kasparov.pgn,Kasparov,white,"Anand, Viswanathan",Linares,Linares,1991.??.??,1991,11,"Kasparov, Gary","Anand, Viswanathan",2800.0,2635.0,1/2-1/2,draw,draw,C43,,54,27.0,16,2,2,0,True,True,8,1,True,0,8,1,dynamic
Kasparov.pgn,Kasparov,black,"Ljubojevic, Ljubomir",Linares,Linares,1991.??.??,1991,12,"Ljubojevic, Ljubomir","Kasparov, Gary",2590.0,2800.0,0-1,black_win,win,B23,,86,43.0,17,11,2,0,True,True,10,8,True,0,7,3,dynamic
Kasparov.pgn,Kasparov,white,"Jussupow, Artur",Linares,Linares,1991.??.??,1991,13,"Kasparov, Gary","Jussupow, Artur",2800.0,2605.0,1/2-1/2,draw,draw,A21,,79,39.5,26,6,2,0,True,True,13,5,True,0,13,1,dynamic
Kasparov.pgn,Kasparov,white,"Khalifman, Alexander",Paris Immopar rapid,Paris,1991.??.??,1991,1,"Kasparov, Gary","Khalifman, Alexander",2770.0,2630.0,1/2-1/2,draw,draw,D55,,90,45.0,18,3,2,0,True,True,9,2,True,0,9,1,dynamic
Kasparov.pgn,Kasparov,black,"Khalifman, Alexander",Paris Immopar rapid,Paris,1991.??.??,1991,1,"Khalifman, Alexander","Kasparov, Gary",2630.0,2770.0,0-1,black_win,win,E97,,64,32.0,17,1,2,0,True,True,9,1,True,0,8,0,dynamic
Kasparov.pgn,Kasparov,black,"Gelfand, Boris",Paris Immopar rapid,Paris,1991.??.??,1991,2,"Gelfand, Boris","Kasparov, Gary",2665.0,2770.0,0-1,black_win,win,E97,,150,75.0,25,15,2,0,True,True,14,5,True,0,11,10,dynamic
Kasparov.pgn,Kasparov,white,"Gelfand, Boris",Paris Immopar rapid,Paris,1991.??.??,1991,2,"Kasparov, Gary","Gelfand, Boris",2770.0,2665.0,1-0,white_win,win,B87,,71,35.5,14,2,2,0,True,True,7,2,True,0,7,0,dynamic
Kasparov.pgn,Kasparov,white,"Bareev, Evgeny",Paris Immopar rapid,Paris,1991.??.??,1991,3,"Kasparov, Gary","Bareev, Evgeny",2770.0,2680.0,1-0,white_win,win,C01,,91,45.5,21,6,2,0,True,True,11,5,True,0,10,1,dynamic
Kasparov.pgn,Kasparov,black,"Bareev, Evgeny",Paris Immopar rapid,Paris,1991.??.??,1991,3,"Bareev, Evgeny","Kasparov, Gary",2680.0,2770.0,0-1,black_win,win,D94,,38,19.0,13,0,2,0,True,True,7,0,True,0,6,0,dynamic
Kasparov.pgn,Kasparov,black,"Timman, Jan H",Paris Immopar rapid,Paris,1991.??.??,1991,4,"Timman, Jan H","Kasparov, Gary",2630.0,2770.0,1-0,white_win,loss,E88,,69,34.5,18,2,2,0,True,True,8,2,True,0,10,0,dynamic
Kasparov.pgn,Kasparov,white,"Timman, Jan H",Paris Immopar rapid,Paris,1991.??.??,1991,4,"Kasparov, Gary","Timman, Jan H",2770.0,2630.0,1/2-1/2,draw,draw,C43,,147,73.5,24,4,2,0,True,True,12,0,True,0,12,4,dynamic
Kasparov.pgn,Kasparov,black,"Timman, Jan H",Tilburg,Tilburg,1991.??.??,1991,1,"Timman, Jan H","Kasparov, Gary",2630.0,2770.0,0-1,black_win,win,E60,,70,35.0,17,4,2,0,True,True,9,3,True,0,8,1,dynamic
Kasparov.pgn,Kasparov,white,"Kortschnoj, Viktor",Tilburg,Tilburg,1991.??.??,1991,2,"Kasparov, Gary","Kortschnoj, Viktor",2770.0,2610.0,1-0,white_win,win,C01,,89,44.5,17,7,2,0,True,True,9,7,True,0,8,0,dynamic
Kasparov.pgn,Kasparov,black,"Kamsky, Gata",Tilburg,Tilburg,1991.??.??,1991,3,"Kamsky, Gata","Kasparov, Gary",2595.0,2770.0,1/2-1/2,draw,draw,B85,,90,45.0,18,5,2,0,True,True,10,3,True,0,8,2,dynamic
Kasparov.pgn,Kasparov,black,"Bareev, Evgeny",Tilburg,Tilburg,1991.??.??,1991,4,"Bareev, Evgeny","Kasparov, Gary",2680.0,2770.0,0-1,black_win,win,E92,,90,45.0,19,1,2,0,True,True,10,1,True,0,9,0,dynamic
Kasparov.pgn,Kasparov,white,"Anand, Viswanathan",Tilburg,Tilburg,1991.??.??,1991,5,"Kasparov, Gary","Anand, Viswanathan",2770.0,2650.0,1-0,white_win,win,B48,,57,28.5,13,4,1,0,True,False,6,2,True,0,7,2,dynamic
Kasparov.pgn,Kasparov,white,"Short, Nigel D",Tilburg,Tilburg,1991.??.??,1991,6,"Kasparov, Gary","Short, Nigel D",2770.0,2660.0,1/2-1/2,draw,draw,C01,,115,57.5,17,5,2,0,True,True,9,2,True,0,8,3,dynamic
Kasparov.pgn,Kasparov,black,"Anand, Viswanathan",Tilburg,Tilburg,1991.??.??,1991,6,"Anand, Viswanathan","Kasparov, Gary",2650.0,2770.0,1-0,white_win,loss,B82,,57,28.5,17,1,1,0,True,False,8,1,False,0,9,0,dynamic
Kasparov.pgn,Kasparov,black,"Karpov, Anatoly",Tilburg,Tilburg,1991.??.??,1991,7,"Karpov, Anatoly","Kasparov, Gary",2730.0,2770.0,1/2-1/2,draw,draw,E97,,228,114.0,26,24,2,0,True,True,12,9,True,0,14,15,dynamic
Kasparov.pgn,Kasparov,white,"Timman, Jan H",Tilburg,Tilburg,1991.??.??,1991,8,"Kasparov, Gary","Timman, Jan H",2770.0,2630.0,1-0,white_win,win,D94,,63,31.5,9,2,2,0,True,True,4,0,True,0,5,2,dynamic
Kasparov.pgn,Kasparov,black,"Kortschnoj, Viktor",Tilburg,Tilburg,1991.??.??,1991,9,"Kortschnoj, Viktor","Kasparov, Gary",2610.0,2770.0,1/2-1/2,draw,draw,E92,,54,27.0,15,3,2,0,True,True,7,1,True,0,8,2,dynamic
Kasparov.pgn,Kasparov,white,"Kamsky, Gata",Tilburg,Tilburg,1991.??.??,1991,10,"Kasparov, Gary","Kamsky, Gata",2770.0,2595.0,1/2-1/2,draw,draw,C45,,80,40.0,12,0,2,0,True,True,6,0,True,0,6,0,dynamic
Kasparov.pgn,Kasparov,white,"Bareev, Evgeny",Tilburg,Tilburg,1991.??.??,1991,11,"Kasparov, Gary","Bareev, Evgeny",2770.0,2680.0,1-0,white_win,win,D18,,65,32.5,12,0,2,0,True,True,6,0,True,0,6,0,dynamic
Kasparov.pgn,Kasparov,black,"Short, Nigel D",Tilburg,Tilburg,1991.??.??,1991,13,"Short, Nigel D","Kasparov, Gary",2660.0,2770.0,1/2-1/2,draw,draw,B40,,50,25.0,9,0,2,0,True,True,5,0,True,0,4,0,dynamic
Kasparov.pgn,Kasparov,white,"Karpov, Anatoly",Tilburg,Tilburg,1991.??.??,1991,14,"Kasparov, Gary","Karpov, Anatoly",2770.0,2730.0,1-0,white_win,win,C45,,87,43.5,20,5,1,0,True,False,10,1,True,0,10,4,dynamic
Kasparov.pgn,Kasparov,black,"Lobron, Eric",GER-Kasparov,Baden-Baden,1992.??.??,1992,?,"Lobron, Eric","Kasparov, Gary",2575.0,2780.0,0-1,black_win,win,E94,,91,45.5,19,7,2,0,True,True,10,4,True,0,9,3,dynamic
Kasparov.pgn,Kasparov,white,"Wahls, Matthias",GER-Kasparov,Baden-Baden,1992.??.??,1992,?,"Kasparov, Gary","Wahls, Matthias",2780.0,2570.0,1-0,white_win,win,B07,,73,36.5,19,3,2,0,True,True,9,3,True,0,10,0,dynamic
Kasparov.pgn,Kasparov,black,"Hertneck, Gerald",GER-Kasparov,Baden-Baden,1992.??.??,1992,?,"Hertneck, Gerald","Kasparov, Gary",2530.0,2780.0,1/2-1/2,draw,draw,D31,,52,26.0,13,0,2,0,True,True,7,0,True,0,6,0,dynamic
Kasparov.pgn,Kasparov,white,"Hort, Vlastimil",GER-Kasparov,Baden-Baden,1992.??.??,1992,?,"Kasparov, Gary","Hort, Vlastimil",2780.0,2560.0,1/2-1/2,draw,draw,E86,,45,22.5,6,0,1,0,False,True,3,0,False,0,3,0,dynamic
Kasparov.pgn,Kasparov,black,"Ricardi, Pablo",Buenos Aires sim,Buenos Aires,1992.??.??,1992,1,"Ricardi, Pablo","Kasparov, Gary",2465.0,2780.0,1-0,white_win,loss,E97,,67,33.5,14,3,2,0,True,True,6,0,True,0,8,3,dynamic
Kasparov.pgn,Kasparov,white,"Spangenberg, Hugo",Buenos Aires sim,Buenos Aires,1992.??.??,1992,1,"Kasparov, Gary","Spangenberg, Hugo",2780.0,2305.0,1-0,white_win,win,D24,,83,41.5,17,4,1,0,True,False,9,4,True,0,8,0,dynamic
Kasparov.pgn,Kasparov,black,"Panno, Oscar",Buenos Aires sim,Buenos Aires,1992.??.??,1992,1,"Panno, Oscar","Kasparov, Gary",2485.0,2790.0,0-1,black_win,win,D40,,76,38.0,15,2,2,0,True,True,8,2,True,0,7,0,dynamic
Kasparov.pgn,Kasparov,white,"Zarnicki, Pablo",Buenos Aires sim,Buenos Aires,1992.??.??,1992,1,"Kasparov, Gary","Zarnicki, Pablo",2780.0,2385.0,1/2-1/2,draw,draw,E13,,72,36.0,8,0,1,0,True,False,4,0,True,0,4,0,dynamic
Kasparov.pgn,Kasparov,black,"Amura, Claudia Noemi",Buenos Aires sim,Buenos Aires,1992.??.??,1992,1,"Amura, Claudia Noemi","Kasparov, Gary",2355.0,2780.0,0-1,black_win,win,E74,,90,45.0,19,4,2,0,True,True,10,3,True,0,9,1,dynamic
Kasparov.pgn,Kasparov,white,"Rubinetti, Jorge A",Buenos Aires sim,Buenos Aires,1992.??.??,1992,1,"Kasparov, Gary","Rubinetti, Jorge A",2780.0,2450.0,1/2-1/2,draw,draw,C01,,94,47.0,22,2,2,0,True,True,11,0,True,0,11,2,dynamic
Kasparov.pgn,Kasparov,black,"Zarnicki, Pablo",Buenos Aires sim,Buenos Aires,1992.??.??,1992,2,"Zarnicki, Pablo","Kasparov, Gary",2385.0,2780.0,0-1,black_win,win,B84,,54,27.0,9,0,2,0,True,True,4,0,True,0,5,0,dynamic
Kasparov.pgn,Kasparov,black,"Spangenberg, Hugo",Buenos Aires sim,Buenos Aires,1992.??.??,1992,2,"Spangenberg, Hugo","Kasparov, Gary",2305.0,2780.0,1/2-1/2,draw,draw,B23,,56,28.0,13,0,2,0,True,True,7,0,True,0,6,0,dynamic
Kasparov.pgn,Kasparov,black,"Rubinetti, Jorge A",Buenos Aires sim,Buenos Aires,1992.??.??,1992,2,"Rubinetti, Jorge A","Kasparov, Gary",2450.0,2780.0,0-1,black_win,win,A43,,80,40.0,18,2,2,0,True,True,9,0,True,0,9,2,dynamic
Kasparov.pgn,Kasparov,white,"Ricardi, Pablo",Buenos Aires sim,Buenos Aires,1992.??.??,1992,2,"Kasparov, Gary","Ricardi, Pablo",2780.0,2465.0,1-0,white_win,win,A33,,79,39.5,20,3,2,0,True,True,10,0,True,0,10,3,dynamic
Kasparov.pgn,Kasparov,white,"Panno, Oscar",Buenos Aires sim,Buenos Aires,1992.??.??,1992,2,"Kasparov, Gary","Panno, Oscar",2780.0,2465.0,1/2-1/2,draw,draw,C01,,59,29.5,10,0,2,0,True,True,5,0,True,0,5,0,dynamic
Kasparov.pgn,Kasparov,white,"Amura, Claudia Noemi",Buenos Aires sim,Buenos Aires,1992.??.??,1992,2,"Kasparov, Gary","Amura, Claudia Noemi",2780.0,2355.0,1-0,white_win,win,D61,,55,27.5,14,6,2,0,True,True,8,6,True,0,6,0,dynamic
Kasparov.pgn,Kasparov,white,"Huebner, Robert",Cologne TVm2,Cologne,1992.??.??,1992,1,"Kasparov, Gary","Huebner, Robert",2790.0,2630.0,1/2-1/2,draw,draw,D94,,97,48.5,24,10,2,0,True,True,12,7,True,0,12,3,dynamic
Kasparov.pgn,Kasparov,black,"Huebner, Robert",Cologne TVm2,Cologne,1992.??.??,1992,2,"Huebner, Robert","Kasparov, Gary",2630.0,2790.0,0-1,black_win,win,D45,,30,15.0,5,0,2,0,True,True,2,0,True,0,3,0,dynamic
Kasparov.pgn,Kasparov,black,"Huebner, Robert",Cologne TVm2 blitz,Cologne,1992.??.??,1992,3,"Huebner, Robert","Kasparov, Gary",2630.0,2790.0,0-1,black_win,win,D71,,74,37.0,19,1,2,0,True,True,10,0,True,0,9,1,dynamic
Kasparov.pgn,Kasparov,white,"Huebner, Robert",Cologne TVm2 blitz,Cologne,1992.??.??,1992,4,"Kasparov, Gary","Huebner, Robert",2790.0,2630.0,0-1,black_win,loss,C54,,95,47.5,15,0,1,0,False,True,8,0,False,0,7,0,dynamic
Kasparov.pgn,Kasparov,white,"Bertona, Fernando",Cordoba simul,Cordoba,1992.??.??,1992,?,"Kasparov, Gary","Bertona, Fernando",2780.0,2325.0,1-0,white_win,win,D45,,81,40.5,22,2,2,0,True,True,11,1,True,0,11,1,dynamic
Kasparov.pgn,Kasparov,white,"Boissonnet, C.",Cordoba simul,Cordoba,1992.??.??,1992,?,"Kasparov, Gary","Boissonnet, C.",2780.0,,1/2-1/2,draw,draw,A30,,64,32.0,19,9,2,0,True,True,10,3,True,0,9,6,dynamic
Kasparov.pgn,Kasparov,white,"Brusa, E.",Cordoba simul,Cordoba,1992.??.??,1992,?,"Kasparov, Gary","Brusa, E.",2780.0,,1/2-1/2,draw,draw,E84,,72,36.0,22,4,1,0,False,True,11,0,False,0,11,4,dynamic
Kasparov.pgn,Kasparov,white,"Bazan, Osvaldo",Cordoba simul,Cordoba,1992.??.??,1992,?,"Kasparov, Gary","Bazan, Osvaldo",2780.0,,1-0,white_win,win,C67,,69,34.5,16,3,1,0,True,False,8,1,True,0,8,2,dynamic
Kasparov.pgn,Kasparov,white,"Yosifides, Aris",Cordoba simul,Cordoba,1992.??.??,1992,?,"Kasparov, Gary","Yosifides, Aris",2780.0,2295.0,1-0,white_win,win,E43,,57,28.5,11,1,2,0,True,True,6,1,True,0,5,0,dynamic
Kasparov.pgn,Kasparov,white,"Pereiro, J.",Cordoba simul,Cordoba,1992.??.??,1992,?,"Kasparov, Gary","Pereiro, J.",2780.0,,1-0,white_win,win,C10,,97,48.5,15,9,2,0,True,True,8,6,True,0,7,3,dynamic
Kasparov.pgn,Kasparov,white,"Castellano, P.",Cordoba simul,Cordoba,1992.??.??,1992,?,"Kasparov, Gary","Castellano, P.",2780.0,,1-0,white_win,win,D85,,93,46.5,21,3,2,0,True,True,11,2,True,0,10,1,dynamic
Kasparov.pgn,Kasparov,white,"Dalmagro, D.",Cordoba simul,Cordoba,1992.??.??,1992,?,"Kasparov, Gary","Dalmagro, D.",2780.0,,1/2-1/2,draw,draw,E02,,69,34.5,16,1,2,0,True,True,8,0,True,0,8,1,dynamic
Kasparov.pgn,Kasparov,white,"Diani, Jose",Cordoba simul,Cordoba,1992.??.??,1992,?,"Kasparov, Gary","Diani, Jose",2780.0,,1-0,white_win,win,D24,,103,51.5,24,5,2,0,True,True,12,0,True,0,12,5,dynamic
Kasparov.pgn,Kasparov,white,"Echevarria, C.",Cordoba simul,Cordoba,1992.??.??,1992,?,"Kasparov, Gary","Echevarria, C.",2780.0,,1-0,white_win,win,E85,,96,48.0,16,2,1,1,False,True,8,1,False,0,8,1,dynamic
Kasparov.pgn,Kasparov,white,"Gimenez, Ismael",Cordoba simul,Cordoba,1992.??.??,1992,?,"Kasparov, Gary","Gimenez, Ismael",2780.0,,1/2-1/2,draw,draw,B51,,73,36.5,17,2,2,0,True,True,8,1,True,0,9,1,dynamic
Kasparov.pgn,Kasparov,white,"Halac, Matias",Cordoba simul,Cordoba,1992.??.??,1992,?,"Kasparov, Gary","Halac, Matias",2780.0,2245.0,1-0,white_win,win,B01,,73,36.5,19,0,2,1,True,True,9,0,True,1,10,0,dynamic
Kasparov.pgn,Kasparov,white,"Herrera, Laura",Cordoba simul,Cordoba,1992.??.??,1992,?,"Kasparov, Gary","Herrera, Laura",2780.0,,1-0,white_win,win,B50,,85,42.5,14,2,2,0,True,True,7,2,True,0,7,0,dynamic
Kasparov.pgn,Kasparov,white,"Hutt, Alejandro",Cordoba simul,Cordoba,1992.??.??,1992,?,"Kasparov, Gary","Hutt, Alejandro",2780.0,,1-0,white_win,win,D15,,67,33.5,16,2,2,0,True,True,8,2,True,0,8,0,dynamic
Kasparov.pgn,Kasparov,white,"Maiques, Raul",Cordoba simul,Cordoba,1992.??.??,1992,?,"Kasparov, Gary","Maiques, Raul",2780.0,,1-0,white_win,win,D03,,57,28.5,13,6,2,0,True,True,7,6,True,0,6,0,dynamic
Kasparov.pgn,Kasparov,white,"Monier, Raul",Cordoba simul,Cordoba,1992.??.??,1992,?,"Kasparov, Gary","Monier, Raul",2780.0,2350.0,1-0,white_win,win,D03,,155,77.5,20,3,2,0,True,True,10,2,True,0,10,1,dynamic
Kasparov.pgn,Kasparov,white,"Moreira, Jairo",Cordoba simul,Cordoba,1992.??.??,1992,?,"Kasparov, Gary","Moreira, Jairo",2780.0,,1-0,white_win,win,B31,,55,27.5,14,3,2,0,True,True,8,3,True,0,6,0,dynamic
Kasparov.pgn,Kasparov,white,"Moscovich, Fabian",Cordoba simul,Cordoba,1992.??.??,1992,?,"Kasparov, Gary","Moscovich, Fabian",2780.0,,1-0,white_win,win,A80,,76,38.0,16,4,2,0,True,True,7,2,True,0,9,2,dynamic
Kasparov.pgn,Kasparov,white,"Pinus, Ruben",Cordoba simul,Cordoba,1992.??.??,1992,?,"Kasparov, Gary","Pinus, Ruben",2780.0,,1-0,white_win,win,D34,,65,32.5,22,3,2,0,True,True,12,1,True,0,10,2,dynamic
Kasparov.pgn,Kasparov,white,"Porro, Fernando",Cordoba simul,Cordoba,1992.??.??,1992,?,"Kasparov, Gary","Porro, Fernando",2780.0,,1-0,white_win,win,A19,,125,62.5,24,10,0,0,False,False,13,2,False,0,11,8,dynamic
Kasparov.pgn,Kasparov,white,"Resnik, I.",Cordoba simul,Cordoba,1992.??.??,1992,?,"Kasparov, Gary","Resnik, I.",2780.0,,1-0,white_win,win,A57,,89,44.5,19,0,2,0,True,True,11,0,True,0,8,0,dynamic
Kasparov.pgn,Kasparov,white,"Tejero, M.",Cordoba simul,Cordoba,1992.??.??,1992,?,"Kasparov, Gary","Tejero, M.",2780.0,,1-0,white_win,win,E49,,45,22.5,10,1,2,0,True,True,5,0,True,0,5,1,dynamic
Kasparov.pgn,Kasparov,white,"Burijovich, Liliana",Cordoba simul,Cordoba,1992.??.??,1992,?,"Kasparov, Gary","Burijovich, Liliana",2780.0,2190.0,1-0,white_win,win,E85,,73,36.5,15,1,1,0,False,True,8,1,False,0,7,0,dynamic
Kasparov.pgn,Kasparov,black,"Kortschnoj, Viktor",EU-chT (Men),Debrecen,1992.??.??,1992,1,"Kortschnoj, Viktor","Kasparov, Gary",2585.0,2780.0,1/2-1/2,draw,draw,E98,,87,43.5,23,7,2,0,True,True,11,1,True,0,12,6,dynamic
Kasparov.pgn,Kasparov,white,"Rozentalis, Eduardas",EU-chT (Men),Debrecen,1992.??.??,1992,2,"Kasparov, Gary","Rozentalis, Eduardas",2780.0,2585.0,1-0,white_win,win,E32,,43,21.5,4,0,2,0,True,True,2,0,True,0,2,0,dynamic
Kasparov.pgn,Kasparov,black,"Nikolic, Predrag",EU-chT (Men),Debrecen,1992.??.??,1992,3,"Nikolic, Predrag","Kasparov, Gary",2635.0,2780.0,1/2-1/2,draw,draw,E68,,47,23.5,17,1,2,0,True,True,8,0,True,0,9,1,dynamic
Kasparov.pgn,Kasparov,white,"Ivanchuk, Vassily",EU-chT (Men),Debrecen,1992.??.??,1992,4,"Kasparov, Gary","Ivanchuk, Vassily",2780.0,2720.0,1-0,white_win,win,C43,,99,49.5,17,2,2,0,True,True,9,1,True,0,8,1,dynamic
Kasparov.pgn,Kasparov,black,"Short, Nigel D",EU-chT (Men),Debrecen,1992.??.??,1992,5,"Short, Nigel D","Kasparov, Gary",2685.0,2780.0,0-1,black_win,win,B82,,74,37.0,18,1,2,0,True,True,9,1,True,0,9,0,dynamic
Kasparov.pgn,Kasparov,white,"Vaganian, Rafael A",EU-chT (Men),Debrecen,1992.??.??,1992,6,"Kasparov, Gary","Vaganian, Rafael A",2780.0,2590.0,1-0,white_win,win,D37,,45,22.5,11,2,2,0,True,True,6,0,True,0,5,2,dynamic
Kasparov.pgn,Kasparov,white,"Portisch, Lajos",EU-chT (Men),Debrecen,1992.??.??,1992,8,"Kasparov, Gary","Portisch, Lajos",2780.0,2575.0,1/2-1/2,draw,draw,B48,,74,37.0,16,3,1,0,True,False,8,1,True,0,8,2,dynamic
Kasparov.pgn,Kasparov,black,"Giorgadze, Giorgi",EU-chT (Men),Debrecen,1992.??.??,1992,9,"Giorgadze, Giorgi","Kasparov, Gary",2525.0,2780.0,1/2-1/2,draw,draw,E42,,63,31.5,12,0,2,0,True,True,6,0,True,0,6,0,dynamic
Kasparov.pgn,Kasparov,black,"Shirov, Alexei",Dortmund,Dortmund,1992.??.??,1992,1,"Shirov, Alexei","Kasparov, Gary",2655.0,2780.0,0-1,black_win,win,E86,,80,40.0,19,2,2,0,True,True,10,2,True,0,9,0,dynamic
Kasparov.pgn,Kasparov,white,"Anand, Viswanathan",Dortmund,Dortmund,1992.??.??,1992,2,"Kasparov, Gary","Anand, Viswanathan",2780.0,2670.0,1-0,white_win,win,D19,,33,16.5,5,0,2,0,True,True,3,0,True,0,2,0,dynamic
Kasparov.pgn,Kasparov,black,"Kamsky, Gata",Dortmund,Dortmund,1992.??.??,1992,3,"Kamsky, Gata","Kasparov, Gary",2655.0,2780.0,1-0,white_win,loss,E97,,75,37.5,17,4,2,0,True,True,9,2,True,0,8,2,dynamic
Kasparov.pgn,Kasparov,white,"Piket, Jeroen",Dortmund,Dortmund,1992.??.??,1992,4,"Kasparov, Gary","Piket, Jeroen",2780.0,2615.0,1-0,white_win,win,C45,,80,40.0,18,4,2,0,True,True,9,0,True,0,9,4,dynamic
Kasparov.pgn,Kasparov,black,"Ivanchuk, Vassily",Dortmund,Dortmund,1992.??.??,1992,5,"Ivanchuk, Vassily","Kasparov, Gary",2720.0,2780.0,1/2-1/2,draw,draw,B22,,53,26.5,12,0,2,0,True,True,6,0,True,0,6,0,dynamic
Kasparov.pgn,Kasparov,black,"Huebner, Robert",Dortmund,Dortmund,1992.??.??,1992,6,"Huebner, Robert","Kasparov, Gary",2615.0,2780.0,1-0,white_win,loss,E69,,99,49.5,21,2,2,1,True,True,10,2,True,1,11,0,dynamic
Kasparov.pgn,Kasparov,white,"Bareev, Evgeny",Dortmund,Dortmund,1992.??.??,1992,7,"Kasparov, Gary","Bareev, Evgeny",2780.0,2635.0,1/2-1/2,draw,draw,C11,,79,39.5,17,6,2,0,True,True,9,0,True,0,8,6,dynamic
Kasparov.pgn,Kasparov,black,"Adams, Michael",Dortmund,Dortmund,1992.??.??,1992,8,"Adams, Michael","Kasparov, Gary",2620.0,2780.0,0-1,black_win,win,D45,,44,22.0,5,1,2,0,True,True,3,1,True,0,2,0,dynamic
Kasparov.pgn,Kasparov,white,"Salov, Valery",Dortmund,Dortmund,1992.??.??,1992,9,"Kasparov, Gary","Salov, Valery",2780.0,2655.0,1-0,white_win,win,B31,,107,53.5,23,11,2,0,True,True,12,8,True,0,11,3,dynamic
Kasparov.pgn,Kasparov,black,"Timman, Jan H",Linares,Linares,1992.??.??,1992,1,"Timman, Jan H","Kasparov, Gary",2620.0,2780.0,0-1,black_win,win,E87,,50,25.0,10,3,2,0,True,True,5,2,True,0,5,1,dynamic
Kasparov.pgn,Kasparov,white,"Karpov, Anatoly",Linares,Linares,1992.??.??,1992,2,"Kasparov, Gary","Karpov, Anatoly",2780.0,2725.0,1-0,white_win,win,B17,,81,40.5,16,8,2,0,True,True,8,8,True,0,8,0,dynamic
Kasparov.pgn,Kasparov,black,"Ivanchuk, Vassily",Linares,Linares,1992.??.??,1992,3,"Ivanchuk, Vassily","Kasparov, Gary",2720.0,2780.0,1/2-1/2,draw,draw,E97,,81,40.5,18,1,2,0,True,True,9,0,True,0,9,1,dynamic
Kasparov.pgn,Kasparov,white,"Anand, Viswanathan",Linares,Linares,1992.??.??,1992,4,"Kasparov, Gary","Anand, Viswanathan",2780.0,2670.0,1/2-1/2,draw,draw,C18,,67,33.5,18,8,0,0,False,False,9,2,False,0,9,6,dynamic
Kasparov.pgn,Kasparov,black,"Gelfand, Boris",Linares,Linares,1992.??.??,1992,5,"Gelfand, Boris","Kasparov, Gary",2665.0,2780.0,0-1,black_win,win,E92,,120,60.0,19,8,2,0,True,True,11,7,True,0,8,1,dynamic
Kasparov.pgn,Kasparov,white,"Speelman, Jonathan S",Linares,Linares,1992.??.??,1992,6,"Kasparov, Gary","Speelman, Jonathan S",2780.0,2630.0,1/2-1/2,draw,draw,B17,,120,60.0,22,6,2,0,True,True,11,1,True,0,11,5,dynamic
Kasparov.pgn,Kasparov,black,"Bareev, Evgeny",Linares,Linares,1992.??.??,1992,7,"Bareev, Evgeny","Kasparov, Gary",2635.0,2780.0,1/2-1/2,draw,draw,E73,,95,47.5,21,9,1,0,False,True,12,3,True,0,9,6,dynamic
Kasparov.pgn,Kasparov,white,"Short, Nigel D",Linares,Linares,1992.??.??,1992,8,"Kasparov, Gary","Short, Nigel D",2780.0,2685.0,1-0,white_win,win,C45,,95,47.5,23,7,2,0,True,True,11,6,True,0,12,1,dynamic
Kasparov.pgn,Kasparov,black,"Beliavsky, Alexander G",Linares,Linares,1992.??.??,1992,9,"Beliavsky, Alexander G","Kasparov, Gary",2620.0,2780.0,1/2-1/2,draw,draw,D87,,57,28.5,15,5,2,0,True,True,7,3,True,0,8,2,dynamic
Kasparov.pgn,Kasparov,white,"Illescas Cordoba, Miguel",Linares,Linares,1992.??.??,1992,10,"Kasparov, Gary","Illescas Cordoba, Miguel",2780.0,2555.0,1-0,white_win,win,B45,,63,31.5,13,5,1,0,False,True,6,1,False,0,7,4,dynamic
Kasparov.pgn,Kasparov,black,"Jussupow, Artur",Linares,Linares,1992.??.??,1992,11,"Jussupow, Artur","Kasparov, Gary",2655.0,2780.0,0-1,black_win,win,E68,,118,59.0,26,7,2,0,True,True,14,3,True,0,12,4,dynamic
Kasparov.pgn,Kasparov,white,"Salov, Valery",Linares,Linares,1992.??.??,1992,12,"Kasparov, Gary","Salov, Valery",2780.0,2655.0,1/2-1/2,draw,draw,B33,,122,61.0,20,9,1,0,True,False,11,1,True,0,9,8,dynamic
Kasparov.pgn,Kasparov,black,"Ljubojevic, Ljubomir",Linares,Linares,1992.??.??,1992,13,"Ljubojevic, Ljubomir","Kasparov, Gary",2610.0,2780.0,0-1,black_win,win,A21,,92,46.0,18,2,2,0,True,True,9,2,True,0,9,0,dynamic
Kasparov.pgn,Kasparov,black,"Shirov, Alexei",Manila ol (Men),Manila,1992.??.??,1992,?,"Shirov, Alexei","Kasparov, Gary",2655.0,2780.0,0-1,black_win,win,E98,,124,62.0,25,7,2,0,True,True,13,6,True,0,12,1,dynamic
Kasparov.pgn,Kasparov,black,"Vaganian, Rafael A",Manila ol (Men),Manila,1992.??.??,1992,?,"Vaganian, Rafael A","Kasparov, Gary",2590.0,2780.0,1/2-1/2,draw,draw,E97,,63,31.5,20,1,2,0,True,True,10,1,True,0,10,0,dynamic
Kasparov.pgn,Kasparov,white,"Timman, Jan H",Manila ol (Men),Manila,1992.??.??,1992,?,"Kasparov, Gary","Timman, Jan H",2780.0,2620.0,1/2-1/2,draw,draw,B57,,57,28.5,9,0,2,0,True,True,5,0,True,0,4,0,dynamic
Kasparov.pgn,Kasparov,white,"Nikolic, Predrag",Manila ol (Men),Manila,1992.??.??,1992,?,"Kasparov, Gary","Nikolic, Predrag",2780.0,2635.0,1-0,white_win,win,D10,,73,36.5,17,2,2,0,True,True,8,0,True,0,9,2,dynamic
Kasparov.pgn,Kasparov,white,"Loginov, Valery A",Manila ol (Men),Manila,1992.??.??,1992,?,"Kasparov, Gary","Loginov, Valery A",2780.0,2540.0,1-0,white_win,win,E84,,72,36.0,13,4,2,0,True,True,6,4,True,0,7,0,dynamic
Kasparov.pgn,Kasparov,white,"Ivanchuk, Vassily",Manila ol (Men),Manila,1992.??.??,1992,?,"Kasparov, Gary","Ivanchuk, Vassily",2780.0,2720.0,1-0,white_win,win,A31,,89,44.5,19,4,2,0,True,True,9,3,True,0,10,1,dynamic
Kasparov.pgn,Kasparov,white,"Hjartarson, Johann",Manila ol (Men),Manila,1992.??.??,1992,?,"Kasparov, Gary","Hjartarson, Johann",2780.0,2580.0,1-0,white_win,win,E32,,67,33.5,14,1,2,0,True,True,7,1,True,0,7,0,dynamic
Kasparov.pgn,Kasparov,white,"Cebalo, Miso",Manila ol (Men),Manila,1992.??.??,1992,?,"Kasparov, Gary","Cebalo, Miso",2780.0,2515.0,1-0,white_win,win,E65,,77,38.5,15,2,2,0,True,True,8,2,True,0,7,0,dynamic
Kasparov.pgn,Kasparov,black,"Kamsky, Gata",Manila ol (Men),Manila,1992.??.??,1992,?,"Kamsky, Gata","Kasparov, Gary",2655.0,2780.0,0-1,black_win,win,E88,,82,41.0,18,3,2,0,True,True,9,3,True,0,9,0,dynamic
Kasparov.pgn,Kasparov,black,"Psakhis, Lev",Manila ol (Men),Manila,1992.??.??,1992,?,"Psakhis, Lev","Kasparov, Gary",2605.0,2780.0,1/2-1/2,draw,draw,B85,,36,18.0,2,0,2,0,True,True,1,0,True,0,1,0,dynamic
Kasparov.pgn,Kasparov,black,"Kramnik, Vladimir",Paris Immopar rapid,Paris,1992.??.??,1992,1,"Kramnik, Vladimir","Kasparov, Gary",2625.0,2790.0,1/2-1/2,draw,draw,D85,,59,29.5,16,2,2,0,True,True,7,0,True,0,9,2,dynamic
Kasparov.pgn,Kasparov,white,"Kramnik, Vladimir",Paris Immopar rapid,Paris,1992.??.??,1992,1,"Kasparov, Gary","Kramnik, Vladimir",2790.0,2625.0,1-0,white_win,win,B30,,51,25.5,11,1,2,0,True,True,6,1,True,0,5,0,dynamic
Kasparov.pgn,Kasparov,white,"Polugaevsky, Lev",Paris Immopar rapid,Paris,1992.??.??,1992,2,"Kasparov, Gary","Polugaevsky, Lev",2790.0,2640.0,1-0,white_win,win,E11,,113,56.5,22,9,2,0,True,True,12,3,True,0,10,6,dynamic
Kasparov.pgn,Kasparov,black,"Polugaevsky, Lev",Paris Immopar rapid,Paris,1992.??.??,1992,2,"Polugaevsky, Lev","Kasparov, Gary",2640.0,2790.0,0-1,black_win,win,D02,,88,44.0,21,5,2,0,True,True,11,1,True,0,10,4,dynamic
Kasparov.pgn,Kasparov,white,"Kamsky, Gata",Paris Immopar rapid,Paris,1992.??.??,1992,3,"Kasparov, Gary","Kamsky, Gata",2790.0,2655.0,1-0,white_win,win,C90,,103,51.5,19,3,2,0,True,True,10,0,True,0,9,3,dynamic
Kasparov.pgn,Kasparov,black,"Kamsky, Gata",Paris Immopar rapid,Paris,1992.??.??,1992,3,"Kamsky, Gata","Kasparov, Gary",2655.0,2790.0,0-1,black_win,win,E97,,74,37.0,14,3,2,0,True,True,8,3,True,0,6,0,dynamic
Kasparov.pgn,Kasparov,black,"Anand, Viswanathan",Paris Immopar rapid,Paris,1992.??.??,1992,4,"Anand, Viswanathan","Kasparov, Gary",2690.0,2790.0,1-0,white_win,loss,B82,,77,38.5,12,2,1,0,True,False,5,0,False,0,7,2,dynamic
Kasparov.pgn,Kasparov,white,"Anand, Viswanathan",Paris Immopar rapid,Paris,1992.??.??,1992,4,"Kasparov, Gary","Anand, Viswanathan",2790.0,2690.0,1-0,white_win,win,D61,,129,64.5,22,5,2,0,True,True,12,4,True,0,10,1,dynamic
Kasparov.pgn,Kasparov,white,"Anand, Viswanathan",Paris Immopar rapid,Paris,1992.??.??,1992,4,"Kasparov, Gary","Anand, Viswanathan",2790.0,2690.0,1-0,white_win,win,A41,,74,37.0,9,1,2,0,True,True,5,1,True,0,4,0,dynamic
Kasparov.pgn,Kasparov,black,"Anand, Viswanathan",Paris Immopar rapid,Paris,1992.??.??,1992,4,"Anand, Viswanathan","Kasparov, Gary",2690.0,2790.0,0-1,black_win,win,B93,,66,33.0,20,5,2,0,True,True,11,4,True,0,9,1,dynamic
Kasparov.pgn,Kasparov,black,"Gurevich, Mikhail",Reggio Emilia9192,Reggio Emilia,1992.??.??,1992,1,"Gurevich, Mikhail","Kasparov, Gary",2630.0,2770.0,0-1,black_win,win,A21,,108,54.0,24,5,2,1,True,True,12,2,True,1,12,3,dynamic
Kasparov.pgn,Kasparov,white,"Anand, Viswanathan",Reggio Emilia9192,Reggio Emilia,1992.??.??,1992,2,"Kasparov, Gary","Anand, Viswanathan",2770.0,2650.0,0-1,black_win,loss,C07,,98,49.0,20,7,2,0,True,True,10,0,True,0,10,7,dynamic
Kasparov.pgn,Kasparov,black,"Karpov, Anatoly",Reggio Emilia9192,Reggio Emilia,1992.??.??,1992,3,"Karpov, Anatoly","Kasparov, Gary",2730.0,2770.0,1/2-1/2,draw,draw,E88,,121,60.5,25,5,2,0,True,True,13,3,True,0,12,2,dynamic
Kasparov.pgn,Kasparov,white,"Ivanchuk, Vassily",Reggio Emilia9192,Reggio Emilia,1992.??.??,1992,4,"Kasparov, Gary","Ivanchuk, Vassily",2770.0,2735.0,1-0,white_win,win,E92,,63,31.5,15,2,2,0,True,True,7,2,True,0,8,0,dynamic
Kasparov.pgn,Kasparov,black,"Gelfand, Boris",Reggio Emilia9192,Reggio Emilia,1992.??.??,1992,5,"Gelfand, Boris","Kasparov, Gary",2665.0,2770.0,1/2-1/2,draw,draw,E99,,85,42.5,17,2,2,0,True,True,8,1,True,0,9,1,dynamic
Kasparov.pgn,Kasparov,white,"Beliavsky, Alexander G",Reggio Emilia9192,Reggio Emilia,1992.??.??,1992,6,"Kasparov, Gary","Beliavsky, Alexander G",2770.0,2655.0,1-0,white_win,win,A36,,55,27.5,11,2,2,0,True,True,6,1,True,0,5,1,dynamic
Kasparov.pgn,Kasparov,black,"Salov, Valery",Reggio Emilia9192,Reggio Emilia,1992.??.??,1992,7,"Salov, Valery","Kasparov, Gary",2665.0,2770.0,1/2-1/2,draw,draw,E69,,52,26.0,6,0,2,0,True,True,3,0,True,0,3,0,dynamic
Kasparov.pgn,Kasparov,black,"Polugaevsky, Lev",Reggio Emilia9192,Reggio Emilia,1992.??.??,1992,8,"Polugaevsky, Lev","Kasparov, Gary",2630.0,2770.0,1/2-1/2,draw,draw,D78,,31,15.5,8,0,2,0,True,True,4,0,True,0,4,0,dynamic
Kasparov.pgn,Kasparov,white,"Khalifman, Alexander",Reggio Emilia9192,Reggio Emilia,1992.??.??,1992,9,"Kasparov, Gary","Khalifman, Alexander",2770.0,2630.0,1/2-1/2,draw,draw,D37,,65,32.5,17,3,2,0,True,True,8,2,True,0,9,1,dynamic
Kasparov.pgn,Kasparov,black,"Pinter, Jozsef",FRA,FRA,1993.??.??,1993,?,"Pinter, Jozsef","Kasparov, Gary",2580.0,2805.0,1/2-1/2,draw,draw,A65,,227,113.5,26,16,2,1,True,True,13,3,True,0,13,13,dynamic
Kasparov.pgn,Kasparov,black,"Chabanon, Jean Luc",FRA,FRA,1993.??.??,1993,?,"Chabanon, Jean Luc","Kasparov, Gary",2425.0,2805.0,0-1,black_win,win,A20,,52,26.0,13,1,2,0,True,True,6,1,True,0,7,0,dynamic
Kasparov.pgn,Kasparov,black,"Renet, Olivier",FRA,FRA,1993.??.??,1993,?,"Renet, Olivier","Kasparov, Gary",2535.0,2805.0,0-1,black_win,win,B82,,56,28.0,11,1,2,0,True,True,6,0,True,0,5,1,dynamic
Kasparov.pgn,Kasparov,white,"Salov, Valery",FRA,FRA,1993.??.??,1993,?,"Kasparov, Gary","Salov, Valery",2805.0,2685.0,1/2-1/2,draw,draw,B31,,51,25.5,9,0,2,0,True,True,5,0,True,0,4,0,dynamic
Kasparov.pgn,Kasparov,white,"Masternak, Grzegorz",Katowice sim,Katowice,1993.??.??,1993,?,"Kasparov, Gary","Masternak, Grzegorz",2805.0,2300.0,1-0,white_win,win,E06,,55,27.5,13,1,1,0,False,True,7,0,False,0,6,1,dynamic
Kasparov.pgn,Kasparov,white,"Bartosik, Olimpia",Katowice sim,Katowice,1993.??.??,1993,?,"Kasparov, Gary","Bartosik, Olimpia",2805.0,2030.0,1-0,white_win,win,B07,,73,36.5,18,3,0,0,False,False,10,3,False,0,8,0,dynamic
Kasparov.pgn,Kasparov,white,"Gratka, Krzysztof",Katowice sim,Katowice,1993.??.??,1993,?,"Kasparov, Gary","Gratka, Krzysztof",2805.0,,1-0,white_win,win,E68,,83,41.5,12,0,2,0,True,True,6,0,True,0,6,0,dynamic
Kasparov.pgn,Kasparov,white,"Urday, Henry",Lima sim,Lima,1993.??.??,1993,1,"Kasparov, Gary","Urday, Henry",2805.0,2465.0,1-0,white_win,win,E11,,105,52.5,18,6,2,0,True,True,9,4,True,0,9,2,dynamic
Kasparov.pgn,Kasparov,black,"Reyes, Juan",Lima sim,Lima,1993.??.??,1993,2,"Reyes, Juan","Kasparov, Gary",2450.0,2805.0,1/2-1/2,draw,draw,B50,,73,36.5,14,0,2,0,True,True,7,0,True,0,7,0,dynamic
Kasparov.pgn,Kasparov,white,"Oblitas, Carlomagno",Lima sim,Lima,1993.??.??,1993,3,"Kasparov, Gary","Oblitas, Carlomagno",2805.0,2425.0,1-0,white_win,win,A41,,57,28.5,10,2,2,0,True,True,5,2,True,0,5,0,dynamic
Kasparov.pgn,Kasparov,black,"Miguel Aparicio, Fernando",Lima sim,Lima,1993.??.??,1993,4,"Miguel Aparicio, Fernando","Kasparov, Gary",,2805.0,0-1,black_win,win,D00,,88,44.0,23,3,1,0,True,False,12,2,False,0,11,1,dynamic
Kasparov.pgn,Kasparov,white,"Requejo, Oswaldo",Lima sim,Lima,1993.??.??,1993,5,"Kasparov, Gary","Requejo, Oswaldo",2805.0,,1-0,white_win,win,A24,,95,47.5,19,4,2,0,True,True,11,3,True,0,8,1,dynamic
Kasparov.pgn,Kasparov,black,"Munoz Pantoja, Miguel",Lima sim,Lima,1993.??.??,1993,6,"Munoz Pantoja, Miguel","Kasparov, Gary",,2805.0,0-1,black_win,win,A04,,128,64.0,25,8,2,0,True,True,13,3,True,0,12,5,dynamic
Kasparov.pgn,Kasparov,black,"Ljubojevic, Ljubomir",Linares,Linares,1993.??.??,1993,1,"Ljubojevic, Ljubomir","Kasparov, Gary",2605.0,2805.0,0-1,black_win,win,E97,,58,29.0,11,0,2,0,True,True,6,0,True,0,5,0,dynamic
Kasparov.pgn,Kasparov,black,"Ivanchuk, Vassily",Linares,Linares,1993.??.??,1993,2,"Ivanchuk, Vassily","Kasparov, Gary",2710.0,2805.0,1/2-1/2,draw,draw,B85,,52,26.0,10,0,2,0,True,True,5,0,True,0,5,0,dynamic
Kasparov.pgn,Kasparov,white,"Jussupow, Artur",Linares,Linares,1993.??.??,1993,3,"Kasparov, Gary","Jussupow, Artur",2805.0,2645.0,1/2-1/2,draw,draw,D35,,236,118.0,26,11,2,0,True,True,13,8,True,0,13,3,dynamic
Kasparov.pgn,Kasparov,black,"Kramnik, Vladimir",Linares,Linares,1993.??.??,1993,4,"Kramnik, Vladimir","Kasparov, Gary",2685.0,2805.0,1/2-1/2,draw,draw,E86,,37,18.5,5,0,2,0,True,True,2,0,True,0,3,0,dynamic
Kasparov.pgn,Kasparov,white,"Bareev, Evgeny",Linares,Linares,1993.??.??,1993,5,"Kasparov, Gary","Bareev, Evgeny",2805.0,2670.0,1-0,white_win,win,C24,,67,33.5,14,6,2,0,True,True,7,2,True,0,7,4,dynamic
Kasparov.pgn,Kasparov,black,"Salov, Valery",Linares,Linares,1993.??.??,1993,6,"Salov, Valery","Kasparov, Gary",2660.0,2805.0,1/2-1/2,draw,draw,B22,,94,47.0,20,1,2,0,True,True,10,1,True,0,10,0,dynamic
Kasparov.pgn,Kasparov,white,"Timman, Jan H",Linares,Linares,1993.??.??,1993,7,"Kasparov, Gary","Timman, Jan H",2805.0,2635.0,1-0,white_win,win,E32,,105,52.5,23,6,2,0,True,True,12,3,True,0,11,3,dynamic
Kasparov.pgn,Kasparov,black,"Beliavsky, Alexander G",Linares,Linares,1993.??.??,1993,8,"Beliavsky, Alexander G","Kasparov, Gary",2610.0,2805.0,1/2-1/2,draw,draw,E86,,43,21.5,4,4,2,0,True,True,2,4,True,0,2,0,dynamic
Kasparov.pgn,Kasparov,white,"Anand, Viswanathan",Linares,Linares,1993.??.??,1993,9,"Kasparov, Gary","Anand, Viswanathan",2805.0,2710.0,1-0,white_win,win,D18,,129,64.5,21,16,2,0,True,True,11,11,True,0,10,5,dynamic
Kasparov.pgn,Kasparov,black,"Karpov, Anatoly",Linares,Linares,1993.??.??,1993,10,"Karpov, Anatoly","Kasparov, Gary",2725.0,2805.0,0-1,black_win,win,E86,,54,27.0,13,2,1,1,False,True,6,2,True,1,7,0,dynamic
Kasparov.pgn,Kasparov,white,"Gelfand, Boris",Linares,Linares,1993.??.??,1993,11,"Kasparov, Gary","Gelfand, Boris",2805.0,2690.0,1-0,white_win,win,B87,,49,24.5,10,0,2,0,True,True,5,0,True,0,5,0,dynamic
Kasparov.pgn,Kasparov,black,"Shirov, Alexei",Linares,Linares,1993.??.??,1993,12,"Shirov, Alexei","Kasparov, Gary",2670.0,2805.0,1/2-1/2,draw,draw,E69,,93,46.5,19,7,2,0,True,True,10,3,True,0,9,4,dynamic
Kasparov.pgn,Kasparov,white,"Kamsky, Gata",Linares,Linares,1993.??.??,1993,13,"Kasparov, Gary","Kamsky, Gata",2805.0,2655.0,1-0,white_win,win,B80,,69,34.5,18,3,1,0,True,False,9,2,True,0,9,1,dynamic
Kasparov.pgn,Kasparov,white,"Adams, Michael",London rapid m1,London,1993.??.??,1993,?,"Kasparov, Gary","Adams, Michael",2805.0,2630.0,1-0,white_win,win,B17,,77,38.5,17,2,2,0,True,True,8,2,True,0,9,0,dynamic
Kasparov.pgn,Kasparov,black,"Adams, Michael",London rapid m1,London,1993.??.??,1993,?,"Adams, Michael","Kasparov, Gary",2630.0,2805.0,1-0,white_win,loss,A45,,105,52.5,17,3,2,0,True,True,8,1,True,0,9,2,dynamic
Kasparov.pgn,Kasparov,white,"Adams, Michael",London rapid m1,London,1993.??.??,1993,?,"Kasparov, Gary","Adams, Michael",2805.0,2630.0,1-0,white_win,win,C90,,59,29.5,8,1,2,0,True,True,4,1,True,0,4,0,dynamic
Kasparov.pgn,Kasparov,white,NN,London sim,London,1993.??.??,1993,?,"Kasparov, Gary",NN,2805.0,,1-0,white_win,win,C01,,97,48.5,23,7,2,1,True,True,12,6,True,1,11,1,dynamic
Kasparov.pgn,Kasparov,white,NN,London sim,London,1993.??.??,1993,?,"Kasparov, Gary",NN,2805.0,,1-0,white_win,win,C79,,47,23.5,10,1,2,0,True,True,5,1,True,0,5,0,dynamic
Kasparov.pgn,Kasparov,white,NN,London sim,London,1993.??.??,1993,?,"Kasparov, Gary",NN,2805.0,,1-0,white_win,win,D36,,57,28.5,16,3,2,0,True,True,9,3,True,0,7,0,dynamic
Kasparov.pgn,Kasparov,black,"Taylor, Peter",London,London,1993.??.??,1993,?,"Taylor, Peter","Kasparov, Gary",2210.0,2805.0,0-1,black_win,win,B08,,79,39.5,20,4,2,0,True,True,10,2,True,0,10,2,dynamic
Kasparov.pgn,Kasparov,white,"Dlugy, Maxim",London,London,1993.??.??,1993,?,"Kasparov, Gary","Dlugy, Maxim",2805.0,2550.0,1-0,white_win,win,D20,,97,48.5,22,9,1,0,False,True,11,5,False,0,11,4,dynamic
Kasparov.pgn,Kasparov,white,NN,London sim,London,1993.??.??,1993,?,"Kasparov, Gary",NN,2805.0,,1-0,white_win,win,C55,,21,10.5,0,0,2,0,True,True,0,0,True,0,0,0,dynamic
Kasparov.pgn,Kasparov,white,Lloyds Bank Chess Club,London,London,1993.??.??,1993,?,"Kasparov, Gary",Lloyds Bank Chess Club,2805.0,,1/2-1/2,draw,draw,A60,,72,36.0,20,2,2,0,True,True,10,1,True,0,10,1,dynamic
Kasparov.pgn,Kasparov,white,"Short, Nigel D",London rapid m,London,1993.??.??,1993,1,"Kasparov, Gary","Short, Nigel D",2815.0,2665.0,1-0,white_win,win,C08,,127,63.5,22,11,2,0,True,True,12,6,True,0,10,5,dynamic
Kasparov.pgn,Kasparov,white,"Short, Nigel D",PCA-World Championship,London,1993.??.??,1993,1,"Kasparov, Gary","Short, Nigel D",2805.0,2655.0,1-0,white_win,win,C88,,78,39.0,13,2,2,0,True,True,6,2,True,0,7,0,dynamic
Kasparov.pgn,Kasparov,white,"Short, Nigel D",London rapid m theme,London,1993.??.??,1993,1,"Kasparov, Gary","Short, Nigel D",2805.0,2655.0,1/2-1/2,draw,draw,C51,,108,54.0,28,4,2,0,True,True,14,3,True,0,14,1,dynamic
Kasparov.pgn,Kasparov,black,"Short, Nigel D",London rapid m theme,London,1993.??.??,1993,2,"Short, Nigel D","Kasparov, Gary",2655.0,2805.0,1/2-1/2,draw,draw,C35,,105,52.5,25,15,1,0,False,True,13,6,True,0,12,9,dynamic
Kasparov.pgn,Kasparov,black,"Short, Nigel D",London rapid m,London,1993.??.??,1993,2,"Short, Nigel D","Kasparov, Gary",2665.0,2815.0,0-1,black_win,win,B87,,78,39.0,15,0,2,0,True,True,8,0,True,0,7,0,dynamic
Kasparov.pgn,Kasparov,black,"Short, Nigel D",PCA-World Championship,London,1993.??.??,1993,2,"Short, Nigel D","Kasparov, Gary",2655.0,2805.0,1/2-1/2,draw,draw,B67,,101,50.5,18,1,1,0,True,False,9,0,False,0,9,1,dynamic
Kasparov.pgn,Kasparov,black,"Short, Nigel D",London rapid m theme,London,1993.??.??,1993,3,"Short, Nigel D","Kasparov, Gary",2655.0,2805.0,1-0,white_win,loss,C33,,29,14.5,7,1,0,0,False,False,3,1,False,0,4,0,dynamic
Kasparov.pgn,Kasparov,white,"Short, Nigel D",PCA-World Championship,London,1993.??.??,1993,3,"Kasparov, Gary","Short, Nigel D",2805.0,2655.0,1-0,white_win,win,C88,,117,58.5,25,4,2,0,True,True,13,2,True,0,12,2,dynamic
Kasparov.pgn,Kasparov,white,"Short, Nigel D",London rapid m,London,1993.??.??,1993,3,"Kasparov, Gary","Short, Nigel D",2815.0,2665.0,1-0,white_win,win,D23,,53,26.5,7,5,2,0,True,True,4,5,True,0,3,0,dynamic
Kasparov.pgn,Kasparov,black,"Short, Nigel D",London rapid m,London,1993.??.??,1993,4,"Short, Nigel D","Kasparov, Gary",2665.0,2815.0,0-1,black_win,win,B22,,74,37.0,12,2,2,0,True,True,6,2,True,0,6,0,dynamic
Kasparov.pgn,Kasparov,black,"Short, Nigel D",PCA-World Championship,London,1993.??.??,1993,4,"Short, Nigel D","Kasparov, Gary",2655.0,2805.0,0-1,black_win,win,B97,,80,40.0,21,1,2,0,True,True,11,1,True,0,10,0,dynamic
Kasparov.pgn,Kasparov,white,"Short, Nigel D",PCA-World Championship,London,1993.??.??,1993,5,"Kasparov, Gary","Short, Nigel D",2805.0,2655.0,1/2-1/2,draw,draw,E35,,35,17.5,10,1,2,0,True,True,6,0,True,0,4,1,dynamic
Kasparov.pgn,Kasparov,black,"Short, Nigel D",PCA-World Championship,London,1993.??.??,1993,6,"Short, Nigel D","Kasparov, Gary",2655.0,2805.0,1/2-1/2,draw,draw,B86,,62,31.0,14,3,2,0,True,True,7,1,True,0,7,2,dynamic
Kasparov.pgn,Kasparov,white,"Short, Nigel D",PCA-World Championship,London,1993.??.??,1993,7,"Kasparov, Gary","Short, Nigel D",2805.0,2655.0,1-0,white_win,win,C88,,71,35.5,15,0,2,0,True,True,8,0,True,0,7,0,dynamic
Kasparov.pgn,Kasparov,black,"Short, Nigel D",PCA-World Championship,London,1993.??.??,1993,8,"Short, Nigel D","Kasparov, Gary",2655.0,2805.0,1/2-1/2,draw,draw,B86,,82,41.0,17,18,1,0,True,False,8,5,False,0,9,13,dynamic
Kasparov.pgn,Kasparov,white,"Short, Nigel D",PCA-World Championship,London,1993.??.??,1993,9,"Kasparov, Gary","Short, Nigel D",2805.0,2655.0,1-0,white_win,win,E35,,103,51.5,26,8,1,0,False,True,14,5,False,0,12,3,dynamic
Kasparov.pgn,Kasparov,black,"Short, Nigel D",PCA-World Championship,London,1993.??.??,1993,10,"Short, Nigel D","Kasparov, Gary",2655.0,2805.0,1/2-1/2,draw,draw,B86,,86,43.0,19,7,2,0,True,True,9,3,True,0,10,4,dynamic
Kasparov.pgn,Kasparov,white,"Short, Nigel D",PCA-World Championship,London,1993.??.??,1993,11,"Kasparov, Gary","Short, Nigel D",2805.0,2655.0,1/2-1/2,draw,draw,C45,,100,50.0,25,3,1,0,True,False,11,3,True,0,14,0,dynamic
Kasparov.pgn,Kasparov,black,"Short, Nigel D",PCA-World Championship,London,1993.??.??,1993,12,"Short, Nigel D","Kasparov, Gary",2655.0,2805.0,1/2-1/2,draw,draw,B88,,80,40.0,23,5,1,0,False,True,12,4,True,0,11,1,dynamic
Kasparov.pgn,Kasparov,white,"Short, Nigel D",PCA-World Championship,London,1993.??.??,1993,13,"Kasparov, Gary","Short, Nigel D",2805.0,2655.0,1/2-1/2,draw,draw,D19,,67,33.5,19,0,2,0,True,True,10,0,True,0,9,0,dynamic
Kasparov.pgn,Kasparov,black,"Short, Nigel D",PCA-World Championship,London,1993.??.??,1993,14,"Short, Nigel D","Kasparov, Gary",2655.0,2805.0,1/2-1/2,draw,draw,B88,,78,39.0,14,0,2,0,True,True,7,0,True,0,7,0,dynamic
Kasparov.pgn,Kasparov,white,"Short, Nigel D",PCA-World Championship,London,1993.??.??,1993,15,"Kasparov, Gary","Short, Nigel D",2805.0,2655.0,1-0,white_win,win,D35,,77,38.5,13,1,2,0,True,True,7,1,True,0,6,0,dynamic
Kasparov.pgn,Kasparov,black,"Short, Nigel D",PCA-World Championship,London,1993.??.??,1993,16,"Short, Nigel D","Kasparov, Gary",2655.0,2805.0,1-0,white_win,loss,B87,,75,37.5,10,1,2,0,True,True,4,0,True,0,6,1,dynamic
Kasparov.pgn,Kasparov,white,"Short, Nigel D",PCA-World Championship,London,1993.??.??,1993,17,"Kasparov, Gary","Short, Nigel D",2805.0,2655.0,1/2-1/2,draw,draw,C45,,81,40.5,17,4,1,0,True,False,8,1,True,0,9,3,dynamic
Kasparov.pgn,Kasparov,black,"Short, Nigel D",PCA-World Championship,London,1993.??.??,1993,18,"Short, Nigel D","Kasparov, Gary",2655.0,2805.0,1/2-1/2,draw,draw,B87,,66,33.0,12,0,2,0,True,True,6,0,True,0,6,0,dynamic
Kasparov.pgn,Kasparov,white,"Short, Nigel D",PCA-World Championship,London,1993.??.??,1993,19,"Kasparov, Gary","Short, Nigel D",2805.0,2655.0,1/2-1/2,draw,draw,C73,,51,25.5,13,3,2,0,True,True,7,2,True,0,6,1,dynamic
Kasparov.pgn,Kasparov,black,"Short, Nigel D",PCA-World Championship,London,1993.??.??,1993,20,"Short, Nigel D","Kasparov, Gary",2655.0,2805.0,1/2-1/2,draw,draw,B87,,71,35.5,15,0,2,0,True,True,7,0,True,0,8,0,dynamic
Kasparov.pgn,Kasparov,white,"Ivanchuk, Vassily",Amsterdam VSB,Amsterdam,1994.??.??,1994,1,"Kasparov, Gary","Ivanchuk, Vassily",2805.0,2710.0,1/2-1/2,draw,draw,C45,,40,20.0,6,2,0,0,False,False,3,1,False,0,3,1,dynamic
Kasparov.pgn,Kasparov,white,"Short, Nigel D",Amsterdam VSB,Amsterdam,1994.??.??,1994,2,"Kasparov, Gary","Short, Nigel D",2805.0,2655.0,1-0,white_win,win,C11,,63,31.5,16,3,2,0,True,True,8,2,True,0,8,1,dynamic
Kasparov.pgn,Kasparov,black,"Timman, Jan H",Amsterdam VSB,Amsterdam,1994.??.??,1994,3,"Timman, Jan H","Kasparov, Gary",2620.0,2805.0,0-1,black_win,win,A48,,80,40.0,16,4,2,0,True,True,8,4,True,0,8,0,dynamic
Kasparov.pgn,Kasparov,black,"Ivanchuk, Vassily",Amsterdam VSB,Amsterdam,1994.??.??,1994,4,"Ivanchuk, Vassily","Kasparov, Gary",2710.0,2805.0,1-0,white_win,loss,B93,,77,38.5,15,2,2,0,True,True,7,1,True,0,8,1,dynamic
Kasparov.pgn,Kasparov,white,"Timman, Jan H",Amsterdam VSB,Amsterdam,1994.??.??,1994,5,"Kasparov, Gary","Timman, Jan H",2805.0,2620.0,1-0,white_win,win,C42,,59,29.5,16,2,2,0,True,True,7,2,True,0,9,0,dynamic
Kasparov.pgn,Kasparov,black,"Short, Nigel D",Amsterdam VSB,Amsterdam,1994.??.??,1994,6,"Short, Nigel D","Kasparov, Gary",2655.0,2805.0,1/2-1/2,draw,draw,B54,,50,25.0,10,3,1,0,True,False,5,0,False,0,5,3,dynamic
Kasparov.pgn,Kasparov,white,"Leko, Peter",Horgen CS,Horgen,1994.??.??,1994,1,"Kasparov, Gary","Leko, Peter",2805.0,2555.0,1-0,white_win,win,A35,,89,44.5,17,1,2,0,True,True,9,1,True,0,8,0,dynamic
Kasparov.pgn,Kasparov,black,"Lutz, Christopher",Horgen CS,Horgen,1994.??.??,1994,2,"Lutz, Christopher","Kasparov, Gary",2580.0,2805.0,0-1,black_win,win,E81,,94,47.0,20,3,2,0,True,True,11,3,True,0,9,0,dynamic
Kasparov.pgn,Kasparov,white,"Benjamin, Joel",Horgen CS,Horgen,1994.??.??,1994,3,"Kasparov, Gary","Benjamin, Joel",2805.0,2610.0,1/2-1/2,draw,draw,D38,,115,57.5,22,8,2,0,True,True,12,3,True,0,10,5,dynamic
Kasparov.pgn,Kasparov,black,"Gavrikov, Viktor",Horgen CS,Horgen,1994.??.??,1994,4,"Gavrikov, Viktor","Kasparov, Gary",2600.0,2805.0,1/2-1/2,draw,draw,E69,,84,42.0,20,4,2,0,True,True,10,4,True,0,10,0,dynamic
Kasparov.pgn,Kasparov,white,"Gelfand, Boris",Horgen CS,Horgen,1994.??.??,1994,5,"Kasparov, Gary","Gelfand, Boris",2805.0,2680.0,1-0,white_win,win,B93,,93,46.5,16,5,1,0,False,True,8,3,False,0,8,2,dynamic
Kasparov.pgn,Kasparov,black,"Lautier, Joel",Horgen CS,Horgen,1994.??.??,1994,6,"Lautier, Joel","Kasparov, Gary",2645.0,2805.0,1/2-1/2,draw,draw,E81,,67,33.5,14,4,1,0,False,True,7,1,True,0,7,3,dynamic
Kasparov.pgn,Kasparov,white,"Nikolic, Predrag",Horgen CS,Horgen,1994.??.??,1994,7,"Kasparov, Gary","Nikolic, Predrag",2805.0,2655.0,1-0,white_win,win,C18,,77,38.5,17,6,1,0,True,False,8,3,True,0,9,3,dynamic
Kasparov.pgn,Kasparov,black,"Kortschnoj, Viktor",Horgen CS,Horgen,1994.??.??,1994,8,"Kortschnoj, Viktor","Kasparov, Gary",2615.0,2805.0,1/2-1/2,draw,draw,A33,,26,13.0,10,0,2,0,True,True,5,0,True,0,5,0,dynamic
Kasparov.pgn,Kasparov,white,"Shirov, Alexei",Horgen CS,Horgen,1994.??.??,1994,9,"Kasparov, Gary","Shirov, Alexei",2805.0,2740.0,1-0,white_win,win,B33,,75,37.5,15,2,2,0,True,True,8,2,True,0,7,0,dynamic
Kasparov.pgn,Kasparov,white,"Jussupow, Artur",Horgen CS,Horgen,1994.??.??,1994,10,"Kasparov, Gary","Jussupow, Artur",2805.0,2655.0,1-0,white_win,win,C45,,71,35.5,17,1,2,0,True,True,10,1,True,0,7,0,dynamic
Kasparov.pgn,Kasparov,black,"Miles, Anthony J",Horgen CS,Horgen,1994.??.??,1994,11,"Miles, Anthony J","Kasparov, Gary",2600.0,2805.0,1/2-1/2,draw,draw,A45,,104,52.0,19,2,2,0,True,True,10,2,True,0,9,0,dynamic
Kasparov.pgn,Kasparov,white,"Zelkind, C.",Israel sim,?,1994.??.??,1994,?,"Kasparov, Gary","Zelkind, C.",2805.0,2290.0,1-0,white_win,win,B52,,85,42.5,19,3,2,1,True,True,10,3,True,1,9,0,dynamic
Kasparov.pgn,Kasparov,white,"Zifroni, Dov",Israel sim,?,1994.??.??,1994,?,"Kasparov, Gary","Zifroni, Dov",2805.0,2370.0,1-0,white_win,win,C09,,89,44.5,16,3,2,0,True,True,8,3,True,0,8,0,dynamic
Kasparov.pgn,Kasparov,white,"Wapner, Jonathan",Israel sim,?,1994.??.??,1994,?,"Kasparov, Gary","Wapner, Jonathan",2805.0,2175.0,1-0,white_win,win,D13,,93,46.5,21,3,2,0,True,True,11,3,True,0,10,0,dynamic
Kasparov.pgn,Kasparov,white,"Tyomkin, Dimitri",Israel sim,?,1994.??.??,1994,?,"Kasparov, Gary","Tyomkin, Dimitri",2805.0,2310.0,1-0,white_win,win,D31,,53,26.5,12,1,2,0,True,True,6,0,True,0,6,1,dynamic
Kasparov.pgn,Kasparov,white,"Teplitsky, Yan",Israel sim,?,1994.??.??,1994,?,"Kasparov, Gary","Teplitsky, Yan",2805.0,2395.0,1-0,white_win,win,B57,,107,53.5,21,5,2,1,True,True,10,2,True,1,11,3,dynamic
Kasparov.pgn,Kasparov,white,"Sutovskij, Emil",Israel sim,?,1994.??.??,1994,?,"Kasparov, Gary","Sutovskij, Emil",2805.0,2480.0,1/2-1/2,draw,draw,E81,,64,32.0,15,1,2,0,True,True,7,1,True,0,8,0,dynamic
Kasparov.pgn,Kasparov,white,"Segal, Anna",Israel sim,?,1994.??.??,1994,?,"Kasparov, Gary","Segal, Anna",2805.0,2220.0,1-0,white_win,win,E81,,103,51.5,16,0,2,0,True,True,8,0,True,0,8,0,dynamic
Kasparov.pgn,Kasparov,white,"Ravia, Mosi",Israel sim,?,1994.??.??,1994,?,"Kasparov, Gary","Ravia, Mosi",2805.0,2320.0,1/2-1/2,draw,draw,E01,,63,31.5,14,1,2,0,True,True,7,0,True,0,7,1,dynamic
Kasparov.pgn,Kasparov,white,"Rabinovich, Alexander",Israel sim,?,1994.??.??,1994,?,"Kasparov, Gary","Rabinovich, Alexander",2805.0,2255.0,1-0,white_win,win,D35,,121,60.5,25,9,2,2,True,True,13,5,True,1,12,4,dynamic
Kasparov.pgn,Kasparov,white,"Liss, Eran",Israel sim,?,1994.??.??,1994,?,"Kasparov, Gary","Liss, Eran",2805.0,2480.0,1-0,white_win,win,A16,,63,31.5,15,1,2,0,True,True,9,0,True,0,6,1,dynamic
Kasparov.pgn,Kasparov,white,"Kundin, Alexander",Israel sim,?,1994.??.??,1994,?,"Kasparov, Gary","Kundin, Alexander",2805.0,2295.0,1-0,white_win,win,D15,,65,32.5,13,2,1,0,False,True,7,1,False,0,6,1,dynamic
Kasparov.pgn,Kasparov,white,"Kogan, Artur",Israel sim,?,1994.??.??,1994,?,"Kasparov, Gary","Kogan, Artur",2805.0,2470.0,1/2-1/2,draw,draw,B30,,87,43.5,21,8,2,0,True,True,11,1,True,0,10,7,dynamic
Kasparov.pgn,Kasparov,white,"Gershon, Alik",Israel sim,?,1994.??.??,1994,?,"Kasparov, Gary","Gershon, Alik",2805.0,2355.0,1-0,white_win,win,A86,,91,45.5,18,9,1,0,False,True,9,4,False,0,9,5,dynamic
Kasparov.pgn,Kasparov,white,"Finkel, Alexander",Israel sim,?,1994.??.??,1994,?,"Kasparov, Gary","Finkel, Alexander",2805.0,2465.0,1/2-1/2,draw,draw,A25,,44,22.0,12,0,2,0,True,True,6,0,True,0,6,0,dynamic
Kasparov.pgn,Kasparov,white,"Dambo, L.",Israel sim,?,1994.??.??,1994,?,"Kasparov, Gary","Dambo, L.",2805.0,,1-0,white_win,win,A45,,59,29.5,13,5,1,0,True,False,7,3,True,0,6,2,dynamic
Kasparov.pgn,Kasparov,black,"Bareev, Evgeny",Linares,Linares,1994.??.??,1994,1,"Bareev, Evgeny","Kasparov, Gary",2685.0,2805.0,0-1,black_win,win,A58,,62,31.0,13,1,2,0,True,True,7,1,True,0,6,0,dynamic
Kasparov.pgn,Kasparov,white,"Illescas Cordoba, Miguel",Linares,Linares,1994.??.??,1994,2,"Kasparov, Gary","Illescas Cordoba, Miguel",2805.0,2590.0,1-0,white_win,win,D34,,85,42.5,20,3,2,0,True,True,11,3,True,0,9,0,dynamic
Kasparov.pgn,Kasparov,black,"Topalov, Veselin",Linares,Linares,1994.??.??,1994,3,"Topalov, Veselin","Kasparov, Gary",2640.0,2805.0,1/2-1/2,draw,draw,E76,,87,43.5,24,5,2,0,True,True,12,3,True,0,12,2,dynamic
Kasparov.pgn,Kasparov,white,"Ivanchuk, Vassily",Linares,Linares,1994.??.??,1994,4,"Kasparov, Gary","Ivanchuk, Vassily",2805.0,2710.0,1-0,white_win,win,D44,,77,38.5,20,9,2,0,True,True,10,6,True,0,10,3,dynamic
Kasparov.pgn,Kasparov,black,"Polgar, Judit",Linares,Linares,1994.??.??,1994,5,"Polgar, Judit","Kasparov, Gary",2630.0,2805.0,0-1,black_win,win,B85,,92,46.0,18,2,2,0,True,True,9,0,True,0,9,2,dynamic
Kasparov.pgn,Kasparov,black,"Gelfand, Boris",Linares,Linares,1994.??.??,1994,6,"Gelfand, Boris","Kasparov, Gary",2685.0,2800.0,1/2-1/2,draw,draw,D35,,97,48.5,23,1,2,0,True,True,11,0,True,0,12,1,dynamic
Kasparov.pgn,Kasparov,white,"Karpov, Anatoly",Linares,Linares,1994.??.??,1994,7,"Kasparov, Gary","Karpov, Anatoly",2800.0,2740.0,1/2-1/2,draw,draw,B17,,81,40.5,21,3,0,0,False,False,10,0,False,0,11,3,dynamic
Kasparov.pgn,Kasparov,black,"Shirov, Alexei",Linares,Linares,1994.??.??,1994,8,"Shirov, Alexei","Kasparov, Gary",2705.0,2805.0,1/2-1/2,draw,draw,B51,,58,29.0,12,3,2,0,True,True,6,2,True,0,6,1,dynamic
Kasparov.pgn,Kasparov,white,"Kamsky, Gata",Linares,Linares,1994.??.??,1994,9,"Kasparov, Gary","Kamsky, Gata",2805.0,2695.0,1-0,white_win,win,B17,,79,39.5,16,1,1,0,True,False,9,1,True,0,7,0,dynamic
Kasparov.pgn,Kasparov,black,"Kramnik, Vladimir",Linares,Linares,1994.??.??,1994,10,"Kramnik, Vladimir","Kasparov, Gary",2710.0,2805.0,1-0,white_win,loss,E93,,79,39.5,15,2,2,0,True,True,6,0,True,0,9,2,dynamic
Kasparov.pgn,Kasparov,white,"Anand, Viswanathan",Linares,Linares,1994.??.??,1994,11,"Kasparov, Gary","Anand, Viswanathan",2805.0,2715.0,1-0,white_win,win,B85,,69,34.5,15,2,2,0,True,True,7,2,True,0,8,0,dynamic
Kasparov.pgn,Kasparov,black,"Beliavsky, Alexander G",Linares,Linares,1994.??.??,1994,12,"Beliavsky, Alexander G","Kasparov, Gary",2650.0,2805.0,1/2-1/2,draw,draw,E66,,81,40.5,12,1,2,0,True,True,6,1,True,0,6,0,dynamic
Kasparov.pgn,Kasparov,white,"Lautier, Joel",Linares,Linares,1994.??.??,1994,13,"Kasparov, Gary","Lautier, Joel",2805.0,2625.0,0-1,black_win,loss,C54,,58,29.0,16,3,2,1,True,True,8,3,True,0,8,0,dynamic
Kasparov.pgn,Kasparov,black,Comp Genius,PCA/Intel-GP,London,1994.??.??,1994,1,Comp Genius,"Kasparov, Gary",,2815.0,1/2-1/2,draw,draw,E12,,111,55.5,19,2,2,0,True,True,10,0,True,0,9,2,dynamic
Kasparov.pgn,Kasparov,white,Comp Genius,PCA/Intel-GP,London,1994.??.??,1994,1,"Kasparov, Gary",Comp Genius,2815.0,,0-1,black_win,loss,D23,,120,60.0,22,16,2,0,True,True,10,6,True,0,12,10,dynamic
Kasparov.pgn,Kasparov,black,"Shneider, Aleksandr",EUCup f,Lyon,1994.??.??,1994,?,"Shneider, Aleksandr","Kasparov, Gary",2535.0,2805.0,1-0,white_win,loss,A39,,77,38.5,16,1,2,0,True,True,8,1,True,0,8,0,dynamic
Kasparov.pgn,Kasparov,white,"Lautier, Joel",EUCup f,Lyon,1994.??.??,1994,?,"Kasparov, Gary","Lautier, Joel",2805.0,2645.0,1/2-1/2,draw,draw,C74,,83,41.5,20,9,1,0,False,True,10,7,False,0,10,2,dynamic
Kasparov.pgn,Kasparov,black,"Almasi, Zoltan",EUCup f,Lyon,1994.??.??,1994,?,"Almasi, Zoltan","Kasparov, Gary",2620.0,2805.0,0-1,black_win,win,B82,,72,36.0,15,2,1,0,True,False,9,2,False,0,6,0,dynamic
Kasparov.pgn,Kasparov,black,"Topalov, Veselin",Moscow ol (Men),Moscow,1994.??.??,1994,?,"Topalov, Veselin","Kasparov, Gary",2645.0,2805.0,1-0,white_win,loss,B81,,57,28.5,16,4,0,0,False,False,9,2,False,0,7,2,dynamic
Kasparov.pgn,Kasparov,white,"Short, Nigel D",Moscow ol (Men),Moscow,1994.??.??,1994,?,"Kasparov, Gary","Short, Nigel D",2805.0,2665.0,1-0,white_win,win,B85,,83,41.5,21,2,2,0,True,True,10,1,True,0,11,1,dynamic
Kasparov.pgn,Kasparov,white,"Azmaiparashvili, Zurab",Moscow ol (Men),Moscow,1994.??.??,1994,?,"Kasparov, Gary","Azmaiparashvili, Zurab",2805.0,2625.0,1-0,white_win,win,A41,,99,49.5,22,9,1,0,True,False,12,6,True,0,10,3,dynamic
Kasparov.pgn,Kasparov,black,"Timman, Jan H",PCA/Intel-GP,Moscow,1994.??.??,1994,1,"Timman, Jan H","Kasparov, Gary",2620.0,2805.0,1/2-1/2,draw,draw,D00,,101,50.5,19,10,1,0,False,True,10,4,True,0,9,6,dynamic
Kasparov.pgn,Kasparov,white,"Timman, Jan H",PCA/Intel-GP,Moscow,1994.??.??,1994,1,"Kasparov, Gary","Timman, Jan H",2805.0,2620.0,1-0,white_win,win,C59,,87,43.5,21,2,2,0,True,True,12,1,True,0,9,1,dynamic
Kasparov.pgn,Kasparov,white,"Kramnik, Vladimir",PCA/Intel-GP,Moscow,1994.??.??,1994,2,"Kasparov, Gary","Kramnik, Vladimir",2805.0,2710.0,1/2-1/2,draw,draw,B33,,60,30.0,17,1,2,0,True,True,9,0,True,0,8,1,dynamic
Kasparov.pgn,Kasparov,black,"Kramnik, Vladimir",PCA/Intel-GP,Moscow,1994.??.??,1994,2,"Kramnik, Vladimir","Kasparov, Gary",2710.0,2805.0,1-0,white_win,loss,E93,,81,40.5,16,8,2,0,True,True,6,7,True,0,10,1,dynamic
Kasparov.pgn,Kasparov,black,"Ljubojevic, Ljubomir",Moscow ol (Men),Moscow,1994.??.??,1994,4,"Ljubojevic, Ljubomir","Kasparov, Gary",2580.0,2805.0,1/2-1/2,draw,draw,B22,,56,28.0,10,2,2,0,True,True,5,2,True,0,5,0,dynamic
Kasparov.pgn,Kasparov,white,"Gelfand, Boris",Moscow ol (Men),Moscow,1994.??.??,1994,5,"Kasparov, Gary","Gelfand, Boris",2800.0,2680.0,1/2-1/2,draw,draw,B87,,75,37.5,10,0,2,0,True,True,5,0,True,0,5,0,dynamic
Kasparov.pgn,Kasparov,white,"Lautier, Joel",Moscow ol (Men),Moscow,1994.??.??,1994,7,"Kasparov, Gary","Lautier, Joel",2800.0,2645.0,1-0,white_win,win,B33,,55,27.5,8,1,2,0,True,True,4,1,True,0,4,0,dynamic
Kasparov.pgn,Kasparov,white,"Nikolic, Predrag",Moscow ol (Men),Moscow,1994.??.??,1994,8,"Kasparov, Gary","Nikolic, Predrag",2805.0,2655.0,1/2-1/2,draw,draw,E34,,40,20.0,13,3,1,0,False,True,6,0,False,0,7,3,dynamic
Kasparov.pgn,Kasparov,black,"Ivanchuk, Vassily",Moscow ol (Men),Moscow,1994.??.??,1994,9,"Ivanchuk, Vassily","Kasparov, Gary",2695.0,2805.0,1/2-1/2,draw,draw,B70,,70,35.0,19,2,2,0,True,True,10,1,True,0,9,1,dynamic
Kasparov.pgn,Kasparov,black,"Oll, Lembit",Moscow ol (Men),Moscow,1994.??.??,1994,10,"Oll, Lembit","Kasparov, Gary",2615.0,2805.0,1/2-1/2,draw,draw,B92,,85,42.5,19,7,2,0,True,True,9,1,True,0,10,6,dynamic
Kasparov.pgn,Kasparov,black,"Jussupow, Artur",Moscow ol (Men),Moscow,1994.??.??,1994,14,"Jussupow, Artur","Kasparov, Gary",2655.0,2805.0,0-1,black_win,win,E70,,64,32.0,14,1,2,0,True,True,9,1,True,0,5,0,dynamic
Kasparov.pgn,Kasparov,white,Comp Fritz 3,Munich Intel Express m,Munich,1994.??.??,1994,?,"Kasparov, Gary",Comp Fritz 3,2815.0,,0-1,black_win,loss,D20,,94,47.0,21,8,2,0,True,True,10,3,True,0,11,5,dynamic
Kasparov.pgn,Kasparov,white,Comp Fritz 3,Munich Intel Express m,Munich,1994.??.??,1994,?,"Kasparov, Gary",Comp Fritz 3,2815.0,,1-0,white_win,win,A00,,93,46.5,28,5,1,1,True,False,14,5,True,1,14,0,dynamic
Kasparov.pgn,Kasparov,white,Comp Fritz 3,Munich Intel Express m,Munich,1994.??.??,1994,?,"Kasparov, Gary",Comp Fritz 3,2815.0,,1-0,white_win,win,D20,,64,32.0,18,1,2,0,True,True,10,0,True,0,8,1,dynamic
Kasparov.pgn,Kasparov,black,Comp Fritz 3,Munich Intel Express m,Munich,1994.??.??,1994,?,Comp Fritz 3,"Kasparov, Gary",,2815.0,1/2-1/2,draw,draw,D41,,93,46.5,22,4,2,0,True,True,11,1,True,0,11,3,dynamic
Kasparov.pgn,Kasparov,black,Comp Fritz 3,Munich Intel Express m,Munich,1994.??.??,1994,?,Comp Fritz 3,"Kasparov, Gary",,2815.0,0-1,black_win,win,E90,,172,86.0,23,9,1,0,True,False,13,6,False,0,10,3,dynamic
Kasparov.pgn,Kasparov,black,Comp Fritz 3,Munich Intel Express m,Munich,1994.??.??,1994,?,Comp Fritz 3,"Kasparov, Gary",,2815.0,1/2-1/2,draw,draw,B08,,157,78.5,26,15,2,0,True,True,13,12,True,0,13,3,dynamic
Kasparov.pgn,Kasparov,black,"Nikolic, Predrag",Munich Express,Munich,1994.??.??,1994,?,"Nikolic, Predrag","Kasparov, Gary",2625.0,2815.0,0-1,black_win,win,A41,,62,31.0,13,2,2,0,True,True,7,1,True,0,6,1,dynamic
Kasparov.pgn,Kasparov,black,"Kramnik, Vladimir",Munich Express,Munich,1994.??.??,1994,?,"Kramnik, Vladimir","Kasparov, Gary",2710.0,2815.0,0-1,black_win,win,E92,,78,39.0,14,3,2,0,True,True,8,3,True,0,6,0,dynamic
Kasparov.pgn,Kasparov,white,"Leko, Peter",Munich Express,Munich,1994.??.??,1994,?,"Kasparov, Gary","Leko, Peter",2815.0,2545.0,1-0,white_win,win,D03,,120,60.0,22,4,2,0,True,True,12,4,True,0,10,0,dynamic
Kasparov.pgn,Kasparov,white,"Short, Nigel D",Munich Express,Munich,1994.??.??,1994,?,"Kasparov, Gary","Short, Nigel D",2815.0,2665.0,1-0,white_win,win,C18,,70,35.0,19,1,2,0,True,True,10,0,True,0,9,1,dynamic
Kasparov.pgn,Kasparov,black,"Chernin, Alexander",Munich Express,Munich,1994.??.??,1994,?,"Chernin, Alexander","Kasparov, Gary",2630.0,2815.0,0-1,black_win,win,E71,,44,22.0,10,1,1,0,False,True,5,1,True,0,5,0,dynamic
Kasparov.pgn,Kasparov,black,"Cvitan, Ognjen",Munich Express,Munich,1994.??.??,1994,?,"Cvitan, Ognjen","Kasparov, Gary",2570.0,2815.0,1-0,white_win,loss,A38,,88,44.0,22,5,2,0,True,True,11,3,True,0,11,2,dynamic
Kasparov.pgn,Kasparov,black,"Hertneck, Gerald",Munich Express,Munich,1994.??.??,1994,?,"Hertneck, Gerald","Kasparov, Gary",2615.0,2815.0,0-1,black_win,win,D85,,58,29.0,15,9,1,0,False,True,8,5,True,0,7,4,dynamic
Kasparov.pgn,Kasparov,black,"Hjartarson, Johann",Munich Express,Munich,1994.??.??,1994,?,"Hjartarson, Johann","Kasparov, Gary",2595.0,2815.0,0-1,black_win,win,A57,,66,33.0,14,2,1,0,False,True,7,1,True,0,7,1,dynamic
Kasparov.pgn,Kasparov,white,"Dreev, Alexey",Munich Express,Munich,1994.??.??,1994,?,"Kasparov, Gary","Dreev, Alexey",2815.0,2645.0,0-1,black_win,loss,C11,,59,29.5,12,3,0,0,False,False,6,1,False,0,6,2,dynamic
Kasparov.pgn,Kasparov,white,"Georgiev, Kiril",Munich Express,Munich,1994.??.??,1994,?,"Kasparov, Gary","Georgiev, Kiril",2815.0,2615.0,1-0,white_win,win,D19,,91,45.5,16,4,2,0,True,True,9,4,True,0,7,0,dynamic
Kasparov.pgn,Kasparov,black,"Kamsky, Gata",PCA/Intel-GP,New York,1994.??.??,1994,1,"Kamsky, Gata","Kasparov, Gary",2695.0,2815.0,0-1,black_win,win,E97,,86,43.0,23,4,2,0,True,True,11,4,True,0,12,0,dynamic
Kasparov.pgn,Kasparov,white,"Kamsky, Gata",PCA/Intel-GP,New York,1994.??.??,1994,1,"Kasparov, Gary","Kamsky, Gata",2815.0,2695.0,1-0,white_win,win,D27,,59,29.5,11,0,2,0,True,True,6,0,True,0,5,0,dynamic
Kasparov.pgn,Kasparov,black,"Anand, Viswanathan",PCA/Intel-GP,New York,1994.??.??,1994,2,"Anand, Viswanathan","Kasparov, Gary",2720.0,2815.0,0-1,black_win,win,B24,,132,66.0,19,3,1,0,True,False,10,2,False,0,9,1,dynamic
Kasparov.pgn,Kasparov,white,"Anand, Viswanathan",PCA/Intel-GP,New York,1994.??.??,1994,2,"Kasparov, Gary","Anand, Viswanathan",2815.0,2720.0,1/2-1/2,draw,draw,A04,,47,23.5,12,2,2,0,True,True,6,0,True,0,6,2,dynamic
Kasparov.pgn,Kasparov,black,"Nikolic, Predrag",PCA/Intel-GP,New York,1994.??.??,1994,3,"Nikolic, Predrag","Kasparov, Gary",2655.0,2815.0,0-1,black_win,win,E69,,90,45.0,13,5,2,0,True,True,7,5,True,0,6,0,dynamic
Kasparov.pgn,Kasparov,white,"Nikolic, Predrag",PCA/Intel-GP,New York,1994.??.??,1994,3,"Kasparov, Gary","Nikolic, Predrag",2815.0,2655.0,1-0,white_win,win,A90,,141,70.5,27,10,2,2,True,True,14,8,True,1,13,2,dynamic
Kasparov.pgn,Kasparov,black,"Kramnik, Vladimir",PCA/Intel-GP,New York,1994.??.??,1994,4,"Kramnik, Vladimir","Kasparov, Gary",2710.0,2805.0,1-0,white_win,loss,B44,,147,73.5,26,11,2,0,True,True,12,6,True,0,14,5,dynamic
Kasparov.pgn,Kasparov,white,"Kramnik, Vladimir",PCA/Intel-GP,New York,1994.??.??,1994,4,"Kasparov, Gary","Kramnik, Vladimir",2805.0,2710.0,1/2-1/2,draw,draw,D44,,70,35.0,22,2,2,0,True,True,12,2,True,0,10,0,dynamic
Kasparov.pgn,Kasparov,white,"Shirov, Alexei",Novgorod,Novgorod,1994.??.??,1994,1,"Kasparov, Gary","Shirov, Alexei",2805.0,2740.0,1-0,white_win,win,A21,,73,36.5,15,4,2,0,True,True,8,2,True,0,7,2,dynamic
Kasparov.pgn,Kasparov,black,"Bareev, Evgeny",Novgorod,Novgorod,1994.??.??,1994,2,"Bareev, Evgeny","Kasparov, Gary",2675.0,2805.0,1/2-1/2,draw,draw,D99,,49,24.5,13,0,2,0,True,True,6,0,True,0,7,0,dynamic
Kasparov.pgn,Kasparov,white,"Ivanchuk, Vassily",Novgorod,Novgorod,1994.??.??,1994,3,"Kasparov, Gary","Ivanchuk, Vassily",2805.0,2695.0,1/2-1/2,draw,draw,B48,,48,24.0,10,0,2,0,True,True,4,0,True,0,6,0,dynamic
Kasparov.pgn,Kasparov,white,"Kramnik, Vladimir",Novgorod,Novgorod,1994.??.??,1994,4,"Kasparov, Gary","Kramnik, Vladimir",2805.0,2725.0,1-0,white_win,win,B33,,70,35.0,19,6,2,1,True,True,10,6,True,1,9,0,dynamic
Kasparov.pgn,Kasparov,black,"Short, Nigel D",Novgorod,Novgorod,1994.??.??,1994,5,"Short, Nigel D","Kasparov, Gary",2665.0,2805.0,0-1,black_win,win,B92,,80,40.0,16,0,2,0,True,True,9,0,True,0,7,0,dynamic
Kasparov.pgn,Kasparov,black,"Shirov, Alexei",Novgorod,Novgorod,1994.??.??,1994,6,"Shirov, Alexei","Kasparov, Gary",2740.0,2805.0,1/2-1/2,draw,draw,B54,,95,47.5,21,9,2,1,True,True,10,4,True,0,11,5,dynamic
Kasparov.pgn,Kasparov,white,"Bareev, Evgeny",Novgorod,Novgorod,1994.??.??,1994,7,"Kasparov, Gary","Bareev, Evgeny",2805.0,2675.0,1-0,white_win,win,D19,,69,34.5,15,1,2,0,True,True,7,0,True,0,8,1,dynamic
Kasparov.pgn,Kasparov,black,"Ivanchuk, Vassily",Novgorod,Novgorod,1994.??.??,1994,8,"Ivanchuk, Vassily","Kasparov, Gary",2695.0,2805.0,1/2-1/2,draw,draw,E71,,57,28.5,4,0,2,0,True,True,2,0,True,0,2,0,dynamic
Kasparov.pgn,Kasparov,white,"Short, Nigel D",Novgorod,Novgorod,1994.??.??,1994,9,"Kasparov, Gary","Short, Nigel D",2805.0,2665.0,1/2-1/2,draw,draw,D20,,88,44.0,23,6,1,0,True,False,12,4,True,0,11,2,dynamic
Kasparov.pgn,Kasparov,black,"Kramnik, Vladimir",Novgorod,Novgorod,1994.??.??,1994,10,"Kramnik, Vladimir","Kasparov, Gary",2725.0,2805.0,1/2-1/2,draw,draw,D85,,51,25.5,19,3,2,0,True,True,9,2,True,0,10,1,dynamic
Kasparov.pgn,Kasparov,black,"Arbakov, Valentin",PCA/Intel-GP,Paris,1994.??.??,1994,1.8,"Arbakov, Valentin","Kasparov, Gary",2570.0,2810.0,0-1,black_win,win,E89,,66,33.0,10,2,2,0,True,True,5,2,True,0,5,0,dynamic
Kasparov.pgn,Kasparov,white,"Arbakov, Valentin",PCA/Intel-GP,Paris,1994.??.??,1994,1.8,"Kasparov, Gary","Arbakov, Valentin",2810.0,2570.0,1-0,white_win,win,A15,,97,48.5,21,3,2,0,True,True,11,2,True,0,10,1,dynamic
Kasparov.pgn,Kasparov,black,"Hjartarson, Johann",PCA/Intel-GP,Paris,1994.??.??,1994,2.4,"Hjartarson, Johann","Kasparov, Gary",2585.0,2810.0,0-1,black_win,win,E90,,64,32.0,12,3,1,0,False,True,7,3,True,0,5,0,dynamic
Kasparov.pgn,Kasparov,white,"Hjartarson, Johann",PCA/Intel-GP,Paris,1994.??.??,1994,2.4,"Kasparov, Gary","Hjartarson, Johann",2810.0,2585.0,1-0,white_win,win,A46,,45,22.5,8,0,1,0,True,False,4,0,True,0,4,0,dynamic
Kasparov.pgn,Kasparov,white,"Kramnik, Vladimir",PCA/Intel-GP,Paris,1994.??.??,1994,3.2,"Kasparov, Gary","Kramnik, Vladimir",2810.0,2725.0,1-0,white_win,win,D19,,171,85.5,29,14,2,1,True,True,15,5,True,1,14,9,dynamic
Kasparov.pgn,Kasparov,white,"Kramnik, Vladimir",PCA/Intel-GP,Paris,1994.??.??,1994,3.2,"Kasparov, Gary","Kramnik, Vladimir",2810.0,2725.0,1/2-1/2,draw,draw,D18,,36,18.0,8,0,2,0,True,True,4,0,True,0,4,0,dynamic
Kasparov.pgn,Kasparov,black,"Kramnik, Vladimir",PCA/Intel-GP,Paris,1994.??.??,1994,3.2,"Kramnik, Vladimir","Kasparov, Gary",2725.0,2810.0,1/2-1/2,draw,draw,B22,,73,36.5,20,3,2,0,True,True,10,2,True,0,10,1,dynamic
Kasparov.pgn,Kasparov,white,"Nikolic, Predrag",PCA/Intel-GP,Paris,1994.??.??,1994,4.1,"Kasparov, Gary","Nikolic, Predrag",2810.0,2655.0,1-0,white_win,win,C18,,59,29.5,14,8,0,0,False,False,7,3,False,0,7,5,dynamic
Kasparov.pgn,Kasparov,black,"Nikolic, Predrag",PCA/Intel-GP,Paris,1994.??.??,1994,4.2,"Nikolic, Predrag","Kasparov, Gary",2655.0,2810.0,0-1,black_win,win,E60,,94,47.0,19,2,2,0,True,True,10,1,True,0,9,1,dynamic
Kasparov.pgn,Kasparov,black,"Lautier, Joel",Euwe mem,Amsterdam,1995.??.??,1995,1,"Lautier, Joel","Kasparov, Gary",2655.0,2805.0,1/2-1/2,draw,draw,E76,,55,27.5,15,1,2,0,True,True,8,1,True,0,7,0,dynamic
Kasparov.pgn,Kasparov,white,"Piket, Jeroen",Euwe mem,Amsterdam,1995.??.??,1995,2,"Kasparov, Gary","Piket, Jeroen",2805.0,2670.0,1-0,white_win,win,C51,,57,28.5,15,0,2,0,True,True,8,0,True,0,7,0,dynamic
Kasparov.pgn,Kasparov,black,"Topalov, Veselin",Euwe mem,Amsterdam,1995.??.??,1995,3,"Topalov, Veselin","Kasparov, Gary",2630.0,2805.0,0-1,black_win,win,B80,,56,28.0,10,1,2,0,True,True,5,1,True,0,5,0,dynamic
Kasparov.pgn,Kasparov,white,"Lautier, Joel",Euwe mem,Amsterdam,1995.??.??,1995,4,"Kasparov, Gary","Lautier, Joel",2805.0,2655.0,0-1,black_win,loss,B48,,62,31.0,14,4,1,0,True,False,8,4,True,0,6,0,dynamic
Kasparov.pgn,Kasparov,white,"Topalov, Veselin",Euwe mem,Amsterdam,1995.??.??,1995,5,"Kasparov, Gary","Topalov, Veselin",2805.0,2630.0,1-0,white_win,win,B76,,83,41.5,23,3,2,0,True,True,12,0,True,0,11,3,dynamic
Kasparov.pgn,Kasparov,black,"Piket, Jeroen",Euwe mem,Amsterdam,1995.??.??,1995,6,"Piket, Jeroen","Kasparov, Gary",2670.0,2805.0,1-0,white_win,loss,D97,,81,40.5,18,5,2,0,True,True,8,1,True,0,10,4,dynamic
Kasparov.pgn,Kasparov,black,"Ehlvest, Jaan",Horgen,Horgen,1995.??.??,1995,1,"Ehlvest, Jaan","Kasparov, Gary",2630.0,2795.0,1/2-1/2,draw,draw,E61,,96,48.0,14,3,2,0,True,True,7,1,True,0,7,2,dynamic
Kasparov.pgn,Kasparov,white,"Timman, Jan H",Horgen,Horgen,1995.??.??,1995,2,"Kasparov, Gary","Timman, Jan H",2795.0,2595.0,1/2-1/2,draw,draw,C11,,79,39.5,16,1,2,0,True,True,8,0,True,0,8,1,dynamic
Kasparov.pgn,Kasparov,black,"Gulko, Boris F",Horgen,Horgen,1995.??.??,1995,3,"Gulko, Boris F","Kasparov, Gary",2620.0,2795.0,1/2-1/2,draw,draw,A26,,78,39.0,18,0,2,0,True,True,9,0,True,0,9,0,dynamic
Kasparov.pgn,Kasparov,white,"Jussupow, Artur",Horgen,Horgen,1995.??.??,1995,4,"Kasparov, Gary","Jussupow, Artur",2795.0,2680.0,1/2-1/2,draw,draw,C43,,40,20.0,4,0,2,0,True,True,2,0,True,0,2,0,dynamic
Kasparov.pgn,Kasparov,black,"Short, Nigel D",Horgen,Horgen,1995.??.??,1995,5,"Short, Nigel D","Kasparov, Gary",2645.0,2795.0,1/2-1/2,draw,draw,B90,,73,36.5,14,1,2,0,True,True,7,1,True,0,7,0,dynamic
Kasparov.pgn,Kasparov,white,"Ivanchuk, Vassily",Horgen,Horgen,1995.??.??,1995,6,"Kasparov, Gary","Ivanchuk, Vassily",2795.0,2740.0,0-1,black_win,loss,C16,,62,31.0,11,1,2,0,True,True,5,1,True,0,6,0,dynamic
Kasparov.pgn,Kasparov,black,"Lautier, Joel",Horgen,Horgen,1995.??.??,1995,7,"Lautier, Joel","Kasparov, Gary",2645.0,2795.0,1/2-1/2,draw,draw,A65,,53,26.5,8,0,2,0,True,True,4,0,True,0,4,0,dynamic
Kasparov.pgn,Kasparov,white,"Kortschnoj, Viktor",Horgen,Horgen,1995.??.??,1995,8,"Kasparov, Gary","Kortschnoj, Viktor",2795.0,2635.0,1-0,white_win,win,D43,,53,26.5,15,4,1,0,True,False,8,2,True,0,7,2,dynamic
Kasparov.pgn,Kasparov,white,"Kramnik, Vladimir",Horgen,Horgen,1995.??.??,1995,9,"Kasparov, Gary","Kramnik, Vladimir",2795.0,2730.0,1/2-1/2,draw,draw,B57,,26,13.0,2,0,2,0,True,True,1,0,True,0,1,0,dynamic
Kasparov.pgn,Kasparov,black,"Vaganian, Rafael A",Horgen,Horgen,1995.??.??,1995,11,"Vaganian, Rafael A","Kasparov, Gary",2645.0,2795.0,1/2-1/2,draw,draw,D36,,31,15.5,8,0,2,0,True,True,4,0,True,0,4,0,dynamic
Kasparov.pgn,Kasparov,white,"Matabeek, S.",Internet sim1,Internet,1995.??.??,1995,?,"Kasparov, Gary","Matabeek, S.",2805.0,,1-0,white_win,win,C54,,47,23.5,11,1,1,0,False,True,6,1,False,0,5,0,dynamic
Kasparov.pgn,Kasparov,white,"Lerner, Al",Internet sim1,Internet,1995.??.??,1995,?,"Kasparov, Gary","Lerner, Al",2805.0,,1/2-1/2,draw,draw,E43,,52,26.0,2,1,2,0,True,True,1,0,True,0,1,1,dynamic
Kasparov.pgn,Kasparov,white,"Srinavasan, J.",Internet sim1,Internet,1995.??.??,1995,?,"Kasparov, Gary","Srinavasan, J.",2805.0,,1-0,white_win,win,E41,,39,19.5,12,3,2,0,True,True,7,2,True,0,5,1,dynamic
Kasparov.pgn,Kasparov,white,"Ronksley, S.",Internet sim1,Internet,1995.??.??,1995,?,"Kasparov, Gary","Ronksley, S.",2805.0,,1-0,white_win,win,B70,,97,48.5,14,0,2,0,True,True,7,0,True,0,7,0,dynamic
Kasparov.pgn,Kasparov,white,"Mozes, D.",Internet sim1,Internet,1995.??.??,1995,?,"Kasparov, Gary","Mozes, D.",2805.0,,0-1,black_win,loss,B22,,72,36.0,15,2,2,0,True,True,7,0,True,0,8,2,dynamic
Kasparov.pgn,Kasparov,white,"McShane, Luke J",Internet sim1,Internet,1995.??.??,1995,?,"Kasparov, Gary","McShane, Luke J",2805.0,2145.0,1-0,white_win,win,A36,,55,27.5,15,2,2,0,True,True,8,1,True,0,7,1,dynamic
Kasparov.pgn,Kasparov,white,"Larso, E.",Internet sim1,Internet,1995.??.??,1995,?,"Kasparov, Gary","Larso, E.",2805.0,,1-0,white_win,win,D38,,65,32.5,20,2,2,0,True,True,10,2,True,0,10,0,dynamic
Kasparov.pgn,Kasparov,white,"Hvarre, K.",Internet sim1,Internet,1995.??.??,1995,?,"Kasparov, Gary","Hvarre, K.",2805.0,,1/2-1/2,draw,draw,B80,,86,43.0,22,4,2,0,True,True,11,1,True,0,11,3,dynamic
Kasparov.pgn,Kasparov,white,"Frolik, Erhard",Internet sim1,Internet,1995.??.??,1995,?,"Kasparov, Gary","Frolik, Erhard",2805.0,,1/2-1/2,draw,draw,D15,,88,44.0,16,4,1,0,False,True,8,4,False,0,8,0,dynamic
Kasparov.pgn,Kasparov,white,"Firor, J.",Internet sim1,Internet,1995.??.??,1995,?,"Kasparov, Gary","Firor, J.",2805.0,,1-0,white_win,win,B50,,65,32.5,16,0,2,0,True,True,8,0,True,0,8,0,dynamic
Kasparov.pgn,Kasparov,black,"Yudasin, Leonid",EUCup f,Ljubljana,1995.??.??,1995,1,"Yudasin, Leonid","Kasparov, Gary",2630.0,2795.0,0-1,black_win,win,B51,,66,33.0,16,2,2,0,True,True,8,1,True,0,8,1,dynamic
Kasparov.pgn,Kasparov,black,"Akopian, Vladimir",EUCup f,Ljubljana,1995.??.??,1995,2,"Akopian, Vladimir","Kasparov, Gary",2625.0,2795.0,1/2-1/2,draw,draw,D77,,62,31.0,15,7,2,0,True,True,8,0,True,0,7,7,dynamic
Kasparov.pgn,Kasparov,black,Comp Pentium Fritz4,London m,London,1995.??.??,1995,1,Comp Pentium Fritz4,"Kasparov, Gary",,2795.0,0-1,black_win,win,E32,,92,46.0,23,5,1,1,False,True,11,3,True,1,12,2,dynamic
Kasparov.pgn,Kasparov,white,Comp Genius/Pentium,TV m,London,1995.??.??,1995,1,"Kasparov, Gary",Comp Genius/Pentium,2805.0,,1-0,white_win,win,D15,,78,39.0,22,4,2,0,True,True,9,2,True,0,13,2,dynamic
Kasparov.pgn,Kasparov,white,Comp Pentium Fritz4,London m,London,1995.??.??,1995,2,"Kasparov, Gary",Comp Pentium Fritz4,2795.0,,1/2-1/2,draw,draw,D34,,124,62.0,25,3,2,0,True,True,12,2,True,0,13,1,dynamic
Kasparov.pgn,Kasparov,black,Comp Genius/Pentium,TV m,London,1995.??.??,1995,2,Comp Genius/Pentium,"Kasparov, Gary",,2805.0,1/2-1/2,draw,draw,A04,,103,51.5,22,4,2,0,True,True,11,0,True,0,11,4,dynamic
Kasparov.pgn,Kasparov,white,"Epishin, Vladimir",PCA/Intel-GP,Moscow,1995.??.??,1995,?,"Kasparov, Gary","Epishin, Vladimir",2805.0,2635.0,1/2-1/2,draw,draw,B17,,72,36.0,15,5,2,0,True,True,7,5,True,0,8,0,dynamic
Kasparov.pgn,Kasparov,black,"Speelman, Jonathan S",PCA/Intel-GP,Moscow,1995.??.??,1995,?,"Speelman, Jonathan S","Kasparov, Gary",2610.0,2805.0,1/2-1/2,draw,draw,A48,,73,36.5,10,0,2,0,True,True,5,0,True,0,5,0,dynamic
Kasparov.pgn,Kasparov,white,"Anand, Viswanathan",PCA/Intel-GP,Moscow,1995.??.??,1995,?,"Kasparov, Gary","Anand, Viswanathan",2805.0,2715.0,1/2-1/2,draw,draw,A41,,47,23.5,14,2,2,0,True,True,7,0,True,0,7,2,dynamic
Kasparov.pgn,Kasparov,white,"Speelman, Jonathan S",PCA/Intel-GP,Moscow,1995.??.??,1995,?,"Kasparov, Gary","Speelman, Jonathan S",2805.0,2610.0,1-0,white_win,win,D37,,69,34.5,19,4,1,0,False,True,8,4,False,0,11,0,dynamic
Kasparov.pgn,Kasparov,black,"Epishin, Vladimir",PCA/Intel-GP,Moscow,1995.??.??,1995,?,"Epishin, Vladimir","Kasparov, Gary",2635.0,2805.0,0-1,black_win,win,E69,,145,72.5,25,18,2,0,True,True,12,13,True,0,13,5,dynamic
Kasparov.pgn,Kasparov,black,"Anand, Viswanathan",PCA/Intel-GP,Moscow,1995.??.??,1995,?,"Anand, Viswanathan","Kasparov, Gary",2715.0,2805.0,1-0,white_win,loss,B53,,55,27.5,14,0,2,0,True,True,6,0,True,0,8,0,dynamic
Kasparov.pgn,Kasparov,black,"Adams, Michael",PCA/Intel-GP,New York,1995.??.??,1995,1,"Adams, Michael","Kasparov, Gary",2655.0,2805.0,0-1,black_win,win,B50,,82,41.0,20,2,2,0,True,True,10,1,True,0,10,1,dynamic
Kasparov.pgn,Kasparov,white,"Adams, Michael",PCA/Intel-GP,New York,1995.??.??,1995,1,"Kasparov, Gary","Adams, Michael",2805.0,2655.0,1-0,white_win,win,E62,,59,29.5,13,0,2,0,True,True,7,0,True,0,6,0,dynamic
Kasparov.pgn,Kasparov,black,"Anand, Viswanathan",PCA-World Championship,New York,1995.??.??,1995,1,"Anand, Viswanathan","Kasparov, Gary",2725.0,2795.0,1/2-1/2,draw,draw,B85,,54,27.0,6,0,2,0,True,True,3,0,True,0,3,0,dynamic
Kasparov.pgn,Kasparov,black,"De Firmian, Nick E",PCA/Intel-GP,New York,1995.??.??,1995,2,"De Firmian, Nick E","Kasparov, Gary",2590.0,2805.0,1/2-1/2,draw,draw,B85,,115,57.5,22,4,2,0,True,True,11,3,True,0,11,1,dynamic
Kasparov.pgn,Kasparov,white,"Anand, Viswanathan",PCA-World Championship,New York,1995.??.??,1995,2,"Kasparov, Gary","Anand, Viswanathan",2795.0,2725.0,1/2-1/2,draw,draw,E34,,58,29.0,14,2,2,0,True,True,7,1,True,0,7,1,dynamic
Kasparov.pgn,Kasparov,white,"De Firmian, Nick E",PCA/Intel-GP,New York,1995.??.??,1995,2,"Kasparov, Gary","De Firmian, Nick E",2805.0,2590.0,1-0,white_win,win,B92,,107,53.5,20,0,2,0,True,True,10,0,True,0,10,0,dynamic
Kasparov.pgn,Kasparov,white,"Kramnik, Vladimir",PCA/Intel-GP,New York,1995.??.??,1995,3,"Kasparov, Gary","Kramnik, Vladimir",2805.0,2715.0,1/2-1/2,draw,draw,A37,,62,31.0,17,1,2,0,True,True,8,1,True,0,9,0,dynamic
Kasparov.pgn,Kasparov,black,"Kramnik, Vladimir",PCA/Intel-GP,New York,1995.??.??,1995,3,"Kramnik, Vladimir","Kasparov, Gary",2715.0,2805.0,1/2-1/2,draw,draw,C42,,132,66.0,26,14,2,2,True,True,14,4,True,1,12,10,dynamic
Kasparov.pgn,Kasparov,black,"Kramnik, Vladimir",PCA/Intel-GP,New York,1995.??.??,1995,3,"Kramnik, Vladimir","Kasparov, Gary",2715.0,2805.0,1/2-1/2,draw,draw,C55,,81,40.5,21,0,2,0,True,True,10,0,True,0,11,0,dynamic
Kasparov.pgn,Kasparov,black,"Anand, Viswanathan",PCA-World Championship,New York,1995.??.??,1995,3,"Anand, Viswanathan","Kasparov, Gary",2725.0,2795.0,1/2-1/2,draw,draw,B85,,72,36.0,16,4,2,0,True,True,8,3,True,0,8,1,dynamic
Kasparov.pgn,Kasparov,white,"Ivanchuk, Vassily",PCA/Intel-GP,New York,1995.??.??,1995,4,"Kasparov, Gary","Ivanchuk, Vassily",2805.0,2700.0,1-0,white_win,win,D07,,55,27.5,7,1,2,0,True,True,4,1,True,0,3,0,dynamic
Kasparov.pgn,Kasparov,black,"Ivanchuk, Vassily",PCA/Intel-GP,New York,1995.??.??,1995,4,"Ivanchuk, Vassily","Kasparov, Gary",2700.0,2805.0,0-1,black_win,win,B90,,70,35.0,11,0,2,0,True,True,6,0,True,0,5,0,dynamic
Kasparov.pgn,Kasparov,white,"Anand, Viswanathan",PCA-World Championship,New York,1995.??.??,1995,4,"Kasparov, Gary","Anand, Viswanathan",2795.0,2725.0,1/2-1/2,draw,draw,A17,,41,20.5,9,1,2,0,True,True,5,0,True,0,4,1,dynamic
Kasparov.pgn,Kasparov,black,"Anand, Viswanathan",PCA-World Championship,New York,1995.??.??,1995,5,"Anand, Viswanathan","Kasparov, Gary",2725.0,2795.0,1/2-1/2,draw,draw,B85,,54,27.0,10,0,2,0,True,True,5,0,True,0,5,0,dynamic
Kasparov.pgn,Kasparov,white,"Anand, Viswanathan",PCA-World Championship,New York,1995.??.??,1995,6,"Kasparov, Gary","Anand, Viswanathan",2795.0,2725.0,1/2-1/2,draw,draw,C80,,55,27.5,15,0,2,0,True,True,7,0,True,0,8,0,dynamic
Kasparov.pgn,Kasparov,black,"Anand, Viswanathan",PCA-World Championship,New York,1995.??.??,1995,7,"Anand, Viswanathan","Kasparov, Gary",2725.0,2795.0,1/2-1/2,draw,draw,B85,,50,25.0,12,0,2,0,True,True,6,0,True,0,6,0,dynamic
Kasparov.pgn,Kasparov,white,"Anand, Viswanathan",PCA-World Championship,New York,1995.??.??,1995,8,"Kasparov, Gary","Anand, Viswanathan",2795.0,2725.0,1/2-1/2,draw,draw,C45,,44,22.0,14,4,1,0,False,True,8,0,False,0,6,4,dynamic
Kasparov.pgn,Kasparov,black,"Anand, Viswanathan",PCA-World Championship,New York,1995.??.??,1995,9,"Anand, Viswanathan","Kasparov, Gary",2725.0,2795.0,1-0,white_win,loss,B85,,69,34.5,13,0,2,0,True,True,6,0,True,0,7,0,dynamic
Kasparov.pgn,Kasparov,white,"Anand, Viswanathan",PCA-World Championship,New York,1995.??.??,1995,10,"Kasparov, Gary","Anand, Viswanathan",2795.0,2725.0,1-0,white_win,win,C80,,75,37.5,18,1,1,0,True,False,10,0,True,0,8,1,dynamic
Kasparov.pgn,Kasparov,black,"Anand, Viswanathan",PCA-World Championship,New York,1995.??.??,1995,11,"Anand, Viswanathan","Kasparov, Gary",2725.0,2795.0,0-1,black_win,win,B78,,62,31.0,14,1,2,0,True,True,8,1,True,0,6,0,dynamic
Kasparov.pgn,Kasparov,white,"Anand, Viswanathan",PCA-World Championship,New York,1995.??.??,1995,12,"Kasparov, Gary","Anand, Viswanathan",2795.0,2725.0,1/2-1/2,draw,draw,C78,,86,43.0,23,5,2,0,True,True,12,3,True,0,11,2,dynamic
Kasparov.pgn,Kasparov,black,"Anand, Viswanathan",PCA-World Championship,New York,1995.??.??,1995,13,"Anand, Viswanathan","Kasparov, Gary",2725.0,2795.0,0-1,black_win,win,B77,,50,25.0,13,0,1,0,False,True,6,0,True,0,7,0,dynamic
Kasparov.pgn,Kasparov,white,"Anand, Viswanathan",PCA-World Championship,New York,1995.??.??,1995,14,"Kasparov, Gary","Anand, Viswanathan",2795.0,2725.0,1-0,white_win,win,B01,,81,40.5,15,0,2,0,True,True,8,0,True,0,7,0,dynamic
Kasparov.pgn,Kasparov,black,"Anand, Viswanathan",PCA-World Championship,New York,1995.??.??,1995,15,"Anand, Viswanathan","Kasparov, Gary",2725.0,2795.0,1/2-1/2,draw,draw,B76,,32,16.0,8,0,2,0,True,True,4,0,True,0,4,0,dynamic
Kasparov.pgn,Kasparov,white,"Anand, Viswanathan",PCA-World Championship,New York,1995.??.??,1995,16,"Kasparov, Gary","Anand, Viswanathan",2795.0,2725.0,1/2-1/2,draw,draw,B85,,39,19.5,4,0,2,0,True,True,2,0,True,0,2,0,dynamic
Kasparov.pgn,Kasparov,black,"Anand, Viswanathan",PCA-World Championship,New York,1995.??.??,1995,17,"Anand, Viswanathan","Kasparov, Gary",2725.0,2795.0,1/2-1/2,draw,draw,B78,,125,62.5,29,6,2,1,True,True,14,3,True,0,15,3,dynamic
Kasparov.pgn,Kasparov,white,"Anand, Viswanathan",PCA-World Championship,New York,1995.??.??,1995,18,"Kasparov, Gary","Anand, Viswanathan",2795.0,2725.0,1/2-1/2,draw,draw,B85,,23,11.5,2,0,2,0,True,True,1,0,True,0,1,0,dynamic
Kasparov.pgn,Kasparov,black,"Gulko, Boris F",Novgorod,Novgorod,1995.??.??,1995,1,"Gulko, Boris F","Kasparov, Gary",2595.0,2805.0,0-1,black_win,win,E92,,88,44.0,17,0,2,0,True,True,9,0,True,0,8,0,dynamic
Kasparov.pgn,Kasparov,white,"Ivanchuk, Vassily",Novgorod,Novgorod,1995.??.??,1995,2,"Kasparov, Gary","Ivanchuk, Vassily",2805.0,2700.0,1/2-1/2,draw,draw,B17,,56,28.0,18,1,2,0,True,True,9,1,True,0,9,0,dynamic
Kasparov.pgn,Kasparov,black,"Jussupow, Artur",Novgorod,Novgorod,1995.??.??,1995,3,"Jussupow, Artur","Kasparov, Gary",2660.0,2805.0,0-1,black_win,win,A48,,86,43.0,17,11,1,0,False,True,7,3,True,0,10,8,dynamic
Kasparov.pgn,Kasparov,black,"Topalov, Veselin",Novgorod,Novgorod,1995.??.??,1995,4,"Topalov, Veselin","Kasparov, Gary",2630.0,2805.0,0-1,black_win,win,B80,,80,40.0,19,3,2,0,True,True,10,1,True,0,9,2,dynamic
Kasparov.pgn,Kasparov,white,"Vaganian, Rafael A",Novgorod,Novgorod,1995.??.??,1995,5,"Kasparov, Gary","Vaganian, Rafael A",2805.0,2640.0,1-0,white_win,win,D37,,47,23.5,13,4,2,0,True,True,8,4,True,0,5,0,dynamic
Kasparov.pgn,Kasparov,black,"Kramnik, Vladimir",Novgorod,Novgorod,1995.??.??,1995,6,"Kramnik, Vladimir","Kasparov, Gary",2715.0,2805.0,1/2-1/2,draw,draw,C55,,115,57.5,23,12,2,0,True,True,11,4,True,0,12,8,dynamic
Kasparov.pgn,Kasparov,white,"Ehlvest, Jaan",Novgorod,Novgorod,1995.??.??,1995,7,"Kasparov, Gary","Ehlvest, Jaan",2805.0,2615.0,1/2-1/2,draw,draw,D37,,85,42.5,17,5,2,0,True,True,9,1,True,0,8,4,dynamic
Kasparov.pgn,Kasparov,black,"Short, Nigel D",Novgorod,Novgorod,1995.??.??,1995,8,"Short, Nigel D","Kasparov, Gary",2655.0,2805.0,1/2-1/2,draw,draw,B97,,36,18.0,7,1,2,0,True,True,4,1,True,0,3,0,dynamic
Kasparov.pgn,Kasparov,white,"Timman, Jan H",Novgorod,Novgorod,1995.??.??,1995,9,"Kasparov, Gary","Timman, Jan H",2805.0,2635.0,1/2-1/2,draw,draw,E35,,65,32.5,17,5,1,0,False,True,9,1,False,0,8,4,dynamic
Kasparov.pgn,Kasparov,white,"Morozevich, Alexander",PCA/Intel-GP,Paris,1995.??.??,1995,1,"Kasparov, Gary","Morozevich, Alexander",2795.0,2630.0,1-0,white_win,win,C55,,93,46.5,22,1,2,1,True,True,11,0,True,0,11,1,dynamic
Kasparov.pgn,Kasparov,black,"Morozevich, Alexander",PCA/Intel-GP,Paris,1995.??.??,1995,1,"Morozevich, Alexander","Kasparov, Gary",2630.0,2795.0,0-1,black_win,win,C34,,46,23.0,11,3,1,0,True,False,6,0,False,0,5,3,dynamic
Kasparov.pgn,Kasparov,white,"Georgiev, Kiril",PCA/Intel-GP,Paris,1995.??.??,1995,2,"Kasparov, Gary","Georgiev, Kiril",2795.0,2605.0,1-0,white_win,win,D17,,131,65.5,23,19,2,0,True,True,12,5,True,0,11,14,dynamic
Kasparov.pgn,Kasparov,black,"Georgiev, Kiril",PCA/Intel-GP,Paris,1995.??.??,1995,2,"Georgiev, Kiril","Kasparov, Gary",2605.0,2795.0,0-1,black_win,win,B90,,116,58.0,22,14,0,0,False,False,12,3,False,0,10,11,dynamic
Kasparov.pgn,Kasparov,black,"Anand, Viswanathan",PCA/Intel-GP,Paris,1995.??.??,1995,3,"Anand, Viswanathan","Kasparov, Gary",2725.0,2795.0,0-1,black_win,win,B65,,58,29.0,17,6,2,1,True,True,8,2,True,1,9,4,dynamic
Kasparov.pgn,Kasparov,black,"Kramnik, Vladimir",PCA/Intel-GP,Paris,1995.??.??,1995,4,"Kramnik, Vladimir","Kasparov, Gary",2730.0,2795.0,0-1,black_win,win,E92,,130,65.0,27,15,2,0,True,True,14,9,True,0,13,6,dynamic
Kasparov.pgn,Kasparov,white,"Kramnik, Vladimir",PCA/Intel-GP,Paris,1995.??.??,1995,4,"Kasparov, Gary","Kramnik, Vladimir",2795.0,2730.0,1/2-1/2,draw,draw,B31,,52,26.0,15,2,2,0,True,True,7,0,True,0,8,2,dynamic
Kasparov.pgn,Kasparov,white,"Kramnik, Vladimir",PCA/Intel-GP,Paris,1995.??.??,1995,4,"Kasparov, Gary","Kramnik, Vladimir",2795.0,2730.0,0-1,black_win,loss,B30,,126,63.0,23,5,1,0,True,False,11,4,True,0,12,1,dynamic
Kasparov.pgn,Kasparov,black,"Kramnik, Vladimir",PCA/Intel-GP,Paris,1995.??.??,1995,4,"Kramnik, Vladimir","Kasparov, Gary",2730.0,2795.0,0-1,black_win,win,E92,,62,31.0,13,0,2,0,True,True,6,0,True,0,7,0,dynamic
Kasparov.pgn,Kasparov,black,"Stefansson, Hannes",Reykjavik TV rapid,Reykjavik,1995.??.??,1995,1,"Stefansson, Hannes","Kasparov, Gary",2530.0,2805.0,0-1,black_win,win,B93,,80,40.0,19,1,2,0,True,True,11,1,True,0,8,0,dynamic
Kasparov.pgn,Kasparov,white,"Hjartarson, Johann",Reykjavik TV rapid,Reykjavik,1995.??.??,1995,2,"Kasparov, Gary","Hjartarson, Johann",2805.0,2590.0,1/2-1/2,draw,draw,A17,,105,52.5,20,6,2,0,True,True,10,5,True,0,10,1,dynamic
Kasparov.pgn,Kasparov,black,"Olafsson, Helgi",Reykjavik TV rapid,Reykjavik,1995.??.??,1995,3,"Olafsson, Helgi","Kasparov, Gary",2520.0,2805.0,0-1,black_win,win,B67,,48,24.0,8,0,2,0,True,True,4,0,True,0,4,0,dynamic
Kasparov.pgn,Kasparov,white,"Timman, Jan H",Tal mem,Riga,1995.??.??,1995,2,"Kasparov, Gary","Timman, Jan H",2805.0,2635.0,1-0,white_win,win,D17,,43,21.5,10,0,0,0,False,False,6,0,False,0,4,0,dynamic
Kasparov.pgn,Kasparov,black,"Kramnik, Vladimir",Tal mem,Riga,1995.??.??,1995,3,"Kramnik, Vladimir","Kasparov, Gary",2715.0,2805.0,1/2-1/2,draw,draw,C54,,27,13.5,0,0,2,0,True,True,0,0,True,0,0,0,dynamic
Kasparov.pgn,Kasparov,white,"Anand, Viswanathan",Tal mem,Riga,1995.??.??,1995,4,"Kasparov, Gary","Anand, Viswanathan",2805.0,2715.0,1-0,white_win,win,C51,,49,24.5,10,1,1,0,True,False,4,1,True,0,6,0,dynamic
Kasparov.pgn,Kasparov,black,"Jussupow, Artur",Tal mem,Riga,1995.??.??,1995,5,"Jussupow, Artur","Kasparov, Gary",2660.0,2805.0,0-1,black_win,win,A48,,74,37.0,12,0,2,0,True,True,6,0,True,0,6,0,dynamic
Kasparov.pgn,Kasparov,white,"Ivanchuk, Vassily",Tal mem,Riga,1995.??.??,1995,6,"Kasparov, Gary","Ivanchuk, Vassily",2805.0,2700.0,1/2-1/2,draw,draw,E62,,106,53.0,27,8,2,0,True,True,14,3,True,0,13,5,dynamic
Kasparov.pgn,Kasparov,black,"Vaganian, Rafael A",Tal mem,Riga,1995.??.??,1995,7,"Vaganian, Rafael A","Kasparov, Gary",2640.0,2805.0,0-1,black_win,win,A24,,70,35.0,20,4,2,0,True,True,10,3,True,0,10,1,dynamic
Kasparov.pgn,Kasparov,white,"Ehlvest, Jaan",Tal mem,Riga,1995.??.??,1995,8,"Kasparov, Gary","Ehlvest, Jaan",2805.0,2615.0,1/2-1/2,draw,draw,D43,,33,16.5,4,0,2,0,True,True,2,0,True,0,2,0,dynamic
Kasparov.pgn,Kasparov,black,"Short, Nigel D",Tal mem,Riga,1995.??.??,1995,9,"Short, Nigel D","Kasparov, Gary",2655.0,2805.0,1/2-1/2,draw,draw,B97,,59,29.5,16,3,1,0,True,False,9,2,False,0,7,1,dynamic
Kasparov.pgn,Kasparov,white,"Kengis, Edvins",Tal mem,Riga,1995.??.??,1995,10,"Kasparov, Gary","Kengis, Edvins",2805.0,2575.0,1-0,white_win,win,B47,,47,23.5,12,0,2,0,True,True,6,0,True,0,6,0,dynamic
Kasparov.pgn,Kasparov,black,"Gulko, Boris F",Tal mem,Riga,1995.??.??,1995,11,"Gulko, Boris F","Kasparov, Gary",2595.0,2805.0,1/2-1/2,draw,draw,E92,,30,15.0,4,0,2,0,True,True,2,0,True,0,2,0,dynamic
Kasparov.pgn,Kasparov,white,"Kramnik, Vladimir",Las Palmas,Las Palmas,1996.12.11,1996,3,"Kasparov, Gary","Kramnik, Vladimir",2785.0,2765.0,1/2-1/2,draw,draw,E71,,38,19.0,4,0,2,0,True,True,2,0,True,0,2,0,dynamic
Kasparov.pgn,Kasparov,white,"Anand, Viswanathan",Las Palmas,Las Palmas,1996.12.12,1996,4,"Kasparov, Gary","Anand, Viswanathan",2785.0,2735.0,1/2-1/2,draw,draw,B92,,126,63.0,22,6,2,0,True,True,11,2,True,0,11,4,dynamic
Kasparov.pgn,Kasparov,black,"Karpov, Anatoly",Las Palmas,Las Palmas,1996.12.15,1996,5,"Karpov, Anatoly","Kasparov, Gary",2775.0,2785.0,1/2-1/2,draw,draw,D43,,89,44.5,22,9,0,0,False,False,11,3,False,0,11,6,dynamic
Kasparov.pgn,Kasparov,white,"Topalov, Veselin",Las Palmas,Las Palmas,1996.12.16,1996,6,"Kasparov, Gary","Topalov, Veselin",2785.0,2750.0,1/2-1/2,draw,draw,C45,,56,28.0,11,4,2,0,True,True,5,2,True,0,6,2,dynamic
Kasparov.pgn,Kasparov,white,"Ivanchuk, Vassily",Las Palmas,Las Palmas,1996.12.17,1996,7,"Kasparov, Gary","Ivanchuk, Vassily",2785.0,2730.0,1-0,white_win,win,B04,,71,35.5,17,4,2,0,True,True,9,4,True,0,8,0,dynamic
Kasparov.pgn,Kasparov,black,"Kramnik, Vladimir",Las Palmas,Las Palmas,1996.12.19,1996,8,"Kramnik, Vladimir","Kasparov, Gary",2765.0,2785.0,1/2-1/2,draw,draw,D56,,115,57.5,24,2,2,0,True,True,12,1,True,0,12,1,dynamic
Kasparov.pgn,Kasparov,white,"Karpov, Anatoly",Las Palmas,Las Palmas,1996.12.20,1996,9,"Kasparov, Gary","Karpov, Anatoly",2785.0,2775.0,1-0,white_win,win,E32,,87,43.5,21,7,2,0,True,True,11,0,True,0,10,7,dynamic
Kasparov.pgn,Kasparov,black,"Anand, Viswanathan",Las Palmas,Las Palmas,1996.12.21,1996,10,"Anand, Viswanathan","Kasparov, Gary",2735.0,2785.0,1/2-1/2,draw,draw,B85,,66,33.0,17,3,2,0,True,True,9,3,True,0,8,0,dynamic
Kasparov.pgn,Kasparov,black,"Topalov, Veselin",Amsterdam VSB,Amsterdam,1996.??.??,1996,1,"Topalov, Veselin","Kasparov, Gary",2700.0,2775.0,1-0,white_win,loss,B86,,131,65.5,22,11,1,0,True,False,11,5,False,0,11,6,dynamic
Kasparov.pgn,Kasparov,black,"Piket, Jeroen",Amsterdam VSB,Amsterdam,1996.??.??,1996,2,"Piket, Jeroen","Kasparov, Gary",2570.0,2775.0,0-1,black_win,win,E89,,78,39.0,19,7,1,0,False,True,10,3,True,0,9,4,dynamic
Kasparov.pgn,Kasparov,white,"Anand, Viswanathan",Amsterdam VSB,Amsterdam,1996.??.??,1996,3,"Kasparov, Gary","Anand, Viswanathan",2775.0,2725.0,1-0,white_win,win,B14,,71,35.5,16,1,2,0,True,True,9,1,True,0,7,0,dynamic
Kasparov.pgn,Kasparov,black,"Short, Nigel D",Amsterdam VSB,Amsterdam,1996.??.??,1996,4,"Short, Nigel D","Kasparov, Gary",2665.0,2775.0,1/2-1/2,draw,draw,B88,,86,43.0,16,3,2,0,True,True,8,1,True,0,8,2,dynamic
Kasparov.pgn,Kasparov,white,"Seirawan, Yasser",Amsterdam VSB,Amsterdam,1996.??.??,1996,5,"Kasparov, Gary","Seirawan, Yasser",2775.0,2630.0,1-0,white_win,win,D37,,67,33.5,15,4,1,0,True,False,8,0,True,0,7,4,dynamic
Kasparov.pgn,Kasparov,black,"Timman, Jan H",Amsterdam VSB,Amsterdam,1996.??.??,1996,6,"Timman, Jan H","Kasparov, Gary",2620.0,2775.0,1/2-1/2,draw,draw,E89,,89,44.5,14,2,2,0,True,True,6,0,True,0,8,2,dynamic
Kasparov.pgn,Kasparov,white,"Kramnik, Vladimir",Amsterdam VSB,Amsterdam,1996.??.??,1996,7,"Kasparov, Gary","Kramnik, Vladimir",2775.0,2775.0,1-0,white_win,win,B66,,85,42.5,20,2,1,0,True,False,11,2,True,0,9,0,dynamic
Kasparov.pgn,Kasparov,black,"Lautier, Joel",Amsterdam VSB,Amsterdam,1996.??.??,1996,8,"Lautier, Joel","Kasparov, Gary",2630.0,2775.0,1/2-1/2,draw,draw,A65,,54,27.0,9,1,2,0,True,True,5,1,True,0,4,0,dynamic
Kasparov.pgn,Kasparov,white,"Gelfand, Boris",Amsterdam VSB,Amsterdam,1996.??.??,1996,9,"Kasparov, Gary","Gelfand, Boris",2775.0,2700.0,1-0,white_win,win,B92,,71,35.5,16,4,2,0,True,True,8,4,True,0,8,0,dynamic
Kasparov.pgn,Kasparov,white,"Kamsky, Gata",Dos Hermanas,Dos Hermanas,1996.??.??,1996,1,"Kasparov, Gary","Kamsky, Gata",2775.0,2735.0,1/2-1/2,draw,draw,C88,,106,53.0,23,0,2,0,True,True,12,0,True,0,11,0,dynamic
Kasparov.pgn,Kasparov,black,"Anand, Viswanathan",Dos Hermanas,Dos Hermanas,1996.??.??,1996,2,"Anand, Viswanathan","Kasparov, Gary",2725.0,2775.0,1/2-1/2,draw,draw,B81,,50,25.0,11,5,2,0,True,True,5,4,True,0,6,1,dynamic
Kasparov.pgn,Kasparov,white,"Shirov, Alexei",Dos Hermanas,Dos Hermanas,1996.??.??,1996,3,"Kasparov, Gary","Shirov, Alexei",2775.0,2690.0,1-0,white_win,win,D17,,59,29.5,21,4,1,0,False,True,11,2,False,0,10,2,dynamic
Kasparov.pgn,Kasparov,white,"Illescas Cordoba, Miguel",Dos Hermanas,Dos Hermanas,1996.??.??,1996,4,"Kasparov, Gary","Illescas Cordoba, Miguel",2775.0,2635.0,1/2-1/2,draw,draw,A80,,96,48.0,25,6,2,0,True,True,13,3,True,0,12,3,dynamic
Kasparov.pgn,Kasparov,black,"Ivanchuk, Vassily",Dos Hermanas,Dos Hermanas,1996.??.??,1996,5,"Ivanchuk, Vassily","Kasparov, Gary",2735.0,2775.0,1/2-1/2,draw,draw,E89,,40,20.0,5,0,1,0,False,True,2,0,True,0,3,0,dynamic
Kasparov.pgn,Kasparov,white,"Kramnik, Vladimir",Dos Hermanas,Dos Hermanas,1996.??.??,1996,6,"Kasparov, Gary","Kramnik, Vladimir",2775.0,2775.0,0-1,black_win,loss,D48,,70,35.0,18,8,2,0,True,True,8,1,True,0,10,7,dynamic
Kasparov.pgn,Kasparov,black,"Polgar, Judit",Dos Hermanas,Dos Hermanas,1996.??.??,1996,7,"Polgar, Judit","Kasparov, Gary",2675.0,2775.0,0-1,black_win,win,B82,,180,90.0,27,24,2,0,True,True,14,13,True,0,13,11,dynamic
Kasparov.pgn,Kasparov,white,"Topalov, Veselin",Dos Hermanas,Dos Hermanas,1996.??.??,1996,8,"Kasparov, Gary","Topalov, Veselin",2775.0,2700.0,1/2-1/2,draw,draw,B85,,95,47.5,17,4,2,0,True,True,8,2,True,0,9,2,dynamic
Kasparov.pgn,Kasparov,black,"Gelfand, Boris",Dos Hermanas,Dos Hermanas,1996.??.??,1996,9,"Gelfand, Boris","Kasparov, Gary",2700.0,2775.0,0-1,black_win,win,A35,,114,57.0,23,13,2,2,True,True,12,13,True,1,11,0,dynamic
Kasparov.pgn,Kasparov,white,"Nenashev, Alexander",Geneve Credit Suisse,Geneve,1996.??.??,1996,1.4,"Kasparov, Gary","Nenashev, Alexander",2785.0,2580.0,1-0,white_win,win,A43,,95,47.5,19,4,2,0,True,True,9,2,True,0,10,2,dynamic
Kasparov.pgn,Kasparov,black,"Nenashev, Alexander",Geneve Credit Suisse,Geneve,1996.??.??,1996,1.4,"Nenashev, Alexander","Kasparov, Gary",2580.0,2785.0,0-1,black_win,win,E43,,122,61.0,22,5,2,0,True,True,12,4,True,0,10,1,dynamic
Kasparov.pgn,Kasparov,white,"Topalov, Veselin",Geneve Credit Suisse,Geneve,1996.??.??,1996,2.2,"Kasparov, Gary","Topalov, Veselin",2785.0,2750.0,1/2-1/2,draw,draw,B22,,151,75.5,27,10,2,0,True,True,13,5,True,0,14,5,dynamic
Kasparov.pgn,Kasparov,black,"Topalov, Veselin",Geneve Credit Suisse,Geneve,1996.??.??,1996,2.2,"Topalov, Veselin","Kasparov, Gary",2750.0,2785.0,0-1,black_win,win,B90,,128,64.0,26,18,0,0,False,False,13,8,False,0,13,10,dynamic
Kasparov.pgn,Kasparov,white,"Polgar, Judit",Geneve Credit Suisse,Geneve,1996.??.??,1996,3.1,"Kasparov, Gary","Polgar, Judit",2785.0,2665.0,1/2-1/2,draw,draw,B22,,52,26.0,13,2,2,0,True,True,6,0,True,0,7,2,dynamic
Kasparov.pgn,Kasparov,black,"Polgar, Judit",Geneve Credit Suisse,Geneve,1996.??.??,1996,3.1,"Polgar, Judit","Kasparov, Gary",2665.0,2785.0,0-1,black_win,win,B82,,120,60.0,24,10,2,0,True,True,13,5,True,0,11,5,dynamic
Kasparov.pgn,Kasparov,white,"Anand, Viswanathan",Geneve Credit Suisse,Geneve,1996.??.??,1996,4.3,"Kasparov, Gary","Anand, Viswanathan",2785.0,2750.0,1/2-1/2,draw,draw,A29,,131,65.5,25,6,2,0,True,True,12,3,True,0,13,3,dynamic
Kasparov.pgn,Kasparov,black,"Anand, Viswanathan",Geneve Credit Suisse,Geneve,1996.??.??,1996,4.4,"Anand, Viswanathan","Kasparov, Gary",2750.0,2785.0,1-0,white_win,loss,B90,,107,53.5,18,3,2,0,True,True,9,2,True,0,9,1,dynamic
Kasparov.pgn,Kasparov,black,"Anand, Viswanathan",Geneve Credit Suisse,Geneve,1996.??.??,1996,4.1,"Anand, Viswanathan","Kasparov, Gary",2735.0,2785.0,0-1,black_win,win,B90,,109,54.5,18,8,2,0,True,True,9,5,True,0,9,3,dynamic
Kasparov.pgn,Kasparov,white,"Anand, Viswanathan",Geneve Credit Suisse,Geneve,1996.??.??,1996,4.2,"Kasparov, Gary","Anand, Viswanathan",2785.0,2750.0,0-1,black_win,loss,E97,,88,44.0,25,7,2,0,True,True,12,7,True,0,13,0,dynamic
Kasparov.pgn,Kasparov,white,"Burstein, Almog",Jerusalem simul,Jerusalem,1996.??.??,1996,?,"Kasparov, Gary","Burstein, Almog",2785.0,,1/2-1/2,draw,draw,C85,,79,39.5,16,1,2,0,True,True,8,0,True,0,8,1,dynamic
Kasparov.pgn,Kasparov,white,"Scharansky, Nathan",Jerusalem simul,Jerusalem,1996.??.??,1996,?,"Kasparov, Gary","Scharansky, Nathan",2785.0,,0-1,black_win,loss,C01,,55,27.5,14,5,2,0,True,True,7,0,True,0,7,5,dynamic
Kasparov.pgn,Kasparov,black,"Topalov, Veselin",Las Palmas,Las Palmas,1996.??.??,1996,1,"Topalov, Veselin","Kasparov, Gary",2750.0,2785.0,0-1,black_win,win,E11,,118,59.0,24,7,2,0,True,True,12,3,True,0,12,4,dynamic
Kasparov.pgn,Kasparov,black,"Ivanchuk, Vassily",Las Palmas,Las Palmas,1996.??.??,1996,2,"Ivanchuk, Vassily","Kasparov, Gary",2730.0,2785.0,1/2-1/2,draw,draw,B52,,46,23.0,14,4,2,0,True,True,7,0,True,0,7,4,dynamic
Kasparov.pgn,Kasparov,white,"Gelfand, Boris",Moscow PCA-GP,Moscow,1996.??.??,1996,1.1,"Kasparov, Gary","Gelfand, Boris",2775.0,2700.0,1-0,white_win,win,E05,,113,56.5,25,3,2,0,True,True,13,2,True,0,12,1,dynamic
Kasparov.pgn,Kasparov,black,"Gelfand, Boris",Moscow PCA-GP,Moscow,1996.??.??,1996,1.2,"Gelfand, Boris","Kasparov, Gary",2700.0,2775.0,0-1,black_win,win,E12,,108,54.0,21,2,2,0,True,True,11,0,True,0,10,2,dynamic
Kasparov.pgn,Kasparov,black,"Dreev, Alexey",Moscow PCA-GP,Moscow,1996.??.??,1996,2.2,"Dreev, Alexey","Kasparov, Gary",2670.0,2775.0,0-1,black_win,win,A65,,164,82.0,23,15,1,0,False,True,12,10,True,0,11,5,dynamic
Kasparov.pgn,Kasparov,white,"Dreev, Alexey",Moscow PCA-GP,Moscow,1996.??.??,1996,2.1,"Kasparov, Gary","Dreev, Alexey",2775.0,2670.0,0-1,black_win,loss,B13,,162,81.0,27,15,2,0,True,True,13,10,True,0,14,5,dynamic
Kasparov.pgn,Kasparov,black,"Dreev, Alexey",Moscow PCA-GP  blitz,Moscow,1996.??.??,1996,2.3,"Dreev, Alexey","Kasparov, Gary",2670.0,2775.0,0-1,black_win,win,A65,,99,49.5,18,0,2,0,True,True,9,0,True,0,9,0,dynamic
Kasparov.pgn,Kasparov,black,"Anand, Viswanathan",Moscow PCA-GP,Moscow,1996.??.??,1996,3.2,"Anand, Viswanathan","Kasparov, Gary",2725.0,2775.0,1/2-1/2,draw,draw,B87,,77,38.5,19,8,2,0,True,True,9,4,True,0,10,4,dynamic
Kasparov.pgn,Kasparov,white,"Anand, Viswanathan",Moscow PCA-GP,Moscow,1996.??.??,1996,3.1,"Kasparov, Gary","Anand, Viswanathan",2775.0,2725.0,1-0,white_win,win,B84,,69,34.5,6,1,2,0,True,True,3,1,True,0,3,0,dynamic
Kasparov.pgn,Kasparov,black,"Kramnik, Vladimir",Moscow PCA-GP,Moscow,1996.??.??,1996,4.2,"Kramnik, Vladimir","Kasparov, Gary",2775.0,2775.0,1/2-1/2,draw,draw,B31,,57,28.5,14,1,2,0,True,True,7,0,True,0,7,1,dynamic
Kasparov.pgn,Kasparov,white,"Kramnik, Vladimir",Moscow PCA-GP  blitz,Moscow,1996.??.??,1996,4.3,"Kasparov, Gary","Kramnik, Vladimir",2775.0,2775.0,0-1,black_win,loss,D32,,126,63.0,23,7,2,0,True,True,10,3,True,0,13,4,dynamic
Kasparov.pgn,Kasparov,black,"Kramnik, Vladimir",Moscow PCA-GP  blitz,Moscow,1996.??.??,1996,4.4,"Kramnik, Vladimir","Kasparov, Gary",2775.0,2775.0,1/2-1/2,draw,draw,B08,,93,46.5,21,3,2,0,True,True,10,1,True,0,11,2,dynamic
Kasparov.pgn,Kasparov,white,"Kramnik, Vladimir",Moscow PCA-GP,Moscow,1996.??.??,1996,4.1,"Kasparov, Gary","Kramnik, Vladimir",2775.0,2775.0,1/2-1/2,draw,draw,B66,,56,28.0,14,0,2,0,True,True,7,0,True,0,7,0,dynamic
Kasparov.pgn,Kasparov,black,Comp Deep Blue,Philadelphia m,Philadelphia,1996.??.??,1996,1,Comp Deep Blue,"Kasparov, Gary",,2795.0,1-0,white_win,loss,B22,,73,36.5,18,4,2,0,True,True,8,1,True,0,10,3,dynamic
Kasparov.pgn,Kasparov,white,Comp Deep Blue,Philadelphia m,Philadelphia,1996.??.??,1996,2,"Kasparov, Gary",Comp Deep Blue,2795.0,,1-0,white_win,win,E04,,146,73.0,24,18,2,0,True,True,13,18,True,0,11,0,dynamic
Kasparov.pgn,Kasparov,black,Comp Deep Blue,Philadelphia m,Philadelphia,1996.??.??,1996,3,Comp Deep Blue,"Kasparov, Gary",,2795.0,1/2-1/2,draw,draw,B22,,77,38.5,20,3,2,0,True,True,10,3,True,0,10,0,dynamic
Kasparov.pgn,Kasparov,white,Comp Deep Blue,Philadelphia m,Philadelphia,1996.??.??,1996,4,"Kasparov, Gary",Comp Deep Blue,2795.0,,1/2-1/2,draw,draw,D46,,100,50.0,21,2,2,0,True,True,11,2,True,0,10,0,dynamic
Kasparov.pgn,Kasparov,black,Comp Deep Blue,Philadelphia m,Philadelphia,1996.??.??,1996,5,Comp Deep Blue,"Kasparov, Gary",,2795.0,0-1,black_win,win,C47,,90,45.0,21,2,2,1,True,True,10,1,True,1,11,1,dynamic
Kasparov.pgn,Kasparov,white,Comp Deep Blue,Philadelphia m,Philadelphia,1996.??.??,1996,6,"Kasparov, Gary",Comp Deep Blue,2795.0,,1-0,white_win,win,D30,,85,42.5,9,1,2,0,True,True,4,1,True,0,5,0,dynamic
Kasparov.pgn,Kasparov,white,"Milos, Gilberto",BRA sim,Rio de Janiero,1996.??.??,1996,1,"Kasparov, Gary","Milos, Gilberto",2775.0,2565.0,1/2-1/2,draw,draw,B48,,53,26.5,8,1,2,0,True,True,4,1,True,0,4,0,dynamic
Kasparov.pgn,Kasparov,black,"Lima, Darcy",BRA sim,Rio de Janiero,1996.??.??,1996,2,"Lima, Darcy","Kasparov, Gary",2440.0,2775.0,1/2-1/2,draw,draw,E94,,40,20.0,16,1,2,0,True,True,8,1,True,0,8,0,dynamic
Kasparov.pgn,Kasparov,white,"Vescovi, Giovanni",BRA sim,Rio de Janiero,1996.??.??,1996,3,"Kasparov, Gary","Vescovi, Giovanni",2775.0,2475.0,1-0,white_win,win,E93,,96,48.0,15,6,1,0,False,True,8,1,False,0,7,5,dynamic
Kasparov.pgn,Kasparov,black,"Toth, Christian Endre",BRA sim,Rio de Janiero,1996.??.??,1996,4,"Toth, Christian Endre","Kasparov, Gary",2375.0,2775.0,0-1,black_win,win,D35,,86,43.0,18,4,2,0,True,True,9,4,True,0,9,0,dynamic
Kasparov.pgn,Kasparov,white,"Miranda, Marcio MC",BRA sim,Rio de Janiero,1996.??.??,1996,5,"Kasparov, Gary","Miranda, Marcio MC",2775.0,2305.0,1-0,white_win,win,B31,,91,45.5,19,1,2,0,True,True,10,0,True,0,9,1,dynamic
Kasparov.pgn,Kasparov,black,"Gouveia, Carlos Eduardo",BRA sim,Rio de Janiero,1996.??.??,1996,6,"Gouveia, Carlos Eduardo","Kasparov, Gary",2390.0,2775.0,0-1,black_win,win,A46,,71,35.5,14,5,2,0,True,True,8,1,True,0,6,4,dynamic
Kasparov.pgn,Kasparov,white,"Lautier, Joel",Yerevan ol (Men),Yerevan,1996.??.??,1996,3,"Kasparov, Gary","Lautier, Joel",2785.0,2620.0,1/2-1/2,draw,draw,E15,,50,25.0,8,1,2,0,True,True,4,0,True,0,4,1,dynamic
Kasparov.pgn,Kasparov,black,"Jussupow, Artur",Yerevan ol (Men),Yerevan,1996.??.??,1996,4,"Jussupow, Artur","Kasparov, Gary",2665.0,2785.0,1/2-1/2,draw,draw,E99,,62,31.0,7,1,2,0,True,True,4,1,True,0,3,0,dynamic
Kasparov.pgn,Kasparov,white,"Akopian, Vladimir",Yerevan ol (Men),Yerevan,1996.??.??,1996,6,"Kasparov, Gary","Akopian, Vladimir",2785.0,2630.0,1/2-1/2,draw,draw,D48,,53,26.5,15,5,2,0,True,True,7,5,True,0,8,0,dynamic
Kasparov.pgn,Kasparov,white,"Hracek, Zbynek",Yerevan ol (Men),Yerevan,1996.??.??,1996,7,"Kasparov, Gary","Hracek, Zbynek",2785.0,2625.0,1-0,white_win,win,B66,,49,24.5,12,1,1,0,True,False,6,1,True,0,6,0,dynamic
Kasparov.pgn,Kasparov,black,"Shirov, Alexei",Yerevan ol (Men),Yerevan,1996.??.??,1996,8,"Shirov, Alexei","Kasparov, Gary",2685.0,2785.0,1/2-1/2,draw,draw,B52,,53,26.5,13,5,2,0,True,True,6,1,True,0,7,4,dynamic
Kasparov.pgn,Kasparov,black,"Topalov, Veselin",Yerevan ol (Men),Yerevan,1996.??.??,1996,9,"Topalov, Veselin","Kasparov, Gary",2750.0,2785.0,0-1,black_win,win,B85,,126,63.0,19,1,2,0,True,True,10,1,True,0,9,0,dynamic
Kasparov.pgn,Kasparov,white,"Sokolov, Ivan",Yerevan ol (Men),Yerevan,1996.??.??,1996,10,"Kasparov, Gary","Sokolov, Ivan",2785.0,2670.0,1-0,white_win,win,C45,,71,35.5,16,2,2,0,True,True,9,2,True,0,7,0,dynamic
Kasparov.pgn,Kasparov,black,"Smirin, Ilia",Yerevan ol (Men),Yerevan,1996.??.??,1996,12,"Smirin, Ilia","Kasparov, Gary",2625.0,2785.0,0-1,black_win,win,B90,,80,40.0,22,3,2,0,True,True,11,1,True,0,11,2,dynamic
Kasparov.pgn,Kasparov,white,"Yermolinsky, Alex",Yerevan ol (Men),Yerevan,1996.??.??,1996,13,"Kasparov, Gary","Yermolinsky, Alex",2785.0,2610.0,1-0,white_win,win,E10,,101,50.5,15,2,2,0,True,True,7,2,True,0,8,0,dynamic
Kasparov.pgn,Kasparov,black,"Dreev, Alexey",Linares 14th,Linares,1997.02.05,1997,2,"Dreev, Alexey","Kasparov, Gary",2650.0,2795.0,1/2-1/2,draw,draw,E81,,97,48.5,21,2,2,0,True,True,10,2,True,0,11,0,dynamic
Kasparov.pgn,Kasparov,white,"Gelfand, Boris",Linares 14th,Linares,1997.02.06,1997,3,"Kasparov, Gary","Gelfand, Boris",2795.0,2700.0,1/2-1/2,draw,draw,B92,,93,46.5,22,3,2,0,True,True,12,0,True,0,10,3,dynamic
Kasparov.pgn,Kasparov,black,"Topalov, Veselin",Linares 14th,Linares,1997.02.10,1997,6,"Topalov, Veselin","Kasparov, Gary",2725.0,2795.0,0-1,black_win,win,D35,,78,39.0,18,2,1,0,False,True,10,1,True,0,8,1,dynamic
Kasparov.pgn,Kasparov,black,"Shirov, Alexei",Linares 14th,Linares,1997.02.15,1997,10,"Shirov, Alexei","Kasparov, Gary",2690.0,2795.0,0-1,black_win,win,B90,,76,38.0,18,2,2,0,True,True,10,1,True,0,8,1,dynamic
Kasparov.pgn,Kasparov,white,Comp Deep Blue,New York man vs machine,New York,1997.05.03,1997,1,"Kasparov, Gary",Comp Deep Blue,2785.0,,1-0,white_win,win,A07,,89,44.5,17,3,2,0,True,True,9,1,True,0,8,2,dynamic
Kasparov.pgn,Kasparov,black,Comp Deep Blue,New York man vs machine,New York,1997.05.04,1997,2,Comp Deep Blue,"Kasparov, Gary",,2785.0,1-0,white_win,loss,C93,,90,45.0,12,2,2,0,True,True,6,1,True,0,6,1,dynamic
Kasparov.pgn,Kasparov,white,Comp Deep Blue,New York man vs machine,New York,1997.05.06,1997,3,"Kasparov, Gary",Comp Deep Blue,2785.0,,1/2-1/2,draw,draw,A00,,95,47.5,16,1,2,0,True,True,8,1,True,0,8,0,dynamic
Kasparov.pgn,Kasparov,black,"Topalov, Veselin",Novgorod,Novgorod,1997.06.12,1997,2,"Topalov, Veselin","Kasparov, Gary",2725.0,2795.0,1/2-1/2,draw,draw,B97,,57,28.5,12,0,1,0,True,False,6,0,False,0,6,0,dynamic
Kasparov.pgn,Kasparov,white,"Short, Nigel D",Novgorod,Novgorod,1997.06.15,1997,4,"Kasparov, Gary","Short, Nigel D",2795.0,2690.0,1-0,white_win,win,C18,,61,30.5,12,2,1,0,False,True,7,1,False,0,5,1,dynamic
Kasparov.pgn,Kasparov,white,"Topalov, Veselin",Novgorod,Novgorod,1997.06.19,1997,7,"Kasparov, Gary","Topalov, Veselin",2795.0,2725.0,1/2-1/2,draw,draw,C78,,59,29.5,17,0,2,0,True,True,9,0,True,0,8,0,dynamic
Kasparov.pgn,Kasparov,black,"Short, Nigel D",Novgorod,Novgorod,1997.06.23,1997,10,"Short, Nigel D","Kasparov, Gary",2690.0,2795.0,1/2-1/2,draw,draw,B87,,49,24.5,12,3,2,0,True,True,7,0,True,0,5,3,dynamic
Kasparov.pgn,Kasparov,white,"Panno, Oscar",Buenos Aires sim,Buenos Aires,1997.09.06,1997,1,"Kasparov, Gary","Panno, Oscar",2820.0,2450.0,1-0,white_win,win,E32,,75,37.5,22,3,2,0,True,True,11,1,True,0,11,2,dynamic
Kasparov.pgn,Kasparov,black,"Svidler, Peter",Tilburg Fontys,Tilburg,1997.09.06,1997,7,"Svidler, Peter","Kasparov, Gary",2660.0,2820.0,1-0,white_win,loss,B50,,73,36.5,16,4,1,0,True,False,8,1,False,0,8,3,dynamic
Kasparov.pgn,Kasparov,black,"Gelfand, Boris",Novgorod,Novgorod,1997.09.18,1997,6,"Gelfand, Boris","Kasparov, Gary",2700.0,2795.0,0-1,black_win,win,E12,,82,41.0,17,4,2,0,True,True,9,2,True,0,8,2,dynamic
Kasparov.pgn,Kasparov,black,"Van Wely, Loek",Tilburg Fontys,Tilburg,1997.09.27,1997,1,"Van Wely, Loek","Kasparov, Gary",2655.0,2820.0,0-1,black_win,win,A25,,102,51.0,24,5,2,0,True,True,12,4,True,0,12,1,dynamic
Kasparov.pgn,Kasparov,white,"Polgar, Judit",Tilburg Fontys,Tilburg,1997.09.28,1997,2,"Kasparov, Gary","Polgar, Judit",2820.0,2670.0,1-0,white_win,win,E25,,63,31.5,15,2,2,0,True,True,8,0,True,0,7,2,dynamic
Kasparov.pgn,Kasparov,black,"Shaked, Tal",Tilburg Fontys,Tilburg,1997.09.29,1997,3,"Shaked, Tal","Kasparov, Gary",2500.0,2820.0,0-1,black_win,win,D85,,40,20.0,4,1,1,0,False,True,2,0,True,0,2,1,dynamic
Kasparov.pgn,Kasparov,black,"Shirov, Alexei",Tilburg Fontys,Tilburg,1997.10.02,1997,5,"Shirov, Alexei","Kasparov, Gary",2700.0,2820.0,0-1,black_win,win,B90,,80,40.0,20,4,2,0,True,True,11,0,True,0,9,4,dynamic
Kasparov.pgn,Kasparov,black,"Adams, Michael",Tilburg Fontys,Tilburg,1997.10.07,1997,9,"Adams, Michael","Kasparov, Gary",2680.0,2820.0,1/2-1/2,draw,draw,B43,,53,26.5,8,0,2,0,True,True,4,0,True,0,4,0,dynamic
Kasparov.pgn,Kasparov,black,"Lautier, Joel",Tilburg Fontys,Tilburg,1997.10.09,1997,11,"Lautier, Joel","Kasparov, Gary",2660.0,2820.0,1/2-1/2,draw,draw,A34,,39,19.5,16,4,1,0,True,False,8,0,False,0,8,4,dynamic
Kasparov.pgn,Kasparov,black,"Zarnicki, Pablo",Buenos Aires sim,Buenos Aires,1997.??.??,1997,1,"Zarnicki, Pablo","Kasparov, Gary",2550.0,2820.0,1/2-1/2,draw,draw,B22,,39,19.5,8,0,2,0,True,True,4,0,True,0,4,0,dynamic
Kasparov.pgn,Kasparov,black,"Ricardi, Pablo",Buenos Aires sim,Buenos Aires,1997.??.??,1997,1,"Ricardi, Pablo","Kasparov, Gary",2575.0,2820.0,1/2-1/2,draw,draw,B52,,70,35.0,22,3,2,0,True,True,11,1,True,0,11,2,dynamic
Kasparov.pgn,Kasparov,white,"German, Gustavo",Buenos Aires sim,Buenos Aires,1997.??.??,1997,1,"Kasparov, Gary","German, Gustavo",2820.0,2495.0,1/2-1/2,draw,draw,E17,,47,23.5,12,2,2,0,True,True,6,2,True,0,6,0,dynamic
Kasparov.pgn,Kasparov,black,"Sorin, Ariel",Buenos Aires sim,Buenos Aires,1997.??.??,1997,1,"Sorin, Ariel","Kasparov, Gary",2460.0,2820.0,0-1,black_win,win,D91,,60,30.0,12,2,2,0,True,True,6,0,True,0,6,2,dynamic
Kasparov.pgn,Kasparov,white,"Spangenberg, Hugo",Buenos Aires sim,Buenos Aires,1997.??.??,1997,1,"Kasparov, Gary","Spangenberg, Hugo",2820.0,2565.0,1-0,white_win,win,D26,,51,25.5,13,0,2,0,True,True,6,0,True,0,7,0,dynamic
Kasparov.pgn,Kasparov,black,"Panno, Oscar",Buenos Aires sim,Buenos Aires,1997.??.??,1997,2,"Panno, Oscar","Kasparov, Gary",2450.0,2820.0,1/2-1/2,draw,draw,A33,,30,15.0,12,0,2,0,True,True,6,0,True,0,6,0,dynamic
Kasparov.pgn,Kasparov,white,"Zarnicki, Pablo",Buenos Aires sim,Buenos Aires,1997.??.??,1997,2,"Kasparov, Gary","Zarnicki, Pablo",2820.0,2550.0,1-0,white_win,win,E15,,75,37.5,21,4,2,0,True,True,11,2,True,0,10,2,dynamic
Kasparov.pgn,Kasparov,black,"Spangenberg, Hugo",Buenos Aires sim,Buenos Aires,1997.??.??,1997,2,"Spangenberg, Hugo","Kasparov, Gary",2565.0,2820.0,1-0,white_win,loss,B91,,55,27.5,9,0,2,0,True,True,4,0,True,0,5,0,dynamic
Kasparov.pgn,Kasparov,white,"Ricardi, Pablo",Buenos Aires sim,Buenos Aires,1997.??.??,1997,2,"Kasparov, Gary","Ricardi, Pablo",2820.0,2575.0,1-0,white_win,win,B90,,53,26.5,14,1,2,0,True,True,8,1,True,0,6,0,dynamic
Kasparov.pgn,Kasparov,white,"Sorin, Ariel",Buenos Aires sim,Buenos Aires,1997.??.??,1997,2,"Kasparov, Gary","Sorin, Ariel",2820.0,2460.0,1-0,white_win,win,C45,,107,53.5,22,2,2,0,True,True,11,1,True,0,11,1,dynamic
Kasparov.pgn,Kasparov,black,"German, Gustavo",Buenos Aires sim,Buenos Aires,1997.??.??,1997,2,"German, Gustavo","Kasparov, Gary",2495.0,2820.0,1/2-1/2,draw,draw,B86,,59,29.5,18,3,2,0,True,True,9,1,True,0,9,2,dynamic
Kasparov.pgn,Kasparov,black,"Barakh, Al",Catonsville sim,Catonsville,1997.??.??,1997,?,"Barakh, Al","Kasparov, Gary",,2795.0,0-1,black_win,win,D04,,55,27.5,11,3,2,0,True,True,6,3,True,0,5,0,dynamic
Kasparov.pgn,Kasparov,black,"Tsibulevskiy, E.",Catonsville sim,Catonsville,1997.??.??,1997,?,"Tsibulevskiy, E.","Kasparov, Gary",,2795.0,0-1,black_win,win,B32,,86,43.0,20,7,1,0,True,False,11,7,False,0,9,0,dynamic
Kasparov.pgn,Kasparov,black,"Morrison, William",Catonsville sim,Catonsville,1997.??.??,1997,?,"Morrison, William","Kasparov, Gary",2390.0,2795.0,0-1,black_win,win,B91,,105,52.5,23,4,2,0,True,True,12,3,True,0,11,1,dynamic
Kasparov.pgn,Kasparov,white,"Atlas, Dimitry",Catonsville sim,Catonsville,1997.??.??,1997,?,"Kasparov, Gary","Atlas, Dimitry",2795.0,2310.0,1/2-1/2,draw,draw,E06,,50,25.0,5,0,2,0,True,True,2,0,True,0,3,0,dynamic
Kasparov.pgn,Kasparov,white,"Atlas, Valeri",Catonsville sim,Catonsville,1997.??.??,1997,?,"Kasparov, Gary","Atlas, Valeri",2795.0,2460.0,1-0,white_win,win,E15,,107,53.5,20,4,1,0,False,True,11,0,False,0,9,4,dynamic
Kasparov.pgn,Kasparov,white,"Kaufman, Raymond",Catonsville sim,Catonsville,1997.??.??,1997,?,"Kasparov, Gary","Kaufman, Raymond",2795.0,,1-0,white_win,win,D03,,125,62.5,21,12,2,0,True,True,11,6,True,0,10,6,dynamic
Kasparov.pgn,Kasparov,white,"Lefstein, B.",Catonsville sim,Catonsville,1997.??.??,1997,?,"Kasparov, Gary","Lefstein, B.",2795.0,,1-0,white_win,win,A40,,79,39.5,17,3,2,1,True,True,8,2,True,1,9,1,dynamic
Kasparov.pgn,Kasparov,black,"Shahade, Gregory",Catonsville sim,Catonsville,1997.??.??,1997,?,"Shahade, Gregory","Kasparov, Gary",2325.0,2795.0,0-1,black_win,win,B22,,104,52.0,24,9,2,0,True,True,12,8,True,0,12,1,dynamic
Kasparov.pgn,Kasparov,black,"Anand, Viswanathan",Linares 14th,Linares,1997.??.??,1997,1,"Anand, Viswanathan","Kasparov, Gary",2765.0,2795.0,0-1,black_win,win,B85,,82,41.0,16,0,2,0,True,True,8,0,True,0,8,0,dynamic
Kasparov.pgn,Kasparov,black,"Piket, Jeroen",Linares 14th,Linares,1997.??.??,1997,4,"Piket, Jeroen","Kasparov, Gary",2640.0,2795.0,1/2-1/2,draw,draw,E99,,102,51.0,18,11,2,0,True,True,9,2,True,0,9,9,dynamic
Kasparov.pgn,Kasparov,white,"Nikolic, Predrag",Linares 14th,Linares,1997.??.??,1997,5,"Kasparov, Gary","Nikolic, Predrag",2795.0,2655.0,1-0,white_win,win,C45,,53,26.5,12,3,1,0,False,True,7,3,False,0,5,0,dynamic
Kasparov.pgn,Kasparov,white,"Adams, Michael",Linares 14th,Linares,1997.??.??,1997,7,"Kasparov, Gary","Adams, Michael",2795.0,2665.0,1-0,white_win,win,B04,,65,32.5,16,0,2,0,True,True,8,0,True,0,8,0,dynamic
Kasparov.pgn,Kasparov,black,"Ivanchuk, Vassily",Linares 14th,Linares,1997.??.??,1997,8,"Ivanchuk, Vassily","Kasparov, Gary",2740.0,2795.0,1-0,white_win,loss,E81,,71,35.5,19,0,2,0,True,True,9,0,True,0,10,0,dynamic
Kasparov.pgn,Kasparov,white,"Polgar, Judit",Linares 14th,Linares,1997.??.??,1997,9,"Kasparov, Gary","Polgar, Judit",2795.0,2645.0,1-0,white_win,win,B49,,81,40.5,16,1,2,0,True,True,8,1,True,0,8,0,dynamic
Kasparov.pgn,Kasparov,white,"Kramnik, Vladimir",Linares 14th,Linares,1997.??.??,1997,11,"Kasparov, Gary","Kramnik, Vladimir",2795.0,2740.0,1-0,white_win,win,E59,,113,56.5,15,0,2,0,True,True,8,0,True,0,7,0,dynamic
Kasparov.pgn,Kasparov,white,BCF Girls,London sim,London,1997.??.??,1997,?,"Kasparov, Gary",BCF Girls,2820.0,,1/2-1/2,draw,draw,B30,,100,50.0,25,11,2,0,True,True,13,4,True,0,12,7,dynamic
Kasparov.pgn,Kasparov,white,ICC,London sim,London,1997.??.??,1997,?,"Kasparov, Gary",ICC,2820.0,,1/2-1/2,draw,draw,E97,,58,29.0,15,2,2,0,True,True,7,1,True,0,8,1,dynamic
Kasparov.pgn,Kasparov,white,"Paco, Albalate",El Pais sim,Madrid,1997.??.??,1997,?,"Kasparov, Gary","Paco, Albalate",2795.0,,1-0,white_win,win,C00,,57,28.5,9,2,2,0,True,True,5,2,True,0,4,0,dynamic
Kasparov.pgn,Kasparov,white,"Prados, Ant",El Pais sim,Madrid,1997.??.??,1997,?,"Kasparov, Gary","Prados, Ant",2795.0,,1-0,white_win,win,A45,,61,30.5,15,2,2,0,True,True,7,2,True,0,8,0,dynamic
Kasparov.pgn,Kasparov,white,"Munoz, Luis Gerardo",El Pais sim,Madrid,1997.??.??,1997,?,"Kasparov, Gary","Munoz, Luis Gerardo",2795.0,2245.0,1-0,white_win,win,E69,,51,25.5,9,0,2,0,True,True,4,0,True,0,5,0,dynamic
Kasparov.pgn,Kasparov,white,"Blasco, L.",El Pais sim,Madrid,1997.??.??,1997,?,"Kasparov, Gary","Blasco, L.",2795.0,,1-0,white_win,win,A81,,54,27.0,11,2,2,0,True,True,5,1,True,0,6,1,dynamic
Kasparov.pgn,Kasparov,white,"Jimenez, Angel",El Pais sim,Madrid,1997.??.??,1997,?,"Kasparov, Gary","Jimenez, Angel",2795.0,,1-0,white_win,win,A57,,82,41.0,8,1,2,0,True,True,4,0,True,0,4,1,dynamic
Kasparov.pgn,Kasparov,white,Revista WEB,El Pais sim,Madrid,1997.??.??,1997,?,"Kasparov, Gary",Revista WEB,2795.0,,1-0,white_win,win,E92,,50,25.0,4,0,2,0,True,True,2,0,True,0,2,0,dynamic
Kasparov.pgn,Kasparov,white,"Alvaro, Raul",El Pais sim,Madrid,1997.??.??,1997,?,"Kasparov, Gary","Alvaro, Raul",2795.0,,1-0,white_win,win,E10,,63,31.5,17,3,2,0,True,True,10,3,True,0,7,0,dynamic
Kasparov.pgn,Kasparov,white,"Altarriba, S.",El Pais sim,Madrid,1997.??.??,1997,?,"Kasparov, Gary","Altarriba, S.",2795.0,,1/2-1/2,draw,draw,B04,,82,41.0,14,2,2,0,True,True,7,0,True,0,7,2,dynamic
Kasparov.pgn,Kasparov,white,"Vivanco, J.",El Pais sim,Madrid,1997.??.??,1997,?,"Kasparov, Gary","Vivanco, J.",2795.0,,1-0,white_win,win,B12,,30,15.0,2,0,2,0,True,True,1,0,True,0,1,0,dynamic
Kasparov.pgn,Kasparov,white,"Baches Garcia, Guillermo",El Pais sim,Madrid,1997.??.??,1997,?,"Kasparov, Gary","Baches Garcia, Guillermo",2795.0,2235.0,1-0,white_win,win,A48,,85,42.5,21,0,2,0,True,True,11,0,True,0,10,0,dynamic
Kasparov.pgn,Kasparov,white,"Balam, H.",El Pais sim,Madrid,1997.??.??,1997,?,"Kasparov, Gary","Balam, H.",2795.0,,1-0,white_win,win,C09,,60,30.0,13,2,2,0,True,True,7,1,True,0,6,1,dynamic
Kasparov.pgn,Kasparov,white,EuropChess,El Pais sim,Madrid,1997.??.??,1997,?,"Kasparov, Gary",EuropChess,2795.0,,1/2-1/2,draw,draw,A52,,74,37.0,8,0,2,0,True,True,4,0,True,0,4,0,dynamic
Kasparov.pgn,Kasparov,white,Grup Equs,El Pais sim,Madrid,1997.??.??,1997,?,"Kasparov, Gary",Grup Equs,2795.0,,1-0,white_win,win,A45,,55,27.5,8,2,2,0,True,True,4,1,True,0,4,1,dynamic
Kasparov.pgn,Kasparov,white,"Guerrero, P.",El Pais sim,Madrid,1997.??.??,1997,?,"Kasparov, Gary","Guerrero, P.",2795.0,,1-0,white_win,win,B12,,71,35.5,14,6,1,0,False,True,7,6,False,0,7,0,dynamic
Kasparov.pgn,Kasparov,black,Comp Deep Blue,New York man vs machine,New York,1997.??.??,1997,4,Comp Deep Blue,"Kasparov, Gary",,2785.0,1/2-1/2,draw,draw,B07,,111,55.5,24,7,2,0,True,True,12,4,True,0,12,3,dynamic
Kasparov.pgn,Kasparov,white,Comp Deep Blue,New York man vs machine,New York,1997.??.??,1997,5,"Kasparov, Gary",Comp Deep Blue,2785.0,,1/2-1/2,draw,draw,A07,,98,49.0,21,5,2,0,True,True,10,0,True,0,11,5,dynamic
Kasparov.pgn,Kasparov,black,Comp Deep Blue,New York man vs machine,New York,1997.??.??,1997,6,Comp Deep Blue,"Kasparov, Gary",,2785.0,1-0,white_win,loss,B17,,37,18.5,9,1,1,0,True,False,5,0,False,0,4,1,dynamic
Kasparov.pgn,Kasparov,white,"Gelfand, Boris",Novgorod,Novgorod,1997.??.??,1997,1,"Kasparov, Gary","Gelfand, Boris",2795.0,2700.0,1-0,white_win,win,E15,,73,36.5,13,1,1,0,False,True,7,0,False,0,6,1,dynamic
Kasparov.pgn,Kasparov,white,"Bareev, Evgeny",Novgorod,Novgorod,1997.??.??,1997,3,"Kasparov, Gary","Bareev, Evgeny",2795.0,2665.0,1-0,white_win,win,C11,,145,72.5,26,15,0,0,False,False,13,11,False,0,13,4,dynamic
Kasparov.pgn,Kasparov,black,"Kramnik, Vladimir",Novgorod,Novgorod,1997.??.??,1997,5,"Kramnik, Vladimir","Kasparov, Gary",2740.0,2795.0,1-0,white_win,loss,E97,,63,31.5,12,2,2,0,True,True,6,2,True,0,6,0,dynamic
Kasparov.pgn,Kasparov,black,"Bareev, Evgeny",Novgorod,Novgorod,1997.??.??,1997,8,"Bareev, Evgeny","Kasparov, Gary",2665.0,2795.0,1/2-1/2,draw,draw,D27,,83,41.5,21,3,1,0,True,False,10,0,False,0,11,3,dynamic
Kasparov.pgn,Kasparov,white,"Kramnik, Vladimir",Novgorod,Novgorod,1997.??.??,1997,9,"Kasparov, Gary","Kramnik, Vladimir",2795.0,2740.0,1/2-1/2,draw,draw,B66,,82,41.0,15,2,2,0,True,True,7,1,True,0,8,1,dynamic
Kasparov.pgn,Kasparov,black,"Garner, David",Oakham sim,Oakham,1997.??.??,1997,?,"Garner, David","Kasparov, Gary",2110.0,2820.0,0-1,black_win,win,B22,,75,37.5,16,0,2,0,True,True,8,0,True,0,8,0,dynamic
Kasparov.pgn,Kasparov,white,"Lee, Graham D",Oakham sim,Oakham,1997.??.??,1997,?,"Kasparov, Gary","Lee, Graham D",2820.0,2350.0,1-0,white_win,win,A30,,85,42.5,11,1,2,0,True,True,5,1,True,0,6,0,dynamic
Kasparov.pgn,Kasparov,black,"Hunt, Harriet",Oakham sim,Oakham,1997.??.??,1997,?,"Hunt, Harriet","Kasparov, Gary",2360.0,2820.0,0-1,black_win,win,B33,,119,59.5,16,3,2,0,True,True,8,3,True,0,8,0,dynamic
Kasparov.pgn,Kasparov,white,"Botteley, Gerald",Oakham sim,Oakham,1997.??.??,1997,?,"Kasparov, Gary","Botteley, Gerald",2820.0,,1-0,white_win,win,C83,,55,27.5,14,2,2,0,True,True,8,1,True,0,6,1,dynamic
Kasparov.pgn,Kasparov,white,"Pert, Richard G",Oakham sim,Oakham,1997.??.??,1997,?,"Kasparov, Gary","Pert, Richard G",2820.0,2230.0,1-0,white_win,win,B50,,43,21.5,7,1,2,0,True,True,4,1,True,0,3,0,dynamic
Kasparov.pgn,Kasparov,black,"Pert, Nicholas",Oakham sim,Oakham,1997.??.??,1997,?,"Pert, Nicholas","Kasparov, Gary",2240.0,2820.0,0-1,black_win,win,D77,,87,43.5,24,6,2,1,True,True,11,4,True,1,13,2,dynamic
Kasparov.pgn,Kasparov,white,"Onischuk, Alexander",Tilburg Fontys,Tilburg,1997.??.??,1997,4,"Kasparov, Gary","Onischuk, Alexander",2820.0,2625.0,1/2-1/2,draw,draw,E13,,120,60.0,27,6,2,0,True,True,14,1,True,0,13,5,dynamic
Kasparov.pgn,Kasparov,white,"Leko, Peter",Tilburg Fontys,Tilburg,1997.??.??,1997,6,"Kasparov, Gary","Leko, Peter",2820.0,2635.0,1-0,white_win,win,C45,,61,30.5,19,7,1,0,False,True,9,3,False,0,10,4,dynamic
Kasparov.pgn,Kasparov,white,"Piket, Jeroen",Tilburg Fontys,Tilburg,1997.??.??,1997,8,"Kasparov, Gary","Piket, Jeroen",2820.0,2630.0,1-0,white_win,win,D27,,59,29.5,11,3,2,0,True,True,6,3,True,0,5,0,dynamic
Kasparov.pgn,Kasparov,white,"Kramnik, Vladimir",Tilburg Fontys,Tilburg,1997.??.??,1997,10,"Kasparov, Gary","Kramnik, Vladimir",2820.0,2770.0,1/2-1/2,draw,draw,E39,,69,34.5,17,2,1,0,False,True,8,1,False,0,9,1,dynamic
Kasparov.pgn,Kasparov,white,"Anand, Viswanathan",Linares,Linares,1998.02.24,1998,3,"Kasparov, Gary","Anand, Viswanathan",2825.0,2770.0,1-0,white_win,win,B17,,69,34.5,12,2,2,0,True,True,6,1,True,0,6,1,dynamic
Kasparov.pgn,Kasparov,white,"Topalov, Veselin",Linares,Linares,1998.02.26,1998,5,"Kasparov, Gary","Topalov, Veselin",2825.0,2740.0,1/2-1/2,draw,draw,B91,,43,21.5,2,0,1,0,True,False,1,0,True,0,1,0,dynamic
Kasparov.pgn,Kasparov,white,"Shirov, Alexei",Linares,Linares,1998.03.01,1998,7,"Kasparov, Gary","Shirov, Alexei",2825.0,2710.0,1/2-1/2,draw,draw,C78,,43,21.5,14,1,2,0,True,True,8,1,True,0,6,0,dynamic
Kasparov.pgn,Kasparov,white,"Svidler, Peter",Linares,Linares,1998.03.02,1998,8,"Kasparov, Gary","Svidler, Peter",2825.0,2690.0,1/2-1/2,draw,draw,C93,,128,64.0,24,19,2,0,True,True,11,3,True,0,13,16,dynamic
Kasparov.pgn,Kasparov,black,"Anand, Viswanathan",Linares,Linares,1998.03.04,1998,10,"Anand, Viswanathan","Kasparov, Gary",2770.0,2825.0,1/2-1/2,draw,draw,B90,,47,23.5,12,0,0,0,False,False,6,0,False,0,6,0,dynamic
Kasparov.pgn,Kasparov,white,"Kramnik, Vladimir",Linares,Linares,1998.03.08,1998,13,"Kasparov, Gary","Kramnik, Vladimir",2825.0,2790.0,1/2-1/2,draw,draw,E32,,103,51.5,18,6,2,0,True,True,9,1,True,0,9,5,dynamic
Kasparov.pgn,Kasparov,black,"Shirov, Alexei",Linares,Linares,1998.03.09,1998,14,"Shirov, Alexei","Kasparov, Gary",2710.0,2825.0,1/2-1/2,draw,draw,B81,,34,17.0,9,6,0,0,False,False,4,5,False,0,5,1,dynamic
Kasparov.pgn,Kasparov,black,"Topalov, Veselin",Sofia m 25',Sofia,1998.05.03,1998,3,"Topalov, Veselin","Kasparov, Gary",2740.0,2825.0,0-1,black_win,win,D58,,94,47.0,18,2,2,0,True,True,9,1,True,0,9,1,dynamic
Kasparov.pgn,Kasparov,white,"Smirin, Ilia",ISR-Kasparov handicap,Tel Aviv,1998.05.19,1998,1.3,"Kasparov, Gary","Smirin, Ilia",2820.0,2595.0,1/2-1/2,draw,draw,B43,,77,38.5,15,8,2,1,True,True,7,5,True,1,8,3,dynamic
Kasparov.pgn,Kasparov,black,"Sutovskij, Emil",ISR-Kasparov handicap,Tel Aviv,1998.05.19,1998,1.2,"Sutovskij, Emil","Kasparov, Gary",2590.0,2820.0,0-1,black_win,win,B85,,106,53.0,20,5,2,0,True,True,11,5,True,0,9,0,dynamic
Kasparov.pgn,Kasparov,white,"Alterman, Boris",ISR-Kasparov handicap,Tel Aviv,1998.05.19,1998,1.1,"Kasparov, Gary","Alterman, Boris",2825.0,2615.0,1/2-1/2,draw,draw,B36,,49,24.5,8,0,2,0,True,True,4,0,True,0,4,0,dynamic
Kasparov.pgn,Kasparov,black,"Huzman, Alexander",ISR-Kasparov handicap,Tel Aviv,1998.05.19,1998,1.4,"Huzman, Alexander","Kasparov, Gary",2610.0,2825.0,0-1,black_win,win,E15,,84,42.0,18,2,1,0,False,True,9,2,True,0,9,0,dynamic
Kasparov.pgn,Kasparov,white,"Sutovskij, Emil",ISR-Kasparov handicap,Tel Aviv,1998.05.21,1998,2.2,"Kasparov, Gary","Sutovskij, Emil",2825.0,2595.0,1-0,white_win,win,B30,,81,40.5,22,6,1,0,False,True,11,3,False,0,11,3,dynamic
Kasparov.pgn,Kasparov,white,"Huzman, Alexander",ISR-Kasparov handicap,Tel Aviv,1998.05.21,1998,2.4,"Kasparov, Gary","Huzman, Alexander",2825.0,2610.0,1-0,white_win,win,B90,,81,40.5,22,2,2,0,True,True,11,1,True,0,11,1,dynamic
Kasparov.pgn,Kasparov,black,"Alterman, Boris",ISR-Kasparov handicap,Tel Aviv,1998.05.21,1998,2.1,"Alterman, Boris","Kasparov, Gary",2615.0,2825.0,0-1,black_win,win,D37,,100,50.0,15,1,2,0,True,True,8,1,True,0,7,0,dynamic
Kasparov.pgn,Kasparov,black,"Smirin, Ilia",ISR-Kasparov handicap,Tel Aviv,1998.05.21,1998,2.3,"Smirin, Ilia","Kasparov, Gary",2590.0,2825.0,0-1,black_win,win,D12,,108,54.0,13,13,1,0,True,False,6,11,False,0,7,2,dynamic
Kasparov.pgn,Kasparov,white,"Svidler, Peter",Internet,ICC m1,1998.05.24,1998,1,"Kasparov, Gary","Svidler, Peter",2825.0,2690.0,1-0,white_win,win,B51,,81,40.5,23,6,2,0,True,True,12,4,True,0,11,2,dynamic
Kasparov.pgn,Kasparov,black,"Svidler, Peter",Internet,ICC m1,1998.05.24,1998,2,"Svidler, Peter","Kasparov, Gary",2690.0,2825.0,1-0,white_win,loss,B43,,69,34.5,17,2,2,0,True,True,8,0,True,0,9,2,dynamic
Kasparov.pgn,Kasparov,white,"Svidler, Peter",Internet,ICC m1,1998.05.24,1998,3,"Kasparov, Gary","Svidler, Peter",2825.0,2690.0,1-0,white_win,win,D77,,117,58.5,25,9,2,0,True,True,13,6,True,0,12,3,dynamic
Kasparov.pgn,Kasparov,black,"Svidler, Peter",Internet,ICC m1,1998.05.24,1998,4,"Svidler, Peter","Kasparov, Gary",2690.0,2825.0,0-1,black_win,win,B33,,100,50.0,22,10,2,0,True,True,12,5,True,0,10,5,dynamic
Kasparov.pgn,Kasparov,white,"Psakhis, Lev",Internet,ICC m2,1998.05.25,1998,1,"Kasparov, Gary","Psakhis, Lev",2825.0,2565.0,1-0,white_win,win,E32,,97,48.5,20,4,2,0,True,True,10,3,True,0,10,1,dynamic
Kasparov.pgn,Kasparov,white,"Miles, Anthony J",Internet,ICC m3,1998.05.26,1998,1,"Kasparov, Gary","Miles, Anthony J",2825.0,2595.0,1/2-1/2,draw,draw,B15,,105,52.5,22,8,1,0,False,True,11,5,False,0,11,3,dynamic
Kasparov.pgn,Kasparov,black,"Miles, Anthony J",Internet,ICC m3,1998.05.26,1998,2,"Miles, Anthony J","Kasparov, Gary",2595.0,2825.0,1-0,white_win,loss,A46,,151,75.5,21,10,2,0,True,True,10,8,True,0,11,2,dynamic
Kasparov.pgn,Kasparov,white,"Miles, Anthony J",Internet,ICC m3,1998.05.26,1998,3,"Kasparov, Gary","Miles, Anthony J",2825.0,2595.0,1-0,white_win,win,B15,,87,43.5,19,6,2,0,True,True,11,3,True,0,8,3,dynamic
Kasparov.pgn,Kasparov,white,"Svidler, Peter",Blitz m,ICC,1998.05.26,1998,1,"Kasparov, Gary","Svidler, Peter",2825.0,2690.0,1-0,white_win,win,C85,,107,53.5,13,7,2,1,True,True,6,7,True,1,7,0,dynamic
Kasparov.pgn,Kasparov,black,"Svidler, Peter",Blitz m,ICC,1998.05.26,1998,2,"Svidler, Peter","Kasparov, Gary",2690.0,2825.0,0-1,black_win,win,B90,,80,40.0,17,5,2,0,True,True,9,5,True,0,8,0,dynamic
Kasparov.pgn,Kasparov,black,"Kramnik, Vladimir",Chess Classics Giants,Frankfurt,1998.06.17,1998,1,"Kramnik, Vladimir","Kasparov, Gary",2790.0,2825.0,1-0,white_win,loss,D92,,103,51.5,21,3,2,0,True,True,10,3,True,0,11,0,dynamic
Kasparov.pgn,Kasparov,black,"Anand, Viswanathan",Chess Classics Giants,Frankfurt,1998.06.17,1998,2,"Anand, Viswanathan","Kasparov, Gary",2770.0,2825.0,1-0,white_win,loss,B90,,77,38.5,12,1,1,0,True,False,6,0,False,0,6,1,dynamic
Kasparov.pgn,Kasparov,white,"Ivanchuk, Vassily",Chess Classics Giants,Frankfurt,1998.06.17,1998,3,"Kasparov, Gary","Ivanchuk, Vassily",2825.0,2740.0,1-0,white_win,win,B66,,69,34.5,18,5,2,0,True,True,10,4,True,0,8,1,dynamic
Kasparov.pgn,Kasparov,white,"Kramnik, Vladimir",Chess Classics Giants,Frankfurt,1998.06.18,1998,4,"Kasparov, Gary","Kramnik, Vladimir",2825.0,2790.0,1/2-1/2,draw,draw,A35,,61,30.5,17,4,2,0,True,True,9,2,True,0,8,2,dynamic
Kasparov.pgn,Kasparov,black,"Ivanchuk, Vassily",Chess Classics Giants,Frankfurt,1998.06.18,1998,5,"Ivanchuk, Vassily","Kasparov, Gary",2740.0,2825.0,1/2-1/2,draw,draw,E32,,95,47.5,21,11,1,1,False,True,9,9,True,1,12,2,dynamic
Kasparov.pgn,Kasparov,white,"Anand, Viswanathan",Chess Classics Giants,Frankfurt,1998.06.18,1998,6,"Kasparov, Gary","Anand, Viswanathan",2825.0,2770.0,1/2-1/2,draw,draw,B44,,46,23.0,9,0,2,0,True,True,5,0,True,0,4,0,dynamic
Kasparov.pgn,Kasparov,white,"Ivanchuk, Vassily",Chess Classics Giants 3rd pl,Frankfurt,1998.06.19,1998,1,"Kasparov, Gary","Ivanchuk, Vassily",2825.0,2740.0,1-0,white_win,win,B90,,139,69.5,25,7,1,0,True,False,13,6,True,0,12,1,dynamic
Kasparov.pgn,Kasparov,black,"Ivanchuk, Vassily",Chess Classics Giants 3rd pl,Frankfurt,1998.06.19,1998,2,"Ivanchuk, Vassily","Kasparov, Gary",2740.0,2825.0,1/2-1/2,draw,draw,D52,,66,33.0,12,1,2,0,True,True,5,1,True,0,7,0,dynamic
Kasparov.pgn,Kasparov,white,"Ivanchuk, Vassily",Chess Classics Giants 3rd pl,Frankfurt,1998.06.19,1998,3,"Kasparov, Gary","Ivanchuk, Vassily",2825.0,2740.0,1/2-1/2,draw,draw,C11,,143,71.5,23,17,1,1,False,True,11,13,False,1,12,4,dynamic
Kasparov.pgn,Kasparov,black,"Ivanchuk, Vassily",Chess Classics Giants 3rd pl,Frankfurt,1998.06.19,1998,4,"Ivanchuk, Vassily","Kasparov, Gary",2740.0,2825.0,1/2-1/2,draw,draw,D37,,86,43.0,25,1,2,0,True,True,13,1,True,0,12,0,dynamic
Kasparov.pgn,Kasparov,white,"Timman, Jan H",EuroTel Trophy,Prague,1998.09.06,1998,1,"Kasparov, Gary","Timman, Jan H",2815.0,2655.0,1/2-1/2,draw,draw,D24,,113,56.5,26,5,1,0,True,False,13,0,True,0,13,5,dynamic
Kasparov.pgn,Kasparov,black,"Timman, Jan H",EuroTel Trophy,Prague,1998.09.07,1998,2,"Timman, Jan H","Kasparov, Gary",2655.0,2815.0,0-1,black_win,win,D15,,60,30.0,13,0,2,0,True,True,7,0,True,0,6,0,dynamic
Kasparov.pgn,Kasparov,white,"Timman, Jan H",EuroTel Trophy,Prague,1998.09.09,1998,3,"Kasparov, Gary","Timman, Jan H",2815.0,2655.0,1-0,white_win,win,E32,,51,25.5,17,3,1,0,False,True,9,1,False,0,8,2,dynamic
Kasparov.pgn,Kasparov,black,"Timman, Jan H",EuroTel Trophy,Prague,1998.09.10,1998,4,"Timman, Jan H","Kasparov, Gary",2655.0,2815.0,1/2-1/2,draw,draw,D58,,80,40.0,22,0,2,0,True,True,11,0,True,0,11,0,dynamic
Kasparov.pgn,Kasparov,white,"Timman, Jan H",EuroTel Trophy,Prague,1998.09.12,1998,5,"Kasparov, Gary","Timman, Jan H",2815.0,2655.0,1/2-1/2,draw,draw,E32,,56,28.0,16,4,2,0,True,True,8,2,True,0,8,2,dynamic
Kasparov.pgn,Kasparov,black,"Timman, Jan H",EuroTel Trophy,Prague,1998.09.13,1998,6,"Timman, Jan H","Kasparov, Gary",2655.0,2815.0,1/2-1/2,draw,draw,D52,,61,30.5,18,8,2,0,True,True,9,7,True,0,9,1,dynamic
Kasparov.pgn,Kasparov,white,"Kramnik, Vladimir",Kosmos m 5',Moscow,1998.11.27,1998,1,"Kasparov, Gary","Kramnik, Vladimir",2815.0,2780.0,1/2-1/2,draw,draw,C42,,89,44.5,23,4,2,0,True,True,12,4,True,0,11,0,dynamic
Kasparov.pgn,Kasparov,black,"Kramnik, Vladimir",Kosmos m 5',Moscow,1998.11.27,1998,2,"Kramnik, Vladimir","Kasparov, Gary",2780.0,2815.0,0-1,black_win,win,E36,,116,58.0,24,4,2,0,True,True,13,2,True,0,11,2,dynamic
Kasparov.pgn,Kasparov,white,"Kramnik, Vladimir",Kosmos m 5',Moscow,1998.11.27,1998,3,"Kasparov, Gary","Kramnik, Vladimir",2815.0,2780.0,1/2-1/2,draw,draw,A08,,78,39.0,18,1,2,0,True,True,9,1,True,0,9,0,dynamic
Kasparov.pgn,Kasparov,black,"Kramnik, Vladimir",Kosmos m 5',Moscow,1998.11.27,1998,4,"Kramnik, Vladimir","Kasparov, Gary",2780.0,2815.0,0-1,black_win,win,E37,,82,41.0,19,4,1,0,False,True,10,4,True,0,9,0,dynamic
Kasparov.pgn,Kasparov,white,"Kramnik, Vladimir",Kosmos m 5',Moscow,1998.11.27,1998,5,"Kasparov, Gary","Kramnik, Vladimir",2815.0,2780.0,0-1,black_win,loss,A33,,88,44.0,15,2,2,0,True,True,7,0,True,0,8,2,dynamic
Kasparov.pgn,Kasparov,black,"Kramnik, Vladimir",Kosmos m 5',Moscow,1998.11.27,1998,6,"Kramnik, Vladimir","Kasparov, Gary",2780.0,2815.0,1-0,white_win,loss,E97,,83,41.5,10,0,2,0,True,True,5,0,True,0,5,0,dynamic
Kasparov.pgn,Kasparov,white,"Kramnik, Vladimir",Kosmos m 5',Moscow,1998.11.27,1998,7,"Kasparov, Gary","Kramnik, Vladimir",2815.0,2780.0,1/2-1/2,draw,draw,A31,,84,42.0,25,0,2,0,True,True,12,0,True,0,13,0,dynamic
Kasparov.pgn,Kasparov,black,"Kramnik, Vladimir",Kosmos m 5',Moscow,1998.11.27,1998,8,"Kramnik, Vladimir","Kasparov, Gary",2780.0,2815.0,1-0,white_win,loss,D45,,60,30.0,11,1,2,0,True,True,5,1,True,0,6,0,dynamic
Kasparov.pgn,Kasparov,white,"Kramnik, Vladimir",Kosmos m 5',Moscow,1998.11.27,1998,9,"Kasparov, Gary","Kramnik, Vladimir",2815.0,2780.0,1/2-1/2,draw,draw,D00,,131,65.5,24,5,1,0,False,True,11,1,False,0,13,4,dynamic
Kasparov.pgn,Kasparov,black,"Kramnik, Vladimir",Kosmos m 5',Moscow,1998.11.27,1998,10,"Kramnik, Vladimir","Kasparov, Gary",2780.0,2815.0,1/2-1/2,draw,draw,D45,,116,58.0,21,1,2,0,True,True,10,1,True,0,11,0,dynamic
Kasparov.pgn,Kasparov,white,"Kramnik, Vladimir",Kosmos m 5',Moscow,1998.11.27,1998,11,"Kasparov, Gary","Kramnik, Vladimir",2815.0,2780.0,1-0,white_win,win,A39,,53,26.5,8,0,2,0,True,True,3,0,True,0,5,0,dynamic
Kasparov.pgn,Kasparov,black,"Kramnik, Vladimir",Kosmos m 5',Moscow,1998.11.27,1998,12,"Kramnik, Vladimir","Kasparov, Gary",2780.0,2815.0,1-0,white_win,loss,D43,,71,35.5,17,2,2,0,True,True,8,1,True,0,9,1,dynamic
Kasparov.pgn,Kasparov,black,"Kramnik, Vladimir",Kosmos m 5',Moscow,1998.11.28,1998,13,"Kramnik, Vladimir","Kasparov, Gary",2780.0,2815.0,1/2-1/2,draw,draw,D47,,92,46.0,22,4,2,0,True,True,11,4,True,0,11,0,dynamic
Kasparov.pgn,Kasparov,white,"Kramnik, Vladimir",Kosmos m 5',Moscow,1998.11.28,1998,14,"Kasparov, Gary","Kramnik, Vladimir",2815.0,2780.0,0-1,black_win,loss,E20,,44,22.0,10,2,2,0,True,True,5,0,True,0,5,2,dynamic
Kasparov.pgn,Kasparov,black,"Kramnik, Vladimir",Kosmos m 5',Moscow,1998.11.28,1998,15,"Kramnik, Vladimir","Kasparov, Gary",2780.0,2815.0,1/2-1/2,draw,draw,D28,,41,20.5,11,0,2,0,True,True,5,0,True,0,6,0,dynamic
Kasparov.pgn,Kasparov,white,"Kramnik, Vladimir",Kosmos m 5',Moscow,1998.11.28,1998,16,"Kasparov, Gary","Kramnik, Vladimir",2815.0,2780.0,1-0,white_win,win,E32,,121,60.5,25,12,2,0,True,True,13,8,True,0,12,4,dynamic
Kasparov.pgn,Kasparov,black,"Kramnik, Vladimir",Kosmos m 5',Moscow,1998.11.28,1998,17,"Kramnik, Vladimir","Kasparov, Gary",2780.0,2815.0,1-0,white_win,loss,D36,,101,50.5,24,6,2,0,True,True,12,4,True,0,12,2,dynamic
Kasparov.pgn,Kasparov,white,"Kramnik, Vladimir",Kosmos m 5',Moscow,1998.11.28,1998,18,"Kasparov, Gary","Kramnik, Vladimir",2815.0,2780.0,1-0,white_win,win,E34,,81,40.5,19,6,0,0,False,False,11,3,False,0,8,3,dynamic
Kasparov.pgn,Kasparov,black,"Kramnik, Vladimir",Kosmos m 5',Moscow,1998.11.28,1998,19,"Kramnik, Vladimir","Kasparov, Gary",2780.0,2815.0,1-0,white_win,loss,D85,,77,38.5,20,2,2,0,True,True,11,1,True,0,9,1,dynamic
Kasparov.pgn,Kasparov,white,"Kramnik, Vladimir",Kosmos m 5',Moscow,1998.11.28,1998,20,"Kasparov, Gary","Kramnik, Vladimir",2815.0,2780.0,1-0,white_win,win,E32,,123,61.5,24,4,2,0,True,True,13,3,True,0,11,1,dynamic
Kasparov.pgn,Kasparov,black,"Kramnik, Vladimir",Kosmos m 5',Moscow,1998.11.28,1998,21,"Kramnik, Vladimir","Kasparov, Gary",2780.0,2815.0,1/2-1/2,draw,draw,D35,,101,50.5,20,4,2,0,True,True,9,4,True,0,11,0,dynamic
Kasparov.pgn,Kasparov,white,"Kramnik, Vladimir",Kosmos m 5',Moscow,1998.11.28,1998,22,"Kasparov, Gary","Kramnik, Vladimir",2815.0,2780.0,1-0,white_win,win,D46,,73,36.5,17,2,2,0,True,True,9,1,True,0,8,1,dynamic
Kasparov.pgn,Kasparov,black,"Kramnik, Vladimir",Kosmos m 5',Moscow,1998.11.28,1998,23,"Kramnik, Vladimir","Kasparov, Gary",2780.0,2815.0,1/2-1/2,draw,draw,D36,,55,27.5,13,0,2,0,True,True,6,0,True,0,7,0,dynamic
Kasparov.pgn,Kasparov,white,"Kramnik, Vladimir",Kosmos m 5',Moscow,1998.11.28,1998,24,"Kasparov, Gary","Kramnik, Vladimir",2815.0,2780.0,1/2-1/2,draw,draw,D30,,34,17.0,9,0,2,0,True,True,5,0,True,0,4,0,dynamic
Kasparov.pgn,Kasparov,white,"Flores, Diego",Buenos Aires sim,Buenos Aires,1998.12.13,1998,?,"Kasparov, Gary","Flores, Diego",2815.0,2205.0,1/2-1/2,draw,draw,C54,,76,38.0,20,4,2,0,True,True,12,0,True,0,8,4,dynamic
Kasparov.pgn,Kasparov,white,"Mughreblian, Ben",BT Wireplay sim,London,1998.12.17,1998,?,"Kasparov, Gary","Mughreblian, Ben",2815.0,,1-0,white_win,win,C54,,65,32.5,14,5,1,0,True,False,7,5,True,0,7,0,dynamic
Kasparov.pgn,Kasparov,white,The Times A,London Consultation sim,London,1998.12.17,1998,?,"Kasparov, Gary",The Times A,2815.0,,1-0,white_win,win,E60,,99,49.5,13,0,2,0,True,True,7,0,True,0,6,0,dynamic
Kasparov.pgn,Kasparov,white,"Howell, David",BT Wireplay sim,London,1998.12.17,1998,?,"Kasparov, Gary","Howell, David",2815.0,,1-0,white_win,win,D78,,99,49.5,20,6,2,0,True,True,12,5,True,0,8,1,dynamic
Kasparov.pgn,Kasparov,white,"Wood, Gaby",BT Wireplay sim,London,1998.12.17,1998,?,"Kasparov, Gary","Wood, Gaby",2815.0,,1-0,white_win,win,C65,,37,18.5,8,1,1,0,True,False,6,1,True,0,2,0,dynamic
Kasparov.pgn,Kasparov,white,"Thiruchelvam, Thirumurugan",BT Wireplay sim,London,1998.12.17,1998,?,"Kasparov, Gary","Thiruchelvam, Thirumurugan",2815.0,2020.0,1-0,white_win,win,D58,,75,37.5,20,5,2,0,True,True,10,4,True,0,10,1,dynamic
Kasparov.pgn,Kasparov,white,"Rendle, Thomas",BT Wireplay sim,London,1998.12.17,1998,?,"Kasparov, Gary","Rendle, Thomas",2815.0,,1-0,white_win,win,C00,,93,46.5,20,9,1,1,False,True,11,6,False,1,9,3,dynamic
Kasparov.pgn,Kasparov,white,"Mutkin, Henry",BT Wireplay sim,London,1998.12.17,1998,?,"Kasparov, Gary","Mutkin, Henry",2815.0,,1-0,white_win,win,A45,,45,22.5,11,0,2,0,True,True,6,0,True,0,5,0,dynamic
Kasparov.pgn,Kasparov,white,"Williams, Alan P",BT Wireplay sim,London,1998.12.17,1998,?,"Kasparov, Gary","Williams, Alan P",2815.0,,1-0,white_win,win,B40,,79,39.5,18,3,2,0,True,True,10,3,True,0,8,0,dynamic
Kasparov.pgn,Kasparov,white,"Brown, Steve",BT Wireplay sim,London,1998.12.17,1998,?,"Kasparov, Gary","Brown, Steve",2815.0,,1-0,white_win,win,C55,,39,19.5,12,3,1,1,True,False,6,3,True,0,6,0,dynamic
Kasparov.pgn,Kasparov,white,"Jones, Gawain",BT Wireplay sim,London,1998.12.17,1998,?,"Kasparov, Gary","Jones, Gawain",2815.0,,1-0,white_win,win,B52,,109,54.5,23,9,2,1,True,True,12,5,True,1,11,4,dynamic
Kasparov.pgn,Kasparov,white,"Johnson, Daniel",BT Wireplay sim,London,1998.12.17,1998,?,"Kasparov, Gary","Johnson, Daniel",2815.0,,1-0,white_win,win,C54,,57,28.5,8,1,2,0,True,True,4,1,True,0,4,0,dynamic
Kasparov.pgn,Kasparov,white,"Chate, Fred",BT Wireplay sim,London,1998.12.17,1998,?,"Kasparov, Gary","Chate, Fred",2815.0,,1-0,white_win,win,D10,,57,28.5,14,4,2,0,True,True,9,3,True,0,5,1,dynamic
Kasparov.pgn,Kasparov,white,"Groshenny, C.",Colmar simul,Colmar,1998.??.??,1998,?,"Kasparov, Gary","Groshenny, C.",2825.0,1790.0,1-0,white_win,win,C05,,123,61.5,22,4,1,1,False,True,11,2,False,1,11,2,dynamic
Kasparov.pgn,Kasparov,white,"Brellmann, L.",Colmar simul,Colmar,1998.??.??,1998,?,"Kasparov, Gary","Brellmann, L.",2825.0,,1-0,white_win,win,D35,,67,33.5,14,0,2,0,True,True,8,0,True,0,6,0,dynamic
Kasparov.pgn,Kasparov,white,"Netzer, Jean",Colmar simul,Colmar,1998.??.??,1998,?,"Kasparov, Gary","Netzer, Jean",2825.0,1730.0,1-0,white_win,win,D32,,53,26.5,12,2,2,0,True,True,6,2,True,0,6,0,dynamic
Kasparov.pgn,Kasparov,white,"Munch, P.",Colmar simul,Colmar,1998.??.??,1998,?,"Kasparov, Gary","Munch, P.",2825.0,1830.0,1-0,white_win,win,A80,,47,23.5,14,5,2,0,True,True,8,5,True,0,6,0,dynamic
Kasparov.pgn,Kasparov,white,"Martin, L.",Colmar simul,Colmar,1998.??.??,1998,?,"Kasparov, Gary","Martin, L.",2825.0,1690.0,1-0,white_win,win,D35,,89,44.5,17,2,2,0,True,True,10,2,True,0,7,0,dynamic
Kasparov.pgn,Kasparov,white,"Lefevre, C.",Colmar simul,Colmar,1998.??.??,1998,?,"Kasparov, Gary","Lefevre, C.",2825.0,1970.0,1-0,white_win,win,B12,,79,39.5,16,4,1,0,False,True,7,4,False,0,9,0,dynamic
Kasparov.pgn,Kasparov,white,"Inguimberty, JL.",Colmar simul,Colmar,1998.??.??,1998,?,"Kasparov, Gary","Inguimberty, JL.",2825.0,2130.0,1-0,white_win,win,D46,,51,25.5,10,1,2,0,True,True,5,1,True,0,5,0,dynamic
Kasparov.pgn,Kasparov,white,"Krick, M.",Colmar simul,Colmar,1998.??.??,1998,?,"Kasparov, Gary","Krick, M.",2825.0,,1-0,white_win,win,B50,,57,28.5,10,2,2,0,True,True,7,2,True,0,3,0,dynamic
Kasparov.pgn,Kasparov,white,"Chatte, AS.",Colmar simul,Colmar,1998.??.??,1998,?,"Kasparov, Gary","Chatte, AS.",2825.0,1670.0,1-0,white_win,win,A45,,65,32.5,8,5,1,0,True,False,4,5,True,0,4,0,dynamic
Kasparov.pgn,Kasparov,white,"Bronner, D.",Colmar simul,Colmar,1998.??.??,1998,?,"Kasparov, Gary","Bronner, D.",2825.0,,1-0,white_win,win,B07,,73,36.5,9,2,1,0,False,True,6,2,False,0,3,0,dynamic
Kasparov.pgn,Kasparov,white,"Supper, Y.",Colmar simul,Colmar,1998.??.??,1998,?,"Kasparov, Gary","Supper, Y.",2825.0,1880.0,1-0,white_win,win,A45,,69,34.5,13,6,2,0,True,True,7,4,True,0,6,2,dynamic
Kasparov.pgn,Kasparov,white,"Abegg, M.",Colmar simul,Colmar,1998.??.??,1998,?,"Kasparov, Gary","Abegg, M.",2825.0,,1-0,white_win,win,C54,,62,31.0,10,2,2,0,True,True,6,2,True,0,4,0,dynamic
Kasparov.pgn,Kasparov,white,"Wendling, Jens",Colmar simul,Colmar,1998.??.??,1998,?,"Kasparov, Gary","Wendling, Jens",2825.0,,1-0,white_win,win,C62,,75,37.5,17,8,1,2,True,False,9,8,True,2,8,0,dynamic
Kasparov.pgn,Kasparov,white,"Winkelmueller, JL.",Colmar simul,Colmar,1998.??.??,1998,?,"Kasparov, Gary","Winkelmueller, JL.",2825.0,1960.0,1-0,white_win,win,B30,,44,22.0,7,1,2,0,True,True,4,1,True,0,3,0,dynamic
Kasparov.pgn,Kasparov,white,"Wurtz, F.",Colmar simul,Colmar,1998.??.??,1998,?,"Kasparov, Gary","Wurtz, F.",2825.0,,1-0,white_win,win,B22,,63,31.5,18,8,2,0,True,True,11,8,True,0,7,0,dynamic
Kasparov.pgn,Kasparov,black,"Topalov, Veselin",Leon Man+Comp m,Leon,1998.??.??,1998,1,"Topalov, Veselin","Kasparov, Gary",2740.0,2825.0,1-0,white_win,loss,B33,,85,42.5,18,1,2,0,True,True,8,1,True,0,10,0,dynamic
Kasparov.pgn,Kasparov,white,"Topalov, Veselin",Leon Man+Comp m,Leon,1998.??.??,1998,2,"Kasparov, Gary","Topalov, Veselin",2825.0,2740.0,1-0,white_win,win,D79,,71,35.5,11,2,2,0,True,True,6,2,True,0,5,0,dynamic
Kasparov.pgn,Kasparov,black,"Topalov, Veselin",Leon Man+Comp m,Leon,1998.??.??,1998,3,"Topalov, Veselin","Kasparov, Gary",2740.0,2825.0,1/2-1/2,draw,draw,B90,,115,57.5,21,2,2,0,True,True,11,1,True,0,10,1,dynamic
Kasparov.pgn,Kasparov,white,"Topalov, Veselin",Leon Man+Comp m,Leon,1998.??.??,1998,4,"Kasparov, Gary","Topalov, Veselin",2825.0,2740.0,1-0,white_win,win,E60,,81,40.5,13,2,2,0,True,True,6,1,True,0,7,1,dynamic
Kasparov.pgn,Kasparov,black,"Topalov, Veselin",Leon Man+Comp m,Leon,1998.??.??,1998,5,"Topalov, Veselin","Kasparov, Gary",2740.0,2825.0,1-0,white_win,loss,B90,,101,50.5,20,5,2,0,True,True,9,5,True,0,11,0,dynamic
Kasparov.pgn,Kasparov,white,"Topalov, Veselin",Leon Man+Comp m,Leon,1998.??.??,1998,6,"Kasparov, Gary","Topalov, Veselin",2825.0,2740.0,1/2-1/2,draw,draw,A32,,49,24.5,8,0,2,0,True,True,3,0,True,0,5,0,dynamic
Kasparov.pgn,Kasparov,black,"Topalov, Veselin",Leon Man+Comp m,Leon,1998.??.??,1998,7,"Topalov, Veselin","Kasparov, Gary",2740.0,2825.0,0-1,black_win,win,B89,,130,65.0,27,11,2,0,True,True,14,3,True,0,13,8,dynamic
Kasparov.pgn,Kasparov,white,"Topalov, Veselin",Leon Man+Comp m,Leon,1998.??.??,1998,8,"Kasparov, Gary","Topalov, Veselin",2825.0,2740.0,0-1,black_win,loss,E68,,100,50.0,21,2,2,0,True,True,10,1,True,0,11,1,dynamic
Kasparov.pgn,Kasparov,white,"Topalov, Veselin",Leon Man+Comp m,Leon,1998.??.??,1998,9,"Kasparov, Gary","Topalov, Veselin",2825.0,2740.0,1/2-1/2,draw,draw,B18,,70,35.0,16,0,2,0,True,True,8,0,True,0,8,0,dynamic
Kasparov.pgn,Kasparov,black,"Topalov, Veselin",Leon Man+Comp m,Leon,1998.??.??,1998,10,"Topalov, Veselin","Kasparov, Gary",2740.0,2825.0,0-1,black_win,win,B33,,103,51.5,21,4,2,0,True,True,10,1,True,0,11,3,dynamic
Kasparov.pgn,Kasparov,black,"Svidler, Peter",Linares,Linares,1998.??.??,1998,1,"Svidler, Peter","Kasparov, Gary",2690.0,2825.0,1/2-1/2,draw,draw,B85,,103,51.5,20,1,2,0,True,True,10,0,True,0,10,1,dynamic
Kasparov.pgn,Kasparov,black,"Ivanchuk, Vassily",Linares,Linares,1998.??.??,1998,4,"Ivanchuk, Vassily","Kasparov, Gary",2740.0,2825.0,1/2-1/2,draw,draw,D79,,99,49.5,22,4,2,0,True,True,11,3,True,0,11,1,dynamic
Kasparov.pgn,Kasparov,black,"Kramnik, Vladimir",Linares,Linares,1998.??.??,1998,6,"Kramnik, Vladimir","Kasparov, Gary",2790.0,2825.0,1/2-1/2,draw,draw,D85,,51,25.5,11,1,2,0,True,True,5,1,True,0,6,0,dynamic
Kasparov.pgn,Kasparov,white,"Ivanchuk, Vassily",Linares,Linares,1998.??.??,1998,11,"Kasparov, Gary","Ivanchuk, Vassily",2825.0,2740.0,1/2-1/2,draw,draw,C92,,108,54.0,24,3,2,0,True,True,12,3,True,0,12,0,dynamic
Kasparov.pgn,Kasparov,black,"Topalov, Veselin",Linares,Linares,1998.??.??,1998,12,"Topalov, Veselin","Kasparov, Gary",2740.0,2825.0,1/2-1/2,draw,draw,D85,,38,19.0,12,1,2,0,True,True,6,0,True,0,6,1,dynamic
Kasparov.pgn,Kasparov,white,"Reading, M.",Peoria sim,Peoria,1998.??.??,1998,?,"Kasparov, Gary","Reading, M.",2825.0,,1-0,white_win,win,A41,,95,47.5,21,7,1,0,True,False,11,4,True,0,10,3,dynamic
Kasparov.pgn,Kasparov,black,"Topalov, Veselin",Sofia m 25',Sofia,1998.??.??,1998,1,"Topalov, Veselin","Kasparov, Gary",2740.0,2825.0,0-1,black_win,win,D58,,64,32.0,13,0,2,0,True,True,6,0,True,0,7,0,dynamic
Kasparov.pgn,Kasparov,white,"Topalov, Veselin",Sofia m 25',Sofia,1998.??.??,1998,2,"Kasparov, Gary","Topalov, Veselin",2825.0,2740.0,1-0,white_win,win,B90,,77,38.5,21,3,1,0,True,False,11,3,True,0,10,0,dynamic
Kasparov.pgn,Kasparov,white,"Topalov, Veselin",Sofia m 25',Sofia,1998.??.??,1998,4,"Kasparov, Gary","Topalov, Veselin",2825.0,2740.0,1-0,white_win,win,B43,,73,36.5,16,0,2,0,True,True,8,0,True,0,8,0,dynamic
Kasparov.pgn,Kasparov,white,"Ivanchuk, Vassily",Hoogovens,Wijk aan Zee,1999.01.16,1999,1,"Kasparov, Gary","Ivanchuk, Vassily",2812.0,2714.0,1/2-1/2,draw,draw,D36,,43,21.5,10,4,1,0,False,True,5,4,False,0,5,0,dynamic
Kasparov.pgn,Kasparov,white,"Van Wely, Loek",Hoogovens,Wijk aan Zee,1999.01.17,1999,2,"Kasparov, Gary","Van Wely, Loek",2812.0,2636.0,1-0,white_win,win,B33,,85,42.5,16,3,2,0,True,True,8,2,True,0,8,1,dynamic
Kasparov.pgn,Kasparov,black,"Kasimdzhanov, Rustam",Hoogovens 5',Wijk aan Zee,1999.01.18,1999,1,"Kasimdzhanov, Rustam","Kasparov, Gary",2595.0,2812.0,0-1,black_win,win,B53,,90,45.0,17,5,2,0,True,True,9,5,True,0,8,0,dynamic
Kasparov.pgn,Kasparov,white,"Sokolov, Ivan",Hoogovens 5',Wijk aan Zee,1999.01.18,1999,2,"Kasparov, Gary","Sokolov, Ivan",2812.0,2610.0,1-0,white_win,win,A45,,123,61.5,26,7,2,1,True,True,13,2,True,1,13,5,dynamic
Kasparov.pgn,Kasparov,black,"Piket, Jeroen",Hoogovens 5',Wijk aan Zee,1999.01.18,1999,3,"Piket, Jeroen","Kasparov, Gary",2609.0,2812.0,0-1,black_win,win,E12,,82,41.0,19,0,2,0,True,True,10,0,True,0,9,0,dynamic
Kasparov.pgn,Kasparov,white,"Anand, Viswanathan",Hoogovens 5',Wijk aan Zee,1999.01.18,1999,4,"Kasparov, Gary","Anand, Viswanathan",2812.0,2784.0,1-0,white_win,win,E20,,65,32.5,16,2,2,0,True,True,8,1,True,0,8,1,dynamic
Kasparov.pgn,Kasparov,black,"Topalov, Veselin",Hoogovens 5',Wijk aan Zee,1999.01.18,1999,5,"Topalov, Veselin","Kasparov, Gary",2700.0,2812.0,0-1,black_win,win,A30,,108,54.0,26,5,2,0,True,True,14,2,True,0,12,3,dynamic
Kasparov.pgn,Kasparov,white,"Reinderman, Dimitri",Hoogovens 5',Wijk aan Zee,1999.01.18,1999,6,"Kasparov, Gary","Reinderman, Dimitri",2812.0,2542.0,1-0,white_win,win,A45,,93,46.5,23,12,1,0,True,False,12,10,True,0,11,2,dynamic
Kasparov.pgn,Kasparov,black,"Svidler, Peter",Hoogovens 5',Wijk aan Zee,1999.01.18,1999,7,"Svidler, Peter","Kasparov, Gary",2713.0,2812.0,0-1,black_win,win,B90,,82,41.0,13,1,2,0,True,True,7,1,True,0,6,0,dynamic
Kasparov.pgn,Kasparov,white,"Kramnik, Vladimir",Hoogovens 5',Wijk aan Zee,1999.01.18,1999,8,"Kasparov, Gary","Kramnik, Vladimir",2812.0,2751.0,1/2-1/2,draw,draw,E20,,72,36.0,13,0,2,0,True,True,6,0,True,0,7,0,dynamic
Kasparov.pgn,Kasparov,black,"Ivanchuk, Vassily",Hoogovens 5',Wijk aan Zee,1999.01.18,1999,9,"Ivanchuk, Vassily","Kasparov, Gary",2714.0,2812.0,0-1,black_win,win,E12,,79,39.5,17,3,1,0,False,True,8,3,True,0,9,0,dynamic
Kasparov.pgn,Kasparov,white,"Bosboom, Manuel",Hoogovens 5',Wijk aan Zee,1999.01.18,1999,10,"Kasparov, Gary","Bosboom, Manuel",2812.0,2490.0,0-1,black_win,loss,B50,,108,54.0,15,7,2,0,True,True,7,1,True,0,8,6,dynamic
Kasparov.pgn,Kasparov,black,"Yermolinsky, Alex",Hoogovens 5',Wijk aan Zee,1999.01.18,1999,11,"Yermolinsky, Alex","Kasparov, Gary",2597.0,2812.0,1/2-1/2,draw,draw,A30,,72,36.0,20,1,2,0,True,True,10,1,True,0,10,0,dynamic
Kasparov.pgn,Kasparov,black,"Timman, Jan H",Hoogovens 5',Wijk aan Zee,1999.01.18,1999,12,"Timman, Jan H","Kasparov, Gary",2649.0,2812.0,0-1,black_win,win,D00,,125,62.5,26,8,2,0,True,True,14,6,True,0,12,2,dynamic
Kasparov.pgn,Kasparov,white,"Van Wely, Loek",Hoogovens 5',Wijk aan Zee,1999.01.18,1999,13,"Kasparov, Gary","Van Wely, Loek",2812.0,2636.0,1/2-1/2,draw,draw,B01,,90,45.0,12,2,0,0,False,False,5,2,False,0,7,0,dynamic
Kasparov.pgn,Kasparov,black,"Yermolinsky, Alex",Hoogovens,Wijk aan Zee,1999.01.19,1999,3,"Yermolinsky, Alex","Kasparov, Gary",2597.0,2812.0,0-1,black_win,win,D85,,94,47.0,23,3,2,0,True,True,12,3,True,0,11,0,dynamic
Kasparov.pgn,Kasparov,white,"Topalov, Veselin",Hoogovens,Wijk aan Zee,1999.01.20,1999,4,"Kasparov, Gary","Topalov, Veselin",2812.0,2700.0,1-0,white_win,win,B07,,87,43.5,21,9,2,0,True,True,10,9,True,0,11,0,dynamic
Kasparov.pgn,Kasparov,black,"Reinderman, Dimitri",Hoogovens,Wijk aan Zee,1999.01.21,1999,5,"Reinderman, Dimitri","Kasparov, Gary",2542.0,2812.0,0-1,black_win,win,B88,,96,48.0,24,3,2,0,True,True,12,1,True,0,12,2,dynamic
Kasparov.pgn,Kasparov,white,"Piket, Jeroen",Hoogovens,Wijk aan Zee,1999.01.23,1999,6,"Kasparov, Gary","Piket, Jeroen",2812.0,2609.0,1-0,white_win,win,C43,,81,40.5,19,2,2,0,True,True,10,2,True,0,9,0,dynamic
Kasparov.pgn,Kasparov,black,"Shirov, Alexei",Hoogovens,Wijk aan Zee,1999.01.24,1999,7,"Shirov, Alexei","Kasparov, Gary",2726.0,2812.0,0-1,black_win,win,B90,,98,49.0,19,3,1,0,True,False,9,1,False,0,10,2,dynamic
Kasparov.pgn,Kasparov,white,"Kasimdzhanov, Rustam",Hoogovens,Wijk aan Zee,1999.01.25,1999,8,"Kasparov, Gary","Kasimdzhanov, Rustam",2812.0,2595.0,1-0,white_win,win,D72,,71,35.5,15,3,2,0,True,True,7,3,True,0,8,0,dynamic
Kasparov.pgn,Kasparov,black,"Sokolov, Ivan",Hoogovens,Wijk aan Zee,1999.01.26,1999,9,"Sokolov, Ivan","Kasparov, Gary",2610.0,2812.0,1-0,white_win,loss,E59,,55,27.5,14,4,2,0,True,True,7,0,True,0,7,4,dynamic
Kasparov.pgn,Kasparov,white,"Anand, Viswanathan",Hoogovens,Wijk aan Zee,1999.01.28,1999,10,"Kasparov, Gary","Anand, Viswanathan",2812.0,2784.0,1/2-1/2,draw,draw,D27,,43,21.5,12,0,2,0,True,True,6,0,True,0,6,0,dynamic
Kasparov.pgn,Kasparov,white,"Svidler, Peter",Hoogovens,Wijk aan Zee,1999.01.30,1999,12,"Kasparov, Gary","Svidler, Peter",2812.0,2713.0,1-0,white_win,win,D97,,61,30.5,11,0,1,0,False,True,5,0,False,0,6,0,dynamic
Kasparov.pgn,Kasparov,black,"Kramnik, Vladimir",Hoogovens,Wijk aan Zee,1999.01.31,1999,13,"Kramnik, Vladimir","Kasparov, Gary",2751.0,2812.0,1/2-1/2,draw,draw,D49,,55,27.5,18,3,0,0,False,False,9,2,False,0,9,1,dynamic
Kasparov.pgn,Kasparov,white,"Svidler, Peter",Linares16th,Linares,1999.02.21,1999,1,"Kasparov, Gary","Svidler, Peter",2812.0,2713.0,1/2-1/2,draw,draw,C90,,62,31.0,12,0,2,0,True,True,6,0,True,0,6,0,dynamic
Kasparov.pgn,Kasparov,black,"Ivanchuk, Vassily",Linares16th,Linares,1999.02.22,1999,2,"Ivanchuk, Vassily","Kasparov, Gary",2714.0,2812.0,0-1,black_win,win,B90,,62,31.0,15,1,1,0,False,True,7,1,True,0,8,0,dynamic
Kasparov.pgn,Kasparov,white,"Anand, Viswanathan",Linares16th,Linares,1999.02.23,1999,3,"Kasparov, Gary","Anand, Viswanathan",2812.0,2781.0,1/2-1/2,draw,draw,D20,,57,28.5,17,2,2,0,True,True,8,2,True,0,9,0,dynamic
Kasparov.pgn,Kasparov,white,"Kramnik, Vladimir",Linares16th,Linares,1999.02.25,1999,4,"Kasparov, Gary","Kramnik, Vladimir",2812.0,2751.0,1/2-1/2,draw,draw,E34,,40,20.0,6,0,2,0,True,True,3,0,True,0,3,0,dynamic
Kasparov.pgn,Kasparov,black,"Adams, Michael",Linares16th,Linares,1999.02.26,1999,5,"Adams, Michael","Kasparov, Gary",2716.0,2812.0,0-1,black_win,win,B26,,118,59.0,22,13,2,0,True,True,11,11,True,0,11,2,dynamic
Kasparov.pgn,Kasparov,white,"Leko, Peter",Linares16th,Linares,1999.02.27,1999,6,"Kasparov, Gary","Leko, Peter",2812.0,2694.0,1/2-1/2,draw,draw,B45,,95,47.5,18,3,2,0,True,True,9,2,True,0,9,1,dynamic
Kasparov.pgn,Kasparov,black,"Topalov, Veselin",Linares16th,Linares,1999.03.01,1999,7,"Topalov, Veselin","Kasparov, Gary",2700.0,2812.0,0-1,black_win,win,B80,,122,61.0,19,9,2,2,True,True,9,7,True,1,10,2,dynamic
Kasparov.pgn,Kasparov,black,"Svidler, Peter",Linares16th,Linares,1999.03.02,1999,8,"Svidler, Peter","Kasparov, Gary",2713.0,2812.0,0-1,black_win,win,B53,,84,42.0,16,0,2,0,True,True,8,0,True,0,8,0,dynamic
Kasparov.pgn,Kasparov,white,"Ivanchuk, Vassily",Linares16th,Linares,1999.03.03,1999,9,"Kasparov, Gary","Ivanchuk, Vassily",2812.0,2714.0,1-0,white_win,win,D26,,71,35.5,14,2,2,0,True,True,7,0,True,0,7,2,dynamic
Kasparov.pgn,Kasparov,black,"Anand, Viswanathan",Linares16th,Linares,1999.03.05,1999,10,"Anand, Viswanathan","Kasparov, Gary",2781.0,2812.0,0-1,black_win,win,B80,,100,50.0,25,9,1,0,True,False,13,0,False,0,12,9,dynamic
Kasparov.pgn,Kasparov,white,"Adams, Michael",Linares16th,Linares,1999.03.07,1999,12,"Kasparov, Gary","Adams, Michael",2812.0,2716.0,1-0,white_win,win,C88,,129,64.5,27,9,2,0,True,True,14,3,True,0,13,6,dynamic
Kasparov.pgn,Kasparov,black,"Leko, Peter",Linares16th,Linares,1999.03.09,1999,13,"Leko, Peter","Kasparov, Gary",2694.0,2812.0,1/2-1/2,draw,draw,B90,,56,28.0,10,0,2,0,True,True,5,0,True,0,5,0,dynamic
Kasparov.pgn,Kasparov,white,"Topalov, Veselin",Linares16th,Linares,1999.03.10,1999,14,"Kasparov, Gary","Topalov, Veselin",2812.0,2700.0,1/2-1/2,draw,draw,E68,,136,68.0,24,13,2,0,True,True,11,12,True,0,13,1,dynamic
Kasparov.pgn,Kasparov,black,"Bareev, Evgeny",Sarajevo,Sarajevo,1999.05.17,1999,1,"Bareev, Evgeny","Kasparov, Gary",2679.0,2812.0,1/2-1/2,draw,draw,D80,,42,21.0,6,0,2,0,True,True,3,0,True,0,3,0,dynamic
Kasparov.pgn,Kasparov,black,"Shirov, Alexei",Sarajevo,Sarajevo,1999.05.18,1999,2,"Shirov, Alexei","Kasparov, Gary",2726.0,2812.0,1/2-1/2,draw,draw,B90,,77,38.5,22,7,1,0,True,False,11,0,False,0,11,7,dynamic
Kasparov.pgn,Kasparov,white,"Short, Nigel D",Sarajevo,Sarajevo,1999.05.19,1999,3,"Kasparov, Gary","Short, Nigel D",2812.0,2697.0,1-0,white_win,win,E20,,79,39.5,21,6,2,0,True,True,11,6,True,0,10,0,dynamic
Kasparov.pgn,Kasparov,black,"Topalov, Veselin",Sarajevo,Sarajevo,1999.05.20,1999,4,"Topalov, Veselin","Kasparov, Gary",2700.0,2812.0,1/2-1/2,draw,draw,D97,,42,21.0,13,1,2,0,True,True,6,0,True,0,7,1,dynamic
Kasparov.pgn,Kasparov,white,"Sokolov, Ivan",Sarajevo,Sarajevo,1999.05.21,1999,5,"Kasparov, Gary","Sokolov, Ivan",2812.0,2624.0,1-0,white_win,win,D10,,97,48.5,20,6,1,0,True,False,10,3,True,0,10,3,dynamic
Kasparov.pgn,Kasparov,black,"Leko, Peter",Sarajevo,Sarajevo,1999.05.23,1999,6,"Leko, Peter","Kasparov, Gary",2694.0,2812.0,1/2-1/2,draw,draw,B93,,51,25.5,20,3,2,0,True,True,10,3,True,0,10,0,dynamic
Kasparov.pgn,Kasparov,white,"Morozevich, Alexander",Sarajevo,Sarajevo,1999.05.24,1999,7,"Kasparov, Gary","Morozevich, Alexander",2812.0,2723.0,1-0,white_win,win,D10,,109,54.5,24,6,2,0,True,True,12,4,True,0,12,2,dynamic
Kasparov.pgn,Kasparov,black,"Timman, Jan H",Sarajevo,Sarajevo,1999.05.25,1999,8,"Timman, Jan H","Kasparov, Gary",2670.0,2812.0,0-1,black_win,win,D97,,120,60.0,22,19,2,0,True,True,12,17,True,0,10,2,dynamic
Kasparov.pgn,Kasparov,white,"Adams, Michael",Sarajevo,Sarajevo,1999.05.26,1999,9,"Kasparov, Gary","Adams, Michael",2812.0,2716.0,1-0,white_win,win,C45,,61,30.5,14,2,2,0,True,True,7,1,True,0,7,1,dynamic
Kasparov.pgn,Kasparov,white,The World,Kasparov vs The World,Internet MSN,1999.06.21,1999,1,"Kasparov, Gary",The World,2812.0,,1-0,white_win,win,B52,,123,61.5,26,13,1,3,True,False,13,11,True,1,13,2,dynamic
Kasparov.pgn,Kasparov,black,"Karpov, Anatoly",Siemens Giants,Frankfurt,1999.06.29,1999,1,"Karpov, Anatoly","Kasparov, Gary",2710.0,2812.0,1/2-1/2,draw,draw,D77,,76,38.0,18,1,2,0,True,True,9,1,True,0,9,0,dynamic
Kasparov.pgn,Kasparov,white,"Kramnik, Vladimir",Siemens Giants,Frankfurt,1999.06.29,1999,2,"Kasparov, Gary","Kramnik, Vladimir",2812.0,2751.0,1/2-1/2,draw,draw,B66,,48,24.0,14,6,1,0,True,False,7,0,True,0,7,6,dynamic
Kasparov.pgn,Kasparov,black,"Anand, Viswanathan",Siemens Giants,Frankfurt,1999.06.29,1999,3,"Anand, Viswanathan","Kasparov, Gary",2781.0,2812.0,0-1,black_win,win,D97,,52,26.0,17,0,2,0,True,True,8,0,True,0,9,0,dynamic
Kasparov.pgn,Kasparov,white,"Karpov, Anatoly",Siemens Giants,Frankfurt,1999.06.30,1999,4,"Kasparov, Gary","Karpov, Anatoly",2812.0,2710.0,1/2-1/2,draw,draw,E32,,98,49.0,25,2,1,0,False,True,13,1,False,0,12,1,dynamic
Kasparov.pgn,Kasparov,black,"Kramnik, Vladimir",Siemens Giants,Frankfurt,1999.06.30,1999,5,"Kramnik, Vladimir","Kasparov, Gary",2751.0,2812.0,1/2-1/2,draw,draw,D85,,71,35.5,14,1,2,0,True,True,8,1,True,0,6,0,dynamic
Kasparov.pgn,Kasparov,white,"Anand, Viswanathan",Siemens Giants,Frankfurt,1999.06.30,1999,6,"Kasparov, Gary","Anand, Viswanathan",2812.0,2781.0,1/2-1/2,draw,draw,C45,,55,27.5,16,8,1,0,False,True,7,1,False,0,9,7,dynamic
Kasparov.pgn,Kasparov,black,"Karpov, Anatoly",Siemens Giants,Frankfurt,1999.07.01,1999,7,"Karpov, Anatoly","Kasparov, Gary",2710.0,2812.0,1/2-1/2,draw,draw,D12,,95,47.5,20,2,2,0,True,True,10,2,True,0,10,0,dynamic
Kasparov.pgn,Kasparov,white,"Kramnik, Vladimir",Siemens Giants,Frankfurt,1999.07.01,1999,8,"Kasparov, Gary","Kramnik, Vladimir",2810.0,2750.0,1-0,white_win,win,B66,,71,35.5,14,1,1,0,True,False,7,1,True,0,7,0,dynamic
Kasparov.pgn,Kasparov,black,"Anand, Viswanathan",Siemens Giants,Frankfurt,1999.07.01,1999,9,"Anand, Viswanathan","Kasparov, Gary",2781.0,2812.0,1/2-1/2,draw,draw,D97,,31,15.5,4,0,2,0,True,True,2,0,True,0,2,0,dynamic
Kasparov.pgn,Kasparov,white,"Karpov, Anatoly",Siemens Giants,Frankfurt,1999.07.02,1999,10,"Kasparov, Gary","Karpov, Anatoly",2812.0,2710.0,1-0,white_win,win,E32,,85,42.5,20,1,2,0,True,True,10,0,True,0,10,1,dynamic
Kasparov.pgn,Kasparov,black,"Kramnik, Vladimir",Siemens Giants,Frankfurt,1999.07.02,1999,11,"Kramnik, Vladimir","Kasparov, Gary",2751.0,2812.0,1/2-1/2,draw,draw,D36,,49,24.5,11,0,2,0,True,True,5,0,True,0,6,0,dynamic
Kasparov.pgn,Kasparov,white,"Anand, Viswanathan",Siemens Giants,Frankfurt,1999.07.02,1999,12,"Kasparov, Gary","Anand, Viswanathan",2812.0,2781.0,1/2-1/2,draw,draw,E34,,43,21.5,8,0,1,0,False,True,4,0,False,0,4,0,dynamic
Kasparov.pgn,Kasparov,black,"Harrelson, Woody",Prague consult,Prague,1999.07.12,1999,?,"Harrelson, Woody","Kasparov, Gary",,2812.0,1/2-1/2,draw,draw,C20,,60,30.0,14,5,2,0,True,True,7,3,True,0,7,2,dynamic
Kasparov.pgn,Kasparov,white,"Timman, Jan H",Wereldhaven m,Rotterdam,1999.09.05,1999,1,"Kasparov, Gary","Timman, Jan H",2851.0,2650.0,0-1,black_win,loss,C54,,117,58.5,17,2,2,0,True,True,8,0,True,0,9,2,dynamic
Kasparov.pgn,Kasparov,white,"Sermier, Alain",Besancon sim,Besancon,1999.??.??,1999,?,"Kasparov, Gary","Sermier, Alain",2812.0,2175.0,1-0,white_win,win,A90,,89,44.5,11,0,2,0,True,True,5,0,True,0,6,0,dynamic
Kasparov.pgn,Kasparov,white,"Bastin, Eugene",Besancon sim,Besancon,1999.??.??,1999,?,"Kasparov, Gary","Bastin, Eugene",2812.0,,1-0,white_win,win,A80,,61,30.5,13,0,1,0,True,False,7,0,True,0,6,0,dynamic
Kasparov.pgn,Kasparov,white,"Scamps, Roland",Besancon sim,Besancon,1999.??.??,1999,?,"Kasparov, Gary","Scamps, Roland",2812.0,,1-0,white_win,win,D06,,47,23.5,9,5,1,0,True,False,5,5,True,0,4,0,dynamic
Kasparov.pgn,Kasparov,white,"Michaud, Luois",Besancon sim,Besancon,1999.??.??,1999,?,"Kasparov, Gary","Michaud, Luois",2812.0,,1-0,white_win,win,D06,,43,21.5,10,4,2,0,True,True,5,4,True,0,5,0,dynamic
Kasparov.pgn,Kasparov,white,"Harnois, Clementine",Besancon sim,Besancon,1999.??.??,1999,?,"Kasparov, Gary","Harnois, Clementine",2812.0,,1-0,white_win,win,C63,,27,13.5,7,6,0,0,False,False,4,6,False,0,3,0,dynamic
Kasparov.pgn,Kasparov,white,"Guillot, Blandine",Besancon sim,Besancon,1999.??.??,1999,?,"Kasparov, Gary","Guillot, Blandine",2812.0,,1-0,white_win,win,C54,,45,22.5,6,4,2,0,True,True,4,4,True,0,2,0,dynamic
Kasparov.pgn,Kasparov,white,"Cid, Nadia",Besancon sim,Besancon,1999.??.??,1999,?,"Kasparov, Gary","Cid, Nadia",2812.0,,1-0,white_win,win,C28,,52,26.0,11,5,1,0,True,False,6,3,True,0,5,2,dynamic
Kasparov.pgn,Kasparov,black,"Korchnoi,V",Corus,Wijk aan Zee NED,2000.01.15,2000,1,"Korchnoi,V","Kasparov,G",2659.0,2851.0,0-1,black_win,win,D85,,108,54.0,19,13,1,0,False,True,9,9,True,0,10,4,dynamic
Kasparov.pgn,Kasparov,black,"Piket,Je",Corus,Wijk aan Zee NED,2000.01.16,2000,2,"Piket,Je","Kasparov,G",2633.0,2851.0,1/2-1/2,draw,draw,D97,,82,41.0,20,2,1,0,False,True,11,2,True,0,9,0,dynamic
Kasparov.pgn,Kasparov,white,"Van Wely,L",Corus,Wijk aan Zee NED,2000.01.18,2000,3,"Kasparov,G","Van Wely,L",2851.0,2646.0,1-0,white_win,win,B80,,49,24.5,13,2,1,0,True,False,7,2,True,0,6,0,dynamic
Kasparov.pgn,Kasparov,black,"Adams,Mi",Corus,Wijk aan Zee NED,2000.01.19,2000,4,"Adams,Mi","Kasparov,G",2715.0,2851.0,1/2-1/2,draw,draw,B50,,121,60.5,25,5,2,0,True,True,12,4,True,0,13,1,dynamic
Kasparov.pgn,Kasparov,white,"Morozevich,A",Corus,Wijk aan Zee NED,2000.01.20,2000,5,"Kasparov,G","Morozevich,A",2851.0,2748.0,1-0,white_win,win,D17,,90,45.0,22,2,1,0,False,True,11,1,False,0,11,1,dynamic
Kasparov.pgn,Kasparov,black,"Short,N",Corus,Wijk aan Zee NED,2000.01.22,2000,6,"Short,N","Kasparov,G",2683.0,2851.0,1/2-1/2,draw,draw,B26,,67,33.5,16,4,2,0,True,True,9,1,True,0,7,3,dynamic
Kasparov.pgn,Kasparov,white,"Anand,V",Corus,Wijk aan Zee NED,2000.01.23,2000,7,"Kasparov,G","Anand,V",2851.0,2769.0,1/2-1/2,draw,draw,E20,,112,56.0,24,6,2,0,True,True,12,4,True,0,12,2,dynamic
Kasparov.pgn,Kasparov,black,"Lputian,S",Corus,Wijk aan Zee NED,2000.01.24,2000,8,"Lputian,S","Kasparov,G",2605.0,2851.0,1/2-1/2,draw,draw,D85,,60,30.0,16,2,2,0,True,True,8,1,True,0,8,1,dynamic
Kasparov.pgn,Kasparov,white,"Timman,J",Corus,Wijk aan Zee NED,2000.01.25,2000,9,"Kasparov,G","Timman,J",2851.0,2655.0,1-0,white_win,win,C45,,71,35.5,20,5,1,0,True,False,11,3,True,0,9,2,dynamic
Kasparov.pgn,Kasparov,black,"Nikolic,Pr",Corus,Wijk aan Zee NED,2000.01.27,2000,10,"Nikolic,Pr","Kasparov,G",2659.0,2851.0,0-1,black_win,win,D71,,130,65.0,25,6,2,0,True,True,13,3,True,0,12,3,dynamic
Kasparov.pgn,Kasparov,white,"Leko,P",Corus,Wijk aan Zee NED,2000.01.28,2000,11,"Kasparov,G","Leko,P",2851.0,2725.0,1/2-1/2,draw,draw,B33,,68,34.0,23,0,1,0,False,True,11,0,False,0,12,0,dynamic
Kasparov.pgn,Kasparov,black,"Kramnik,V",Corus,Wijk aan Zee NED,2000.01.29,2000,12,"Kramnik,V","Kasparov,G",2758.0,2851.0,1/2-1/2,draw,draw,D85,,74,37.0,24,2,2,0,True,True,12,2,True,0,12,0,dynamic
Kasparov.pgn,Kasparov,white,"Polgar,Ju",Corus,Wijk aan Zee NED,2000.01.30,2000,13,"Kasparov,G","Polgar,Ju",2851.0,2658.0,1-0,white_win,win,B90,,87,43.5,17,3,2,0,True,True,9,3,True,0,8,0,dynamic
Kasparov.pgn,Kasparov,white,"Barua,D",KasparovChess GP g/60,Internet,2000.02.12,2000,1.1,"Kasparov,G","Barua,D",2851.0,2555.0,1-0,white_win,win,D36,,147,73.5,21,7,2,0,True,True,9,6,True,0,12,1,dynamic
Kasparov.pgn,Kasparov,black,"Barua,D",KasparovChess GP g/60,Internet,2000.02.12,2000,1.2,"Barua,D","Kasparov,G",2555.0,2851.0,0-1,black_win,win,B43,,114,57.0,22,1,2,0,True,True,12,1,True,0,10,0,dynamic
Kasparov.pgn,Kasparov,white,"Van Wely,L",KasparovChess GP g/60,Internet,2000.02.13,2000,2.1,"Kasparov,G","Van Wely,L",2851.0,2646.0,1/2-1/2,draw,draw,B90,,86,43.0,14,6,1,1,True,False,7,1,True,1,7,5,dynamic
Kasparov.pgn,Kasparov,black,"Van Wely,L",KasparovChess GP g/60,Internet,2000.02.13,2000,2.2,"Van Wely,L","Kasparov,G",2646.0,2851.0,0-1,black_win,win,D45,,112,56.0,25,7,2,0,True,True,13,6,True,0,12,1,dynamic
Kasparov.pgn,Kasparov,black,"Adams,Mi",KasparovChess GP g/60,Internet,2000.02.17,2000,3.2,"Adams,Mi","Kasparov,G",2715.0,2851.0,1/2-1/2,draw,draw,B90,,127,63.5,24,5,1,0,True,False,12,1,False,0,12,4,dynamic
Kasparov.pgn,Kasparov,white,"Adams,Mi",KasparovChess GP g/60,Internet,2000.02.17,2000,3.1,"Kasparov,G","Adams,Mi",2851.0,2715.0,1-0,white_win,win,C45,,153,76.5,26,15,2,1,True,True,12,13,True,1,14,2,dynamic
Kasparov.pgn,Kasparov,white,"Piket,Je",KasparovChess GP g/60 aborted,Internet,2000.02.19,2000,4.1,"Kasparov,G","Piket,Je",2851.0,2633.0,*,unknown,unknown,C95,,35,17.5,0,0,2,0,True,True,0,0,True,0,0,0,dynamic
Kasparov.pgn,Kasparov,white,"Piket,Je",KasparovChess GP g/60,Internet,2000.02.20,2000,4.1,"Kasparov,G","Piket,Je",2851.0,2633.0,1/2-1/2,draw,draw,C97,,97,48.5,14,5,2,0,True,True,8,0,True,0,6,5,dynamic
Kasparov.pgn,Kasparov,black,"Piket,Je",KasparovChess GP g/60,Internet,2000.02.20,2000,4.2,"Piket,Je","Kasparov,G",2633.0,2851.0,1-0,white_win,loss,A05,,99,49.5,23,2,2,0,True,True,11,1,True,0,12,1,dynamic
Kasparov.pgn,Kasparov,white,"Shirov,A",SuperGM,Linares ESP,2000.02.28,2000,1,"Kasparov,G","Shirov,A",2851.0,2751.0,1-0,white_win,win,C42,,103,51.5,22,6,2,0,True,True,11,1,True,0,11,5,dynamic
Kasparov.pgn,Kasparov,black,"Khalifman,A",SuperGM,Linares ESP,2000.02.29,2000,2,"Khalifman,A","Kasparov,G",2656.0,2851.0,1/2-1/2,draw,draw,D97,,57,28.5,12,0,2,0,True,True,6,0,True,0,6,0,dynamic
Kasparov.pgn,Kasparov,white,"Kramnik,V",SuperGM,Linares ESP,2000.03.01,2000,3,"Kasparov,G","Kramnik,V",2851.0,2758.0,1/2-1/2,draw,draw,C42,,42,21.0,8,1,2,0,True,True,4,1,True,0,4,0,dynamic
Kasparov.pgn,Kasparov,black,"Anand,V",SuperGM,Linares ESP,2000.03.03,2000,4,"Anand,V","Kasparov,G",2769.0,2851.0,0-1,black_win,win,B92,,64,32.0,15,0,2,0,True,True,8,0,True,0,7,0,dynamic
Kasparov.pgn,Kasparov,white,"Leko,P",SuperGM,Linares ESP,2000.03.04,2000,5,"Kasparov,G","Leko,P",2851.0,2725.0,1/2-1/2,draw,draw,D97,,76,38.0,20,0,2,0,True,True,10,0,True,0,10,0,dynamic
Kasparov.pgn,Kasparov,black,"Shirov,A",SuperGM,Linares ESP,2000.03.05,2000,6,"Shirov,A","Kasparov,G",2751.0,2851.0,1/2-1/2,draw,draw,B90,,72,36.0,13,0,2,0,True,True,7,0,True,0,6,0,dynamic
Kasparov.pgn,Kasparov,white,"Khalifman,A",SuperGM,Linares ESP,2000.03.07,2000,7,"Kasparov,G","Khalifman,A",2851.0,2656.0,1/2-1/2,draw,draw,C17,,110,55.0,12,1,1,0,True,False,6,0,True,0,6,1,dynamic
Kasparov.pgn,Kasparov,black,"Kramnik,V",SuperGM,Linares ESP,2000.03.08,2000,8,"Kramnik,V","Kasparov,G",2758.0,2851.0,1/2-1/2,draw,draw,A30,,82,41.0,20,9,2,0,True,True,10,4,True,0,10,5,dynamic
Kasparov.pgn,Kasparov,black,"Leko,P",SuperGM,Linares ESP,2000.03.09,2000,9,"Leko,P","Kasparov,G",2725.0,2851.0,1/2-1/2,draw,draw,B90,,74,37.0,12,2,2,0,True,True,6,2,True,0,6,0,dynamic
Kasparov.pgn,Kasparov,white,"Anand,V",SuperGM,Linares ESP,2000.03.10,2000,10,"Kasparov,G","Anand,V",2851.0,2769.0,1/2-1/2,draw,draw,C42,,59,29.5,12,0,2,0,True,True,6,0,True,0,6,0,dynamic
Kasparov.pgn,Kasparov,white,"Korchnoi,V",Chess@iceland rapidplay Group A,Kopavogur ISL,2000.04.01,2000,1,"Kasparov,G","Korchnoi,V",2851.0,2659.0,1/2-1/2,draw,draw,C12,,38,19.0,11,2,1,0,True,False,5,0,True,0,6,2,dynamic
Kasparov.pgn,Kasparov,white,"Olafsson,H",Chess@iceland rapidplay Group A,Kopavogur ISL,2000.04.01,2000,3,"Kasparov,G","Olafsson,H",2851.0,2491.0,1-0,white_win,win,C42,,127,63.5,26,8,2,1,True,True,13,6,True,1,13,2,dynamic
Kasparov.pgn,Kasparov,black,"Timman,J",Chess@iceland rapidplay Group A,Kopavogur ISL,2000.04.01,2000,4,"Timman,J","Kasparov,G",2655.0,2851.0,0-1,black_win,win,D85,,106,53.0,24,12,2,0,True,True,12,10,True,0,12,2,dynamic
Kasparov.pgn,Kasparov,white,"Petursson,M",Chess@iceland rapidplay Group A,Kopavogur ISL,2000.04.01,2000,5,"Kasparov,G","Petursson,M",2851.0,2544.0,1-0,white_win,win,B51,,45,22.5,10,3,1,0,True,False,5,3,True,0,5,0,dynamic
Kasparov.pgn,Kasparov,black,"Wojtkiewicz,A",Chess@iceland rapidplay Semifinal,Kopavogur ISL,2000.04.02,2000,1,"Wojtkiewicz,A","Kasparov,G",2563.0,2851.0,1/2-1/2,draw,draw,D46,,63,31.5,18,0,2,0,True,True,9,0,True,0,9,0,dynamic
Kasparov.pgn,Kasparov,black,"Anand,V",Chess@iceland rapidplay Final,Kopavogur ISL,2000.04.02,2000,1,"Anand,V","Kasparov,G",2769.0,2851.0,1/2-1/2,draw,draw,B80,,81,40.5,21,3,2,0,True,True,10,1,True,0,11,2,dynamic
Kasparov.pgn,Kasparov,white,"Wojtkiewicz,A",Chess@iceland rapidplay Semifinal,Kopavogur ISL,2000.04.02,2000,2,"Kasparov,G","Wojtkiewicz,A",2851.0,2563.0,1-0,white_win,win,B80,,51,25.5,13,3,1,0,True,False,7,3,True,0,6,0,dynamic
Kasparov.pgn,Kasparov,white,"Anand,V",Chess@iceland rapidplay Final,Kopavogur ISL,2000.04.02,2000,2,"Kasparov,G","Anand,V",2851.0,2769.0,1/2-1/2,draw,draw,C11,,55,27.5,14,2,2,0,True,True,7,1,True,0,7,1,dynamic
Kasparov.pgn,Kasparov,white,"Anand,V",Chess@iceland Blitz Final,Kopavogur ISL,2000.04.02,2000,3,"Kasparov,G","Anand,V",2851.0,2769.0,1-0,white_win,win,C10,,73,36.5,15,4,2,0,True,True,7,2,True,0,8,2,dynamic
Kasparov.pgn,Kasparov,black,"Anand,V",Chess@iceland Blitz Final,Kopavogur ISL,2000.04.02,2000,4,"Anand,V","Kasparov,G",2769.0,2851.0,0-1,black_win,win,B90,,58,29.0,12,4,1,0,True,False,7,1,False,0,5,3,dynamic
Kasparov.pgn,Kasparov,black,"Avrukh,B",Israeli League,Ramat Aviv ISR,2000.05.05,2000,10,"Avrukh,B","Kasparov,G",2620.0,2851.0,1/2-1/2,draw,draw,D85,,75,37.5,19,4,2,0,True,True,10,0,True,0,9,4,dynamic
Kasparov.pgn,Kasparov,black,"Polgar,Ju",HUNGExpo Blitz,Internet KC,2000.05.13,2000,1,"Polgar,Ju","Kasparov,G",2658.0,2851.0,1/2-1/2,draw,draw,C95,,97,48.5,25,1,2,0,True,True,13,1,True,0,12,0,dynamic
Kasparov.pgn,Kasparov,white,"Polgar,Ju",HUNGExpo Blitz,Internet KC,2000.05.13,2000,2,"Kasparov,G","Polgar,Ju",2851.0,2658.0,1-0,white_win,win,D02,,53,26.5,13,1,2,1,True,True,7,1,True,1,6,0,dynamic
Kasparov.pgn,Kasparov,white,"Bacrot,E",Bosna SuperGM,Sarajevo BIH,2000.05.17,2000,1,"Kasparov,G","Bacrot,E",2851.0,2594.0,1-0,white_win,win,C45,,77,38.5,11,3,1,0,False,True,6,0,False,0,5,3,dynamic
Kasparov.pgn,Kasparov,black,"Adams,Mi",Bosna SuperGM,Sarajevo BIH,2000.05.18,2000,2,"Adams,Mi","Kasparov,G",2715.0,2851.0,1/2-1/2,draw,draw,B84,,94,47.0,21,7,2,0,True,True,10,1,True,0,11,6,dynamic
Kasparov.pgn,Kasparov,white,"Gurevich,M",Bosna SuperGM,Sarajevo BIH,2000.05.19,2000,3,"Kasparov,G","Gurevich,M",2851.0,2694.0,1-0,white_win,win,C11,,105,52.5,25,10,2,0,True,True,13,6,True,0,12,4,dynamic
Kasparov.pgn,Kasparov,black,"Topalov,V",Bosna SuperGM,Sarajevo BIH,2000.05.20,2000,4,"Topalov,V","Kasparov,G",2702.0,2851.0,1/2-1/2,draw,draw,E07,,37,18.5,6,2,2,0,True,True,4,0,True,0,2,2,dynamic
Kasparov.pgn,Kasparov,white,"Sokolov,I",Bosna SuperGM,Sarajevo BIH,2000.05.21,2000,5,"Kasparov,G","Sokolov,I",2851.0,2637.0,1-0,white_win,win,C42,,51,25.5,9,1,2,0,True,True,5,1,True,0,4,0,dynamic
Kasparov.pgn,Kasparov,black,"Short,N",Bosna SuperGM,Sarajevo BIH,2000.05.23,2000,6,"Short,N","Kasparov,G",2683.0,2851.0,1/2-1/2,draw,draw,B95,,109,54.5,22,10,0,0,False,False,11,8,False,0,11,2,dynamic
Kasparov.pgn,Kasparov,white,"Morozevich,A",Bosna SuperGM,Sarajevo BIH,2000.05.24,2000,7,"Kasparov,G","Morozevich,A",2851.0,2748.0,1/2-1/2,draw,draw,D39,,52,26.0,17,3,2,0,True,True,8,3,True,0,9,0,dynamic
Kasparov.pgn,Kasparov,black,"Shirov,A",Bosna SuperGM,Sarajevo BIH,2000.05.25,2000,8,"Shirov,A","Kasparov,G",2751.0,2851.0,1/2-1/2,draw,draw,B90,,53,26.5,15,0,1,0,True,False,7,0,False,0,8,0,dynamic
Kasparov.pgn,Kasparov,white,"Bareev,E",Bosna SuperGM,Sarajevo BIH,2000.05.26,2000,9,"Kasparov,G","Bareev,E",2851.0,2709.0,1-0,white_win,win,C11,,81,40.5,17,4,2,0,True,True,9,4,True,0,8,0,dynamic
Kasparov.pgn,Kasparov,white,"Georgiev,Ki",Bosna SuperGM,Sarajevo BIH,2000.05.27,2000,10,"Kasparov,G","Georgiev,Ki",2851.0,2677.0,1-0,white_win,win,B90,,67,33.5,16,1,2,0,True,True,7,0,True,0,9,1,dynamic
Kasparov.pgn,Kasparov,black,"Movsesian,S",Bosna SuperGM,Sarajevo BIH,2000.05.29,2000,11,"Movsesian,S","Kasparov,G",2668.0,2851.0,0-1,black_win,win,B80,,64,32.0,18,2,2,0,True,True,10,0,True,0,8,2,dynamic
Kasparov.pgn,Kasparov,white,"Thiele,M",Simul,Frankfurt GER,2000.06.19,2000,?,"Kasparov,G","Thiele,M",2851.0,,1-0,white_win,win,B01,,71,35.5,19,9,1,0,False,True,10,5,False,0,9,4,dynamic
Kasparov.pgn,Kasparov,white,"Gypser,A",Simul,Frankfurt GER,2000.06.19,2000,?,"Kasparov,G","Gypser,A",2851.0,2175.0,1/2-1/2,draw,draw,A14,,72,36.0,16,2,2,0,True,True,8,0,True,0,8,2,dynamic
Kasparov.pgn,Kasparov,white,"Ringel,A",Simul,Frankfurt GER,2000.06.19,2000,?,"Kasparov,G","Ringel,A",2851.0,,1-0,white_win,win,B50,,73,36.5,15,1,2,0,True,True,8,1,True,0,7,0,dynamic
Kasparov.pgn,Kasparov,white,"Schmitt,HW",Simul,Frankfurt GER,2000.06.19,2000,?,"Kasparov,G","Schmitt,HW",2851.0,,1/2-1/2,draw,draw,D30,,57,28.5,14,0,2,0,True,True,7,0,True,0,7,0,dynamic
Kasparov.pgn,Kasparov,white,"Niebling,F",Simul,Frankfurt GER,2000.06.19,2000,?,"Kasparov,G","Niebling,F",2851.0,2191.0,1-0,white_win,win,B31,,79,39.5,11,1,2,0,True,True,6,1,True,0,5,0,dynamic
Kasparov.pgn,Kasparov,white,"Wendt,R",Simul,Frankfurt GER,2000.06.19,2000,?,"Kasparov,G","Wendt,R",2851.0,2332.0,1/2-1/2,draw,draw,A36,,90,45.0,20,3,2,0,True,True,10,1,True,0,10,2,dynamic
Kasparov.pgn,Kasparov,white,"Baramidze,D",Simul,Frankfurt GER,2000.06.19,2000,?,"Kasparov,G","Baramidze,D",2851.0,2154.0,1/2-1/2,draw,draw,D00,,29,14.5,6,0,2,0,True,True,3,0,True,0,3,0,dynamic
Kasparov.pgn,Kasparov,white,"Beutel,J",Simul,Frankfurt GER,2000.06.19,2000,?,"Kasparov,G","Beutel,J",2851.0,,1/2-1/2,draw,draw,C54,,46,23.0,5,1,2,0,True,True,2,1,True,0,3,0,dynamic
Kasparov.pgn,Kasparov,white,"Rahn,V",Simul,Frankfurt GER,2000.06.19,2000,?,"Kasparov,G","Rahn,V",2851.0,,1-0,white_win,win,B50,,89,44.5,19,1,2,0,True,True,9,0,True,0,10,1,dynamic
Kasparov.pgn,Kasparov,white,"Miklos,R",Simul,Frankfurt GER,2000.06.19,2000,?,"Kasparov,G","Miklos,R",2851.0,,1-0,white_win,win,B01,,95,47.5,21,10,2,0,True,True,12,5,True,0,9,5,dynamic
Kasparov.pgn,Kasparov,white,"Busche,M",Simul,Frankfurt GER,2000.06.19,2000,?,"Kasparov,G","Busche,M",2851.0,,1-0,white_win,win,B50,,43,21.5,11,2,1,0,True,False,5,2,True,0,6,0,dynamic
Kasparov.pgn,Kasparov,white,"Anand,V",Fujitsu-Siemens Giants,Frankfurt GER,2000.06.22,2000,1,"Kasparov,G","Anand,V",2851.0,2769.0,1/2-1/2,draw,draw,B49,,66,33.0,20,1,2,0,True,True,10,0,True,0,10,1,dynamic
Kasparov.pgn,Kasparov,black,"Leko,P",Fujitsu-Siemens Giants,Frankfurt GER,2000.06.22,2000,2,"Leko,P","Kasparov,G",2725.0,2851.0,0-1,black_win,win,B52,,96,48.0,23,7,2,0,True,True,12,2,True,0,11,5,dynamic
Kasparov.pgn,Kasparov,white,"Shirov,A",Fujitsu-Siemens Giants,Frankfurt GER,2000.06.23,2000,3,"Kasparov,G","Shirov,A",2851.0,2751.0,1-0,white_win,win,C11,,69,34.5,17,11,2,0,True,True,10,10,True,0,7,1,dynamic
Kasparov.pgn,Kasparov,black,"Kramnik,V",Fujitsu-Siemens Giants,Frankfurt GER,2000.06.23,2000,4,"Kramnik,V","Kasparov,G",2758.0,2851.0,1/2-1/2,draw,draw,A30,,63,31.5,22,4,1,0,False,True,11,1,True,0,11,3,dynamic
Kasparov.pgn,Kasparov,white,"Morozevich,A",Fujitsu-Siemens Giants,Frankfurt GER,2000.06.23,2000,5,"Kasparov,G","Morozevich,A",2851.0,2748.0,1/2-1/2,draw,draw,A40,,75,37.5,18,0,2,0,True,True,9,0,True,0,9,0,dynamic
Kasparov.pgn,Kasparov,black,"Anand,V",Fujitsu-Siemens Giants,Frankfurt GER,2000.06.24,2000,6,"Anand,V","Kasparov,G",2769.0,2851.0,1/2-1/2,draw,draw,B85,,60,30.0,17,2,2,0,True,True,8,2,True,0,9,0,dynamic
Kasparov.pgn,Kasparov,white,"Leko,P",Fujitsu-Siemens Giants,Frankfurt GER,2000.06.24,2000,7,"Kasparov,G","Leko,P",2851.0,2725.0,0-1,black_win,loss,D97,,94,47.0,22,9,1,0,False,True,11,2,False,0,11,7,dynamic
Kasparov.pgn,Kasparov,black,"Shirov,A",Fujitsu-Siemens Giants,Frankfurt GER,2000.06.25,2000,8,"Shirov,A","Kasparov,G",2751.0,2851.0,1/2-1/2,draw,draw,B90,,38,19.0,6,0,0,0,False,False,3,0,False,0,3,0,dynamic
Kasparov.pgn,Kasparov,white,"Kramnik,V",Fujitsu-Siemens Giants,Frankfurt GER,2000.06.25,2000,9,"Kasparov,G","Kramnik,V",2851.0,2758.0,1/2-1/2,draw,draw,B33,,70,35.0,12,4,2,0,True,True,6,0,True,0,6,4,dynamic
Kasparov.pgn,Kasparov,black,"Morozevich,A",Fujitsu-Siemens Giants,Frankfurt GER,2000.06.25,2000,10,"Morozevich,A","Kasparov,G",2748.0,2851.0,0-1,black_win,win,A00,,88,44.0,21,8,2,0,True,True,13,7,True,0,8,1,dynamic
Kasparov.pgn,Kasparov,white,Colindo,Kasparov simul ACE,Deurne BEL,2000.08.21,2000,?,"Kasparov,G",Colindo,2849.0,,1-0,white_win,win,C05,,45,22.5,8,1,1,0,False,True,5,1,False,0,3,0,dynamic
Kasparov.pgn,Kasparov,white,Rom Koffie,Kasparov simul ACE,Deurne BEL,2000.08.21,2000,?,"Kasparov,G",Rom Koffie,2849.0,,1-0,white_win,win,E09,,67,33.5,15,0,2,0,True,True,8,0,True,0,7,0,dynamic
Kasparov.pgn,Kasparov,white,Deurne,Kasparov simul ACE,Deurne BEL,2000.08.21,2000,?,"Kasparov,G",Deurne,2849.0,,1-0,white_win,win,B28,,55,27.5,14,0,2,0,True,True,7,0,True,0,7,0,dynamic
Kasparov.pgn,Kasparov,white,ATV,Kasparov simul ACE,Deurne BEL,2000.08.21,2000,?,"Kasparov,G",ATV,2849.0,,1-0,white_win,win,D35,,59,29.5,11,1,2,0,True,True,6,0,True,0,5,1,dynamic
Kasparov.pgn,Kasparov,white,ACE,Kasparov simul ACE,Deurne BEL,2000.08.21,2000,?,"Kasparov,G",ACE,2849.0,,1-0,white_win,win,D93,,77,38.5,17,5,2,0,True,True,9,4,True,0,8,1,dynamic
Kasparov.pgn,Kasparov,white,Advocatenkantoor Cies Gysen,Kasparov simul ACE,Deurne BEL,2000.08.21,2000,?,"Kasparov,G",Advocatenkantoor Cies Gysen,2849.0,,1-0,white_win,win,E01,,75,37.5,17,1,2,0,True,True,9,1,True,0,8,0,dynamic
Kasparov.pgn,Kasparov,white,Topsport Antwerpen,Kasparov simul ACE,Deurne BEL,2000.08.21,2000,?,"Kasparov,G",Topsport Antwerpen,2849.0,,1-0,white_win,win,C02,,57,28.5,12,0,1,0,True,False,7,0,True,0,5,0,dynamic
Kasparov.pgn,Kasparov,white,Gazet Van Antwerpen,Kasparov simul ACE,Deurne BEL,2000.08.21,2000,?,"Kasparov,G",Gazet Van Antwerpen,2849.0,,1-0,white_win,win,C03,,49,24.5,18,2,1,0,True,False,9,1,True,0,9,1,dynamic
Kasparov.pgn,Kasparov,white,Print_It,Kasparov simul ACE,Deurne BEL,2000.08.21,2000,?,"Kasparov,G",Print_It,2849.0,,1-0,white_win,win,B00,,53,26.5,19,6,1,0,True,False,10,5,True,0,9,1,dynamic
Kasparov.pgn,Kasparov,white,KAOSK,Kasparov simul ACE,Deurne BEL,2000.08.21,2000,?,"Kasparov,G",KAOSK,2849.0,,1-0,white_win,win,E81,,61,30.5,13,1,2,0,True,True,7,1,True,0,6,0,dynamic
Kasparov.pgn,Kasparov,white,www.msn.nl,Kasparov simul ACE,Deurne BEL,2000.08.21,2000,?,"Kasparov,G",www.msn.nl,2849.0,,1-0,white_win,win,D72,,69,34.5,17,1,2,0,True,True,9,1,True,0,8,0,dynamic
Kasparov.pgn,Kasparov,white,ABN AMRO,Kasparov simul ACE,Deurne BEL,2000.08.21,2000,?,"Kasparov,G",ABN AMRO,2849.0,,1-0,white_win,win,B12,,81,40.5,16,0,1,0,True,False,8,0,True,0,8,0,dynamic
Kasparov.pgn,Kasparov,white,Centea,Kasparov simul ACE,Deurne BEL,2000.08.21,2000,?,"Kasparov,G",Centea,2849.0,,1-0,white_win,win,A45,,81,40.5,12,1,2,0,True,True,6,0,True,0,6,1,dynamic
Kasparov.pgn,Kasparov,white,"Kramnik,V",Braingames WCC,London ENG,2000.10.08,2000,1,"Kasparov,G","Kramnik,V",2849.0,2770.0,1/2-1/2,draw,draw,C67,,50,25.0,6,1,1,0,True,False,3,1,True,0,3,0,dynamic
Kasparov.pgn,Kasparov,black,"Kramnik,V",Braingames WCC,London ENG,2000.10.10,2000,2,"Kramnik,V","Kasparov,G",2770.0,2849.0,1-0,white_win,loss,D85,,79,39.5,21,2,2,0,True,True,10,1,True,0,11,1,dynamic
Kasparov.pgn,Kasparov,white,"Kramnik,V",Braingames WCC,London ENG,2000.10.12,2000,3,"Kasparov,G","Kramnik,V",2849.0,2770.0,1/2-1/2,draw,draw,C67,,106,53.0,27,3,1,0,True,False,14,3,True,0,13,0,dynamic
Kasparov.pgn,Kasparov,black,"Kramnik,V",Braingames WCC,London ENG,2000.10.14,2000,4,"Kramnik,V","Kasparov,G",2770.0,2849.0,1/2-1/2,draw,draw,D27,,147,73.5,27,15,2,0,True,True,13,8,True,0,14,7,dynamic
Kasparov.pgn,Kasparov,white,"Kramnik,V",Braingames WCC,London ENG,2000.10.15,2000,5,"Kasparov,G","Kramnik,V",2849.0,2770.0,1/2-1/2,draw,draw,A34,,48,24.0,8,0,2,0,True,True,4,0,True,0,4,0,dynamic
Kasparov.pgn,Kasparov,black,"Kramnik,V",Braingames WCC,London ENG,2000.10.17,2000,6,"Kramnik,V","Kasparov,G",2770.0,2849.0,1/2-1/2,draw,draw,D27,,131,65.5,18,16,2,0,True,True,8,2,True,0,10,14,dynamic
Kasparov.pgn,Kasparov,white,"Kramnik,V",Braingames WCC,London ENG,2000.10.19,2000,7,"Kasparov,G","Kramnik,V",2849.0,2770.0,1/2-1/2,draw,draw,A32,,21,10.5,4,0,1,0,True,False,2,0,True,0,2,0,dynamic
Kasparov.pgn,Kasparov,black,"Kramnik,V",Braingames WCC,London ENG,2000.10.21,2000,8,"Kramnik,V","Kasparov,G",2770.0,2849.0,1/2-1/2,draw,draw,E32,,75,37.5,24,2,2,0,True,True,13,2,True,0,11,0,dynamic
Kasparov.pgn,Kasparov,white,"Kramnik,V",Braingames WCC,London ENG,2000.10.22,2000,9,"Kasparov,G","Kramnik,V",2849.0,2770.0,1/2-1/2,draw,draw,C67,,60,30.0,16,2,1,0,True,False,8,2,True,0,8,0,dynamic
Kasparov.pgn,Kasparov,black,"Kramnik,V",Braingames WCC,London ENG,2000.10.24,2000,10,"Kramnik,V","Kasparov,G",2770.0,2849.0,1-0,white_win,loss,E54,,49,24.5,16,3,2,0,True,True,8,0,True,0,8,3,dynamic
Kasparov.pgn,Kasparov,white,"Kramnik,V",Braingames WCC,London ENG,2000.10.26,2000,11,"Kasparov,G","Kramnik,V",2849.0,2770.0,1/2-1/2,draw,draw,C78,,82,41.0,25,3,2,0,True,True,12,0,True,0,13,3,dynamic
Kasparov.pgn,Kasparov,black,"Kramnik,V",Braingames WCC,London ENG,2000.10.28,2000,12,"Kramnik,V","Kasparov,G",2770.0,2849.0,1/2-1/2,draw,draw,E55,,66,33.0,13,1,2,0,True,True,7,0,True,0,6,1,dynamic
Kasparov.pgn,Kasparov,white,"Kramnik,V",Braingames WCC,London ENG,2000.10.29,2000,13,"Kasparov,G","Kramnik,V",2849.0,2770.0,1/2-1/2,draw,draw,C67,,27,13.5,6,1,1,0,True,False,3,1,True,0,3,0,dynamic
Kasparov.pgn,Kasparov,black,"Kramnik,V",Braingames WCC,London ENG,2000.10.31,2000,14,"Kramnik,V","Kasparov,G",2770.0,2849.0,1/2-1/2,draw,draw,A30,,114,57.0,23,10,2,0,True,True,12,1,True,0,11,9,dynamic
Kasparov.pgn,Kasparov,white,"Kramnik,V",Braingames WCC,London ENG,2000.11.02,2000,15,"Kasparov,G","Kramnik,V",2849.0,2770.0,1/2-1/2,draw,draw,E05,,76,38.0,14,1,2,0,True,True,7,0,True,0,7,1,dynamic
Kasparov.pgn,Kasparov,black,"Tiviakov,S",Corus,Wijk aan Zee NED,2001.01.13,2001,1,"Tiviakov,S","Kasparov,G",2597.0,2849.0,0-1,black_win,win,B23,,106,53.0,19,4,2,0,True,True,9,3,True,0,10,1,dynamic
Kasparov.pgn,Kasparov,black,"Fedorov,Alex",Corus,Wijk aan Zee NED,2001.01.14,2001,2,"Fedorov,Alex","Kasparov,G",2575.0,2849.0,0-1,black_win,win,B20,,50,25.0,11,3,2,0,True,True,6,3,True,0,5,0,dynamic
Kasparov.pgn,Kasparov,white,"Anand,V",Corus,Wijk aan Zee NED,2001.01.16,2001,3,"Kasparov,G","Anand,V",2849.0,2790.0,1/2-1/2,draw,draw,C78,,74,37.0,16,0,2,0,True,True,9,0,True,0,7,0,dynamic
Kasparov.pgn,Kasparov,black,"Ivanchuk,V",Corus,Wijk aan Zee NED,2001.01.17,2001,4,"Ivanchuk,V","Kasparov,G",2717.0,2849.0,1/2-1/2,draw,draw,B85,,55,27.5,18,3,2,0,True,True,9,0,True,0,9,3,dynamic
Kasparov.pgn,Kasparov,white,"Kramnik,V",Corus,Wijk aan Zee NED,2001.01.18,2001,5,"Kasparov,G","Kramnik,V",2849.0,2772.0,1/2-1/2,draw,draw,C67,,92,46.0,23,3,1,0,True,False,12,1,True,0,11,2,dynamic
Kasparov.pgn,Kasparov,black,"Morozevich,A",Corus,Wijk aan Zee NED,2001.01.20,2001,6,"Morozevich,A","Kasparov,G",2745.0,2849.0,1/2-1/2,draw,draw,B52,,28,14.0,9,2,2,0,True,True,5,0,True,0,4,2,dynamic
Kasparov.pgn,Kasparov,white,"Topalov,V",Corus,Wijk aan Zee NED,2001.01.21,2001,7,"Kasparov,G","Topalov,V",2849.0,2718.0,1-0,white_win,win,B80,,67,33.5,14,3,1,0,True,False,7,2,True,0,7,1,dynamic
Kasparov.pgn,Kasparov,black,"Leko,P",Corus,Wijk aan Zee NED,2001.01.22,2001,8,"Leko,P","Kasparov,G",2745.0,2849.0,1/2-1/2,draw,draw,A12,,55,27.5,10,0,2,0,True,True,5,0,True,0,5,0,dynamic
Kasparov.pgn,Kasparov,white,"Shirov,A",Corus,Wijk aan Zee NED,2001.01.23,2001,9,"Kasparov,G","Shirov,A",2849.0,2718.0,1-0,white_win,win,C42,,89,44.5,19,6,2,0,True,True,10,3,True,0,9,3,dynamic
Kasparov.pgn,Kasparov,black,"Piket,Je",Corus,Wijk aan Zee NED,2001.01.25,2001,10,"Piket,Je","Kasparov,G",2632.0,2849.0,1/2-1/2,draw,draw,D58,,109,54.5,26,7,2,0,True,True,13,3,True,0,13,4,dynamic
Kasparov.pgn,Kasparov,white,"Timman,J",Corus,Wijk aan Zee NED,2001.01.26,2001,11,"Kasparov,G","Timman,J",2849.0,2629.0,1-0,white_win,win,A29,,93,46.5,16,2,2,0,True,True,8,0,True,0,8,2,dynamic
Kasparov.pgn,Kasparov,black,"Van Wely,L",Corus,Wijk aan Zee NED,2001.01.27,2001,12,"Van Wely,L","Kasparov,G",2700.0,2849.0,1/2-1/2,draw,draw,D37,,85,42.5,22,3,2,0,True,True,11,2,True,0,11,1,dynamic
Kasparov.pgn,Kasparov,white,"Adams,Mi",Corus,Wijk aan Zee NED,2001.01.28,2001,13,"Kasparov,G","Adams,Mi",2849.0,2746.0,1/2-1/2,draw,draw,E04,,53,26.5,14,4,1,0,False,True,7,1,False,0,7,3,dynamic
Kasparov.pgn,Kasparov,black,"Leko,P",SuperGM,Linares ESP,2001.02.23,2001,1,"Leko,P","Kasparov,G",2745.0,2849.0,1/2-1/2,draw,draw,B97,,109,54.5,20,9,1,0,True,False,10,1,False,0,10,8,dynamic
Kasparov.pgn,Kasparov,white,"Polgar,Ju",SuperGM,Linares ESP,2001.02.24,2001,2,"Kasparov,G","Polgar,Ju",2849.0,2676.0,1/2-1/2,draw,draw,B90,,54,27.0,13,0,1,0,True,False,7,0,True,0,6,0,dynamic
Kasparov.pgn,Kasparov,black,"Shirov,A",SuperGM,Linares ESP,2001.02.25,2001,3,"Shirov,A","Kasparov,G",2718.0,2849.0,1/2-1/2,draw,draw,B84,,95,47.5,15,4,1,0,False,True,8,2,True,0,7,2,dynamic
Kasparov.pgn,Kasparov,black,"Grischuk,A",SuperGM,Linares ESP,2001.02.27,2001,4,"Grischuk,A","Kasparov,G",2663.0,2849.0,0-1,black_win,win,B90,,74,37.0,24,2,2,0,True,True,13,2,True,0,11,0,dynamic
Kasparov.pgn,Kasparov,white,"Karpov,An",SuperGM,Linares ESP,2001.02.28,2001,5,"Kasparov,G","Karpov,An",2849.0,2679.0,1-0,white_win,win,B12,,61,30.5,16,2,1,0,True,False,8,2,True,0,8,0,dynamic
Kasparov.pgn,Kasparov,white,"Leko,P",SuperGM,Linares ESP,2001.03.01,2001,6,"Kasparov,G","Leko,P",2849.0,2745.0,1-0,white_win,win,C88,,61,30.5,10,3,2,0,True,True,5,3,True,0,5,0,dynamic
Kasparov.pgn,Kasparov,black,"Polgar,Ju",SuperGM,Linares ESP,2001.03.03,2001,7,"Polgar,Ju","Kasparov,G",2676.0,2849.0,1/2-1/2,draw,draw,B90,,69,34.5,13,5,2,0,True,True,7,5,True,0,6,0,dynamic
Kasparov.pgn,Kasparov,white,"Shirov,A",SuperGM,Linares ESP,2001.03.04,2001,8,"Kasparov,G","Shirov,A",2849.0,2718.0,1-0,white_win,win,C80,,75,37.5,19,3,2,0,True,True,10,2,True,0,9,1,dynamic
Kasparov.pgn,Kasparov,black,"Karpov,An",SuperGM,Linares ESP,2001.03.05,2001,9,"Karpov,An","Kasparov,G",2679.0,2849.0,1/2-1/2,draw,draw,D77,,71,35.5,21,3,2,0,True,True,11,1,True,0,10,2,dynamic
Kasparov.pgn,Kasparov,white,"Grischuk,A",SuperGM,Linares ESP,2001.03.06,2001,10,"Kasparov,G","Grischuk,A",2849.0,2663.0,1-0,white_win,win,B45,,89,44.5,19,1,2,0,True,True,10,1,True,0,9,0,dynamic
Kasparov.pgn,Kasparov,white,"Bareev,E",World Cup of Rapid Chess Gp A,Cannes FRA,2001.03.21,2001,1,"Kasparov,G","Bareev,E",2849.0,2709.0,1-0,white_win,win,C05,,81,40.5,12,4,2,0,True,True,5,4,True,0,7,0,dynamic
Kasparov.pgn,Kasparov,white,"Grischuk,A",World Cup of Rapid Chess Gp A,Cannes FRA,2001.03.21,2001,2,"Kasparov,G","Grischuk,A",2849.0,2663.0,1/2-1/2,draw,draw,B45,,95,47.5,15,5,2,0,True,True,8,3,True,0,7,2,dynamic
Kasparov.pgn,Kasparov,black,"Bauer,Ch",World Cup of Rapid Chess Gp A,Cannes FRA,2001.03.21,2001,3,"Bauer,Ch","Kasparov,G",2618.0,2849.0,0-1,black_win,win,B86,,87,43.5,19,1,2,0,True,True,10,1,True,0,9,0,dynamic
Kasparov.pgn,Kasparov,white,"Lautier,J",World Cup of Rapid Chess Gp A,Cannes FRA,2001.03.21,2001,4,"Kasparov,G","Lautier,J",2849.0,2658.0,1-0,white_win,win,B49,,73,36.5,16,0,2,0,True,True,8,0,True,0,8,0,dynamic
Kasparov.pgn,Kasparov,black,"Polgar,Ju",World Cup of Rapid Chess Gp A,Cannes FRA,2001.03.22,2001,5,"Polgar,Ju","Kasparov,G",2676.0,2849.0,0-1,black_win,win,B80,,100,50.0,21,9,1,1,True,False,12,6,False,0,9,3,dynamic
Kasparov.pgn,Kasparov,white,"Svidler,P",World Cup of Rapid Chess Gp A,Cannes FRA,2001.03.22,2001,6,"Kasparov,G","Svidler,P",2849.0,2695.0,1/2-1/2,draw,draw,B54,,95,47.5,21,9,0,0,False,False,10,7,False,0,11,2,dynamic
Kasparov.pgn,Kasparov,black,"Gulko,B",World Cup of Rapid Chess Gp A,Cannes FRA,2001.03.22,2001,7,"Gulko,B","Kasparov,G",2622.0,2849.0,1/2-1/2,draw,draw,D97,,28,14.0,4,0,2,0,True,True,2,0,True,0,2,0,dynamic
Kasparov.pgn,Kasparov,black,"Tkachiev,V",World Cup of Rapid Chess 1/4 Final,Cannes FRA,2001.03.23,2001,1.1,"Tkachiev,V","Kasparov,G",2672.0,2849.0,1/2-1/2,draw,draw,D71,,113,56.5,20,1,2,0,True,True,10,1,True,0,10,0,dynamic
Kasparov.pgn,Kasparov,white,"Tkachiev,V",World Cup of Rapid Chess 1/4 Final,Cannes FRA,2001.03.23,2001,1.2,"Kasparov,G","Tkachiev,V",2849.0,2672.0,1-0,white_win,win,C88,,65,32.5,15,3,2,0,True,True,8,2,True,0,7,1,dynamic
Kasparov.pgn,Kasparov,white,"Grischuk,A",World Cup of Rapid Chess 1/2 Final Playoff,Cannes FRA,2001.03.24,2001,1.1,"Kasparov,G","Grischuk,A",2849.0,2663.0,1-0,white_win,win,C96,,85,42.5,12,4,2,0,True,True,6,4,True,0,6,0,dynamic
Kasparov.pgn,Kasparov,white,"Grischuk,A",World Cup of Rapid Chess 1/2 Final,Cannes FRA,2001.03.24,2001,1.2,"Kasparov,G","Grischuk,A",2849.0,2663.0,1/2-1/2,draw,draw,B45,,116,58.0,25,5,2,0,True,True,13,2,True,0,12,3,dynamic
Kasparov.pgn,Kasparov,black,"Grischuk,A",World Cup of Rapid Chess 1/2 Final Playoff,Cannes FRA,2001.03.24,2001,1.2,"Grischuk,A","Kasparov,G",2663.0,2849.0,0-1,black_win,win,B80,,78,39.0,14,3,1,0,True,False,9,0,False,0,5,3,dynamic
Kasparov.pgn,Kasparov,black,"Grischuk,A",World Cup of Rapid Chess 1/2 Final,Cannes FRA,2001.03.24,2001,1.1,"Grischuk,A","Kasparov,G",2663.0,2849.0,1/2-1/2,draw,draw,B90,,39,19.5,2,0,1,0,True,False,1,0,False,0,1,0,dynamic
Kasparov.pgn,Kasparov,black,"Bareev,E",World Cup of Rapid Chess Final,Cannes FRA,2001.03.25,2001,1.1,"Bareev,E","Kasparov,G",2709.0,2849.0,1/2-1/2,draw,draw,A34,,46,23.0,14,2,2,0,True,True,7,0,True,0,7,2,dynamic
Kasparov.pgn,Kasparov,white,"Bareev,E",World Cup of Rapid Chess Final,Cannes FRA,2001.03.25,2001,1.2,"Kasparov,G","Bareev,E",2849.0,2709.0,1-0,white_win,win,C09,,87,43.5,22,4,2,0,True,True,11,3,True,0,11,1,dynamic
Kasparov.pgn,Kasparov,black,"Short,N",Korchnoi Birthday Gp A,Zurich SUI,2001.04.28,2001,1,"Short,N","Kasparov,G",2676.0,2827.0,1/2-1/2,draw,draw,B25,,81,40.5,10,1,2,0,True,True,5,1,True,0,5,0,dynamic
Kasparov.pgn,Kasparov,white,"Piket,Je",Korchnoi Birthday Gp A,Zurich SUI,2001.04.28,2001,2,"Kasparov,G","Piket,Je",2827.0,2628.0,1-0,white_win,win,B30,,61,30.5,4,1,2,0,True,True,2,1,True,0,2,0,dynamic
Kasparov.pgn,Kasparov,black,"Forster,R",Korchnoi Birthday Gp A,Zurich SUI,2001.04.28,2001,3,"Forster,R","Kasparov,G",2462.0,2827.0,0-1,black_win,win,B23,,82,41.0,19,3,2,0,True,True,10,2,True,0,9,1,dynamic
Kasparov.pgn,Kasparov,black,"Pelletier,Y",Korchnoi Birthday Gp A,Zurich SUI,2001.04.28,2001,4,"Pelletier,Y","Kasparov,G",2531.0,2827.0,0-1,black_win,win,D39,,82,41.0,20,6,2,0,True,True,11,4,True,0,9,2,dynamic
Kasparov.pgn,Kasparov,white,"Unzicker,W",Korchnoi Birthday Gp A,Zurich SUI,2001.04.28,2001,5,"Kasparov,G","Unzicker,W",2827.0,2432.0,1-0,white_win,win,C45,,51,25.5,13,3,2,0,True,True,7,2,True,0,6,1,dynamic
Kasparov.pgn,Kasparov,white,"Korchnoi,V",Korchnoi Birthday KO,Zurich SUI,2001.04.29,2001,1.1,"Kasparov,G","Korchnoi,V",2827.0,2643.0,1-0,white_win,win,C13,,51,25.5,9,6,0,0,False,False,4,6,False,0,5,0,dynamic
Kasparov.pgn,Kasparov,black,"Korchnoi,V",Korchnoi Birthday KO,Zurich SUI,2001.04.29,2001,1.2,"Korchnoi,V","Kasparov,G",2643.0,2827.0,1/2-1/2,draw,draw,A25,,50,25.0,11,8,0,0,False,False,6,8,False,0,5,0,dynamic
Kasparov.pgn,Kasparov,black,"Short,N",Korchnoi Birthday KO,Zurich SUI,2001.04.29,2001,2.2,"Short,N","Kasparov,G",2676.0,2827.0,1/2-1/2,draw,draw,B50,,51,25.5,10,0,2,0,True,True,5,0,True,0,5,0,dynamic
Kasparov.pgn,Kasparov,white,"Short,N",Korchnoi Birthday KO,Zurich SUI,2001.04.29,2001,2.1,"Kasparov,G","Short,N",2827.0,2676.0,1-0,white_win,win,C05,,47,23.5,8,1,2,0,True,True,4,1,True,0,4,0,dynamic
Kasparov.pgn,Kasparov,black,"Kramnik,V",Korchnoi Birthday KO,Zurich SUI,2001.04.29,2001,3.2,"Kramnik,V","Kasparov,G",2797.0,2827.0,1-0,white_win,loss,D48,,71,35.5,19,6,1,0,True,False,10,2,False,0,9,4,dynamic
Kasparov.pgn,Kasparov,white,"Kramnik,V",Korchnoi Birthday KO,Zurich SUI,2001.04.29,2001,3.1,"Kasparov,G","Kramnik,V",2827.0,2797.0,1/2-1/2,draw,draw,C67,,54,27.0,8,1,1,0,True,False,4,1,True,0,4,0,dynamic
Kasparov.pgn,Kasparov,black,"Shirov,A",It,Astana KAZ,2001.05.20,2001,1,"Shirov,A","Kasparov,G",2722.0,2827.0,0-1,black_win,win,B84,,74,37.0,18,5,2,0,True,True,10,5,True,0,8,0,dynamic
Kasparov.pgn,Kasparov,white,"Gelfand,B",It,Astana KAZ,2001.05.21,2001,2,"Kasparov,G","Gelfand,B",2827.0,2712.0,1/2-1/2,draw,draw,C07,,81,40.5,19,2,2,0,True,True,9,1,True,0,10,1,dynamic
Kasparov.pgn,Kasparov,black,"Morozevich,A",It,Astana KAZ,2001.05.22,2001,3,"Morozevich,A","Kasparov,G",2749.0,2827.0,0-1,black_win,win,B87,,114,57.0,26,7,2,0,True,True,13,3,True,0,13,4,dynamic
Kasparov.pgn,Kasparov,black,"Kramnik,V",It,Astana KAZ,2001.05.24,2001,4,"Kramnik,V","Kasparov,G",2797.0,2827.0,1/2-1/2,draw,draw,D85,,59,29.5,16,3,1,0,False,True,8,2,True,0,8,1,dynamic
Kasparov.pgn,Kasparov,white,"Sadvakasov,D",It,Astana KAZ,2001.05.25,2001,5,"Kasparov,G","Sadvakasov,D",2827.0,2585.0,1/2-1/2,draw,draw,A29,,85,42.5,15,3,2,0,True,True,7,3,True,0,8,0,dynamic
Kasparov.pgn,Kasparov,white,"Shirov,A",It,Astana KAZ,2001.05.26,2001,6,"Kasparov,G","Shirov,A",2827.0,2722.0,1-0,white_win,win,C11,,69,34.5,20,6,2,0,True,True,9,2,True,0,11,4,dynamic
Kasparov.pgn,Kasparov,black,"Gelfand,B",It,Astana KAZ,2001.05.28,2001,7,"Gelfand,B","Kasparov,G",2712.0,2827.0,1/2-1/2,draw,draw,D80,,37,18.5,11,0,2,0,True,True,5,0,True,0,6,0,dynamic
Kasparov.pgn,Kasparov,white,"Morozevich,A",It,Astana KAZ,2001.05.29,2001,8,"Kasparov,G","Morozevich,A",2827.0,2749.0,1/2-1/2,draw,draw,D17,,86,43.0,26,2,2,2,True,True,13,0,True,1,13,2,dynamic
Kasparov.pgn,Kasparov,black,"Sadvakasov,D",It,Astana KAZ,2001.05.31,2001,9,"Sadvakasov,D","Kasparov,G",2585.0,2827.0,1/2-1/2,draw,draw,B52,,74,37.0,16,6,2,0,True,True,9,2,True,0,7,4,dynamic
Kasparov.pgn,Kasparov,white,"Kramnik,V",It,Astana KAZ,2001.06.01,2001,10,"Kasparov,G","Kramnik,V",2827.0,2797.0,1-0,white_win,win,C67,,81,40.5,21,6,1,0,True,False,10,5,True,0,11,1,dynamic
Kasparov.pgn,Kasparov,white,"Kramnik,V",Champions Club Blitz,Kasparovchess.com INT,2001.06.05,2001,1,"Kasparov,G","Kramnik,V",2827.0,2797.0,0-1,black_win,loss,E12,,94,47.0,16,2,2,0,True,True,8,2,True,0,8,0,dynamic
Kasparov.pgn,Kasparov,black,"Kramnik,V",Champions Club Blitz,Kasparovchess.com INT,2001.06.06,2001,2,"Kramnik,V","Kasparov,G",2797.0,2827.0,1/2-1/2,draw,draw,D11,,114,57.0,20,1,2,0,True,True,10,0,True,0,10,1,dynamic
Kasparov.pgn,Kasparov,white,"Nolsoe,E",Simul,Torshavn FAI,2001.06.10,2001,1,"Kasparov,G","Nolsoe,E",2827.0,2211.0,1-0,white_win,win,E36,,81,40.5,18,4,2,0,True,True,9,1,True,0,9,3,dynamic
Kasparov.pgn,Kasparov,white,"Simonsen,O",Simul,Torshavn FAI,2001.06.10,2001,1,"Kasparov,G","Simonsen,O",2827.0,2195.0,1-0,white_win,win,A25,,81,40.5,12,2,2,0,True,True,6,1,True,0,6,1,dynamic
Kasparov.pgn,Kasparov,black,"Olsen,H",Simul,Torshavn FAI,2001.06.10,2001,1,"Olsen,H","Kasparov,G",2302.0,2827.0,1/2-1/2,draw,draw,D15,,42,21.0,10,0,2,0,True,True,5,0,True,0,5,0,dynamic
Kasparov.pgn,Kasparov,black,"Thomsen,T",Simul,Torshavn FAI,2001.06.10,2001,1,"Thomsen,T","Kasparov,G",2212.0,2827.0,0-1,black_win,win,D30,,48,24.0,10,1,2,0,True,True,5,0,True,0,5,1,dynamic
Kasparov.pgn,Kasparov,white,"Rodgaard,J",Simul,Torshavn FAI,2001.06.10,2001,1,"Kasparov,G","Rodgaard,J",2827.0,2365.0,1-0,white_win,win,C05,,73,36.5,18,8,2,0,True,True,9,6,True,0,9,2,dynamic
Kasparov.pgn,Kasparov,white,"Nolsoe,E",Simul,Torshavn FAI,2001.06.10,2001,1,"Kasparov,G","Nolsoe,E",2827.0,2211.0,1-0,white_win,win,E36,,77,38.5,18,4,2,0,True,True,9,1,True,0,9,3,dynamic
Kasparov.pgn,Kasparov,black,"Nilssen,J",Simul,Torshavn FAI,2001.06.10,2001,1,"Nilssen,J","Kasparov,G",2345.0,2827.0,1/2-1/2,draw,draw,D47,,50,25.0,13,0,2,0,True,True,7,0,True,0,6,0,dynamic
Kasparov.pgn,Kasparov,black,"Nilssen,J",Simul,Torshavn FAI,2001.06.10,2001,1,"Nilssen,J","Kasparov,G",2345.0,2827.0,1/2-1/2,draw,draw,D47,,52,26.0,13,0,2,0,True,True,7,0,True,0,6,0,dynamic
Kasparov.pgn,Kasparov,white,"Banikas,H",Blitz Match,Patras GRE,2001.07.23,2001,1,"Kasparov,G","Banikas,H",2838.0,2531.0,1/2-1/2,draw,draw,B51,,95,47.5,17,6,2,0,True,True,8,1,True,0,9,5,dynamic
Kasparov.pgn,Kasparov,black,"Banikas,H",Blitz Match,Patras GRE,2001.07.23,2001,2,"Banikas,H","Kasparov,G",2531.0,2838.0,0-1,black_win,win,D11,,48,24.0,9,1,0,0,False,False,5,1,False,0,4,0,dynamic
Kasparov.pgn,Kasparov,white,"Banikas,H",Blitz Match,Patras GRE,2001.07.23,2001,3,"Kasparov,G","Banikas,H",2838.0,2531.0,1-0,white_win,win,B40,,94,47.0,16,1,2,0,True,True,9,1,True,0,7,0,dynamic
Kasparov.pgn,Kasparov,black,"Banikas,H",Blitz Match,Patras GRE,2001.07.23,2001,4,"Banikas,H","Kasparov,G",2531.0,2838.0,0-1,black_win,win,D11,,104,52.0,21,7,2,0,True,True,11,7,True,0,10,0,dynamic
Kasparov.pgn,Kasparov,white,"Banikas,H",Blitz Match,Patras GRE,2001.07.23,2001,5,"Kasparov,G","Banikas,H",2838.0,2531.0,1-0,white_win,win,B40,,67,33.5,10,1,2,0,True,True,5,0,True,0,5,1,dynamic
Kasparov.pgn,Kasparov,black,"Banikas,H",Blitz Match,Patras GRE,2001.07.23,2001,6,"Banikas,H","Kasparov,G",2531.0,2838.0,0-1,black_win,win,D13,,80,40.0,17,3,2,0,True,True,9,3,True,0,8,0,dynamic
Kasparov.pgn,Kasparov,black,"Rogers,I",EUR-ASIA Rapid Match,Batumi GEO,2001.09.17,2001,1,"Rogers,I","Kasparov,G",2538.0,2838.0,0-1,black_win,win,D00,,94,47.0,23,4,2,0,True,True,12,1,True,0,11,3,dynamic
Kasparov.pgn,Kasparov,white,"Rogers,I",EUR-ASIA Rapid Match,Batumi GEO,2001.09.17,2001,2,"Kasparov,G","Rogers,I",2838.0,2538.0,1-0,white_win,win,B01,,95,47.5,19,5,2,0,True,True,10,5,True,0,9,0,dynamic
Kasparov.pgn,Kasparov,white,Dao Thien Hai,EUR-ASIA Rapid Match,Batumi GEO,2001.09.17,2001,3,"Kasparov,G",Dao Thien Hai,2838.0,2572.0,1-0,white_win,win,C42,,89,44.5,18,2,2,0,True,True,8,1,True,0,10,1,dynamic
Kasparov.pgn,Kasparov,black,Dao Thien Hai,EUR-ASIA Rapid Match,Batumi GEO,2001.09.17,2001,4,Dao Thien Hai,"Kasparov,G",2572.0,2838.0,0-1,black_win,win,E35,,53,26.5,19,5,1,0,False,True,10,5,True,0,9,0,dynamic
Kasparov.pgn,Kasparov,black,"Adianto,U",EUR-ASIA Rapid Match,Batumi GEO,2001.09.18,2001,5,"Adianto,U","Kasparov,G",2598.0,2838.0,0-1,black_win,win,D77,,124,62.0,28,11,2,1,True,True,14,5,True,1,14,6,dynamic
Kasparov.pgn,Kasparov,white,"Adianto,U",EUR-ASIA Rapid Match,Batumi GEO,2001.09.18,2001,6,"Kasparov,G","Adianto,U",2838.0,2598.0,1/2-1/2,draw,draw,D61,,98,49.0,18,4,2,0,True,True,10,4,True,0,8,0,dynamic
Kasparov.pgn,Kasparov,white,"Vladimirov,E",EUR-ASIA Rapid Match,Batumi GEO,2001.09.18,2001,7,"Kasparov,G","Vladimirov,E",2838.0,2612.0,1-0,white_win,win,C88,,50,25.0,4,1,2,0,True,True,1,1,True,0,3,0,dynamic
Kasparov.pgn,Kasparov,black,"Vladimirov,E",EUR-ASIA Rapid Match,Batumi GEO,2001.09.18,2001,8,"Vladimirov,E","Kasparov,G",2612.0,2838.0,0-1,black_win,win,E54,,46,23.0,11,0,2,0,True,True,5,0,True,0,6,0,dynamic
Kasparov.pgn,Kasparov,black,Ye Jiangchuan,EUR-ASIA Rapid Match,Batumi GEO,2001.09.19,2001,9,Ye Jiangchuan,"Kasparov,G",2677.0,2838.0,0-1,black_win,win,B92,,82,41.0,18,4,1,0,True,False,9,2,False,0,9,2,dynamic
Kasparov.pgn,Kasparov,white,Ye Jiangchuan,EUR-ASIA Rapid Match,Batumi GEO,2001.09.19,2001,10,"Kasparov,G",Ye Jiangchuan,2838.0,2677.0,1/2-1/2,draw,draw,B43,,50,25.0,12,0,2,0,True,True,6,0,True,0,6,0,dynamic
Kasparov.pgn,Kasparov,white,"Kasimdzhanov,R",EUR-ASIA Rapid Match,Batumi GEO,2001.09.19,2001,11,"Kasparov,G","Kasimdzhanov,R",2838.0,2704.0,1-0,white_win,win,B36,,139,69.5,22,9,1,0,False,True,12,4,False,0,10,5,dynamic
Kasparov.pgn,Kasparov,black,"Kasimdzhanov,R",EUR-ASIA Rapid Match,Batumi GEO,2001.09.19,2001,12,"Kasimdzhanov,R","Kasparov,G",2704.0,2838.0,0-1,black_win,win,A60,,58,29.0,15,1,2,0,True,True,8,1,True,0,7,0,dynamic
Kasparov.pgn,Kasparov,black,"Oral,T",Eurotel Trophy Simul,Prague CZE,2001.10.18,2001,1,"Oral,T","Kasparov,G",2546.0,2838.0,1-0,white_win,loss,B52,,147,73.5,19,15,2,0,True,True,10,2,True,0,9,13,dynamic
Kasparov.pgn,Kasparov,white,"Babula,V",Eurotel Trophy Simul,Prague CZE,2001.10.18,2001,1,"Kasparov,G","Babula,V",2838.0,2565.0,1-0,white_win,win,B30,,107,53.5,19,1,2,0,True,True,10,1,True,0,9,0,dynamic
Kasparov.pgn,Kasparov,black,"Hracek,Z",Eurotel Trophy Simul,Prague CZE,2001.10.18,2001,1,"Hracek,Z","Kasparov,G",2610.0,2838.0,1/2-1/2,draw,draw,D10,,79,39.5,11,2,2,0,True,True,6,1,True,0,5,1,dynamic
Kasparov.pgn,Kasparov,white,"Movsesian,S",Eurotel Trophy Simul,Prague CZE,2001.10.18,2001,1,"Kasparov,G","Movsesian,S",2838.0,2631.0,1-0,white_win,win,B43,,85,42.5,23,10,2,0,True,True,13,10,True,0,10,0,dynamic
Kasparov.pgn,Kasparov,black,"Movsesian,S",Eurotel Trophy Simul,Prague CZE,2001.10.20,2001,2,"Movsesian,S","Kasparov,G",2631.0,2838.0,1/2-1/2,draw,draw,B91,,72,36.0,18,3,2,0,True,True,9,1,True,0,9,2,dynamic
Kasparov.pgn,Kasparov,black,"Babula,V",Eurotel Trophy Simul,Prague CZE,2001.10.20,2001,2,"Babula,V","Kasparov,G",2565.0,2838.0,0-1,black_win,win,D92,,88,44.0,23,5,2,0,True,True,13,3,True,0,10,2,dynamic
Kasparov.pgn,Kasparov,white,"Oral,T",Eurotel Trophy Simul,Prague CZE,2001.10.20,2001,2,"Kasparov,G","Oral,T",2838.0,2546.0,1-0,white_win,win,A33,,71,35.5,17,2,2,0,True,True,9,2,True,0,8,0,dynamic
Kasparov.pgn,Kasparov,white,"Hracek,Z",Eurotel Trophy Simul,Prague CZE,2001.10.20,2001,2,"Kasparov,G","Hracek,Z",2838.0,2610.0,1/2-1/2,draw,draw,B38,,70,35.0,17,5,2,0,True,True,9,0,True,0,8,5,dynamic
Kasparov.pgn,Kasparov,black,"Kramnik,V",Botvinnik Mem Match,Moscow RUS,2001.12.01,2001,1,"Kramnik,V","Kasparov,G",2809.0,2838.0,1/2-1/2,draw,draw,D27,,35,17.5,6,0,2,0,True,True,3,0,True,0,3,0,dynamic
Kasparov.pgn,Kasparov,white,"Kramnik,V",Botvinnik Mem Match,Moscow RUS,2001.12.02,2001,2,"Kasparov,G","Kramnik,V",2838.0,2809.0,1/2-1/2,draw,draw,B41,,143,71.5,25,9,2,0,True,True,13,3,True,0,12,6,dynamic
Kasparov.pgn,Kasparov,black,"Kramnik,V",Botvinnik Mem Match,Moscow RUS,2001.12.04,2001,3,"Kramnik,V","Kasparov,G",2809.0,2838.0,1/2-1/2,draw,draw,D58,,42,21.0,8,0,2,0,True,True,4,0,True,0,4,0,dynamic
Kasparov.pgn,Kasparov,white,"Kramnik,V",Botvinnik Mem Match,Moscow RUS,2001.12.05,2001,4,"Kasparov,G","Kramnik,V",2838.0,2809.0,1/2-1/2,draw,draw,C80,,37,18.5,9,0,2,0,True,True,5,0,True,0,4,0,dynamic
Kasparov.pgn,Kasparov,black,"Kramnik,V",Botvinnik Mem Rapid Match,Moscow RUS,2001.12.07,2001,1,"Kramnik,V","Kasparov,G",2809.0,2838.0,0-1,black_win,win,D27,,108,54.0,18,3,2,0,True,True,10,1,True,0,8,2,dynamic
Kasparov.pgn,Kasparov,white,"Kramnik,V",Botvinnik Mem Rapid Match,Moscow RUS,2001.12.07,2001,2,"Kasparov,G","Kramnik,V",2838.0,2809.0,1/2-1/2,draw,draw,E34,,59,29.5,16,1,2,0,True,True,8,1,True,0,8,0,dynamic
Kasparov.pgn,Kasparov,black,"Kramnik,V",Botvinnik Mem Rapid Match,Moscow RUS,2001.12.07,2001,3,"Kramnik,V","Kasparov,G",2809.0,2838.0,1/2-1/2,draw,draw,D15,,124,62.0,27,6,1,0,True,False,13,4,False,0,14,2,dynamic
Kasparov.pgn,Kasparov,white,"Kramnik,V",Botvinnik Mem Rapid Match,Moscow RUS,2001.12.08,2001,4,"Kasparov,G","Kramnik,V",2838.0,2809.0,1/2-1/2,draw,draw,A10,,83,41.5,17,6,2,0,True,True,8,0,True,0,9,6,dynamic
Kasparov.pgn,Kasparov,black,"Kramnik,V",Botvinnik Mem Rapid Match,Moscow RUS,2001.12.08,2001,5,"Kramnik,V","Kasparov,G",2809.0,2838.0,1/2-1/2,draw,draw,D02,,61,30.5,12,0,2,0,True,True,6,0,True,0,6,0,dynamic
Kasparov.pgn,Kasparov,white,"Kramnik,V",Botvinnik Mem Rapid Match,Moscow RUS,2001.12.08,2001,6,"Kasparov,G","Kramnik,V",2838.0,2809.0,0-1,black_win,loss,E44,,104,52.0,17,3,2,1,True,True,9,1,True,0,8,2,dynamic
Kasparov.pgn,Kasparov,black,"Kramnik,V",Botvinnik Mem Blitz Match,Moscow RUS,2001.12.09,2001,1,"Kramnik,V","Kasparov,G",2809.0,2838.0,0-1,black_win,win,E14,,110,55.0,15,6,2,1,True,True,8,5,True,1,7,1,dynamic
Kasparov.pgn,Kasparov,white,"Kramnik,V",Botvinnik Mem Blitz Match,Moscow RUS,2001.12.09,2001,2,"Kasparov,G","Kramnik,V",2838.0,2809.0,1/2-1/2,draw,draw,E12,,94,47.0,22,6,2,0,True,True,10,6,True,0,12,0,dynamic
Kasparov.pgn,Kasparov,black,"Kramnik,V",Botvinnik Mem Blitz Match,Moscow RUS,2001.12.09,2001,3,"Kramnik,V","Kasparov,G",2809.0,2838.0,1/2-1/2,draw,draw,D27,,78,39.0,15,1,2,0,True,True,7,0,True,0,8,1,dynamic
Kasparov.pgn,Kasparov,white,"Kramnik,V",Botvinnik Mem Blitz Match,Moscow RUS,2001.12.09,2001,4,"Kasparov,G","Kramnik,V",2838.0,2809.0,1/2-1/2,draw,draw,D37,,48,24.0,14,0,1,0,False,True,7,0,False,0,7,0,dynamic
Kasparov.pgn,Kasparov,black,"Kramnik,V",Botvinnik Mem Blitz Match,Moscow RUS,2001.12.09,2001,5,"Kramnik,V","Kasparov,G",2809.0,2838.0,1/2-1/2,draw,draw,D27,,62,31.0,14,1,1,0,True,False,7,0,False,0,7,1,dynamic
Kasparov.pgn,Kasparov,white,"Kramnik,V",Botvinnik Mem Blitz Match,Moscow RUS,2001.12.09,2001,6,"Kasparov,G","Kramnik,V",2838.0,2809.0,1-0,white_win,win,E39,,99,49.5,21,0,2,0,True,True,11,0,True,0,10,0,dynamic
Kasparov.pgn,Kasparov,black,"Kramnik,V",Botvinnik Mem Blitz Match,Moscow RUS,2001.12.09,2001,7,"Kramnik,V","Kasparov,G",2809.0,2838.0,0-1,black_win,win,D27,,68,34.0,13,1,2,0,True,True,8,1,True,0,5,0,dynamic
Kasparov.pgn,Kasparov,white,"Kramnik,V",Botvinnik Mem Blitz Match,Moscow RUS,2001.12.09,2001,8,"Kasparov,G","Kramnik,V",2838.0,2809.0,1-0,white_win,win,E10,,61,30.5,16,3,2,0,True,True,7,2,True,0,9,1,dynamic
Kasparov.pgn,Kasparov,black,"Kramnik,V",Botvinnik Mem Blitz Match,Moscow RUS,2001.12.09,2001,9,"Kramnik,V","Kasparov,G",2809.0,2838.0,1-0,white_win,loss,D27,,85,42.5,22,6,2,0,True,True,10,0,True,0,12,6,dynamic
Kasparov.pgn,Kasparov,white,"Kramnik,V",Botvinnik Mem Blitz Match,Moscow RUS,2001.12.09,2001,10,"Kasparov,G","Kramnik,V",2838.0,2809.0,1/2-1/2,draw,draw,E12,,104,52.0,22,10,2,0,True,True,12,6,True,0,10,4,dynamic
Kasparov.pgn,Kasparov,black,"Vallejo Pons,F",SuperGM,Linares ESP,2002.02.23,2002,1,"Vallejo Pons,F","Kasparov,G",2629.0,2838.0,1/2-1/2,draw,draw,A28,,98,49.0,21,2,2,0,True,True,11,1,True,0,10,1,dynamic
Kasparov.pgn,Kasparov,white,"Anand,V",SuperGM,Linares ESP,2002.02.25,2002,3,"Kasparov,G","Anand,V",2838.0,2757.0,1/2-1/2,draw,draw,B49,,83,41.5,12,7,2,0,True,True,6,7,True,0,6,0,dynamic
Kasparov.pgn,Kasparov,black,"Ivanchuk,V",SuperGM,Linares ESP,2002.02.26,2002,4,"Ivanchuk,V","Kasparov,G",2717.0,2838.0,1/2-1/2,draw,draw,A04,,67,33.5,6,0,2,0,True,True,3,0,True,0,3,0,dynamic
Kasparov.pgn,Kasparov,white,"Adams,Mi",SuperGM,Linares ESP,2002.02.28,2002,5,"Kasparov,G","Adams,Mi",2838.0,2742.0,1-0,white_win,win,C42,,93,46.5,21,2,2,0,True,True,10,2,True,0,11,0,dynamic
Kasparov.pgn,Kasparov,black,"Ponomariov,R",SuperGM,Linares ESP,2002.03.01,2002,6,"Ponomariov,R","Kasparov,G",2727.0,2838.0,1/2-1/2,draw,draw,B80,,88,44.0,22,2,2,0,True,True,11,0,True,0,11,2,dynamic
Kasparov.pgn,Kasparov,white,"Shirov,A",SuperGM,Linares ESP,2002.03.02,2002,7,"Kasparov,G","Shirov,A",2838.0,2715.0,1/2-1/2,draw,draw,B31,,51,25.5,15,0,2,0,True,True,7,0,True,0,8,0,dynamic
Kasparov.pgn,Kasparov,white,"Vallejo Pons,F",SuperGM,Linares ESP,2002.03.03,2002,8,"Kasparov,G","Vallejo Pons,F",2838.0,2629.0,1-0,white_win,win,B41,,99,49.5,15,1,2,0,True,True,8,0,True,0,7,1,dynamic
Kasparov.pgn,Kasparov,black,"Anand,V",SuperGM,Linares ESP,2002.03.06,2002,10,"Anand,V","Kasparov,G",2757.0,2838.0,1/2-1/2,draw,draw,B90,,78,39.0,17,0,1,0,True,False,8,0,False,0,9,0,dynamic
Kasparov.pgn,Kasparov,white,"Ivanchuk,V",SuperGM,Linares ESP,2002.03.07,2002,11,"Kasparov,G","Ivanchuk,V",2838.0,2717.0,1/2-1/2,draw,draw,B41,,58,29.0,6,0,2,0,True,True,3,0,True,0,3,0,dynamic
Kasparov.pgn,Kasparov,black,"Adams,Mi",SuperGM,Linares ESP,2002.03.08,2002,12,"Adams,Mi","Kasparov,G",2742.0,2838.0,1/2-1/2,draw,draw,B90,,67,33.5,14,3,1,0,True,False,7,0,False,0,7,3,dynamic
Kasparov.pgn,Kasparov,white,"Ponomariov,R",SuperGM,Linares ESP,2002.03.09,2002,13,"Kasparov,G","Ponomariov,R",2838.0,2727.0,1-0,white_win,win,C10,,75,37.5,15,4,1,0,True,False,8,4,True,0,7,0,dynamic
Kasparov.pgn,Kasparov,black,"Shirov,A",SuperGM,Linares ESP,2002.03.10,2002,14,"Shirov,A","Kasparov,G",2715.0,2838.0,0-1,black_win,win,B33,,56,28.0,16,0,1,0,True,False,8,0,False,0,8,0,dynamic
Kasparov.pgn,Kasparov,black,"Milos,G",Eurotel Trophy,Prague CZE,2002.04.28,2002,1.2,"Milos,G","Kasparov,G",2574.0,2838.0,0-1,black_win,win,C65,,104,52.0,21,8,2,0,True,True,11,6,True,0,10,2,dynamic
Kasparov.pgn,Kasparov,white,"Milos,G",Eurotel Trophy,Prague CZE,2002.04.28,2002,1.1,"Kasparov,G","Milos,G",2838.0,2574.0,1-0,white_win,win,D35,,105,52.5,19,5,2,0,True,True,10,5,True,0,9,0,dynamic
Kasparov.pgn,Kasparov,white,"Polgar,Ju",Eurotel Trophy,Prague CZE,2002.04.30,2002,2.2,"Kasparov,G","Polgar,Ju",2838.0,2677.0,1-0,white_win,win,B51,,101,50.5,23,9,1,0,True,False,12,7,True,0,11,2,dynamic
Kasparov.pgn,Kasparov,black,"Polgar,Ju",Eurotel Trophy,Prague CZE,2002.04.30,2002,2.1,"Polgar,Ju","Kasparov,G",2677.0,2838.0,0-1,black_win,win,B33,,90,45.0,21,6,2,0,True,True,11,5,True,0,10,1,dynamic
Kasparov.pgn,Kasparov,white,"Ivanchuk,V",Eurotel Trophy,Prague CZE,2002.05.01,2002,3.5,"Kasparov,G","Ivanchuk,V",2838.0,2711.0,0-1,black_win,loss,C90,,72,36.0,17,1,2,0,True,True,8,1,True,0,9,0,dynamic
Kasparov.pgn,Kasparov,black,"Ivanchuk,V",Eurotel Trophy,Prague CZE,2002.05.01,2002,3.3,"Ivanchuk,V","Kasparov,G",2711.0,2838.0,1/2-1/2,draw,draw,D15,,89,44.5,18,4,2,0,True,True,9,4,True,0,9,0,dynamic
Kasparov.pgn,Kasparov,black,"Ivanchuk,V",Eurotel Trophy,Prague CZE,2002.05.01,2002,3.2,"Ivanchuk,V","Kasparov,G",2711.0,2838.0,1/2-1/2,draw,draw,D15,,128,64.0,27,15,1,0,False,True,13,5,True,0,14,10,dynamic
Kasparov.pgn,Kasparov,white,"Ivanchuk,V",Eurotel Trophy,Prague CZE,2002.05.01,2002,3.4,"Kasparov,G","Ivanchuk,V",2838.0,2711.0,1/2-1/2,draw,draw,C97,,89,44.5,4,2,2,0,True,True,2,2,True,0,2,0,dynamic
Kasparov.pgn,Kasparov,white,"Ivanchuk,V",Eurotel Trophy,Prague CZE,2002.05.01,2002,3.1,"Kasparov,G","Ivanchuk,V",2838.0,2711.0,1/2-1/2,draw,draw,B34,,72,36.0,22,4,2,0,True,True,11,0,True,0,11,4,dynamic
Kasparov.pgn,Kasparov,black,"Ehlvest,J",FIDE GP,Moscow RUS,2002.06.01,2002,1.2,"Ehlvest,J","Kasparov,G",2588.0,2838.0,0-1,black_win,win,A15,,96,48.0,21,5,2,0,True,True,11,4,True,0,10,1,dynamic
Kasparov.pgn,Kasparov,white,"Ehlvest,J",FIDE GP,Moscow RUS,2002.06.01,2002,1.1,"Kasparov,G","Ehlvest,J",2838.0,2588.0,1-0,white_win,win,C42,,122,61.0,21,3,2,0,True,True,11,1,True,0,10,2,dynamic
Kasparov.pgn,Kasparov,white,"Lautier,J",FIDE GP,Moscow RUS,2002.06.02,2002,2.2,"Kasparov,G","Lautier,J",2838.0,2675.0,1-0,white_win,win,B32,,67,33.5,11,1,2,0,True,True,6,1,True,0,5,0,dynamic
Kasparov.pgn,Kasparov,black,"Lautier,J",FIDE GP,Moscow RUS,2002.06.02,2002,2.1,"Lautier,J","Kasparov,G",2675.0,2838.0,0-1,black_win,win,A29,,90,45.0,19,4,2,0,True,True,10,2,True,0,9,2,dynamic
Kasparov.pgn,Kasparov,white,"Grischuk,A",FIDE GP,Moscow RUS,2002.06.03,2002,3.1,"Kasparov,G","Grischuk,A",2838.0,2702.0,1/2-1/2,draw,draw,C88,,78,39.0,21,2,2,0,True,True,11,1,True,0,10,1,dynamic
Kasparov.pgn,Kasparov,black,"Grischuk,A",FIDE GP,Moscow RUS,2002.06.03,2002,3.2,"Grischuk,A","Kasparov,G",2702.0,2838.0,0-1,black_win,win,B30,,116,58.0,21,10,2,0,True,True,10,6,True,0,11,4,dynamic
Kasparov.pgn,Kasparov,white,"Khalifman,A",FIDE GP,Moscow RUS,2002.06.04,2002,4.4,"Kasparov,G","Khalifman,A",2838.0,2698.0,1-0,white_win,win,C61,,45,22.5,13,4,2,0,True,True,7,3,True,0,6,1,dynamic
Kasparov.pgn,Kasparov,black,"Khalifman,A",FIDE GP,Moscow RUS,2002.06.04,2002,4.1,"Khalifman,A","Kasparov,G",2698.0,2838.0,1/2-1/2,draw,draw,D15,,41,20.5,11,0,2,0,True,True,5,0,True,0,6,0,dynamic
Kasparov.pgn,Kasparov,black,"Khalifman,A",FIDE GP,Moscow RUS,2002.06.04,2002,4.3,"Khalifman,A","Kasparov,G",2698.0,2838.0,1/2-1/2,draw,draw,D11,,66,33.0,14,0,2,0,True,True,7,0,True,0,7,0,dynamic
Kasparov.pgn,Kasparov,white,"Khalifman,A",FIDE GP,Moscow RUS,2002.06.04,2002,4.2,"Kasparov,G","Khalifman,A",2838.0,2698.0,1/2-1/2,draw,draw,C61,,146,73.0,25,38,2,0,True,True,13,32,True,0,12,6,dynamic
Kasparov.pgn,Kasparov,white,"Radjabov,T",FIDE GP,Moscow RUS,2002.06.05,2002,5.1,"Kasparov,G","Radjabov,T",2838.0,2610.0,1-0,white_win,win,B06,,49,24.5,13,1,2,0,True,True,8,1,True,0,5,0,dynamic
Kasparov.pgn,Kasparov,black,"Radjabov,T",FIDE GP,Moscow RUS,2002.06.05,2002,5.2,"Radjabov,T","Kasparov,G",2610.0,2838.0,1/2-1/2,draw,draw,D15,,89,44.5,14,5,0,0,False,False,7,5,False,0,7,0,dynamic
Kasparov.pgn,Kasparov,black,"Ivanchuk,V",RUS vs. ROW,Moscow RUS,2002.09.08,2002,1,"Ivanchuk,V","Kasparov,G",2711.0,2838.0,1-0,white_win,loss,B90,,79,39.5,21,2,1,0,True,False,10,0,False,0,11,2,dynamic
Kasparov.pgn,Kasparov,white,"Leko,P",RUS vs. ROW,Moscow RUS,2002.09.08,2002,2,"Kasparov,G","Leko,P",2838.0,2722.0,1/2-1/2,draw,draw,B30,,89,44.5,15,5,0,0,False,False,8,4,False,0,7,1,dynamic
Kasparov.pgn,Kasparov,white,"Leko,P",RUS vs. ROW,Moscow RUS,2002.09.08,2002,2,"Kasparov,G","Leko,P",2838.0,2722.0,1/2-1/2,draw,draw,B30,,89,44.5,15,4,0,0,False,False,8,3,False,0,7,1,dynamic
Kasparov.pgn,Kasparov,black,"Gelfand,B",RUS vs. ROW,Moscow RUS,2002.09.09,2002,3,"Gelfand,B","Kasparov,G",2710.0,2838.0,1/2-1/2,draw,draw,D15,,151,75.5,25,18,2,0,True,True,13,10,True,0,12,8,dynamic
Kasparov.pgn,Kasparov,white,"Shirov,A",RUS vs. ROW,Moscow RUS,2002.09.09,2002,4,"Kasparov,G","Shirov,A",2838.0,2697.0,1-0,white_win,win,B12,,59,29.5,15,5,0,0,False,False,8,1,False,0,7,4,dynamic
Kasparov.pgn,Kasparov,black,"Polgar,Ju",RUS vs. ROW,Moscow RUS,2002.09.09,2002,5,"Polgar,Ju","Kasparov,G",2681.0,2838.0,1-0,white_win,loss,C67,,84,42.0,19,11,1,0,True,False,9,5,False,0,10,6,dynamic
Kasparov.pgn,Kasparov,white,"Short,N",RUS vs. ROW,Moscow RUS,2002.09.10,2002,6,"Kasparov,G","Short,N",2838.0,2682.0,1/2-1/2,draw,draw,B04,,111,55.5,17,3,2,0,True,True,8,3,True,0,9,0,dynamic
Kasparov.pgn,Kasparov,white,"Radjabov,T",RUS vs. ROW,Moscow RUS,2002.09.10,2002,7,"Kasparov,G","Radjabov,T",2838.0,2610.0,1/2-1/2,draw,draw,C11,,156,78.0,27,13,1,0,False,True,13,4,False,0,14,9,dynamic
Kasparov.pgn,Kasparov,black,"Akopian,V",RUS vs. ROW,Moscow RUS,2002.09.10,2002,8,"Akopian,V","Kasparov,G",2678.0,2838.0,1-0,white_win,loss,B30,,50,25.0,11,0,2,0,True,True,5,0,True,0,6,0,dynamic
Kasparov.pgn,Kasparov,white,"Ponomariov,R",RUS vs. ROW,Moscow RUS,2002.09.11,2002,9,"Kasparov,G","Ponomariov,R",2838.0,2743.0,1/2-1/2,draw,draw,C96,,53,26.5,13,3,2,0,True,True,6,2,True,0,7,1,dynamic
Kasparov.pgn,Kasparov,black,"Anand,V",RUS vs. ROW,Moscow RUS,2002.09.11,2002,10,"Anand,V","Kasparov,G",2755.0,2838.0,1/2-1/2,draw,draw,B80,,70,35.0,12,4,2,0,True,True,6,3,True,0,6,1,dynamic
Kasparov.pgn,Kasparov,white,"Aleksandrov,A",Olympiad,Bled SLO,2002.10.27,2002,2,"Kasparov,G","Aleksandrov,A",2838.0,2621.0,1-0,white_win,win,D38,,79,39.5,15,2,2,0,True,True,8,0,True,0,7,2,dynamic
Kasparov.pgn,Kasparov,black,"Sasikiran,K",Olympiad,Bled SLO,2002.10.28,2002,3,"Sasikiran,K","Kasparov,G",2670.0,2838.0,0-1,black_win,win,D15,,76,38.0,15,3,2,0,True,True,8,3,True,0,7,0,dynamic
Kasparov.pgn,Kasparov,white,"Mchedlishvili,M",Olympiad,Bled SLO,2002.10.29,2002,4,"Kasparov,G","Mchedlishvili,M",2838.0,2551.0,1-0,white_win,win,B63,,73,36.5,18,2,1,0,True,False,9,1,True,0,9,1,dynamic
Kasparov.pgn,Kasparov,black,"Akopian,Vl",Olympiad,Bled SLO,2002.10.30,2002,5,"Akopian,Vl","Kasparov,G",2689.0,2838.0,1/2-1/2,draw,draw,B52,,47,23.5,16,3,2,0,True,True,8,1,True,0,8,2,dynamic
Kasparov.pgn,Kasparov,white,"Krasenkow,M",Olympiad,Bled SLO,2002.11.01,2002,7,"Kasparov,G","Krasenkow,M",2838.0,2651.0,1-0,white_win,win,C82,,47,23.5,12,0,2,0,True,True,6,0,True,0,6,0,dynamic
Kasparov.pgn,Kasparov,black,"Leko,P",Olympiad,Bled SLO,2002.11.04,2002,9,"Leko,P","Kasparov,G",2743.0,2838.0,1/2-1/2,draw,draw,B90,,108,54.0,24,4,2,0,True,True,12,4,True,0,12,0,dynamic
Kasparov.pgn,Kasparov,white,Ye Jiangchuan,Olympiad,Bled SLO,2002.11.05,2002,10,"Kasparov,G",Ye Jiangchuan,2838.0,2667.0,1-0,white_win,win,B48,,131,65.5,26,2,2,1,True,True,14,0,True,0,12,2,dynamic
Kasparov.pgn,Kasparov,black,"Lutz,C",Olympiad,Bled SLO,2002.11.06,2002,11,"Lutz,C","Kasparov,G",2645.0,2838.0,0-1,black_win,win,B85,,84,42.0,16,1,2,0,True,True,8,1,True,0,8,0,dynamic
Kasparov.pgn,Kasparov,white,"Gelfand,B",Olympiad,Bled SLO,2002.11.08,2002,13,"Kasparov,G","Gelfand,B",2838.0,2704.0,1/2-1/2,draw,draw,C42,,33,16.5,4,0,2,0,True,True,2,0,True,0,2,0,dynamic
Kasparov.pgn,Kasparov,black,"Paehtz,E",ZMD Blitz,Munich GER,2002.11.13,2002,1,"Paehtz,E","Kasparov,G",2349.0,2838.0,0-1,black_win,win,B43,,72,36.0,18,0,2,0,True,True,9,0,True,0,9,0,dynamic
Kasparov.pgn,Kasparov,white,"Paehtz,E",ZMD Blitz,Munich GER,2002.11.13,2002,2,"Kasparov,G","Paehtz,E",2838.0,2349.0,1-0,white_win,win,B52,,69,34.5,17,2,2,0,True,True,8,2,True,0,9,0,dynamic
Kasparov.pgn,Kasparov,black,"Paehtz,E",ZMD Blitz,Munich GER,2002.11.13,2002,3,"Paehtz,E","Kasparov,G",2349.0,2838.0,0-1,black_win,win,B43,,88,44.0,16,3,1,0,True,False,9,2,False,0,7,1,dynamic
Kasparov.pgn,Kasparov,white,"Paehtz,E",ZMD Blitz,Munich GER,2002.11.13,2002,4,"Kasparov,G","Paehtz,E",2838.0,2349.0,1-0,white_win,win,A40,,85,42.5,18,3,2,0,True,True,10,0,True,0,8,3,dynamic
Kasparov.pgn,Kasparov,black,"Paehtz,E",ZMD Blitz,Munich GER,2002.11.13,2002,5,"Paehtz,E","Kasparov,G",2349.0,2838.0,0-1,black_win,win,B42,,68,34.0,17,4,2,0,True,True,9,2,True,0,8,2,dynamic
Kasparov.pgn,Kasparov,white,"Paehtz,E",ZMD Blitz,Munich GER,2002.11.13,2002,6,"Kasparov,G","Paehtz,E",2838.0,2349.0,1-0,white_win,win,A26,,85,42.5,14,4,1,0,False,True,7,2,False,0,7,2,dynamic
Kasparov.pgn,Kasparov,black,"Karpov,An",x3dworld rapid,New York USA,2002.12.19,2002,1,"Karpov,An","Kasparov,G",2688.0,2838.0,0-1,black_win,win,D92,,104,52.0,22,1,1,0,False,True,11,1,True,0,11,0,dynamic
Kasparov.pgn,Kasparov,white,"Karpov,An",x3dworld rapid,New York USA,2002.12.19,2002,2,"Kasparov,G","Karpov,An",2838.0,2688.0,0-1,black_win,loss,C42,,94,47.0,18,3,2,0,True,True,10,1,True,0,8,2,dynamic
Kasparov.pgn,Kasparov,black,"Karpov,An",x3dworld rapid,New York USA,2002.12.20,2002,3,"Karpov,An","Kasparov,G",2688.0,2838.0,1-0,white_win,loss,D92,,91,45.5,25,8,2,0,True,True,12,5,True,0,13,3,dynamic
Kasparov.pgn,Kasparov,white,"Karpov,An",x3dworld rapid,New York USA,2002.12.20,2002,4,"Kasparov,G","Karpov,An",2838.0,2688.0,1/2-1/2,draw,draw,C42,,55,27.5,11,2,2,0,True,True,6,2,True,0,5,0,dynamic
Kasparov.pgn,Kasparov,white,DEEP JUNIOR,FIDE Man-Machine WC,New York USA,2003.01.26,2003,1,"Kasparov,G",DEEP JUNIOR,2847.0,,1-0,white_win,win,D45,,53,26.5,12,0,2,0,True,True,6,0,True,0,6,0,dynamic
Kasparov.pgn,Kasparov,black,DEEP JUNIOR,FIDE Man-Machine WC,New York USA,2003.01.28,2003,2,DEEP JUNIOR,"Kasparov,G",,2847.0,1/2-1/2,draw,draw,B42,,60,30.0,15,3,2,0,True,True,7,1,True,0,8,2,dynamic
Kasparov.pgn,Kasparov,white,DEEP JUNIOR,FIDE Man-Machine WC,New York USA,2003.01.30,2003,3,"Kasparov,G",DEEP JUNIOR,2847.0,,0-1,black_win,loss,D45,,72,36.0,18,5,2,0,True,True,8,5,True,0,10,0,dynamic
Kasparov.pgn,Kasparov,black,DEEP JUNIOR,FIDE Man-Machine WC,New York USA,2003.02.02,2003,4,DEEP JUNIOR,"Kasparov,G",,2847.0,1/2-1/2,draw,draw,B44,,121,60.5,21,0,2,0,True,True,10,0,True,0,11,0,dynamic
Kasparov.pgn,Kasparov,white,DEEP JUNIOR,FIDE Man-Machine WC,New York USA,2003.02.05,2003,5,"Kasparov,G",DEEP JUNIOR,2847.0,,1/2-1/2,draw,draw,E48,,38,19.0,5,7,2,0,True,True,3,1,True,0,2,6,dynamic
Kasparov.pgn,Kasparov,black,DEEP JUNIOR,FIDE Man-Machine WC,New York USA,2003.02.07,2003,6,DEEP JUNIOR,"Kasparov,G",,2847.0,1/2-1/2,draw,draw,B92,,55,27.5,10,0,2,0,True,True,6,0,True,0,4,0,dynamic
Kasparov.pgn,Kasparov,black,"Kramnik,V",XX SuperGM,Linares ESP,2003.02.22,2003,1,"Kramnik,V","Kasparov,G",2807.0,2847.0,1/2-1/2,draw,draw,D27,,35,17.5,4,0,2,0,True,True,2,0,True,0,2,0,dynamic
Kasparov.pgn,Kasparov,white,"Radjabov,T",XX SuperGM,Linares ESP,2003.02.23,2003,2,"Kasparov,G","Radjabov,T",2847.0,2624.0,0-1,black_win,loss,C11,,78,39.0,15,2,2,0,True,True,8,1,True,0,7,1,dynamic
Kasparov.pgn,Kasparov,black,"Leko,P",XX SuperGM,Linares ESP,2003.02.24,2003,3,"Leko,P","Kasparov,G",2736.0,2847.0,1/2-1/2,draw,draw,B80,,173,86.5,27,34,2,2,True,True,14,25,True,1,13,9,dynamic
Kasparov.pgn,Kasparov,white,"Ponomariov,R",XX SuperGM,Linares ESP,2003.02.27,2003,5,"Kasparov,G","Ponomariov,R",2847.0,2734.0,1-0,white_win,win,E18,,86,43.0,18,2,2,0,True,True,9,2,True,0,9,0,dynamic
Kasparov.pgn,Kasparov,black,"Vallejo Pons,F",XX SuperGM,Linares ESP,2003.02.28,2003,6,"Vallejo Pons,F","Kasparov,G",2629.0,2847.0,1/2-1/2,draw,draw,D17,,82,41.0,22,2,1,0,False,True,11,2,True,0,11,0,dynamic
Kasparov.pgn,Kasparov,white,"Anand,V",XX SuperGM,Linares ESP,2003.03.01,2003,7,"Kasparov,G","Anand,V",2847.0,2753.0,1-0,white_win,win,B19,,123,61.5,25,7,2,0,True,True,13,4,True,0,12,3,dynamic
Kasparov.pgn,Kasparov,white,"Kramnik,V",XX SuperGM,Linares ESP,2003.03.02,2003,8,"Kasparov,G","Kramnik,V",2847.0,2807.0,1/2-1/2,draw,draw,C88,,66,33.0,14,3,2,0,True,True,7,3,True,0,7,0,dynamic
Kasparov.pgn,Kasparov,black,"Radjabov,T",XX SuperGM,Linares ESP,2003.03.03,2003,9,"Radjabov,T","Kasparov,G",2624.0,2847.0,1/2-1/2,draw,draw,D28,,78,39.0,22,4,2,0,True,True,11,3,True,0,11,1,dynamic
Kasparov.pgn,Kasparov,white,"Leko,P",XX SuperGM,Linares ESP,2003.03.05,2003,10,"Kasparov,G","Leko,P",2847.0,2736.0,1/2-1/2,draw,draw,B30,,66,33.0,14,1,1,0,True,False,7,1,True,0,7,0,dynamic
Kasparov.pgn,Kasparov,black,"Ponomariov,R",XX SuperGM,Linares ESP,2003.03.07,2003,12,"Ponomariov,R","Kasparov,G",2734.0,2847.0,1/2-1/2,draw,draw,E50,,67,33.5,12,1,2,0,True,True,6,1,True,0,6,0,dynamic
Kasparov.pgn,Kasparov,white,"Vallejo Pons,F",XX SuperGM,Linares ESP,2003.03.08,2003,13,"Kasparov,G","Vallejo Pons,F",2847.0,2629.0,1/2-1/2,draw,draw,B12,,79,39.5,7,0,2,0,True,True,4,0,True,0,3,0,dynamic
Kasparov.pgn,Kasparov,black,"Anand,V",XX SuperGM,Linares ESP,2003.03.09,2003,14,"Anand,V","Kasparov,G",2753.0,2847.0,1/2-1/2,draw,draw,B72,,64,32.0,15,0,2,0,True,True,7,0,True,0,8,0,dynamic
Kasparov.pgn,Kasparov,white,"Azmaiparashvili,Z",Blitz Match,Crete GRE,2003.09.23,2003,1,"Kasparov,G","Azmaiparashvili,Z",2830.0,2702.0,1-0,white_win,win,B07,,63,31.5,15,3,2,0,True,True,8,2,True,0,7,1,dynamic
Kasparov.pgn,Kasparov,white,"Azmaiparashvili,Z",Rapid Match,Crete GRE,2003.09.23,2003,1,"Kasparov,G","Azmaiparashvili,Z",2830.0,2702.0,1-0,white_win,win,C41,,98,49.0,22,4,2,0,True,True,11,1,True,0,11,3,dynamic
Kasparov.pgn,Kasparov,black,"Azmaiparashvili,Z",Rapid Match,Crete GRE,2003.09.23,2003,2,"Azmaiparashvili,Z","Kasparov,G",2702.0,2830.0,0-1,black_win,win,D11,,50,25.0,11,3,1,0,False,True,6,3,True,0,5,0,dynamic
Kasparov.pgn,Kasparov,black,"Azmaiparashvili,Z",Blitz Match,Crete GRE,2003.09.23,2003,2,"Azmaiparashvili,Z","Kasparov,G",2702.0,2830.0,0-1,black_win,win,A07,,104,52.0,21,3,2,0,True,True,11,3,True,0,10,0,dynamic
Kasparov.pgn,Kasparov,white,"Azmaiparashvili,Z",Blitz Match,Crete GRE,2003.09.23,2003,3,"Kasparov,G","Azmaiparashvili,Z",2830.0,2702.0,1/2-1/2,draw,draw,B07,,113,56.5,25,3,2,0,True,True,12,1,True,0,13,2,dynamic
Kasparov.pgn,Kasparov,black,"Azmaiparashvili,Z",Blitz Match,Crete GRE,2003.09.23,2003,4,"Azmaiparashvili,Z","Kasparov,G",2702.0,2830.0,0-1,black_win,win,A04,,75,37.5,20,6,2,0,True,True,11,4,True,0,9,2,dynamic
Kasparov.pgn,Kasparov,white,"Chuchelov,V",ECC,Rethymnon GRE,2003.09.28,2003,1,"Kasparov,G","Chuchelov,V",2830.0,2608.0,1-0,white_win,win,E39,,53,26.5,13,2,2,0,True,True,7,2,True,0,6,0,dynamic
Kasparov.pgn,Kasparov,white,"Jobava,Ba",ECC,Rethymnon GRE,2003.09.30,2003,3,"Kasparov,G","Jobava,Ba",2830.0,2596.0,1-0,white_win,win,B12,,104,52.0,20,4,0,0,False,False,10,3,False,0,10,1,dynamic
Kasparov.pgn,Kasparov,black,"Sakaev,K",ECC,Rethymnon GRE,2003.10.01,2003,4,"Sakaev,K","Kasparov,G",2655.0,2830.0,0-1,black_win,win,D18,,81,40.5,18,2,2,0,True,True,10,2,True,0,8,0,dynamic
Kasparov.pgn,Kasparov,white,"Grischuk,A",ECC,Rethymnon GRE,2003.10.02,2003,5,"Kasparov,G","Grischuk,A",2830.0,2732.0,1-0,white_win,win,E32,,125,62.5,21,9,2,0,True,True,10,6,True,0,11,3,dynamic
Kasparov.pgn,Kasparov,black,"Huzman,A",ECC,Rethymnon GRE,2003.10.03,2003,6,"Huzman,A","Kasparov,G",2574.0,2830.0,1-0,white_win,loss,D45,,43,21.5,8,0,2,0,True,True,3,0,True,0,5,0,dynamic
Kasparov.pgn,Kasparov,black,"Ivanchuk,V",ECC,Rethymnon GRE,2003.10.04,2003,7,"Ivanchuk,V","Kasparov,G",2710.0,2830.0,1/2-1/2,draw,draw,E32,,83,41.5,23,4,2,0,True,True,11,2,True,0,12,2,dynamic
Kasparov.pgn,Kasparov,white,"Faulks, N.",Belzberg Simul,London ENG,2003.10.20,2003,?,"Kasparov, G.","Faulks, N.",,,1-0,white_win,win,A29,,79,39.5,23,6,2,0,True,True,12,3,True,0,11,3,dynamic
Kasparov.pgn,Kasparov,white,"Hogarth,M",Belzberg Simul,London ENG,2003.10.20,2003,?,"Kasparov,G","Hogarth,M",,,1-0,white_win,win,B52,,57,28.5,14,5,1,0,False,True,8,4,False,0,6,1,dynamic
Kasparov.pgn,Kasparov,white,"Wilson,J",Belzberg Simul,London ENG,2003.10.20,2003,?,"Kasparov,G","Wilson,J",2830.0,2303.0,1-0,white_win,win,D32,,111,55.5,22,6,2,0,True,True,11,3,True,0,11,3,dynamic
Kasparov.pgn,Kasparov,white,"Van Beurden,M",Belzberg Simul,London ENG,2003.10.20,2003,?,"Kasparov,G","Van Beurden,M",,,1-0,white_win,win,C00,,67,33.5,16,3,2,0,True,True,7,3,True,0,9,0,dynamic
Kasparov.pgn,Kasparov,white,"Belzberg, S.",Belzberg Simul,London ENG,2003.10.20,2003,?,"Kasparov, G.","Belzberg, S.",,,1-0,white_win,win,D78,,55,27.5,12,4,2,0,True,True,6,2,True,0,6,2,dynamic
Kasparov.pgn,Kasparov,white,X3D FRITZ,X3D Match,New York USA,2003.11.11,2003,1,"Kasparov,G",X3D FRITZ,2830.0,,1/2-1/2,draw,draw,D45,,73,36.5,16,5,2,0,True,True,7,1,True,0,9,4,dynamic
Kasparov.pgn,Kasparov,black,X3D FRITZ,X3D Match,New York USA,2003.11.13,2003,2,X3D FRITZ,"Kasparov,G",,2830.0,1-0,white_win,loss,C66,,77,38.5,15,2,2,0,True,True,7,0,True,0,8,2,dynamic
Kasparov.pgn,Kasparov,white,X3D FRITZ,X3D Match,New York USA,2003.11.16,2003,3,"Kasparov,G",X3D FRITZ,2830.0,,1-0,white_win,win,D45,,89,44.5,5,0,1,0,False,True,3,0,False,0,2,0,dynamic
Kasparov.pgn,Kasparov,black,X3D FRITZ,X3D Match,New York USA,2003.11.18,2003,4,X3D FRITZ,"Kasparov,G",,2830.0,1/2-1/2,draw,draw,D27,,54,27.0,22,3,2,0,True,True,11,1,True,0,11,2,dynamic
Kasparov.pgn,Kasparov,black,"Shirov,A",XXI SuperGM,Linares ESP,2004.02.19,2004,1,"Shirov,A","Kasparov,G",2736.0,2831.0,1/2-1/2,draw,draw,B90,,70,35.0,13,3,2,0,True,True,6,3,True,0,7,0,dynamic
Kasparov.pgn,Kasparov,white,"Radjabov,T",XXI SuperGM,Linares ESP,2004.02.20,2004,2,"Kasparov,G","Radjabov,T",2831.0,2656.0,1/2-1/2,draw,draw,B30,,84,42.0,24,1,2,0,True,True,12,0,True,0,12,1,dynamic
Kasparov.pgn,Kasparov,black,"Leko,P",XXI SuperGM,Linares ESP,2004.02.21,2004,3,"Leko,P","Kasparov,G",2722.0,2831.0,1/2-1/2,draw,draw,B90,,82,41.0,20,11,1,0,False,True,10,1,True,0,10,10,dynamic
Kasparov.pgn,Kasparov,white,"Kramnik,V",XXI SuperGM,Linares ESP,2004.02.23,2004,5,"Kasparov,G","Kramnik,V",2831.0,2777.0,1/2-1/2,draw,draw,E12,,87,43.5,13,0,2,0,True,True,6,0,True,0,7,0,dynamic
Kasparov.pgn,Kasparov,black,"Topalov,V",XXI SuperGM,Linares ESP,2004.02.25,2004,6,"Topalov,V","Kasparov,G",2735.0,2831.0,1/2-1/2,draw,draw,D15,,71,35.5,18,1,2,0,True,True,9,1,True,0,9,0,dynamic
Kasparov.pgn,Kasparov,white,"Vallejo Pons,F",XXI SuperGM,Linares ESP,2004.02.26,2004,7,"Kasparov,G","Vallejo Pons,F",2831.0,2663.0,1-0,white_win,win,D45,,73,36.5,12,5,2,0,True,True,6,5,True,0,6,0,dynamic
Kasparov.pgn,Kasparov,white,"Shirov,A",XXI SuperGM,Linares ESP,2004.02.27,2004,8,"Kasparov,G","Shirov,A",2831.0,2736.0,1/2-1/2,draw,draw,C88,,99,49.5,18,8,2,0,True,True,9,5,True,0,9,3,dynamic
Kasparov.pgn,Kasparov,black,"Radjabov,T",XXI SuperGM,Linares ESP,2004.02.28,2004,9,"Radjabov,T","Kasparov,G",2656.0,2831.0,1/2-1/2,draw,draw,C45,,115,57.5,25,12,0,1,False,False,13,4,False,0,12,8,dynamic
Kasparov.pgn,Kasparov,white,"Leko,P",XXI SuperGM,Linares ESP,2004.02.29,2004,10,"Kasparov,G","Leko,P",2831.0,2722.0,1/2-1/2,draw,draw,B30,,38,19.0,4,1,2,0,True,True,2,0,True,0,2,1,dynamic
Kasparov.pgn,Kasparov,black,"Kramnik,V",XXI SuperGM,Linares ESP,2004.03.03,2004,12,"Kramnik,V","Kasparov,G",2777.0,2831.0,1/2-1/2,draw,draw,D27,,33,16.5,10,2,1,0,True,False,5,0,False,0,5,2,dynamic
Kasparov.pgn,Kasparov,white,"Topalov,V",XXI SuperGM,Linares ESP,2004.03.04,2004,13,"Kasparov,G","Topalov,V",2831.0,2735.0,1/2-1/2,draw,draw,C88,,75,37.5,13,7,2,0,True,True,7,7,True,0,6,0,dynamic
Kasparov.pgn,Kasparov,black,"Vallejo Pons,F",XXI SuperGM,Linares ESP,2004.03.05,2004,14,"Vallejo Pons,F","Kasparov,G",2663.0,2831.0,1/2-1/2,draw,draw,B90,,108,54.0,20,5,2,0,True,True,10,4,True,0,10,1,dynamic
Kasparov.pgn,Kasparov,white,"Olafsson,H1",Blitz,Reykjavik ISL,2004.03.17,2004,1,"Kasparov,G","Olafsson,H1",2831.0,2504.0,1-0,white_win,win,D39,,43,21.5,12,4,1,0,False,True,6,2,False,0,6,2,dynamic
Kasparov.pgn,Kasparov,black,"Karpov,Ana",Blitz,Reykjavik ISL,2004.03.17,2004,2,"Karpov,Ana","Kasparov,G",2682.0,2831.0,1/2-1/2,draw,draw,D48,,69,34.5,16,1,2,0,True,True,8,0,True,0,8,1,dynamic
Kasparov.pgn,Kasparov,white,"Carlsen,M",Blitz,Reykjavik ISL,2004.03.17,2004,10,"Kasparov,G","Carlsen,M",2831.0,2484.0,1-0,white_win,win,A31,,41,20.5,11,0,2,0,True,True,6,0,True,0,5,0,dynamic
Kasparov.pgn,Kasparov,white,"Hjartarson,J",Blitz,Reykjavik ISL,2004.03.17,2004,12,"Kasparov,G","Hjartarson,J",2831.0,2640.0,1-0,white_win,win,E21,,61,30.5,10,0,2,0,True,True,5,0,True,0,5,0,dynamic
Kasparov.pgn,Kasparov,white,"Petursson,M",Blitz,Reykjavik ISL,2004.03.17,2004,14,"Kasparov,G","Petursson,M",2831.0,2540.0,1-0,white_win,win,B51,,52,26.0,8,0,2,0,True,True,4,0,True,0,4,0,dynamic
Kasparov.pgn,Kasparov,white,"Carlsen,M",Rapid,Reykjavik ISL,2004.03.18,2004,1.2,"Kasparov,G","Carlsen,M",2831.0,2484.0,1-0,white_win,win,E92,,63,31.5,16,1,2,0,True,True,8,0,True,0,8,1,dynamic
Kasparov.pgn,Kasparov,black,"Carlsen,M",Rapid,Reykjavik ISL,2004.03.18,2004,1.1,"Carlsen,M","Kasparov,G",2484.0,2831.0,1/2-1/2,draw,draw,D52,,103,51.5,21,5,2,0,True,True,10,2,True,0,11,3,dynamic
Kasparov.pgn,Kasparov,white,"Timman,J",Rapid,Reykjavik ISL,2004.03.19,2004,2.2,"Kasparov,G","Timman,J",2831.0,2578.0,1-0,white_win,win,E01,,61,30.5,18,1,2,0,True,True,9,0,True,0,9,1,dynamic
Kasparov.pgn,Kasparov,black,"Timman,J",Rapid,Reykjavik ISL,2004.03.19,2004,2.1,"Timman,J","Kasparov,G",2578.0,2831.0,1/2-1/2,draw,draw,D45,,40,20.0,10,0,2,0,True,True,5,0,True,0,5,0,dynamic
Kasparov.pgn,Kasparov,black,"Nielsen,PH",Rapid,Reykjavik ISL,2004.03.20,2004,3.2,"Nielsen,PH","Kasparov,G",2638.0,2831.0,1/2-1/2,draw,draw,D37,,61,30.5,15,4,2,0,True,True,8,0,True,0,7,4,dynamic
Kasparov.pgn,Kasparov,white,"Nielsen,PH",Rapid,Reykjavik ISL,2004.03.20,2004,3.1,"Kasparov,G","Nielsen,PH",2831.0,2638.0,1/2-1/2,draw,draw,D45,,71,35.5,14,3,1,0,True,False,7,3,True,0,7,0,dynamic
Kasparov.pgn,Kasparov,white,"Nielsen,PH",Rapid,Reykjavik ISL,2004.03.20,2004,3.3,"Kasparov,G","Nielsen,PH",2831.0,2638.0,1-0,white_win,win,D45,,81,40.5,20,1,2,0,True,True,10,1,True,0,10,0,dynamic
Kasparov.pgn,Kasparov,white,"Short,N",Rapid,Reykjavik ISL,2004.03.21,2004,4.2,"Kasparov,G","Short,N",2831.0,2702.0,1/2-1/2,draw,draw,D47,,106,53.0,23,2,1,0,True,False,12,1,True,0,11,1,dynamic
Kasparov.pgn,Kasparov,black,"Short,N",Rapid,Reykjavik ISL,2004.03.21,2004,4.1,"Short,N","Kasparov,G",2702.0,2831.0,0-1,black_win,win,B84,,72,36.0,15,7,2,0,True,True,7,6,True,0,8,1,dynamic
Kasparov.pgn,Kasparov,white,"Van Wely,L",ARM-ROW Match,Moscow RUS,2004.06.10,2004,1,"Kasparov,G","Van Wely,L",2817.0,2651.0,1-0,white_win,win,A33,,65,32.5,13,0,2,0,True,True,7,0,True,0,6,0,dynamic
Kasparov.pgn,Kasparov,black,"Vallejo Pons,F",ARM-ROW Match,Moscow RUS,2004.06.11,2004,2,"Vallejo Pons,F","Kasparov,G",2666.0,2817.0,1/2-1/2,draw,draw,B97,,67,33.5,18,10,2,0,True,True,11,10,True,0,7,0,dynamic
Kasparov.pgn,Kasparov,white,"Bacrot,E",ARM-ROW Match,Moscow RUS,2004.06.12,2004,3,"Kasparov,G","Bacrot,E",2817.0,2675.0,1/2-1/2,draw,draw,C88,,132,66.0,26,3,2,0,True,True,13,1,True,0,13,2,dynamic
Kasparov.pgn,Kasparov,white,"Adams,Mi",ARM-ROW Match,Moscow RUS,2004.06.13,2004,4,"Kasparov,G","Adams,Mi",2817.0,2731.0,1/2-1/2,draw,draw,A30,,90,45.0,16,0,2,0,True,True,8,0,True,0,8,0,dynamic
Kasparov.pgn,Kasparov,black,"Svidler,P",ARM-ROW Match,Moscow RUS,2004.06.14,2004,5,"Svidler,P","Kasparov,G",2733.0,2817.0,1/2-1/2,draw,draw,B31,,116,58.0,25,4,2,0,True,True,12,1,True,0,13,3,dynamic
Kasparov.pgn,Kasparov,black,"Anand,V",ARM-ROW Match,Moscow RUS,2004.06.15,2004,6,"Anand,V","Kasparov,G",2774.0,2817.0,1/2-1/2,draw,draw,B33,,51,25.5,11,1,2,0,True,True,5,0,True,0,6,1,dynamic
Kasparov.pgn,Kasparov,white,"Camargo,Silvio Eduardo",450th An Simul,Sao Paolo BRA,2004.08.21,2004,?,"Kasparov,G","Camargo,Silvio Eduardo",2817.0,,1-0,white_win,win,B18,,81,40.5,13,1,1,0,False,True,8,0,False,0,5,1,dynamic
Kasparov.pgn,Kasparov,white,"Morales,Cesar",450th An Simul,Sao Paolo BRA,2004.08.21,2004,?,"Kasparov,G","Morales,Cesar",2817.0,,1-0,white_win,win,B05,,56,28.0,6,0,2,0,True,True,3,0,True,0,3,0,dynamic
Kasparov.pgn,Kasparov,white,"Horiguti,Augusto",450th An Simul,Sao Paolo BRA,2004.08.21,2004,?,"Kasparov,G","Horiguti,Augusto",2817.0,,1-0,white_win,win,A48,,73,36.5,12,0,2,0,True,True,6,0,True,0,6,0,dynamic
Kasparov.pgn,Kasparov,white,"Bann,Ellery",450th An Simul,Sao Paolo BRA,2004.08.21,2004,?,"Kasparov,G","Bann,Ellery",2817.0,,1-0,white_win,win,A48,,87,43.5,17,1,2,0,True,True,10,1,True,0,7,0,dynamic
Kasparov.pgn,Kasparov,white,"Meyer,Joseph Nigra",450th An Simul,Sao Paolo BRA,2004.08.21,2004,?,"Kasparov,G","Meyer,Joseph Nigra",2817.0,,1-0,white_win,win,B12,,59,29.5,11,2,1,0,False,True,6,2,False,0,5,0,dynamic
Kasparov.pgn,Kasparov,white,"Abud,Ronaldo",450th An Simul,Sao Paolo BRA,2004.08.21,2004,?,"Kasparov,G","Abud,Ronaldo",2817.0,,1-0,white_win,win,C73,,47,23.5,11,4,2,0,True,True,6,4,True,0,5,0,dynamic
Kasparov.pgn,Kasparov,white,"Yamamoto,Paulo",450th An Simul,Sao Paolo BRA,2004.08.21,2004,?,"Kasparov,G","Yamamoto,Paulo",2817.0,,1-0,white_win,win,B50,,55,27.5,11,2,2,1,True,True,6,2,True,1,5,0,dynamic
Kasparov.pgn,Kasparov,white,"Jukemura,L",450th An Simul,Sao Paolo BRA,2004.08.21,2004,?,"Kasparov,G","Jukemura,L",2817.0,1965.0,1-0,white_win,win,D06,,57,28.5,10,1,2,0,True,True,6,1,True,0,4,0,dynamic
Kasparov.pgn,Kasparov,white,"Quadros,Andr",450th An Simul,Sao Paolo BRA,2004.08.21,2004,?,"Kasparov,G","Quadros,Andr",2817.0,,1-0,white_win,win,A49,,91,45.5,18,0,2,0,True,True,9,0,True,0,9,0,dynamic
Kasparov.pgn,Kasparov,white,"Gomez,Gu",450th An Simul,Sao Paolo BRA,2004.08.21,2004,?,"Kasparov,G","Gomez,Gu",2817.0,1907.0,1-0,white_win,win,C54,,51,25.5,6,3,1,0,False,True,3,2,False,0,3,1,dynamic
Kasparov.pgn,Kasparov,white,"Gambale,Eduardo",450th An Simul,Sao Paolo BRA,2004.08.21,2004,?,"Kasparov,G","Gambale,Eduardo",2817.0,,1-0,white_win,win,B31,,64,32.0,10,0,2,0,True,True,5,0,True,0,5,0,dynamic
Kasparov.pgn,Kasparov,white,"Terao,J",450th An Simul,Sao Paolo BRA,2004.08.21,2004,?,"Kasparov,G","Terao,J",2817.0,1992.0,1-0,white_win,win,D35,,40,20.0,13,0,2,0,True,True,7,0,True,0,6,0,dynamic
Kasparov.pgn,Kasparov,white,"Jukemura,R",450th An Simul,Sao Paolo BRA,2004.08.21,2004,?,"Kasparov,G","Jukemura,R",2817.0,2081.0,1-0,white_win,win,B31,,61,30.5,17,3,2,0,True,True,9,2,True,0,8,1,dynamic
Kasparov.pgn,Kasparov,white,"Pereira,Amanda Marques",450th An Simul,Sao Paolo BRA,2004.08.21,2004,?,"Kasparov,G","Pereira,Amanda Marques",2817.0,,1-0,white_win,win,B12,,67,33.5,15,2,2,0,True,True,10,2,True,0,5,0,dynamic
Kasparov.pgn,Kasparov,white,"Carneiro,Marco Paulo",450th An Simul,Sao Paolo BRA,2004.08.21,2004,?,"Kasparov,G","Carneiro,Marco Paulo",2817.0,,1-0,white_win,win,A45,,57,28.5,18,7,1,0,True,False,11,7,True,0,7,0,dynamic
Kasparov.pgn,Kasparov,white,"Tambasco,Claudia",450th An Simul,Sao Paolo BRA,2004.08.21,2004,?,"Kasparov,G","Tambasco,Claudia",2817.0,,1-0,white_win,win,C05,,57,28.5,12,10,1,0,True,False,7,10,True,0,5,0,dynamic
Kasparov.pgn,Kasparov,white,"Queiroz,Agnelo",450th An Simul,Sao Paolo BRA,2004.08.21,2004,?,"Kasparov,G","Queiroz,Agnelo",2817.0,,1-0,white_win,win,C54,,45,22.5,7,0,1,0,False,True,4,0,False,0,3,0,dynamic
Kasparov.pgn,Kasparov,black,"Rublevsky,S",20th ECC,Izmir TUR,2004.10.04,2004,2,"Rublevsky,S","Kasparov,G",2649.0,2813.0,1-0,white_win,loss,B30,,113,56.5,25,10,2,0,True,True,12,5,True,0,13,5,dynamic
Kasparov.pgn,Kasparov,white,"Shirov,A",20th ECC,Izmir TUR,2004.10.05,2004,3,"Kasparov,G","Shirov,A",2813.0,2726.0,1-0,white_win,win,C83,,79,39.5,21,4,2,0,True,True,10,3,True,0,11,1,dynamic
Kasparov.pgn,Kasparov,black,"Azarov,S",20th ECC,Izmir TUR,2004.10.06,2004,4,"Azarov,S","Kasparov,G",2556.0,2813.0,1/2-1/2,draw,draw,B97,,54,27.0,16,4,2,0,True,True,10,4,True,0,6,0,dynamic
Kasparov.pgn,Kasparov,white,"Adams,Mi",20th ECC,Izmir TUR,2004.10.07,2004,5,"Kasparov,G","Adams,Mi",2813.0,2740.0,1/2-1/2,draw,draw,E37,,55,27.5,19,9,1,0,False,True,9,3,False,0,10,6,dynamic
Kasparov.pgn,Kasparov,black,"Sax,G",20th ECC,Izmir TUR,2004.10.08,2004,6,"Sax,G","Kasparov,G",2560.0,2813.0,1/2-1/2,draw,draw,B51,,39,19.5,8,1,2,0,True,True,4,0,True,0,4,1,dynamic
Kasparov.pgn,Kasparov,white,"Huzman,A",20th ECC,Izmir TUR,2004.10.09,2004,7,"Kasparov,G","Huzman,A",2813.0,2581.0,1/2-1/2,draw,draw,C41,,100,50.0,20,3,2,0,True,True,10,3,True,0,10,0,dynamic
Kasparov.pgn,Kasparov,white,"Bareev,E",57th ch-RUS,Moscow RUS,2004.11.15,2004,1,"Kasparov,G","Bareev,E",2813.0,2715.0,1-0,white_win,win,B19,,95,47.5,23,2,2,0,True,True,11,1,True,0,12,1,dynamic
Kasparov.pgn,Kasparov,black,"Korotylev,A",57th ch-RUS,Moscow RUS,2004.11.16,2004,2,"Korotylev,A","Kasparov,G",2596.0,2813.0,1/2-1/2,draw,draw,E12,,51,25.5,8,1,2,0,True,True,4,0,True,0,4,1,dynamic
Kasparov.pgn,Kasparov,white,"Motylev,A",57th ch-RUS,Moscow RUS,2004.11.18,2004,4,"Kasparov,G","Motylev,A",2813.0,2651.0,1/2-1/2,draw,draw,C42,,152,76.0,25,16,2,1,True,True,13,8,True,0,12,8,dynamic
Kasparov.pgn,Kasparov,black,"Epishin,V",57th ch-RUS,Moscow RUS,2004.11.20,2004,5,"Epishin,V","Kasparov,G",2599.0,2813.0,1/2-1/2,draw,draw,E46,,83,41.5,18,3,2,0,True,True,9,0,True,0,9,3,dynamic
Kasparov.pgn,Kasparov,white,"Dreev,A",57th ch-RUS,Moscow RUS,2004.11.21,2004,6,"Kasparov,G","Dreev,A",2813.0,2698.0,1-0,white_win,win,D43,,117,58.5,25,7,1,0,True,False,12,6,True,0,13,1,dynamic
Kasparov.pgn,Kasparov,black,"Tseshkovsky,V",57th ch-RUS,Moscow RUS,2004.11.22,2004,7,"Tseshkovsky,V","Kasparov,G",2577.0,2813.0,0-1,black_win,win,B84,,78,39.0,19,1,2,0,True,True,9,0,True,0,10,1,dynamic
Kasparov.pgn,Kasparov,white,"Svidler,P",57th ch-RUS,Moscow RUS,2004.11.24,2004,8,"Kasparov,G","Svidler,P",2813.0,2735.0,1-0,white_win,win,D10,,113,56.5,23,9,2,0,True,True,12,5,True,0,11,4,dynamic
Kasparov.pgn,Kasparov,black,"Timofeev,Arty",57th ch-RUS,Moscow RUS,2004.11.25,2004,9,"Timofeev,Arty","Kasparov,G",2611.0,2813.0,0-1,black_win,win,B50,,84,42.0,18,2,2,0,True,True,9,2,True,0,9,0,dynamic
Kasparov.pgn,Kasparov,white,"Morozevich,A",57th ch-RUS,Moscow RUS,2004.11.26,2004,10,"Kasparov,G","Morozevich,A",2813.0,2758.0,1/2-1/2,draw,draw,D10,,100,50.0,20,4,1,0,True,False,10,3,True,0,10,1,dynamic
Kasparov.pgn,Kasparov,black,"Grischuk,A",57th ch-RUS,Moscow RUS,2004.11.27,2004,11,"Grischuk,A","Kasparov,G",2704.0,2813.0,1/2-1/2,draw,draw,B90,,77,38.5,17,0,1,0,True,False,8,0,False,0,9,0,dynamic
Kasparov.pgn,Kasparov,black,"Leko,P",XXII SuperGM,Linares ESP,2005.02.23,2005,1,"Leko,P","Kasparov,G",2749.0,2804.0,1/2-1/2,draw,draw,B90,,51,25.5,7,0,2,0,True,True,4,0,True,0,3,0,dynamic
Kasparov.pgn,Kasparov,white,"Kasimdzhanov,R",XXII SuperGM,Linares ESP,2005.02.24,2005,2,"Kasparov,G","Kasimdzhanov,R",2804.0,2678.0,1/2-1/2,draw,draw,C42,,102,51.0,26,4,2,0,True,True,13,1,True,0,13,3,dynamic
Kasparov.pgn,Kasparov,black,"Vallejo Pons,F",XXII SuperGM,Linares ESP,2005.02.25,2005,3,"Vallejo Pons,F","Kasparov,G",2686.0,2804.0,0-1,black_win,win,D02,,58,29.0,20,1,2,0,True,True,11,1,True,0,9,0,dynamic
Kasparov.pgn,Kasparov,white,"Adams,Mi",XXII SuperGM,Linares ESP,2005.02.27,2005,5,"Kasparov,G","Adams,Mi",2804.0,2741.0,1-0,white_win,win,E37,,107,53.5,21,7,2,0,True,True,11,3,True,0,10,4,dynamic
Kasparov.pgn,Kasparov,black,"Anand,V",XXII SuperGM,Linares ESP,2005.02.28,2005,6,"Anand,V","Kasparov,G",2786.0,2804.0,1/2-1/2,draw,draw,B33,,88,44.0,17,1,2,0,True,True,9,1,True,0,8,0,dynamic
Kasparov.pgn,Kasparov,white,"Topalov,V",XXII SuperGM,Linares ESP,2005.03.02,2005,7,"Kasparov,G","Topalov,V",2804.0,2757.0,1/2-1/2,draw,draw,C88,,42,21.0,6,0,2,0,True,True,3,0,True,0,3,0,dynamic
Kasparov.pgn,Kasparov,white,"Leko,P",XXII SuperGM,Linares ESP,2005.03.03,2005,8,"Kasparov,G","Leko,P",2804.0,2749.0,1/2-1/2,draw,draw,B30,,61,30.5,14,3,2,0,True,True,7,2,True,0,7,1,dynamic
Kasparov.pgn,Kasparov,black,"Kasimdzhanov,R",XXII SuperGM,Linares ESP,2005.03.04,2005,9,"Kasimdzhanov,R","Kasparov,G",2678.0,2804.0,0-1,black_win,win,D47,,72,36.0,20,5,2,0,True,True,11,3,True,0,9,2,dynamic
Kasparov.pgn,Kasparov,white,"Vallejo Pons,F",XXII SuperGM,Linares ESP,2005.03.05,2005,10,"Kasparov,G","Vallejo Pons,F",2804.0,2686.0,1-0,white_win,win,D12,,107,53.5,21,11,2,0,True,True,11,9,True,0,10,2,dynamic
Kasparov.pgn,Kasparov,black,"Adams,Mi",XXII SuperGM,Linares ESP,2005.03.08,2005,12,"Adams,Mi","Kasparov,G",2741.0,2804.0,0-1,black_win,win,B90,,52,26.0,9,2,2,0,True,True,5,1,True,0,4,1,dynamic
Kasparov.pgn,Kasparov,white,"Anand,V",XXII SuperGM,Linares ESP,2005.03.09,2005,13,"Kasparov,G","Anand,V",2804.0,2786.0,1/2-1/2,draw,draw,C42,,43,21.5,8,0,2,0,True,True,4,0,True,0,4,0,dynamic
Kasparov.pgn,Kasparov,black,"Topalov,V",XXII SuperGM,Linares ESP,2005.03.10,2005,14,"Topalov,V","Kasparov,G",2757.0,2804.0,1-0,white_win,loss,B30,,59,29.5,17,2,1,0,True,False,8,2,False,0,9,0,dynamic
Kasparov.pgn,Kasparov,white,"Korchnoi,V",Lichthof Champions Blitz,Zurich SUI,2006.08.22,2006,1,"Kasparov,G","Korchnoi,V",2812.0,2600.0,1-0,white_win,win,E11,,45,22.5,10,2,2,0,True,True,5,1,True,0,5,1,dynamic
Kasparov.pgn,Kasparov,black,"Polgar,Ju",Lichthof Champions Blitz,Zurich SUI,2006.08.22,2006,2,"Polgar,Ju","Kasparov,G",2710.0,2812.0,0-1,black_win,win,B80,,56,28.0,10,2,2,0,True,True,5,2,True,0,5,0,dynamic
Kasparov.pgn,Kasparov,white,"Karpov,Ana",Lichthof Champions Blitz,Zurich SUI,2006.08.22,2006,3,"Kasparov,G","Karpov,Ana",2812.0,2668.0,1/2-1/2,draw,draw,E12,,106,53.0,16,1,2,0,True,True,8,1,True,0,8,0,dynamic
Kasparov.pgn,Kasparov,black,"Korchnoi,V",Lichthof Champions Blitz,Zurich SUI,2006.08.22,2006,4,"Korchnoi,V","Kasparov,G",2600.0,2812.0,1/2-1/2,draw,draw,D25,,90,45.0,24,10,1,0,False,True,12,10,True,0,12,0,dynamic
Kasparov.pgn,Kasparov,white,"Polgar,Ju",Lichthof Champions Blitz,Zurich SUI,2006.08.22,2006,5,"Kasparov,G","Polgar,Ju",2812.0,2710.0,1-0,white_win,win,E60,,93,46.5,20,11,2,0,True,True,11,11,True,0,9,0,dynamic
Kasparov.pgn,Kasparov,black,"Karpov,Ana",Lichthof Champions Blitz,Zurich SUI,2006.08.22,2006,6,"Karpov,Ana","Kasparov,G",2668.0,2812.0,1/2-1/2,draw,draw,D27,,38,19.0,12,0,1,0,True,False,6,0,False,0,6,0,dynamic
Kasparov.pgn,Kasparov,white,"Jaburek,Jiri",Simul,Hluboka CZE,2008.03.30,2008,?,"Kasparov,G","Jaburek,Jiri",2812.0,,1-0,white_win,win,C09,,31,15.5,9,0,2,0,True,True,5,0,True,0,4,0,dynamic
Kasparov.pgn,Kasparov,white,"Matocha,P",Simul,Hluboka CZE,2008.03.30,2008,?,"Kasparov,G","Matocha,P",2812.0,2005.0,1-0,white_win,win,C77,,49,24.5,14,2,2,0,True,True,8,2,True,0,6,0,dynamic
Kasparov.pgn,Kasparov,white,"Bivoj,Fridrich",Simul,Hluboka CZE,2008.03.30,2008,?,"Kasparov,G","Bivoj,Fridrich",2812.0,,1-0,white_win,win,C41,,51,25.5,17,2,2,0,True,True,9,1,True,0,8,1,dynamic
Kasparov.pgn,Kasparov,white,"Nemec,Igor",Simul,Hluboka CZE,2008.03.30,2008,?,"Kasparov,G","Nemec,Igor",2812.0,,1-0,white_win,win,B07,,49,24.5,6,1,1,0,True,False,3,1,True,0,3,0,dynamic
Kasparov.pgn,Kasparov,white,"Vaculik,M",VIP Game,Hluboka CZE,2008.03.30,2008,1,"Kasparov,G","Vaculik,M",2812.0,2260.0,1-0,white_win,win,D27,,107,53.5,25,5,2,1,True,True,12,2,True,1,13,3,dynamic
Kasparov.pgn,Kasparov,white,"Bicchierai,G",Corse Simul,Bastia FRA,2008.10.26,2008,1,"Kasparov,G","Bicchierai,G",2812.0,2090.0,1-0,white_win,win,D30,,51,25.5,14,2,2,0,True,True,7,1,True,0,7,1,dynamic
Kasparov.pgn,Kasparov,white,"Cristofari,A",Corse Simul,Bastia FRA,2008.10.26,2008,1,"Kasparov,G","Cristofari,A",2812.0,2136.0,1-0,white_win,win,C97,,63,31.5,11,0,2,0,True,True,6,0,True,0,5,0,dynamic
Kasparov.pgn,Kasparov,white,"Massoni,M",Corse Simul,Bastia FRA,2008.10.26,2008,1,"Kasparov,G","Massoni,M",2812.0,2244.0,1-0,white_win,win,B40,,49,24.5,11,1,2,0,True,True,6,1,True,0,5,0,dynamic
Kasparov.pgn,Kasparov,white,"Vilaisarn,A",Corse Simul,Bastia FRA,2008.10.26,2008,1,"Kasparov,G","Vilaisarn,A",2812.0,2248.0,1-0,white_win,win,C11,,47,23.5,7,2,1,0,False,True,4,1,False,0,3,1,dynamic
Kasparov.pgn,Kasparov,white,"Humeau,C",Corse Simul,Bastia FRA,2008.10.26,2008,1,"Kasparov,G","Humeau,C",2812.0,2203.0,1-0,white_win,win,D31,,63,31.5,21,2,2,0,True,True,11,1,True,0,10,1,dynamic
Kasparov.pgn,Kasparov,white,"Gaehwiler,G",Champions Simul,Zuerich SUI,2009.08.23,2009,1,"Kasparov,G","Gaehwiler,G",2812.0,2247.0,1-0,white_win,win,B52,,69,34.5,19,3,2,0,True,True,10,3,True,0,9,0,dynamic
Kasparov.pgn,Kasparov,white,"Bredl,H",Champions Simul,Zuerich SUI,2009.08.23,2009,1,"Kasparov,G","Bredl,H",2812.0,2346.0,1-0,white_win,win,D11,,69,34.5,10,0,2,0,True,True,5,0,True,0,5,0,dynamic
Kasparov.pgn,Kasparov,black,"Karpov,Ana",Rapid Match,Valencia ESP,2009.09.22,2009,1,"Karpov,Ana","Kasparov,G",2619.0,2812.0,0-1,black_win,win,D72,,47,23.5,7,0,2,0,True,True,3,0,True,0,4,0,dynamic
Kasparov.pgn,Kasparov,white,"Karpov,Ana",Rapid Match,Valencia ESP,2009.09.22,2009,2,"Kasparov,G","Karpov,Ana",2812.0,2619.0,1-0,white_win,win,D31,,56,28.0,15,3,2,0,True,True,8,3,True,0,7,0,dynamic
Kasparov.pgn,Kasparov,black,"Karpov,Ana",Rapid Match,Valencia ESP,2009.09.23,2009,3,"Karpov,Ana","Kasparov,G",2619.0,2812.0,1-0,white_win,loss,D72,,71,35.5,16,1,2,0,True,True,8,1,True,0,8,0,dynamic
Kasparov.pgn,Kasparov,white,"Karpov,Ana",Rapid Match,Valencia ESP,2009.09.23,2009,4,"Kasparov,G","Karpov,Ana",2812.0,2619.0,1-0,white_win,win,D31,,65,32.5,10,1,2,0,True,True,5,1,True,0,5,0,dynamic
Kasparov.pgn,Kasparov,white,"Karpov,Ana",Blitz Match,Valencia ESP,2009.09.24,2009,1,"Kasparov,G","Karpov,Ana",2812.0,2619.0,0-1,black_win,loss,D31,,120,60.0,27,7,2,0,True,True,13,3,True,0,14,4,dynamic
Kasparov.pgn,Kasparov,black,"Karpov,Ana",Blitz Match,Valencia ESP,2009.09.24,2009,2,"Karpov,Ana","Kasparov,G",2619.0,2812.0,1/2-1/2,draw,draw,D22,,33,16.5,12,0,2,0,True,True,6,0,True,0,6,0,dynamic
Kasparov.pgn,Kasparov,white,"Karpov,Ana",Blitz Match,Valencia ESP,2009.09.24,2009,3,"Kasparov,G","Karpov,Ana",2812.0,2619.0,1-0,white_win,win,D31,,101,50.5,19,9,2,0,True,True,10,8,True,0,9,1,dynamic
Kasparov.pgn,Kasparov,black,"Karpov,Ana",Blitz Match,Valencia ESP,2009.09.24,2009,4,"Karpov,Ana","Kasparov,G",2619.0,2812.0,0-1,black_win,win,D72,,71,35.5,15,3,2,0,True,True,7,0,True,0,8,3,dynamic
Kasparov.pgn,Kasparov,white,"Karpov,Ana",Blitz Match,Valencia ESP,2009.09.24,2009,5,"Kasparov,G","Karpov,Ana",2812.0,2619.0,1-0,white_win,win,D31,,111,55.5,19,1,2,0,True,True,10,0,True,0,9,1,dynamic
Kasparov.pgn,Kasparov,black,"Karpov,Ana",Blitz Match,Valencia ESP,2009.09.24,2009,6,"Karpov,Ana","Kasparov,G",2619.0,2812.0,0-1,black_win,win,D02,,52,26.0,14,6,1,0,False,True,6,6,True,0,8,0,dynamic
Kasparov.pgn,Kasparov,white,"Karpov,Ana",Blitz Match,Valencia ESP,2009.09.24,2009,7,"Kasparov,G","Karpov,Ana",2812.0,2619.0,1-0,white_win,win,D31,,191,95.5,26,16,2,0,True,True,14,7,True,0,12,9,dynamic
Kasparov.pgn,Kasparov,black,"Karpov,Ana",Blitz Match,Valencia ESP,2009.09.24,2009,8,"Karpov,Ana","Kasparov,G",2619.0,2812.0,1/2-1/2,draw,draw,D72,,50,25.0,18,0,2,0,True,True,9,0,True,0,9,0,dynamic
Kasparov.pgn,Kasparov,black,"Short, Nigel:Vujatovic, Rajko",Staunton Mem Consultation game,London ENG,2010.09.08,2010,1,"Short, Nigel:Vujatovic, Rajko","Kasparov, Garry:Crumiller, Jon",,,0-1,black_win,win,B42,,66,33.0,17,4,2,0,True,True,9,4,True,0,8,0,dynamic
Kasparov.pgn,Kasparov,white,"Lopez-Yanez,Carlos Torres",UNAM Selected Simul,Mexico City MEX,2010.11.18,2010,1,"Kasparov,G","Lopez-Yanez,Carlos Torres",2812.0,,1-0,white_win,win,D37,,89,44.5,22,7,2,0,True,True,12,5,True,0,10,2,dynamic
Kasparov.pgn,Kasparov,white,"Vazquez Cruz,Jorge Matias",UNAM Selected Simul,Mexico City MEX,2010.11.18,2010,1,"Kasparov,G","Vazquez Cruz,Jorge Matias",2812.0,,1-0,white_win,win,A56,,55,27.5,11,0,2,0,True,True,6,0,True,0,5,0,dynamic
Kasparov.pgn,Kasparov,white,"Hernandez De La Vega,Alej",UNAM Selected Simul,Mexico City MEX,2010.11.18,2010,1,"Kasparov,G","Hernandez De La Vega,Alej",2812.0,1804.0,1-0,white_win,win,B06,,61,30.5,10,0,2,0,True,True,6,0,True,0,4,0,dynamic
Kasparov.pgn,Kasparov,white,"Sanchez Guzman,Tania",UNAM Selected Simul,Mexico City MEX,2010.11.18,2010,1,"Kasparov,G","Sanchez Guzman,Tania",2812.0,,1-0,white_win,win,A23,,121,60.5,26,8,2,0,True,True,14,5,True,0,12,3,dynamic
Kasparov.pgn,Kasparov,white,"Vachier Lagrave,M",Kasparov in Clichy,Clichy FRA,2011.09.17,2011,1,"Kasparov,G","Vachier Lagrave,M",2812.0,2715.0,1-0,white_win,win,B51,,117,58.5,21,8,2,2,True,True,10,4,True,1,11,4,dynamic
Kasparov.pgn,Kasparov,black,"Vachier Lagrave,M",Kasparov in Clichy,Clichy FRA,2011.09.17,2011,2,"Vachier Lagrave,M","Kasparov,G",2715.0,2812.0,1/2-1/2,draw,draw,C88,,98,49.0,20,6,2,0,True,True,10,2,True,0,10,4,dynamic
Kasparov.pgn,Kasparov,white,"Short,N",Your Next Move Blitz,Leuven BEL,2011.10.09,2011,1,"Kasparov,G","Short,N",2812.0,2698.0,1/2-1/2,draw,draw,E21,,132,66.0,26,7,2,0,True,True,14,2,True,0,12,5,dynamic
Kasparov.pgn,Kasparov,black,"Short,N",Your Next Move Blitz,Leuven BEL,2011.10.09,2011,2,"Short,N","Kasparov,G",2698.0,2812.0,1/2-1/2,draw,draw,B06,,101,50.5,18,1,2,0,True,True,7,1,True,0,11,0,dynamic
Kasparov.pgn,Kasparov,white,"Short,N",Your Next Move Blitz,Leuven BEL,2011.10.09,2011,3,"Kasparov,G","Short,N",2812.0,2698.0,1/2-1/2,draw,draw,D37,,115,57.5,25,5,2,0,True,True,12,2,True,0,13,3,dynamic
Kasparov.pgn,Kasparov,black,"Short,N",Your Next Move Blitz,Leuven BEL,2011.10.09,2011,4,"Short,N","Kasparov,G",2698.0,2812.0,0-1,black_win,win,C52,,118,59.0,24,6,2,0,True,True,12,2,True,0,12,4,dynamic
Kasparov.pgn,Kasparov,white,"Short,N",Your Next Move Blitz,Leuven BEL,2011.10.09,2011,5,"Kasparov,G","Short,N",2812.0,2698.0,1-0,white_win,win,A30,,121,60.5,22,9,2,0,True,True,12,6,True,0,10,3,dynamic
Kasparov.pgn,Kasparov,black,"Short,N",Your Next Move Blitz,Leuven BEL,2011.10.09,2011,6,"Short,N","Kasparov,G",2698.0,2812.0,1-0,white_win,loss,C33,,69,34.5,17,2,2,0,True,True,7,0,True,0,10,2,dynamic
Kasparov.pgn,Kasparov,white,"Short,N",Your Next Move Blitz,Leuven BEL,2011.10.09,2011,7,"Kasparov,G","Short,N",2812.0,2698.0,0-1,black_win,loss,A04,,130,65.0,17,2,1,0,True,False,8,1,True,0,9,1,dynamic
Kasparov.pgn,Kasparov,black,"Short,N",Your Next Move Blitz,Leuven BEL,2011.10.09,2011,8,"Short,N","Kasparov,G",2698.0,2812.0,0-1,black_win,win,C58,,82,41.0,19,3,2,0,True,True,9,2,True,0,10,1,dynamic
Kasparov.pgn,Kasparov,white,"Mecar,Stefan",ChessFriends Simul,Bratislava SVK,2011.10.14,2011,1,"Kasparov,G","Mecar,Stefan",2812.0,,1-0,white_win,win,C60,,47,23.5,11,2,2,0,True,True,8,2,True,0,3,0,dynamic
Kasparov.pgn,Kasparov,white,"Fiala,Viliam",ChessFriends Simul,Bratislava SVK,2011.10.14,2011,1,"Kasparov,G","Fiala,Viliam",2812.0,,1-0,white_win,win,D06,,85,42.5,17,2,1,0,False,True,9,0,False,0,8,2,dynamic
Kasparov.pgn,Kasparov,white,"Slamka,Pavol",ChessFriends Simul,Bratislava SVK,2011.10.14,2011,1,"Kasparov,G","Slamka,Pavol",2812.0,,1-0,white_win,win,A40,,61,30.5,13,8,1,0,True,False,8,8,True,0,5,0,dynamic
Kasparov.pgn,Kasparov,white,"Foldesi,M",ChessFriends Simul,Bratislava SVK,2011.10.14,2011,1,"Kasparov,G","Foldesi,M",2812.0,2072.0,1-0,white_win,win,C90,,51,25.5,5,0,2,0,True,True,3,0,True,0,2,0,dynamic
Kasparov.pgn,Kasparov,white,"Kocisky,Eduard",ChessFriends Simul,Bratislava SVK,2011.10.14,2011,1,"Kasparov,G","Kocisky,Eduard",2812.0,,1-0,white_win,win,A45,,51,25.5,13,2,0,0,False,False,7,1,False,0,6,1,dynamic
Kasparov.pgn,Kasparov,white,"Cerulik,Roman",ChessFriends Simul,Bratislava SVK,2011.10.14,2011,1,"Kasparov,G","Cerulik,Roman",2812.0,,1-0,white_win,win,C60,,71,35.5,26,1,2,1,True,True,14,1,True,1,12,0,dynamic
Kasparov.pgn,Kasparov,white,"Cerulik,Roman",ChessFriends Simul,Bratislava SVK,2011.10.14,2011,1,"Kasparov,G","Cerulik,Roman",2812.0,,1-0,white_win,win,C23,,71,35.5,16,3,2,0,True,True,10,2,True,0,6,1,dynamic
Kasparov.pgn,Kasparov,white,"Drugda,Branislav",ChessFriends Simul,Bratislava SVK,2011.10.14,2011,1,"Kasparov,G","Drugda,Branislav",2812.0,,1-0,white_win,win,D00,,61,30.5,13,0,2,0,True,True,8,0,True,0,5,0,dynamic
Kasparov.pgn,Kasparov,white,"Barrish,Daniel",Kasparov Khaylitsha Simul 2012,Cape Town RSA,2012.03.22,2012,1,"Kasparov,G","Barrish,Daniel",2812.0,1742.0,1/2-1/2,draw,draw,B52,,93,46.5,22,4,2,0,True,True,11,3,True,0,11,1,dynamic
Kasparov.pgn,Kasparov,black,"Kappushev,Ahmat",Kislovodsk Open 2013,Kislovodsk RUS,2013.01.15,2013,1,"Kappushev,Ahmat","Kasparov,Georgy",1942.0,,1-0,white_win,loss,C73,,53,26.5,16,1,2,0,True,True,6,0,True,0,10,1,dynamic
Kasparov.pgn,Kasparov,white,"Giulambarian,Roman",Kislovodsk Open 2013,Kislovodsk RUS,2013.01.16,2013,1,"Kasparov,Georgy","Giulambarian,Roman",,1762.0,0-1,black_win,loss,C50,,48,24.0,15,3,2,1,True,True,7,2,True,0,8,1,dynamic
Kasparov.pgn,Kasparov,black,"Lobzhanidze,Timur",Kislovodsk Open 2013,Kislovodsk RUS,2013.01.17,2013,3,"Lobzhanidze,Timur","Kasparov,Georgy",,,1-0,white_win,loss,C48,,67,33.5,16,2,2,0,True,True,8,1,True,0,8,1,dynamic
Kasparov.pgn,Kasparov,white,"Salpagarova,Amina",Kislovodsk Open 2013,Kislovodsk RUS,2013.01.18,2013,4,"Kasparov,Georgy","Salpagarova,Amina",,,1-0,white_win,win,C57,,23,11.5,5,0,2,0,True,True,4,0,True,0,1,0,dynamic
Kasparov.pgn,Kasparov,black,"Bychenkova,Angelina",Kislovodsk Open 2013,Kislovodsk RUS,2013.01.19,2013,5,"Bychenkova,Angelina","Kasparov,Georgy",,,1-0,white_win,loss,D02,,75,37.5,13,3,2,0,True,True,5,1,True,0,8,2,dynamic
Kasparov.pgn,Kasparov,white,"Karamyan,Roman",Kislovodsk Open 2013,Kislovodsk RUS,2013.01.20,2013,6,"Kasparov,Georgy","Karamyan,Roman",,,0-1,black_win,loss,B50,,52,26.0,10,3,2,0,True,True,4,2,True,0,6,1,dynamic
Kasparov.pgn,Kasparov,black,"Khadeev,Georgiy",Kislovodsk Open 2013,Kislovodsk RUS,2013.01.21,2013,7,"Khadeev,Georgiy","Kasparov,Georgy",,,1-0,white_win,loss,C44,,25,12.5,4,1,1,0,True,False,1,0,False,0,3,1,dynamic
Kasparov.pgn,Kasparov,white,"Laipanov,Ilyas",Kislovodsk Open 2013,Kislovodsk RUS,2013.01.23,2013,9,"Kasparov,Georgy","Laipanov,Ilyas",,,0-1,black_win,loss,C57,,66,33.0,15,8,1,0,True,False,6,5,True,0,9,3,dynamic
Kasparov.pgn,Kasparov,white,"Habu,Y",Dwango Habu vs Kasparov Rapid Match 2014,Tokyo JPN,2014.11.28,2014,1,"Kasparov,G","Habu,Y",2812.0,2415.0,1-0,white_win,win,A05,,77,38.5,18,1,2,0,True,True,10,1,True,0,8,0,dynamic
Kasparov.pgn,Kasparov,black,"Habu,Y",Dwango Habu vs Kasparov Rapid Match 2014,Tokyo JPN,2014.11.28,2014,2,"Habu,Y","Kasparov,G",2415.0,2812.0,0-1,black_win,win,B06,,96,48.0,21,3,1,0,True,False,10,0,False,0,11,3,dynamic
Kasparov.pgn,Kasparov,white,"Short,N",Legends Rapid Match 2015,Saint Louis USA,2015.04.25,2015,1,"Kasparov,G","Short,N",2812.0,2664.0,1/2-1/2,draw,draw,E11,,86,43.0,20,9,2,0,True,True,10,6,True,0,10,3,dynamic
Kasparov.pgn,Kasparov,black,"Short,N",Legends Blitz Match 2015,Saint Louis USA,2015.04.25,2015,1,"Short,N","Kasparov,G",2664.0,2812.0,0-1,black_win,win,A36,,72,36.0,19,2,2,0,True,True,9,1,True,0,10,1,dynamic
Kasparov.pgn,Kasparov,white,"Short,N",Legends Blitz Match 2015,Saint Louis USA,2015.04.25,2015,2,"Kasparov,G","Short,N",2812.0,2664.0,0-1,black_win,loss,B00,,65,32.5,13,0,2,0,True,True,6,0,True,0,7,0,dynamic
Kasparov.pgn,Kasparov,black,"Short,N",Legends Blitz Match 2015,Saint Louis USA,2015.04.25,2015,3,"Short,N","Kasparov,G",2664.0,2812.0,0-1,black_win,win,A01,,76,38.0,17,2,2,0,True,True,9,2,True,0,8,0,dynamic
Kasparov.pgn,Kasparov,white,"Short,N",Legends Blitz Match 2015,Saint Louis USA,2015.04.25,2015,4,"Kasparov,G","Short,N",2812.0,2664.0,1-0,white_win,win,D02,,129,64.5,27,10,1,2,False,True,14,6,False,1,13,4,dynamic
Kasparov.pgn,Kasparov,black,"Short,N",Legends Rapid Match 2015,Saint Louis USA,2015.04.26,2015,2,"Short,N","Kasparov,G",2664.0,2812.0,0-1,black_win,win,B91,,105,52.5,24,7,1,0,True,False,13,6,False,0,11,1,dynamic
Kasparov.pgn,Kasparov,white,"Short,N",Legends Blitz Match 2015,Saint Louis USA,2015.04.26,2015,5,"Kasparov,G","Short,N",2812.0,2664.0,1-0,white_win,win,A50,,97,48.5,16,3,1,0,False,True,8,0,False,0,8,3,dynamic
Kasparov.pgn,Kasparov,black,"Short,N",Legends Blitz Match 2015,Saint Louis USA,2015.04.26,2015,6,"Short,N","Kasparov,G",2664.0,2812.0,0-1,black_win,win,B63,,58,29.0,17,5,2,0,True,True,9,5,True,0,8,0,dynamic
Kasparov.pgn,Kasparov,white,"Short,N",Legends Blitz Match 2015,Saint Louis USA,2015.04.26,2015,7,"Kasparov,G","Short,N",2812.0,2664.0,1-0,white_win,win,C00,,79,39.5,16,3,2,0,True,True,9,3,True,0,7,0,dynamic
Kasparov.pgn,Kasparov,black,"Short,N",Legends Blitz Match 2015,Saint Louis USA,2015.04.26,2015,8,"Short,N","Kasparov,G",2664.0,2812.0,0-1,black_win,win,A48,,76,38.0,14,10,2,0,True,True,7,9,True,0,7,1,dynamic
Kasparov.pgn,Kasparov,white,"Rajkovic,Frano",Kasparov Simul Pula 2015,Pula CRO,2015.08.19,2015,1.7,"Kasparov,G","Rajkovic,Frano",2812.0,1676.0,1-0,white_win,win,A08,,53,26.5,8,3,2,0,True,True,5,3,True,0,3,0,dynamic
Kasparov.pgn,Kasparov,white,"Kocijancic,Benjamin",Kasparov Simul Pula 2015,Pula CRO,2015.08.19,2015,1.4,"Kasparov,G","Kocijancic,Benjamin",2812.0,,1-0,white_win,win,B06,,39,19.5,7,1,2,0,True,True,4,1,True,0,3,0,dynamic
Kasparov.pgn,Kasparov,white,"Radikovic,Anamarija",Kasparov Simul Pula 2015,Pula CRO,2015.08.19,2015,1.5,"Kasparov,G","Radikovic,Anamarija",2812.0,1637.0,1-0,white_win,win,B01,,83,41.5,14,2,2,0,True,True,8,2,True,0,6,0,dynamic
Kasparov.pgn,Kasparov,white,"Mikulic,Zdravko",Kasparov Simul Pula 2015,Pula CRO,2015.08.19,2015,1.9,"Kasparov,G","Mikulic,Zdravko",2812.0,,1-0,white_win,win,C40,,41,20.5,7,4,2,0,True,True,5,3,True,0,2,1,dynamic
Kasparov.pgn,Kasparov,white,"Josipovic,Ivo",Kasparov Simul Pula 2015,Pula CRO,2015.08.19,2015,1.8,"Kasparov,G","Josipovic,Ivo",2812.0,,1-0,white_win,win,A40,,50,25.0,6,1,2,0,True,True,4,1,True,0,2,0,dynamic
Kasparov.pgn,Kasparov,white,"Miletic,Boris",Kasparov Simul Pula 2015,Pula CRO,2015.08.19,2015,1.11,"Kasparov,G","Miletic,Boris",2812.0,,1-0,white_win,win,C41,,71,35.5,21,7,1,0,True,False,12,6,True,0,9,1,dynamic
Kasparov.pgn,Kasparov,white,"Franc,Borna",Kasparov Simul Pula 2015,Pula CRO,2015.08.19,2015,1.6,"Kasparov,G","Franc,Borna",2812.0,,1-0,white_win,win,A45,,35,17.5,10,4,0,0,False,False,5,2,False,0,5,2,dynamic
Kasparov.pgn,Kasparov,white,"Flego,Valter",Kasparov Simul Pula 2015,Pula CRO,2015.08.19,2015,1.10,"Kasparov,G","Flego,Valter",2812.0,,1-0,white_win,win,D20,,53,26.5,20,5,2,0,True,True,13,5,True,0,7,0,dynamic
Kasparov.pgn,Kasparov,white,"Matic,Predrag",Kasparov Simul Pula 2015,Pula CRO,2015.08.19,2015,1.12,"Kasparov,G","Matic,Predrag",2812.0,,1-0,white_win,win,A40,,61,30.5,16,3,2,0,True,True,9,2,True,0,7,1,dynamic
Kasparov.pgn,Kasparov,white,"Ghersinich,Enrico",Kasparov Simul Pula 2015,Pula CRO,2015.08.19,2015,1.1,"Kasparov,G","Ghersinich,Enrico",2812.0,1779.0,1-0,white_win,win,A43,,63,31.5,19,7,1,0,True,False,10,7,True,0,9,0,dynamic
Kasparov.pgn,Kasparov,white,"Lovric,Dino",Kasparov Simul Pula 2015,Pula CRO,2015.08.19,2015,1.3,"Kasparov,G","Lovric,Dino",2812.0,1696.0,1-0,white_win,win,A80,,71,35.5,18,3,1,0,True,False,9,3,True,0,9,0,dynamic
Kasparov.pgn,Kasparov,white,"Pahljina,Marko",Kasparov Simul Pula 2015,Pula CRO,2015.08.19,2015,1.2,"Kasparov,G","Pahljina,Marko",2812.0,1737.0,1-0,white_win,win,B00,,53,26.5,12,2,2,0,True,True,5,1,True,0,7,1,dynamic
Kasparov.pgn,Kasparov,white,"So,W",Ultimate Blitz Challenge,Saint Louis USA,2016.04.28,2016,1.2,"Kasparov,G","So,W",2812.0,2773.0,1-0,white_win,win,C45,,75,37.5,14,4,2,0,True,True,7,2,True,0,7,2,dynamic
Kasparov.pgn,Kasparov,black,"Nakamura,Hi",Ultimate Blitz Challenge,Saint Louis USA,2016.04.28,2016,2.2,"Nakamura,Hi","Kasparov,G",2787.0,2812.0,1/2-1/2,draw,draw,E98,,94,47.0,22,1,2,0,True,True,11,0,True,0,11,1,dynamic
Kasparov.pgn,Kasparov,white,"Caruana,F",Ultimate Blitz Challenge,Saint Louis USA,2016.04.28,2016,3.1,"Kasparov,G","Caruana,F",2812.0,2795.0,1/2-1/2,draw,draw,C45,,89,44.5,24,11,2,1,True,True,12,5,True,1,12,6,dynamic
Kasparov.pgn,Kasparov,black,"So,W",Ultimate Blitz Challenge,Saint Louis USA,2016.04.28,2016,4.2,"So,W","Kasparov,G",2773.0,2812.0,1-0,white_win,loss,D85,,51,25.5,11,0,2,0,True,True,6,0,True,0,5,0,dynamic
Kasparov.pgn,Kasparov,white,"Nakamura,Hi",Ultimate Blitz Challenge,Saint Louis USA,2016.04.28,2016,5.2,"Kasparov,G","Nakamura,Hi",2812.0,2787.0,1-0,white_win,win,C45,,97,48.5,18,11,2,0,True,True,10,4,True,0,8,7,dynamic
Kasparov.pgn,Kasparov,black,"Caruana,F",Ultimate Blitz Challenge,Saint Louis USA,2016.04.28,2016,6.1,"Caruana,F","Kasparov,G",2795.0,2812.0,1/2-1/2,draw,draw,B31,,119,59.5,25,14,2,0,True,True,12,12,True,0,13,2,dynamic
Kasparov.pgn,Kasparov,white,"So,W",Ultimate Blitz Challenge,Saint Louis USA,2016.04.28,2016,7.2,"Kasparov,G","So,W",2812.0,2773.0,0-1,black_win,loss,B40,,82,41.0,15,0,2,0,True,True,7,0,True,0,8,0,dynamic
Kasparov.pgn,Kasparov,black,"Nakamura,Hi",Ultimate Blitz Challenge,Saint Louis USA,2016.04.28,2016,8.2,"Nakamura,Hi","Kasparov,G",2787.0,2812.0,1-0,white_win,loss,E60,,103,51.5,23,9,2,0,True,True,11,3,True,0,12,6,dynamic
Kasparov.pgn,Kasparov,white,"Caruana,F",Ultimate Blitz Challenge,Saint Louis USA,2016.04.28,2016,9.1,"Kasparov,G","Caruana,F",2812.0,2795.0,1-0,white_win,win,C28,,137,68.5,25,6,1,0,False,True,13,2,False,0,12,4,dynamic
Kasparov.pgn,Kasparov,black,"So,W",Ultimate Blitz Challenge,Saint Louis USA,2016.04.29,2016,10.2,"So,W","Kasparov,G",2773.0,2812.0,1-0,white_win,loss,A41,,49,24.5,10,1,1,0,True,False,5,0,False,0,5,1,dynamic
Kasparov.pgn,Kasparov,white,"Nakamura,Hi",Ultimate Blitz Challenge,Saint Louis USA,2016.04.29,2016,11.2,"Kasparov,G","Nakamura,Hi",2812.0,2787.0,1/2-1/2,draw,draw,C45,,139,69.5,23,10,2,0,True,True,12,8,True,0,11,2,dynamic
Kasparov.pgn,Kasparov,black,"Caruana,F",Ultimate Blitz Challenge,Saint Louis USA,2016.04.29,2016,12.1,"Caruana,F","Kasparov,G",2795.0,2812.0,0-1,black_win,win,B90,,80,40.0,20,6,2,0,True,True,12,6,True,0,8,0,dynamic
Kasparov.pgn,Kasparov,white,"So,W",Ultimate Blitz Challenge,Saint Louis USA,2016.04.29,2016,13.2,"Kasparov,G","So,W",2812.0,2773.0,1/2-1/2,draw,draw,A13,,74,37.0,18,0,2,0,True,True,9,0,True,0,9,0,dynamic
Kasparov.pgn,Kasparov,black,"Nakamura,Hi",Ultimate Blitz Challenge,Saint Louis USA,2016.04.29,2016,14.2,"Nakamura,Hi","Kasparov,G",2787.0,2812.0,1/2-1/2,draw,draw,E60,,98,49.0,24,5,2,0,True,True,12,3,True,0,12,2,dynamic
Kasparov.pgn,Kasparov,white,"Caruana,F",Ultimate Blitz Challenge,Saint Louis USA,2016.04.29,2016,15.1,"Kasparov,G","Caruana,F",2812.0,2795.0,0-1,black_win,loss,C45,,68,34.0,12,2,2,0,True,True,6,1,True,0,6,1,dynamic
Kasparov.pgn,Kasparov,black,"So,W",Ultimate Blitz Challenge,Saint Louis USA,2016.04.29,2016,16.2,"So,W","Kasparov,G",2773.0,2812.0,1/2-1/2,draw,draw,A41,,91,45.5,22,4,2,0,True,True,10,0,True,0,12,4,dynamic
Kasparov.pgn,Kasparov,white,"Nakamura,Hi",Ultimate Blitz Challenge,Saint Louis USA,2016.04.29,2016,17.2,"Kasparov,G","Nakamura,Hi",2812.0,2787.0,1-0,white_win,win,C45,,125,62.5,24,8,1,0,True,False,12,6,True,0,12,2,dynamic
Kasparov.pgn,Kasparov,black,"Caruana,F",Ultimate Blitz Challenge,Saint Louis USA,2016.04.29,2016,18.1,"Caruana,F","Kasparov,G",2795.0,2812.0,0-1,black_win,win,A05,,74,37.0,12,4,2,0,True,True,6,4,True,0,6,0,dynamic
Kasparov.pgn,Kasparov,white,"Paff,Volker",Kasparov Simul 2016,Moenchengladbach GER,2016.06.02,2016,1.15,"Kasparov,G","Paff,Volker",2812.0,,1-0,white_win,win,B40,,64,32.0,11,1,2,0,True,True,6,1,True,0,5,0,dynamic
Kasparov.pgn,Kasparov,white,"Ophuels,Jan",Kasparov Simul 2016,Moenchengladbach GER,2016.06.02,2016,1.14,"Kasparov,G","Ophuels,Jan",2812.0,,1-0,white_win,win,B40,,51,25.5,13,2,2,0,True,True,7,1,True,0,6,1,dynamic
Kasparov.pgn,Kasparov,white,"Fischer,Gert",Kasparov Simul 2016,Moenchengladbach GER,2016.06.02,2016,1.13,"Kasparov,G","Fischer,Gert",2812.0,,1-0,white_win,win,C43,,113,56.5,24,5,1,0,True,False,12,3,True,0,12,2,dynamic
Kasparov.pgn,Kasparov,white,"Noever,Niklas",Kasparov Simul 2016,Moenchengladbach GER,2016.06.02,2016,1.12,"Kasparov,G","Noever,Niklas",2812.0,1648.0,1-0,white_win,win,B31,,65,32.5,17,3,2,0,True,True,9,3,True,0,8,0,dynamic
Kasparov.pgn,Kasparov,white,"Ingenerf,Willi",Kasparov Simul 2016,Moenchengladbach GER,2016.06.02,2016,1.10,"Kasparov,G","Ingenerf,Willi",2812.0,,1-0,white_win,win,B31,,69,34.5,14,6,2,0,True,True,8,6,True,0,6,0,dynamic
Kasparov.pgn,Kasparov,white,"Schuster,Andreas",Kasparov Simul 2016,Moenchengladbach GER,2016.06.02,2016,1.11,"Kasparov,G","Schuster,Andreas",2812.0,,1-0,white_win,win,A45,,79,39.5,17,3,2,0,True,True,9,2,True,0,8,1,dynamic
Kasparov.pgn,Kasparov,white,"Schneider,Ka",Kasparov Simul 2016,Moenchengladbach GER,2016.06.02,2016,1.16,"Kasparov,G","Schneider,Ka",2812.0,1975.0,1-0,white_win,win,D00,,61,30.5,16,1,1,0,True,False,9,1,True,0,7,0,dynamic
Kasparov.pgn,Kasparov,white,"Bartels,Simon",Kasparov Simul 2016,Moenchengladbach GER,2016.06.02,2016,1.9,"Kasparov,G","Bartels,Simon",2812.0,1631.0,1-0,white_win,win,A45,,85,42.5,14,5,2,0,True,True,8,5,True,0,6,0,dynamic
Kasparov.pgn,Kasparov,white,"Kircher,Roger",Kasparov Simul 2016,Moenchengladbach GER,2016.06.02,2016,1.8,"Kasparov,G","Kircher,Roger",2812.0,,1-0,white_win,win,B06,,81,40.5,20,2,2,0,True,True,11,0,True,0,9,2,dynamic
Kasparov.pgn,Kasparov,white,"Alonso,Jose",Kasparov Simul 2016,Moenchengladbach GER,2016.06.02,2016,1.7,"Kasparov,G","Alonso,Jose",2812.0,,1-0,white_win,win,C42,,55,27.5,10,4,2,0,True,True,5,4,True,0,5,0,dynamic
Kasparov.pgn,Kasparov,white,"Behne,Michael",Kasparov Simul 2016,Moenchengladbach GER,2016.06.02,2016,1.6,"Kasparov,G","Behne,Michael",2812.0,,1-0,white_win,win,D00,,57,28.5,14,4,1,0,False,True,9,4,False,0,5,0,dynamic
Kasparov.pgn,Kasparov,white,"Stoer,Nathan",Kasparov Simul 2016,Moenchengladbach GER,2016.06.02,2016,1.5,"Kasparov,G","Stoer,Nathan",2812.0,1884.0,1-0,white_win,win,A50,,61,30.5,11,1,2,0,True,True,6,1,True,0,5,0,dynamic
Kasparov.pgn,Kasparov,white,"Goertz,Wolfram",Kasparov Simul 2016,Moenchengladbach GER,2016.06.02,2016,1.4,"Kasparov,G","Goertz,Wolfram",2812.0,,1-0,white_win,win,C62,,53,26.5,11,3,2,0,True,True,6,1,True,0,5,2,dynamic
Kasparov.pgn,Kasparov,white,"Vovchik,V",Kasparov Simul 2016,Moenchengladbach GER,2016.06.02,2016,1.3,"Kasparov,G","Vovchik,V",2812.0,1797.0,1-0,white_win,win,C53,,73,36.5,16,2,2,0,True,True,8,2,True,0,8,0,dynamic
Kasparov.pgn,Kasparov,white,"Fischdick,Werner",Kasparov Simul 2016,Moenchengladbach GER,2016.06.02,2016,1.2,"Kasparov,G","Fischdick,Werner",2812.0,,1-0,white_win,win,C09,,91,45.5,24,3,2,0,True,True,12,2,True,0,12,1,dynamic
Kasparov.pgn,Kasparov,white,"Falk,Thomas",Kasparov Simul 2016,Moenchengladbach GER,2016.06.02,2016,1.1,"Kasparov,G","Falk,Thomas",2812.0,,1-0,white_win,win,C00,,69,34.5,20,2,2,0,True,True,11,2,True,0,9,0,dynamic
Kasparov.pgn,Kasparov,white,"Karjakin,Sergey",Saint Louis Rapid 2017,Saint Louis USA,2017.08.14,2017,1.1,"Kasparov,G","Karjakin,Sergey",2812.0,2773.0,1/2-1/2,draw,draw,E34,,88,44.0,16,0,2,0,True,True,8,0,True,0,8,0,dynamic
Kasparov.pgn,Kasparov,black,"Nakamura,Hi",Saint Louis Rapid 2017,Saint Louis USA,2017.08.14,2017,2.1,"Nakamura,Hi","Kasparov,G",2792.0,2812.0,1/2-1/2,draw,draw,D80,,154,77.0,28,12,2,1,True,True,14,4,True,0,14,8,dynamic
Kasparov.pgn,Kasparov,white,"Dominguez Perez,L",Saint Louis Rapid 2017,Saint Louis USA,2017.08.14,2017,3.1,"Kasparov,G","Dominguez Perez,L",2812.0,2739.0,1/2-1/2,draw,draw,D53,,57,28.5,22,1,2,0,True,True,11,0,True,0,11,1,dynamic
Kasparov.pgn,Kasparov,black,"Aronian,L",Saint Louis Rapid 2017,Saint Louis USA,2017.08.15,2017,4.1,"Aronian,L","Kasparov,G",2799.0,2812.0,1/2-1/2,draw,draw,A45,,84,42.0,24,6,2,0,True,True,13,3,True,0,11,3,dynamic
Kasparov.pgn,Kasparov,white,"Nepomniachtchi,I",Saint Louis Rapid 2017,Saint Louis USA,2017.08.15,2017,5.1,"Kasparov,G","Nepomniachtchi,I",2812.0,2751.0,0-1,black_win,loss,D90,,74,37.0,17,2,2,0,True,True,8,1,True,0,9,1,dynamic
Kasparov.pgn,Kasparov,black,"Anand,V",Saint Louis Rapid 2017,Saint Louis USA,2017.08.15,2017,6.1,"Anand,V","Kasparov,G",2783.0,2812.0,1/2-1/2,draw,draw,B51,,62,31.0,17,3,2,0,True,True,8,1,True,0,9,2,dynamic
Kasparov.pgn,Kasparov,white,"Navara,D",Saint Louis Rapid 2017,Saint Louis USA,2017.08.16,2017,7.1,"Kasparov,G","Navara,D",2812.0,2737.0,0-1,black_win,loss,B12,,100,50.0,22,11,2,2,True,True,11,7,True,1,11,4,dynamic
Kasparov.pgn,Kasparov,white,Le Quang Liem,Saint Louis Rapid 2017,Saint Louis USA,2017.08.16,2017,8.1,"Kasparov,G",Le Quang Liem,2812.0,2739.0,1-0,white_win,win,E35,,81,40.5,15,1,2,0,True,True,8,0,True,0,7,1,dynamic
Kasparov.pgn,Kasparov,black,"Caruana,F",Saint Louis Rapid 2017,Saint Louis USA,2017.08.16,2017,9.1,"Caruana,F","Kasparov,G",2807.0,2812.0,1-0,white_win,loss,B52,,99,49.5,23,8,2,0,True,True,11,0,True,0,12,8,dynamic
Kasparov.pgn,Kasparov,white,"Karjakin,Sergey",Saint Louis Blitz 2017,Saint Louis USA,2017.08.17,2017,1.5,"Kasparov,G","Karjakin,Sergey",2812.0,2773.0,1/2-1/2,draw,draw,C33,,120,60.0,20,23,1,0,False,True,10,0,False,0,10,23,dynamic
Kasparov.pgn,Kasparov,black,"Nepomniachtchi,I",Saint Louis Blitz 2017,Saint Louis USA,2017.08.17,2017,2.2,"Nepomniachtchi,I","Kasparov,G",2751.0,2812.0,1/2-1/2,draw,draw,B84,,94,47.0,15,0,2,0,True,True,7,0,True,0,8,0,dynamic
Kasparov.pgn,Kasparov,white,"Caruana,F",Saint Louis Blitz 2017,Saint Louis USA,2017.08.17,2017,3.3,"Kasparov,G","Caruana,F",2812.0,2807.0,0-1,black_win,loss,C11,,80,40.0,19,4,2,0,True,True,8,1,True,0,11,3,dynamic
Kasparov.pgn,Kasparov,black,"Nakamura,Hi",Saint Louis Blitz 2017,Saint Louis USA,2017.08.17,2017,4.4,"Nakamura,Hi","Kasparov,G",2792.0,2812.0,1/2-1/2,draw,draw,A30,,141,70.5,16,4,1,0,False,True,7,3,True,0,9,1,dynamic
Kasparov.pgn,Kasparov,white,Le Quang Liem,Saint Louis Blitz 2017,Saint Louis USA,2017.08.17,2017,5.3,"Kasparov,G",Le Quang Liem,2812.0,2739.0,0-1,black_win,loss,C45,,62,31.0,17,0,2,0,True,True,8,0,True,0,9,0,dynamic
Kasparov.pgn,Kasparov,black,"Anand,V",Saint Louis Blitz 2017,Saint Louis USA,2017.08.17,2017,6.5,"Anand,V","Kasparov,G",2783.0,2812.0,1/2-1/2,draw,draw,B31,,111,55.5,19,11,2,0,True,True,10,2,True,0,9,9,dynamic
Kasparov.pgn,Kasparov,white,"Aronian,L",Saint Louis Blitz 2017,Saint Louis USA,2017.08.17,2017,7.2,"Kasparov,G","Aronian,L",2812.0,2799.0,0-1,black_win,loss,E32,,72,36.0,18,3,1,0,False,True,8,1,False,0,10,2,dynamic
Kasparov.pgn,Kasparov,white,"Dominguez Perez,L",Saint Louis Blitz 2017,Saint Louis USA,2017.08.17,2017,8.1,"Kasparov,G","Dominguez Perez,L",2812.0,2739.0,1-0,white_win,win,C48,,123,61.5,24,8,2,0,True,True,12,3,True,0,12,5,dynamic
Kasparov.pgn,Kasparov,black,"Navara,D",Saint Louis Blitz 2017,Saint Louis USA,2017.08.17,2017,9.2,"Navara,D","Kasparov,G",2737.0,2812.0,1/2-1/2,draw,draw,B90,,64,32.0,24,0,2,0,True,True,12,0,True,0,12,0,dynamic
Kasparov.pgn,Kasparov,black,"Karjakin,Sergey",Saint Louis Blitz 2017,Saint Louis USA,2017.08.18,2017,10.5,"Karjakin,Sergey","Kasparov,G",2773.0,2812.0,1-0,white_win,loss,A01,,75,37.5,16,4,2,0,True,True,7,1,True,0,9,3,dynamic
Kasparov.pgn,Kasparov,white,"Nepomniachtchi,I",Saint Louis Blitz 2017,Saint Louis USA,2017.08.18,2017,11.2,"Kasparov,G","Nepomniachtchi,I",2812.0,2751.0,1/2-1/2,draw,draw,B51,,53,26.5,6,1,2,0,True,True,3,1,True,0,3,0,dynamic
Kasparov.pgn,Kasparov,black,"Caruana,F",Saint Louis Blitz 2017,Saint Louis USA,2017.08.18,2017,12.3,"Caruana,F","Kasparov,G",2807.0,2812.0,0-1,black_win,win,B23,,130,65.0,17,9,2,0,True,True,9,6,True,0,8,3,dynamic
Kasparov.pgn,Kasparov,white,"Nakamura,Hi",Saint Louis Blitz 2017,Saint Louis USA,2017.08.18,2017,13.4,"Kasparov,G","Nakamura,Hi",2812.0,2792.0,1-0,white_win,win,E32,,87,43.5,24,3,1,0,False,True,12,0,False,0,12,3,dynamic
Kasparov.pgn,Kasparov,black,Le Quang Liem,Saint Louis Blitz 2017,Saint Louis USA,2017.08.18,2017,14.3,Le Quang Liem,"Kasparov,G",2739.0,2812.0,1/2-1/2,draw,draw,A48,,105,52.5,27,12,2,0,True,True,14,10,True,0,13,2,dynamic
Kasparov.pgn,Kasparov,white,"Anand,V",Saint Louis Blitz 2017,Saint Louis USA,2017.08.18,2017,15.5,"Kasparov,G","Anand,V",2812.0,2783.0,1/2-1/2,draw,draw,E32,,53,26.5,8,1,1,0,False,True,4,0,False,0,4,1,dynamic
Kasparov.pgn,Kasparov,black,"Aronian,L",Saint Louis Blitz 2017,Saint Louis USA,2017.08.18,2017,16.2,"Aronian,L","Kasparov,G",2799.0,2812.0,1/2-1/2,draw,draw,A49,,39,19.5,4,0,2,0,True,True,2,0,True,0,2,0,dynamic
Kasparov.pgn,Kasparov,black,"Dominguez Perez,L",Saint Louis Blitz 2017,Saint Louis USA,2017.08.18,2017,17.1,"Dominguez Perez,L","Kasparov,G",2739.0,2812.0,0-1,black_win,win,B90,,96,48.0,24,3,1,0,True,False,13,1,False,0,11,2,dynamic
Kasparov.pgn,Kasparov,white,"Navara,D",Saint Louis Blitz 2017,Saint Louis USA,2017.08.18,2017,18.2,"Kasparov,G","Navara,D",2812.0,2737.0,1/2-1/2,draw,draw,E32,,78,39.0,20,3,2,0,True,True,10,0,True,0,10,3,dynamic
Kasparov.pgn,Kasparov,black,"Van Foreest,Jorden",GCT Blitz Croatia 2021,Zagreb CRO,2021.07.10,2021,1.4,"Van Foreest,Jorden","Kasparov,G",2688.0,2812.0,1-0,white_win,loss,B96,,49,24.5,9,0,1,0,True,False,4,0,False,0,5,0,dynamic
Kasparov.pgn,Kasparov,white,"Grischuk,A",GCT Blitz Croatia 2021,Zagreb CRO,2021.07.10,2021,2.2,"Kasparov,G","Grischuk,A",2812.0,2778.0,1/2-1/2,draw,draw,D32,,81,40.5,20,5,0,0,False,False,10,2,False,0,10,3,dynamic
Kasparov.pgn,Kasparov,black,"Duda,J",GCT Blitz Croatia 2021,Zagreb CRO,2021.07.10,2021,3.5,"Duda,J","Kasparov,G",2738.0,2812.0,1-0,white_win,loss,B96,,51,25.5,15,2,1,0,True,False,7,1,False,0,8,1,dynamic
Kasparov.pgn,Kasparov,black,"Anand,V",GCT Blitz Croatia 2021,Zagreb CRO,2021.07.10,2021,4.1,"Anand,V","Kasparov,G",2753.0,2812.0,1-0,white_win,loss,B96,,59,29.5,15,0,1,0,True,False,7,0,False,0,8,0,dynamic
Kasparov.pgn,Kasparov,white,"Korobov,A",GCT Blitz Croatia 2021,Zagreb CRO,2021.07.10,2021,5.5,"Kasparov,G","Korobov,A",2812.0,2683.0,0-1,black_win,loss,D30,,52,26.0,8,0,2,0,True,True,4,0,True,0,4,0,dynamic
Kasparov.pgn,Kasparov,white,"Giri,A",GCT Blitz Croatia 2021,Zagreb CRO,2021.07.10,2021,7.4,"Kasparov,G","Giri,A",2812.0,2776.0,0-1,black_win,loss,A22,,64,32.0,16,0,2,0,True,True,8,0,True,0,8,0,dynamic
Kasparov.pgn,Kasparov,black,"Vachier Lagrave,M",GCT Blitz Croatia 2021,Zagreb CRO,2021.07.10,2021,8.3,"Vachier Lagrave,M","Kasparov,G",2749.0,2812.0,1-0,white_win,loss,B40,,93,46.5,23,7,2,0,True,True,11,5,True,0,12,2,dynamic
Kasparov.pgn,Kasparov,white,"Nepomniachtchi,I",GCT Blitz Croatia 2021,Zagreb CRO,2021.07.10,2021,9.3,"Kasparov,G","Nepomniachtchi,I",2812.0,2792.0,0-1,black_win,loss,D38,,36,18.0,7,3,0,0,False,False,3,0,False,0,4,3,dynamic
Kasparov.pgn,Kasparov,white,"Van Foreest,Jorden",GCT Blitz Croatia 2021,Zagreb CRO,2021.07.11,2021,10.4,"Kasparov,G","Van Foreest,Jorden",2812.0,2688.0,1-0,white_win,win,C45,,81,40.5,21,2,2,0,True,True,11,0,True,0,10,2,dynamic
Kasparov.pgn,Kasparov,black,"Grischuk,A",GCT Blitz Croatia 2021,Zagreb CRO,2021.07.11,2021,11.2,"Grischuk,A","Kasparov,G",2778.0,2812.0,1-0,white_win,loss,D85,,47,23.5,17,3,2,0,True,True,9,1,True,0,8,2,dynamic
Kasparov.pgn,Kasparov,white,"Duda,J",GCT Blitz Croatia 2021,Zagreb CRO,2021.07.11,2021,12.5,"Kasparov,G","Duda,J",2812.0,2738.0,0-1,black_win,loss,B92,,66,33.0,10,0,2,0,True,True,5,0,True,0,5,0,dynamic
Kasparov.pgn,Kasparov,white,"Anand,V",GCT Blitz Croatia 2021,Zagreb CRO,2021.07.11,2021,13.1,"Kasparov,G","Anand,V",2812.0,2753.0,0-1,black_win,loss,D38,,51,25.5,12,1,2,0,True,True,6,1,True,0,6,0,dynamic
Kasparov.pgn,Kasparov,black,"Korobov,A",GCT Blitz Croatia 2021,Zagreb CRO,2021.07.11,2021,14.5,"Korobov,A","Kasparov,G",2683.0,2812.0,1-0,white_win,loss,E73,,33,16.5,4,0,2,0,True,True,2,0,True,0,2,0,dynamic
Kasparov.pgn,Kasparov,white,"Mamedyarov,S",GCT Blitz Croatia 2021,Zagreb CRO,2021.07.11,2021,15.2,"Kasparov,G","Mamedyarov,S",2812.0,2782.0,0-1,black_win,loss,D61,,52,26.0,6,0,2,0,True,True,3,0,True,0,3,0,dynamic
Kasparov.pgn,Kasparov,black,"Giri,A",GCT Blitz Croatia 2021,Zagreb CRO,2021.07.11,2021,16.4,"Giri,A","Kasparov,G",2776.0,2812.0,1/2-1/2,draw,draw,A04,,77,38.5,14,2,2,0,True,True,7,2,True,0,7,0,dynamic
Kasparov.pgn,Kasparov,white,"Vachier Lagrave,M",GCT Blitz Croatia 2021,Zagreb CRO,2021.07.11,2021,17.3,"Kasparov,G","Vachier Lagrave,M",2812.0,2749.0,0-1,black_win,loss,A04,,86,43.0,24,3,2,0,True,True,12,2,True,0,12,1,dynamic
Kasparov.pgn,Kasparov,black,"Nepomniachtchi,I",GCT Blitz Croatia 2021,Zagreb CRO,2021.07.11,2021,18.3,"Nepomniachtchi,I","Kasparov,G",2792.0,2812.0,1/2-1/2,draw,draw,A10,,60,30.0,10,2,0,0,False,False,5,1,False,0,5,1,dynamic
