source_file,main_player,player_color,opponent,event,site,date,year,round,white,black,white_elo,black_elo,result,result_label,player_result,eco,opening,num_plies,num_moves,captures,checks,castles,promotions,white_castled,black_castled,player_captures,player_checks,player_castled,player_promotions,opponent_captures,opponent_checks,style
Petrosian.pgn,Petrosian,black,"Sereda, Viktor",Tbilisi,Tbilisi,1945.??.??,1945,?,"Sereda, Viktor","Petrosian, Tigran V",,,0-1,black_win,win,E60,,114,57.0,20,2,2,0,True,True,10,1,True,0,10,1,defensive
Petrosian.pgn,Petrosian,white,"Buslaev, Aleksander",Tbilisi,Tbilisi,1945.??.??,1945,?,"Petrosian, Tigran V","Buslaev, Aleksander",,,1-0,white_win,win,E16,,75,37.5,21,4,2,0,True,True,12,2,True,0,9,2,defensive
Petrosian.pgn,Petrosian,white,"Kasparian, Genrikh",Tbilisi,Tbilisi,1945.??.??,1945,?,"Petrosian, Tigran V","Kasparian, Genrikh",,,1-0,white_win,win,D90,,91,45.5,24,4,2,0,True,True,13,1,True,0,11,3,defensive
Petrosian.pgn,Petrosian,black,Agamalian,Tbilisi,Tbilisi,1945.??.??,1945,?,Agamalian,"Petrosian, Tigran V",,,0-1,black_win,win,A53,,68,34.0,19,3,1,0,True,False,11,1,False,0,8,2,defensive
Petrosian.pgn,Petrosian,black,Agamalian,Tbilisi,Tbilisi,1945.??.??,1945,?,Agamalian,"Petrosian, Tigran V",,,1-0,white_win,loss,D02,,81,40.5,14,1,2,0,True,True,7,0,True,0,7,1,defensive
Petrosian.pgn,Petrosian,black,"Blagidze, Alexander",Tbilisi,Tbilisi,1945.??.??,1945,?,"Blagidze, Alexander","Petrosian, Tigran V",,,1/2-1/2,draw,draw,E33,,80,40.0,18,0,2,0,True,True,10,0,True,0,8,0,defensive
Petrosian.pgn,Petrosian,black,"Buslaev, Aleksander",Tbilisi,Tbilisi,1945.??.??,1945,?,"Buslaev, Aleksander","Petrosian, Tigran V",,,1/2-1/2,draw,draw,E68,,108,54.0,22,10,2,0,True,True,10,5,True,0,12,5,defensive
Petrosian.pgn,Petrosian,black,Gabuniya,Tbilisi,Tbilisi,1945.??.??,1945,?,Gabuniya,"Petrosian, Tigran V",,,0-1,black_win,win,B70,,110,55.0,26,5,2,0,True,True,14,3,True,0,12,2,defensive
Petrosian.pgn,Petrosian,black,"Grigoriev, Nikolay Dmitrievich",Tbilisi,Tbilisi,1945.??.??,1945,?,"Grigoriev, Nikolay Dmitrievich","Petrosian, Tigran V",,,0-1,black_win,win,B00,,52,26.0,13,2,1,0,False,True,7,2,True,0,6,0,defensive
Petrosian.pgn,Petrosian,black,"Grigoriev, Nikolay Dmitrievich",Tbilisi,Tbilisi,1945.??.??,1945,?,"Grigoriev, Nikolay Dmitrievich","Petrosian, Tigran V",,,0-1,black_win,win,E21,,82,41.0,21,4,2,0,True,True,11,3,True,0,10,1,defensive
Petrosian.pgn,Petrosian,black,Lolua,Tbilisi,Tbilisi,1945.??.??,1945,?,Lolua,"Petrosian, Tigran V",,,1/2-1/2,draw,draw,C34,,71,35.5,18,4,1,0,True,False,9,0,False,0,9,4,defensive
Petrosian.pgn,Petrosian,black,Nersesov,Tbilisi,Tbilisi,1945.??.??,1945,?,Nersesov,"Petrosian, Tigran V",,,0-1,black_win,win,E17,,48,24.0,13,2,1,0,False,True,6,2,True,0,7,0,defensive
Petrosian.pgn,Petrosian,black,Nersesov,Tbilisi,Tbilisi,1945.??.??,1945,?,Nersesov,"Petrosian, Tigran V",,,0-1,black_win,win,D13,,54,27.0,12,1,2,0,True,True,7,1,True,0,5,0,defensive
Petrosian.pgn,Petrosian,white,Arnshtein,Tbilisi,Tbilisi,1945.??.??,1945,?,"Petrosian, Tigran V",Arnshtein,,,1/2-1/2,draw,draw,D52,,61,30.5,14,0,2,0,True,True,7,0,True,0,7,0,defensive
Petrosian.pgn,Petrosian,white,"Arutiunov, Albert",Tbilisi,Tbilisi,1945.??.??,1945,?,"Petrosian, Tigran V","Arutiunov, Albert",,,0-1,black_win,loss,C10,,66,33.0,18,0,2,0,True,True,9,0,True,0,9,0,defensive
Petrosian.pgn,Petrosian,white,"Arutiunov, Albert",Tbilisi,Tbilisi,1945.??.??,1945,?,"Petrosian, Tigran V","Arutiunov, Albert",,,1-0,white_win,win,E69,,141,70.5,21,1,2,0,True,True,11,1,True,0,10,0,defensive
Petrosian.pgn,Petrosian,white,"Bakhtadze, Giorgi",Tbilisi,Tbilisi,1945.??.??,1945,?,"Petrosian, Tigran V","Bakhtadze, Giorgi",,,1-0,white_win,win,B33,,83,41.5,23,5,1,0,True,False,12,5,True,0,11,0,defensive
Petrosian.pgn,Petrosian,white,"Bakhtadze, Giorgi",Tbilisi,Tbilisi,1945.??.??,1945,?,"Petrosian, Tigran V","Bakhtadze, Giorgi",,,1/2-1/2,draw,draw,A30,,96,48.0,22,4,2,0,True,True,11,2,True,0,11,2,defensive
Petrosian.pgn,Petrosian,white,"Buslaev, Aleksander",Tbilisi,Tbilisi,1945.??.??,1945,?,"Petrosian, Tigran V","Buslaev, Aleksander",,,1-0,white_win,win,C68,,73,36.5,22,5,2,0,True,True,12,4,True,0,10,1,defensive
Petrosian.pgn,Petrosian,black,"Shishov, Mikhail Vasilievich",Tbilisi,Tbilisi,1945.??.??,1945,?,"Shishov, Mikhail Vasilievich","Petrosian, Tigran V",,,1-0,white_win,loss,C02,,85,42.5,17,4,1,0,True,False,8,3,False,0,9,1,defensive
Petrosian.pgn,Petrosian,white,Chachua,Tbilisi,Tbilisi,1945.??.??,1945,?,"Petrosian, Tigran V",Chachua,,,1-0,white_win,win,D05,,71,35.5,16,0,1,0,True,False,8,0,True,0,8,0,defensive
Petrosian.pgn,Petrosian,white,"Dzhaparidze, D.",Tbilisi,Tbilisi,1945.??.??,1945,?,"Petrosian, Tigran V","Dzhaparidze, D.",,,1-0,white_win,win,C36,,27,13.5,12,5,0,0,False,False,6,2,False,0,6,3,defensive
Petrosian.pgn,Petrosian,white,"Giorgadze, Giorgi",Tbilisi,Tbilisi,1945.??.??,1945,?,"Petrosian, Tigran V","Giorgadze, Giorgi",,,1-0,white_win,win,C77,,69,34.5,11,0,2,0,True,True,5,0,True,0,6,0,defensive
Petrosian.pgn,Petrosian,white,"Grigoriev, Nikolay Dmitrievich",Tbilisi,Tbilisi,1945.??.??,1945,?,"Petrosian, Tigran V","Grigoriev, Nikolay Dmitrievich",,,1-0,white_win,win,B29,,25,12.5,8,3,1,0,True,False,4,3,True,0,4,0,defensive
Petrosian.pgn,Petrosian,white,Kelendzheridze,Tbilisi,Tbilisi,1945.??.??,1945,?,"Petrosian, Tigran V",Kelendzheridze,,,1-0,white_win,win,C17,,37,18.5,8,2,1,0,True,False,5,2,True,0,3,0,defensive
Petrosian.pgn,Petrosian,white,Malashkhia,Tbilisi,Tbilisi,1945.??.??,1945,?,"Petrosian, Tigran V",Malashkhia,,,1/2-1/2,draw,draw,D19,,68,34.0,18,1,2,0,True,True,9,0,True,0,9,1,defensive
Petrosian.pgn,Petrosian,white,Mirzayev,Tbilisi,Tbilisi,1945.??.??,1945,?,"Petrosian, Tigran V",Mirzayev,,,1-0,white_win,win,E00,,81,40.5,19,6,2,0,True,True,11,1,True,0,8,5,defensive
Petrosian.pgn,Petrosian,white,"Tsintsadze, Viacheslav",Tbilisi,Tbilisi,1945.??.??,1945,?,"Petrosian, Tigran V","Tsintsadze, Viacheslav",,,1/2-1/2,draw,draw,D73,,147,73.5,27,11,2,0,True,True,14,5,True,0,13,6,defensive
Petrosian.pgn,Petrosian,black,"Sereda, Viktor",Tbilisi,Tbilisi,1945.??.??,1945,?,"Sereda, Viktor","Petrosian, Tigran V",,,1/2-1/2,draw,draw,D46,,80,40.0,14,2,2,0,True,True,7,1,True,0,7,1,defensive
Petrosian.pgn,Petrosian,white,"Shishov, Mikhail Vasilievich",Tbilisi-ch,Tbilisi,1945.??.??,1945,?,"Petrosian, Tigran V","Shishov, Mikhail Vasilievich",,,1/2-1/2,draw,draw,A93,,101,50.5,21,7,2,1,True,True,11,3,True,0,10,4,defensive
Petrosian.pgn,Petrosian,black,Shatashvili,Tbilisi,Tbilisi,1945.??.??,1945,?,Shatashvili,"Petrosian, Tigran V",,,1-0,white_win,loss,B84,,35,17.5,4,0,2,0,True,True,2,0,True,0,2,0,defensive
Petrosian.pgn,Petrosian,black,Malashkhia,Tbilisi-ch,Tbilisi,1945.??.??,1945,2,Malashkhia,"Petrosian, Tigran V",,,0-1,black_win,win,A53,,80,40.0,15,3,2,0,True,True,8,3,True,0,7,0,defensive
Petrosian.pgn,Petrosian,white,"Sorokin, Nikolay",GEO-ch,Tbilisi,1945.??.??,1945,3,"Petrosian, Tigran V","Sorokin, Nikolay",,,1-0,white_win,win,D14,,77,38.5,19,5,1,0,True,False,10,4,True,0,9,1,defensive
Petrosian.pgn,Petrosian,black,Gershkovich,Tbilisi-ch,Tbilisi,1945.??.??,1945,3,Gershkovich,"Petrosian, Tigran V",,,1/2-1/2,draw,draw,C02,,108,54.0,21,3,2,0,True,True,11,1,True,0,10,2,defensive
Petrosian.pgn,Petrosian,black,"Giorgadze, Giorgi",Tbilisi-ch,Tbilisi,1945.??.??,1945,5,"Giorgadze, Giorgi","Petrosian, Tigran V",,,1/2-1/2,draw,draw,A56,,61,30.5,18,2,2,0,True,True,9,0,True,0,9,2,defensive
Petrosian.pgn,Petrosian,white,Nersesov,GEO-ch,Tbilisi,1945.??.??,1945,5,"Petrosian, Tigran V",Nersesov,,,1-0,white_win,win,C71,,89,44.5,19,5,2,0,True,True,10,4,True,0,9,1,defensive
Petrosian.pgn,Petrosian,white,"Ebralidze, Archil Silovanovich",Tbilisi-ch,Tbilisi,1945.??.??,1945,10,"Petrosian, Tigran V","Ebralidze, Archil Silovanovich",,,1-0,white_win,win,A28,,95,47.5,16,2,2,0,True,True,8,1,True,0,8,1,defensive
Petrosian.pgn,Petrosian,white,"Arutiunov, Albert",GEO-ch,Tbilisi,1945.??.??,1945,14,"Petrosian, Tigran V","Arutiunov, Albert",,,1-0,white_win,win,D36,,81,40.5,19,5,2,0,True,True,10,5,True,0,9,0,defensive
Petrosian.pgn,Petrosian,white,"Kasparian, Genrikh",ARM-ch m,Yerevan,1946.??.??,1946,1,"Petrosian, Tigran V","Kasparian, Genrikh",,,0-1,black_win,loss,B18,,78,39.0,16,4,2,0,True,True,7,1,True,0,9,3,defensive
Petrosian.pgn,Petrosian,white,Arushanian,ARM-ch,Yerevan,1946.??.??,1946,1,"Petrosian, Tigran V",Arushanian,,,1-0,white_win,win,C84,,43,21.5,8,0,2,0,True,True,5,0,True,0,3,0,defensive
Petrosian.pgn,Petrosian,black,"Kalantar, A.",ARM-ch,Yerevan,1946.??.??,1946,2,"Kalantar, A.","Petrosian, Tigran V",,,0-1,black_win,win,A53,,54,27.0,9,0,2,0,True,True,5,0,True,0,4,0,defensive
Petrosian.pgn,Petrosian,black,"Kasparian, Genrikh",ARM-ch m,Yerevan,1946.??.??,1946,2,"Kasparian, Genrikh","Petrosian, Tigran V",,,1-0,white_win,loss,B13,,133,66.5,19,5,1,0,True,False,9,1,False,0,10,4,defensive
Petrosian.pgn,Petrosian,white,"Kasparian, Genrikh",ARM-ch m,Yerevan,1946.??.??,1946,3,"Petrosian, Tigran V","Kasparian, Genrikh",,,1-0,white_win,win,E69,,103,51.5,17,3,2,0,True,True,9,0,True,0,8,3,defensive
Petrosian.pgn,Petrosian,white,Allakhverdov,ARM-ch,Yerevan,1946.??.??,1946,3,"Petrosian, Tigran V",Allakhverdov,,,1-0,white_win,win,E85,,30,15.0,5,1,2,0,True,True,2,0,True,0,3,1,defensive
Petrosian.pgn,Petrosian,black,"Kasparian, Genrikh",ARM-ch m,Yerevan,1946.??.??,1946,4,"Kasparian, Genrikh","Petrosian, Tigran V",,,1-0,white_win,loss,C00,,59,29.5,8,1,2,0,True,True,4,0,True,0,4,1,defensive
Petrosian.pgn,Petrosian,white,Akopdzhanian,ARM-ch,Yerevan,1946.??.??,1946,4,"Petrosian, Tigran V",Akopdzhanian,,,1-0,white_win,win,E68,,49,24.5,10,2,2,0,True,True,5,2,True,0,5,0,defensive
Petrosian.pgn,Petrosian,white,"Kasparian, Genrikh",ARM-ch m,Yerevan,1946.??.??,1946,5,"Petrosian, Tigran V","Kasparian, Genrikh",,,1/2-1/2,draw,draw,A53,,164,82.0,21,19,1,0,True,False,11,3,True,0,10,16,defensive
Petrosian.pgn,Petrosian,black,"Sarkisian, A.",ARM-ch,Yerevan,1946.??.??,1946,5,"Sarkisian, A.","Petrosian, Tigran V",,,0-1,black_win,win,B19,,40,20.0,5,0,2,0,True,True,3,0,True,0,2,0,defensive
Petrosian.pgn,Petrosian,white,"Kalashian, Loris",ARM-ch,Yerevan,1946.??.??,1946,6,"Petrosian, Tigran V","Kalashian, Loris",,,1-0,white_win,win,E44,,61,30.5,10,1,2,0,True,True,6,0,True,0,4,1,defensive
Petrosian.pgn,Petrosian,black,"Kasparian, Genrikh",ARM-ch m,Yerevan,1946.??.??,1946,6,"Kasparian, Genrikh","Petrosian, Tigran V",,,1-0,white_win,loss,C49,,67,33.5,15,4,1,0,False,True,8,3,True,0,7,1,defensive
Petrosian.pgn,Petrosian,black,Oltetsian,ARM-ch,Yerevan,1946.??.??,1946,7,Oltetsian,"Petrosian, Tigran V",,,1/2-1/2,draw,draw,C50,,54,27.0,18,5,0,0,False,False,9,3,False,0,9,2,defensive
Petrosian.pgn,Petrosian,white,"Kasparian, Genrikh",ARM-ch m,Yerevan,1946.??.??,1946,7,"Petrosian, Tigran V","Kasparian, Genrikh",,,1-0,white_win,win,B07,,81,40.5,10,1,2,0,True,True,5,0,True,0,5,1,defensive
Petrosian.pgn,Petrosian,black,"Kasparian, Genrikh",ARM-ch m,Yerevan,1946.??.??,1946,8,"Kasparian, Genrikh","Petrosian, Tigran V",,,1/2-1/2,draw,draw,B02,,81,40.5,16,1,2,0,True,True,8,1,True,0,8,0,defensive
Petrosian.pgn,Petrosian,black,"Fridstein, Grigory",ARM-ch,Yerevan,1946.??.??,1946,8,"Fridstein, Grigory","Petrosian, Tigran V",,,1/2-1/2,draw,draw,A54,,37,18.5,10,1,2,0,True,True,5,0,True,0,5,1,defensive
Petrosian.pgn,Petrosian,white,"Kasparian, Genrikh",ARM-ch m,Yerevan,1946.??.??,1946,9,"Petrosian, Tigran V","Kasparian, Genrikh",,,1-0,white_win,win,E72,,83,41.5,15,1,2,0,True,True,9,0,True,0,6,1,defensive
Petrosian.pgn,Petrosian,white,"Sarkisian, L.",ARM-ch,Yerevan,1946.??.??,1946,9,"Petrosian, Tigran V","Sarkisian, L.",,,1-0,white_win,win,B71,,81,40.5,24,7,0,0,False,False,13,5,False,0,11,2,defensive
Petrosian.pgn,Petrosian,black,"Kasparian, Genrikh",ARM-ch m,Yerevan,1946.??.??,1946,10,"Kasparian, Genrikh","Petrosian, Tigran V",,,0-1,black_win,win,C00,,60,30.0,13,5,2,0,True,True,8,4,True,0,5,1,defensive
Petrosian.pgn,Petrosian,black,"Kasparian, Genrikh",ARM-ch,Yerevan,1946.??.??,1946,10,"Kasparian, Genrikh","Petrosian, Tigran V",,,0-1,black_win,win,B11,,76,38.0,17,5,2,0,True,True,8,2,True,0,9,3,defensive
Petrosian.pgn,Petrosian,white,"Kasparian, Genrikh",ARM-ch m,Yerevan,1946.??.??,1946,11,"Petrosian, Tigran V","Kasparian, Genrikh",,,1/2-1/2,draw,draw,C71,,85,42.5,20,2,2,0,True,True,10,2,True,0,10,0,defensive
Petrosian.pgn,Petrosian,black,"Kasparian, Genrikh",ARM-ch m,Yerevan,1946.??.??,1946,12,"Kasparian, Genrikh","Petrosian, Tigran V",,,1/2-1/2,draw,draw,A03,,94,47.0,17,2,2,0,True,True,9,1,True,0,8,1,defensive
Petrosian.pgn,Petrosian,white,"Kasparian, Genrikh",ARM-ch m,Yerevan,1946.??.??,1946,13,"Petrosian, Tigran V","Kasparian, Genrikh",,,1/2-1/2,draw,draw,B07,,82,41.0,17,3,2,0,True,True,8,0,True,0,9,3,defensive
Petrosian.pgn,Petrosian,black,"Kasparian, Genrikh",ARM-ch m,Yerevan,1946.??.??,1946,14,"Kasparian, Genrikh","Petrosian, Tigran V",,,0-1,black_win,win,B11,,108,54.0,24,2,2,0,True,True,13,2,True,0,11,0,defensive
Petrosian.pgn,Petrosian,white,"Fridstein, Grigory",URS-ch sf,Moscow,1947.??.??,1947,?,"Petrosian, Tigran V","Fridstein, Grigory",,,1-0,white_win,win,E49,,81,40.5,15,3,2,0,True,True,7,1,True,0,8,2,defensive
Petrosian.pgn,Petrosian,white,"Konstantinopolsky, Alexander",URS-ch sf,Moscow,1947.??.??,1947,1,"Petrosian, Tigran V","Konstantinopolsky, Alexander",,,1/2-1/2,draw,draw,D36,,82,41.0,21,1,2,0,True,True,10,1,True,0,11,0,defensive
Petrosian.pgn,Petrosian,black,"Panov, Vasily N",URS-ch sf,Moscow,1947.??.??,1947,2,"Panov, Vasily N","Petrosian, Tigran V",,,1/2-1/2,draw,draw,C75,,44,22.0,8,0,2,0,True,True,4,0,True,0,4,0,defensive
Petrosian.pgn,Petrosian,white,"Kholmov, Ratmir D",URS-ch sf,Moscow,1947.??.??,1947,3,"Petrosian, Tigran V","Kholmov, Ratmir D",,,0-1,black_win,loss,E19,,144,72.0,25,22,2,0,True,True,11,0,True,0,14,22,defensive
Petrosian.pgn,Petrosian,black,"Kan, Ilia Abramovich",URS-ch sf,Moscow,1947.??.??,1947,4,"Kan, Ilia Abramovich","Petrosian, Tigran V",,,1-0,white_win,loss,D45,,83,41.5,20,5,2,0,True,True,9,3,True,0,11,2,defensive
Petrosian.pgn,Petrosian,black,Podolny,URS-ch sf,Moscow,1947.??.??,1947,6,Podolny,"Petrosian, Tigran V",,,1/2-1/2,draw,draw,B07,,97,48.5,10,4,1,0,True,False,5,0,False,0,5,4,defensive
Petrosian.pgn,Petrosian,white,"Kamishov, Mikhail Pavlovich",URS-ch sf,Moscow,1947.??.??,1947,7,"Petrosian, Tigran V","Kamishov, Mikhail Pavlovich",,,1-0,white_win,win,D31,,145,72.5,26,10,1,0,True,False,14,5,True,0,12,5,defensive
Petrosian.pgn,Petrosian,black,"Zagoriansky, Evgeny",URS-ch sf,Moscow,1947.??.??,1947,8,"Zagoriansky, Evgeny","Petrosian, Tigran V",,,1/2-1/2,draw,draw,E19,,81,40.5,12,1,2,0,True,True,6,1,True,0,6,0,defensive
Petrosian.pgn,Petrosian,white,"Liublinsky, Victor Alexandrovic",URS-ch sf,Moscow,1947.??.??,1947,9,"Petrosian, Tigran V","Liublinsky, Victor Alexandrovic",,,1-0,white_win,win,A08,,115,57.5,26,3,2,0,True,True,13,2,True,0,13,1,defensive
Petrosian.pgn,Petrosian,black,"Abramov, Lev Yakovlevich",URS-ch sf,Moscow,1947.??.??,1947,10,"Abramov, Lev Yakovlevich","Petrosian, Tigran V",,,0-1,black_win,win,C05,,108,54.0,23,3,1,0,True,False,13,1,False,0,10,2,defensive
Petrosian.pgn,Petrosian,white,"Veresov, Gavriil N",URS-ch sf,Moscow,1947.??.??,1947,11,"Petrosian, Tigran V","Veresov, Gavriil N",,,1-0,white_win,win,E35,,75,37.5,17,4,2,0,True,True,9,3,True,0,8,1,defensive
Petrosian.pgn,Petrosian,black,"Ravinsky, Grigory Ionovich",URS-ch sf,Moscow,1947.??.??,1947,12,"Ravinsky, Grigory Ionovich","Petrosian, Tigran V",,,1-0,white_win,loss,C75,,121,60.5,21,7,2,0,True,True,9,0,True,0,12,7,defensive
Petrosian.pgn,Petrosian,white,"Averbakh, Yuri L",URS-ch sf,Moscow,1947.??.??,1947,13,"Petrosian, Tigran V","Averbakh, Yuri L",,,0-1,black_win,loss,C89,,80,40.0,20,3,2,0,True,True,10,0,True,0,10,3,defensive
Petrosian.pgn,Petrosian,white,"Simagin, Vladimir",URS-ch sf,Moscow,1947.??.??,1947,13,"Petrosian, Tigran V","Simagin, Vladimir",,,1/2-1/2,draw,draw,A96,,48,24.0,12,2,2,0,True,True,6,1,True,0,6,1,defensive
Petrosian.pgn,Petrosian,black,"Kasparian, Genrikh",URS-ch sf,Moscow,1947.??.??,1947,14,"Kasparian, Genrikh","Petrosian, Tigran V",,,0-1,black_win,win,C09,,78,39.0,13,1,1,0,False,True,6,0,True,0,7,1,defensive
Petrosian.pgn,Petrosian,white,"Taimanov, Mark E",URS-ch17,Moscow,1949.??.??,1949,?,"Petrosian, Tigran V","Taimanov, Mark E",,,1/2-1/2,draw,draw,E19,,63,31.5,10,3,2,0,True,True,5,0,True,0,5,3,defensive
Petrosian.pgn,Petrosian,white,"Sokolsky, Alexey",URS-ch17,Moscow,1949.??.??,1949,?,"Petrosian, Tigran V","Sokolsky, Alexey",,,1/2-1/2,draw,draw,B10,,102,51.0,23,6,2,0,True,True,12,5,True,0,11,1,defensive
Petrosian.pgn,Petrosian,white,"Smyslov, Vassily",URS-ch17,Moscow,1949.??.??,1949,?,"Petrosian, Tigran V","Smyslov, Vassily",,,0-1,black_win,loss,B84,,92,46.0,17,0,2,0,True,True,8,0,True,0,9,0,defensive
Petrosian.pgn,Petrosian,white,"Mikenas, Vladas",URS-ch17,Moscow,1949.??.??,1949,?,"Petrosian, Tigran V","Mikenas, Vladas",,,1-0,white_win,win,D36,,139,69.5,24,7,2,0,True,True,13,6,True,0,11,1,defensive
Petrosian.pgn,Petrosian,black,"Ragozin, Viacheslav",URS-ch17,Moscow,1949.??.??,1949,?,"Ragozin, Viacheslav","Petrosian, Tigran V",,,1-0,white_win,loss,B13,,165,82.5,24,4,2,1,True,True,12,1,True,0,12,3,defensive
Petrosian.pgn,Petrosian,white,"Liublinsky, Victor Alexandrovic",URS-ch17,Moscow,1949.??.??,1949,?,"Petrosian, Tigran V","Liublinsky, Victor Alexandrovic",,,1-0,white_win,win,D03,,51,25.5,14,2,1,0,False,True,7,1,False,0,7,1,defensive
Petrosian.pgn,Petrosian,white,"Lilienthal, Andor",URS-ch17,Moscow,1949.??.??,1949,?,"Petrosian, Tigran V","Lilienthal, Andor",,,1-0,white_win,win,C49,,87,43.5,15,2,2,0,True,True,8,0,True,0,7,2,defensive
Petrosian.pgn,Petrosian,white,"Geller, Efim P",URS-ch17,Moscow,1949.??.??,1949,?,"Petrosian, Tigran V","Geller, Efim P",,,0-1,black_win,loss,E94,,54,27.0,10,1,2,0,True,True,4,0,True,0,6,1,defensive
Petrosian.pgn,Petrosian,white,"Bronstein, David I",URS-ch17,Moscow,1949.??.??,1949,?,"Petrosian, Tigran V","Bronstein, David I",,,1/2-1/2,draw,draw,E32,,46,23.0,8,1,2,0,True,True,4,0,True,0,4,1,defensive
Petrosian.pgn,Petrosian,white,"Boleslavsky, Isaak",URS-ch17,Moscow,1949.??.??,1949,?,"Petrosian, Tigran V","Boleslavsky, Isaak",,,1/2-1/2,draw,draw,D70,,73,36.5,11,1,2,0,True,True,6,1,True,0,5,0,defensive
Petrosian.pgn,Petrosian,black,"Levenfish, Grigory",URS-ch17,Moscow,1949.??.??,1949,?,"Levenfish, Grigory","Petrosian, Tigran V",,,0-1,black_win,win,E68,,76,38.0,15,0,2,0,True,True,8,0,True,0,7,0,defensive
Petrosian.pgn,Petrosian,black,"Kotov, Alexander",URS-ch17,Moscow,1949.??.??,1949,?,"Kotov, Alexander","Petrosian, Tigran V",,,1-0,white_win,loss,D36,,25,12.5,10,4,0,0,False,False,4,0,False,0,6,4,defensive
Petrosian.pgn,Petrosian,black,"Kopylov, Nikolai G",URS-ch17,Moscow,1949.??.??,1949,?,"Kopylov, Nikolai G","Petrosian, Tigran V",,,1/2-1/2,draw,draw,B26,,84,42.0,12,3,2,0,True,True,6,1,True,0,6,2,defensive
Petrosian.pgn,Petrosian,black,"Kholmov, Ratmir D",URS-ch17,Moscow,1949.??.??,1949,?,"Kholmov, Ratmir D","Petrosian, Tigran V",,,1/2-1/2,draw,draw,C02,,49,24.5,9,2,1,0,False,True,4,2,True,0,5,0,defensive
Petrosian.pgn,Petrosian,black,"Keres, Paul",URS-ch17,Moscow,1949.??.??,1949,?,"Keres, Paul","Petrosian, Tigran V",,,1-0,white_win,loss,E61,,77,38.5,13,4,2,0,True,True,8,0,True,0,5,4,defensive
Petrosian.pgn,Petrosian,black,"Goldberg, Grigory Abramovich",URS-ch17,Moscow,1949.??.??,1949,?,"Goldberg, Grigory Abramovich","Petrosian, Tigran V",,,1-0,white_win,loss,B24,,125,62.5,25,4,2,0,True,True,12,1,True,0,13,3,defensive
Petrosian.pgn,Petrosian,black,"Furman, Semen Abramovich",URS-ch17,Moscow,1949.??.??,1949,?,"Furman, Semen Abramovich","Petrosian, Tigran V",,,1-0,white_win,loss,E68,,82,41.0,18,3,2,0,True,True,9,1,True,0,9,2,defensive
Petrosian.pgn,Petrosian,black,"Flohr, Salo",URS-ch17,Moscow,1949.??.??,1949,?,"Flohr, Salo","Petrosian, Tigran V",,,1-0,white_win,loss,A54,,85,42.5,17,9,2,0,True,True,8,0,True,0,9,9,defensive
Petrosian.pgn,Petrosian,black,"Aronin, Lev Solomonovich",URS-ch17,Moscow,1949.??.??,1949,?,"Aronin, Lev Solomonovich","Petrosian, Tigran V",,,1/2-1/2,draw,draw,B11,,36,18.0,6,0,2,0,True,True,3,0,True,0,3,0,defensive
Petrosian.pgn,Petrosian,black,"Solmanis, Zigfrids",URS-ch sf,Tbilisi,1949.??.??,1949,1,"Solmanis, Zigfrids","Petrosian, Tigran V",,,1/2-1/2,draw,draw,B13,,88,44.0,19,5,1,0,False,True,10,4,True,0,9,1,defensive
Petrosian.pgn,Petrosian,black,"Vasiliev, Victor Andreevich",URS-ch sf,Tbilisi,1949.??.??,1949,2,"Vasiliev, Victor Andreevich","Petrosian, Tigran V",,,1/2-1/2,draw,draw,E67,,79,39.5,12,2,2,0,True,True,6,2,True,0,6,0,defensive
Petrosian.pgn,Petrosian,white,"Novotelnov, Nikolay Alexandrovi",URS-ch sf,Tbilisi,1949.??.??,1949,3,"Petrosian, Tigran V","Novotelnov, Nikolay Alexandrovi",,,1-0,white_win,win,C49,,95,47.5,19,1,2,0,True,True,10,0,True,0,9,1,defensive
Petrosian.pgn,Petrosian,black,"Lubienski, Tadeusz",URS-ch sf,Tbilisi,1949.??.??,1949,4,"Lubienski, Tadeusz","Petrosian, Tigran V",,,0-1,black_win,win,E46,,42,21.0,10,0,2,0,True,True,5,0,True,0,5,0,defensive
Petrosian.pgn,Petrosian,white,"Aramanovich, I.",URS-ch sf,Tbilisi,1949.??.??,1949,5,"Petrosian, Tigran V","Aramanovich, I.",,,1-0,white_win,win,A34,,91,45.5,21,8,0,0,False,False,11,5,False,0,10,3,defensive
Petrosian.pgn,Petrosian,white,"Pogrebissky, Iosif",URS-ch sf,Tbilisi,1949.??.??,1949,7,"Petrosian, Tigran V","Pogrebissky, Iosif",,,1-0,white_win,win,D74,,55,27.5,13,3,2,0,True,True,6,3,True,0,7,0,defensive
Petrosian.pgn,Petrosian,black,"Ebralidze, Archil Silovanovich",URS-ch sf,Tbilisi,1949.??.??,1949,8,"Ebralidze, Archil Silovanovich","Petrosian, Tigran V",,,1/2-1/2,draw,draw,D46,,42,21.0,10,0,2,0,True,True,5,0,True,0,5,0,defensive
Petrosian.pgn,Petrosian,white,"Klaman, Konstantin",URS-ch sf,Tbilisi,1949.??.??,1949,9,"Petrosian, Tigran V","Klaman, Konstantin",,,1-0,white_win,win,A54,,87,43.5,18,0,2,0,True,True,8,0,True,0,10,0,defensive
Petrosian.pgn,Petrosian,black,"Ilivitzki, Georgi A",URS-ch sf,Tbilisi,1949.??.??,1949,10,"Ilivitzki, Georgi A","Petrosian, Tigran V",,,1/2-1/2,draw,draw,D59,,48,24.0,13,0,2,0,True,True,7,0,True,0,6,0,defensive
Petrosian.pgn,Petrosian,white,"Nezhmetdinov, Rashid",URS-ch sf,Tbilisi,1949.??.??,1949,11,"Petrosian, Tigran V","Nezhmetdinov, Rashid",,,1-0,white_win,win,C46,,85,42.5,18,5,0,0,False,False,10,2,False,0,8,3,defensive
Petrosian.pgn,Petrosian,black,"Chistiakov, Alexander Nikolaevi",URS-ch sf,Tbilisi,1949.??.??,1949,12,"Chistiakov, Alexander Nikolaevi","Petrosian, Tigran V",,,1-0,white_win,loss,C86,,93,46.5,14,1,2,0,True,True,6,0,True,0,8,1,defensive
Petrosian.pgn,Petrosian,white,"Makogonov, Vladimir Andreevich",URS-ch sf,Tbilisi,1949.??.??,1949,13,"Petrosian, Tigran V","Makogonov, Vladimir Andreevich",,,1/2-1/2,draw,draw,B25,,115,57.5,16,6,2,0,True,True,7,3,True,0,9,3,defensive
Petrosian.pgn,Petrosian,black,"Grechkin, Dmitry Makarovich",URS-ch sf,Tbilisi,1949.??.??,1949,14,"Grechkin, Dmitry Makarovich","Petrosian, Tigran V",,,1/2-1/2,draw,draw,B18,,128,64.0,16,9,1,0,False,True,8,1,True,0,8,8,defensive
Petrosian.pgn,Petrosian,white,"Kasparian, Genrikh",URS-ch sf,Tbilisi,1949.??.??,1949,15,"Petrosian, Tigran V","Kasparian, Genrikh",,,1-0,white_win,win,C09,,82,41.0,16,1,2,0,True,True,8,1,True,0,8,0,defensive
Petrosian.pgn,Petrosian,black,"Kholmov, Ratmir D",URS-ch sf,Tbilisi,1949.??.??,1949,16,"Kholmov, Ratmir D","Petrosian, Tigran V",,,1/2-1/2,draw,draw,B18,,84,42.0,12,2,2,0,True,True,6,1,True,0,6,1,defensive
Petrosian.pgn,Petrosian,white,"Geller, Efim P",URS-ch sf,Tbilisi,1949.??.??,1949,17,"Petrosian, Tigran V","Geller, Efim P",,,1/2-1/2,draw,draw,C01,,60,30.0,22,4,2,0,True,True,11,3,True,0,11,1,defensive
Petrosian.pgn,Petrosian,white,"Furman, Semen Abramovich",URS-ch sf,Gorky,1950.??.??,1950,?,"Petrosian, Tigran V","Furman, Semen Abramovich",,,0-1,black_win,loss,C49,,136,68.0,18,17,2,0,True,True,8,1,True,0,10,16,defensive
Petrosian.pgn,Petrosian,black,"Dubinin, Peter Vasilievich",URS-ch sf,Gorky,1950.??.??,1950,?,"Dubinin, Peter Vasilievich","Petrosian, Tigran V",,,0-1,black_win,win,C18,,92,46.0,20,4,2,0,True,True,10,1,True,0,10,3,defensive
Petrosian.pgn,Petrosian,black,"Ratner, Boris",URS-ch sf,Gorky,1950.??.??,1950,?,"Ratner, Boris","Petrosian, Tigran V",,,0-1,black_win,win,E67,,86,43.0,18,2,2,0,True,True,10,1,True,0,8,1,defensive
Petrosian.pgn,Petrosian,black,"Byvshev, Vasily Mikhailovich",URS-ch sf,Gorky,1950.??.??,1950,11,"Byvshev, Vasily Mikhailovich","Petrosian, Tigran V",,,1/2-1/2,draw,draw,C84,,57,28.5,16,2,2,0,True,True,8,0,True,0,8,2,defensive
Petrosian.pgn,Petrosian,white,"Sidorov, Anatoly",URS-ch sf,Gorky,1950.??.??,1950,12,"Petrosian, Tigran V","Sidorov, Anatoly",,,1-0,white_win,win,D35,,83,41.5,19,2,2,0,True,True,9,2,True,0,10,0,defensive
Petrosian.pgn,Petrosian,black,"Bonch Osmolovsky, Mikhail",Moscow-ch,Moscow,1950.??.??,1950,?,"Bonch Osmolovsky, Mikhail","Petrosian, Tigran V",,,1/2-1/2,draw,draw,B51,,48,24.0,8,2,2,0,True,True,4,0,True,0,4,2,defensive
Petrosian.pgn,Petrosian,black,"Estrin, Yacov",Moscow-ch,Moscow,1950.??.??,1950,?,"Estrin, Yacov","Petrosian, Tigran V",,,1/2-1/2,draw,draw,C17,,50,25.0,11,2,2,0,True,True,6,2,True,0,5,0,defensive
Petrosian.pgn,Petrosian,black,"Fridstein, Grigory",Moscow-ch,Moscow,1950.??.??,1950,?,"Fridstein, Grigory","Petrosian, Tigran V",,,1/2-1/2,draw,draw,E69,,53,26.5,10,0,2,0,True,True,5,0,True,0,5,0,defensive
Petrosian.pgn,Petrosian,black,"Moiseev, Oleg L",Moscow-ch,Moscow,1950.??.??,1950,?,"Moiseev, Oleg L","Petrosian, Tigran V",,,1/2-1/2,draw,draw,A53,,40,20.0,4,0,2,0,True,True,2,0,True,0,2,0,defensive
Petrosian.pgn,Petrosian,white,"Averbakh, Yuri L",Moscow-ch,Moscow,1950.??.??,1950,?,"Petrosian, Tigran V","Averbakh, Yuri L",,,1/2-1/2,draw,draw,A47,,40,20.0,6,0,2,0,True,True,3,0,True,0,3,0,defensive
Petrosian.pgn,Petrosian,white,"Beilin, Mikhail Abramovich",Moscow-ch,Moscow,1950.??.??,1950,?,"Petrosian, Tigran V","Beilin, Mikhail Abramovich",,,1-0,white_win,win,D54,,75,37.5,14,2,1,0,False,True,7,0,False,0,7,2,defensive
Petrosian.pgn,Petrosian,white,"Chistiakov, Alexander Nikolaevi",Moscow-ch,Moscow,1950.??.??,1950,?,"Petrosian, Tigran V","Chistiakov, Alexander Nikolaevi",,,1/2-1/2,draw,draw,A63,,97,48.5,12,1,2,0,True,True,6,0,True,0,6,1,defensive
Petrosian.pgn,Petrosian,white,"Golovko, Nikolay Grigorievic",Moscow-ch,Moscow,1950.??.??,1950,?,"Petrosian, Tigran V","Golovko, Nikolay Grigorievic",,,1/2-1/2,draw,draw,E72,,112,56.0,23,12,2,0,True,True,12,11,True,0,11,1,defensive
Petrosian.pgn,Petrosian,white,"Kan, Ilia Abramovich",Moscow-ch,Moscow,1950.??.??,1950,?,"Petrosian, Tigran V","Kan, Ilia Abramovich",,,1/2-1/2,draw,draw,E49,,53,26.5,12,1,2,0,True,True,6,0,True,0,6,1,defensive
Petrosian.pgn,Petrosian,white,"Panov, Vasily N",Moscow-ch,Moscow,1950.??.??,1950,?,"Petrosian, Tigran V","Panov, Vasily N",,,0-1,black_win,loss,E62,,88,44.0,17,1,2,0,True,True,8,0,True,0,9,1,defensive
Petrosian.pgn,Petrosian,white,"Sherbakov, Vitaly S",Moscow-ch,Moscow,1950.??.??,1950,?,"Petrosian, Tigran V","Sherbakov, Vitaly S",,,1-0,white_win,win,E14,,109,54.5,21,3,2,0,True,True,11,1,True,0,10,2,defensive
Petrosian.pgn,Petrosian,white,"Zagoriansky, Evgeny",Moscow-ch,Moscow,1950.??.??,1950,?,"Petrosian, Tigran V","Zagoriansky, Evgeny",,,1/2-1/2,draw,draw,C91,,71,35.5,16,2,2,0,True,True,8,1,True,0,8,1,defensive
Petrosian.pgn,Petrosian,black,"Ravinsky, Grigory Ionovich",Moscow-ch,Moscow,1950.??.??,1950,?,"Ravinsky, Grigory Ionovich","Petrosian, Tigran V",,,1/2-1/2,draw,draw,B18,,55,27.5,13,1,2,0,True,True,7,0,True,0,6,1,defensive
Petrosian.pgn,Petrosian,black,"Simagin, Vladimir",Moscow-ch,Moscow,1950.??.??,1950,?,"Simagin, Vladimir","Petrosian, Tigran V",,,0-1,black_win,win,E24,,80,40.0,20,2,1,0,False,True,11,2,True,0,9,0,defensive
Petrosian.pgn,Petrosian,black,"Soloviev, Vladimir A",Moscow-ch,Moscow,1950.??.??,1950,?,"Soloviev, Vladimir A","Petrosian, Tigran V",,,0-1,black_win,win,B11,,80,40.0,18,7,1,0,False,True,10,7,True,0,8,0,defensive
Petrosian.pgn,Petrosian,black,"Lipnitsky, Isaak",URS-ch18,Moscow,1950.??.??,1950,?,"Lipnitsky, Isaak","Petrosian, Tigran V",,,1-0,white_win,loss,E11,,161,80.5,21,7,2,0,True,True,10,4,True,0,11,3,defensive
Petrosian.pgn,Petrosian,black,"Konstantinopolsky, Alexander",URS-ch18,Moscow,1950.??.??,1950,?,"Konstantinopolsky, Alexander","Petrosian, Tigran V",,,1/2-1/2,draw,draw,C71,,75,37.5,12,0,1,0,True,False,6,0,False,0,6,0,defensive
Petrosian.pgn,Petrosian,black,"Keres, Paul",URS-ch18,Moscow,1950.??.??,1950,?,"Keres, Paul","Petrosian, Tigran V",,,0-1,black_win,win,C03,,70,35.0,12,2,2,0,True,True,5,2,True,0,7,0,defensive
Petrosian.pgn,Petrosian,black,"Flohr, Salo",URS-ch18,Moscow,1950.??.??,1950,?,"Flohr, Salo","Petrosian, Tigran V",,,1/2-1/2,draw,draw,E94,,43,21.5,8,0,2,0,True,True,4,0,True,0,4,0,defensive
Petrosian.pgn,Petrosian,black,"Alatortsev, Vladimir",URS-ch18,Moscow,1950.??.??,1950,?,"Alatortsev, Vladimir","Petrosian, Tigran V",,,1/2-1/2,draw,draw,E56,,45,22.5,14,1,2,1,True,True,7,1,True,1,7,0,defensive
Petrosian.pgn,Petrosian,black,"Liublinsky, Victor Alexandrovic",URS-ch18,Moscow,1950.??.??,1950,?,"Liublinsky, Victor Alexandrovic","Petrosian, Tigran V",,,0-1,black_win,win,C17,,82,41.0,17,5,2,0,True,True,9,2,True,0,8,3,defensive
Petrosian.pgn,Petrosian,black,"Mikenas, Vladas",URS-ch18,Moscow,1950.??.??,1950,?,"Mikenas, Vladas","Petrosian, Tigran V",,,1-0,white_win,loss,E68,,81,40.5,15,0,2,0,True,True,8,0,True,0,7,0,defensive
Petrosian.pgn,Petrosian,white,"Aronin, Lev Solomonovich",URS-ch18,Moscow,1950.??.??,1950,?,"Petrosian, Tigran V","Aronin, Lev Solomonovich",,,0-1,black_win,loss,D36,,124,62.0,23,1,2,0,True,True,11,0,True,0,12,1,defensive
Petrosian.pgn,Petrosian,white,"Averbakh, Yuri L",URS-ch18,Moscow,1950.??.??,1950,?,"Petrosian, Tigran V","Averbakh, Yuri L",,,0-1,black_win,loss,D31,,136,68.0,18,4,1,2,True,False,9,3,True,0,9,1,defensive
Petrosian.pgn,Petrosian,white,"Boleslavsky, Isaak",URS-ch18,Moscow,1950.??.??,1950,?,"Petrosian, Tigran V","Boleslavsky, Isaak",,,1/2-1/2,draw,draw,E43,,57,28.5,8,0,2,0,True,True,4,0,True,0,4,0,defensive
Petrosian.pgn,Petrosian,white,"Bondarevsky, Igor",URS-ch18,Moscow,1950.??.??,1950,?,"Petrosian, Tigran V","Bondarevsky, Igor",,,1-0,white_win,win,A92,,82,41.0,12,1,2,0,True,True,7,1,True,0,5,0,defensive
Petrosian.pgn,Petrosian,white,"Borisenko, Georgy K",URS-ch18,Moscow,1950.??.??,1950,?,"Petrosian, Tigran V","Borisenko, Georgy K",,,1-0,white_win,win,E81,,117,58.5,23,10,1,0,False,True,12,3,False,0,11,7,defensive
Petrosian.pgn,Petrosian,white,"Geller, Efim P",URS-ch18,Moscow,1950.??.??,1950,?,"Petrosian, Tigran V","Geller, Efim P",,,0-1,black_win,loss,A07,,76,38.0,16,4,2,0,True,True,7,0,True,0,9,4,defensive
Petrosian.pgn,Petrosian,white,"Smyslov, Vassily",URS-ch18,Moscow,1950.??.??,1950,?,"Petrosian, Tigran V","Smyslov, Vassily",,,1/2-1/2,draw,draw,D29,,79,39.5,23,7,2,1,True,True,11,2,True,1,12,5,defensive
Petrosian.pgn,Petrosian,white,"Tolush, Alexander V",URS-ch18,Moscow,1950.??.??,1950,?,"Petrosian, Tigran V","Tolush, Alexander V",,,1-0,white_win,win,D35,,37,18.5,7,0,2,0,True,True,4,0,True,0,3,0,defensive
Petrosian.pgn,Petrosian,black,"Suetin, Alexey S",URS-ch18,Moscow,1950.??.??,1950,?,"Suetin, Alexey S","Petrosian, Tigran V",,,1-0,white_win,loss,C84,,119,59.5,27,11,2,0,True,True,13,8,True,0,14,3,defensive
Petrosian.pgn,Petrosian,black,"Sokolsky, Alexey",URS-ch18,Moscow,1950.??.??,1950,?,"Sokolsky, Alexey","Petrosian, Tigran V",,,1/2-1/2,draw,draw,B56,,38,19.0,8,1,2,0,True,True,4,1,True,0,4,0,defensive
Petrosian.pgn,Petrosian,white,"Kopylov, Nikolai G",URS-ch19,Moscow,1951.??.??,1951,?,"Petrosian, Tigran V","Kopylov, Nikolai G",,,0-1,black_win,loss,E43,,68,34.0,14,3,2,0,True,True,7,1,True,0,7,2,defensive
Petrosian.pgn,Petrosian,black,"Flohr, Salo",URS-ch19,Moscow,1951.??.??,1951,?,"Flohr, Salo","Petrosian, Tigran V",,,1/2-1/2,draw,draw,E67,,103,51.5,6,0,2,0,True,True,3,0,True,0,3,0,defensive
Petrosian.pgn,Petrosian,black,"Averbakh, Yuri L",URS-ch19,Moscow,1951.??.??,1951,?,"Averbakh, Yuri L","Petrosian, Tigran V",,,1/2-1/2,draw,draw,B11,,58,29.0,4,0,2,0,True,True,2,0,True,0,2,0,defensive
Petrosian.pgn,Petrosian,black,"Aronin, Lev Solomonovich",URS-ch19,Moscow,1951.??.??,1951,?,"Aronin, Lev Solomonovich","Petrosian, Tigran V",,,1-0,white_win,loss,C91,,77,38.5,12,1,2,0,True,True,6,0,True,0,6,1,defensive
Petrosian.pgn,Petrosian,black,"Terpugov, Evgeny",URS-ch19,Moscow,1951.??.??,1951,?,"Terpugov, Evgeny","Petrosian, Tigran V",,,0-1,black_win,win,A43,,78,39.0,21,0,2,0,True,True,11,0,True,0,10,0,defensive
Petrosian.pgn,Petrosian,black,"Simagin, Vladimir",URS-ch19,Moscow,1951.??.??,1951,?,"Simagin, Vladimir","Petrosian, Tigran V",,,0-1,black_win,win,D40,,108,54.0,22,1,2,0,True,True,12,1,True,0,10,0,defensive
Petrosian.pgn,Petrosian,white,"Taimanov, Mark E",URS-ch19,Moscow,1951.??.??,1951,?,"Petrosian, Tigran V","Taimanov, Mark E",,,1-0,white_win,win,E14,,113,56.5,18,4,2,0,True,True,10,3,True,0,8,1,defensive
Petrosian.pgn,Petrosian,white,"Smyslov, Vassily",URS-ch19,Moscow,1951.??.??,1951,?,"Petrosian, Tigran V","Smyslov, Vassily",,,1-0,white_win,win,D15,,101,50.5,24,3,2,1,True,True,13,3,True,0,11,0,defensive
Petrosian.pgn,Petrosian,white,"Moiseev, Oleg L",URS-ch19,Moscow,1951.??.??,1951,?,"Petrosian, Tigran V","Moiseev, Oleg L",,,1/2-1/2,draw,draw,E55,,80,40.0,16,1,2,0,True,True,8,0,True,0,8,1,defensive
Petrosian.pgn,Petrosian,white,"Kotov, Alexander",URS-ch19,Moscow,1951.??.??,1951,?,"Petrosian, Tigran V","Kotov, Alexander",,,1-0,white_win,win,E69,,103,51.5,17,5,2,0,True,True,9,4,True,0,8,1,defensive
Petrosian.pgn,Petrosian,black,"Bondarevsky, Igor",URS-ch19,Moscow,1951.??.??,1951,?,"Bondarevsky, Igor","Petrosian, Tigran V",,,0-1,black_win,win,E71,,164,82.0,23,7,2,0,True,True,12,4,True,0,11,3,defensive
Petrosian.pgn,Petrosian,white,"Keres, Paul",URS-ch19,Moscow,1951.??.??,1951,?,"Petrosian, Tigran V","Keres, Paul",,,1/2-1/2,draw,draw,E14,,116,58.0,25,6,2,0,True,True,13,4,True,0,12,2,defensive
Petrosian.pgn,Petrosian,white,"Geller, Efim P",URS-ch19,Moscow,1951.??.??,1951,?,"Petrosian, Tigran V","Geller, Efim P",,,1/2-1/2,draw,draw,E92,,45,22.5,3,0,2,0,True,True,2,0,True,0,1,0,defensive
Petrosian.pgn,Petrosian,white,"Bronstein, David I",URS-ch19,Moscow,1951.??.??,1951,?,"Petrosian, Tigran V","Bronstein, David I",,,1/2-1/2,draw,draw,E19,,117,58.5,25,4,2,0,True,True,13,3,True,0,12,1,defensive
Petrosian.pgn,Petrosian,white,"Botvinnik, Mikhail",URS-ch19,Moscow,1951.??.??,1951,?,"Petrosian, Tigran V","Botvinnik, Mikhail",,,1/2-1/2,draw,draw,A46,,199,99.5,28,13,2,0,True,True,14,3,True,0,14,10,defensive
Petrosian.pgn,Petrosian,black,"Novotelnov, Nikolay Alexandrovi",URS-ch19,Moscow,1951.??.??,1951,?,"Novotelnov, Nikolay Alexandrovi","Petrosian, Tigran V",,,0-1,black_win,win,B92,,52,26.0,14,1,2,0,True,True,7,1,True,0,7,0,defensive
Petrosian.pgn,Petrosian,black,"Lipnitsky, Isaak",URS-ch19,Moscow,1951.??.??,1951,?,"Lipnitsky, Isaak","Petrosian, Tigran V",,,0-1,black_win,win,C50,,80,40.0,15,1,2,0,True,True,9,1,True,0,6,0,defensive
Petrosian.pgn,Petrosian,black,"Dubinin, Peter Vasilievich",URS-ch sf,Sverdlovsk,1951.??.??,1951,1,"Dubinin, Peter Vasilievich","Petrosian, Tigran V",,,1-0,white_win,loss,C86,,73,36.5,14,0,2,0,True,True,6,0,True,0,8,0,defensive
Petrosian.pgn,Petrosian,black,"Konstantinov, A.",URS-ch sf,Sverdlovsk,1951.??.??,1951,7,"Konstantinov, A.","Petrosian, Tigran V",,,1/2-1/2,draw,draw,B26,,78,39.0,12,2,2,0,True,True,6,0,True,0,6,2,defensive
Petrosian.pgn,Petrosian,white,"Ilivitzki, Georgi A",URS-ch sf,Sverdlovsk,1951.??.??,1951,10,"Petrosian, Tigran V","Ilivitzki, Georgi A",,,1-0,white_win,win,E57,,127,63.5,24,16,2,0,True,True,13,15,True,0,11,1,defensive
Petrosian.pgn,Petrosian,black,"Mukhitdinov, Mamadzhan",Tashkent m,Tashkent,1951.??.??,1951,1,"Mukhitdinov, Mamadzhan","Petrosian, Tigran V",,,0-1,black_win,win,E29,,98,49.0,21,3,2,0,True,True,11,1,True,0,10,2,defensive
Petrosian.pgn,Petrosian,white,"Mukhitdinov, Mamadzhan",Tashkent m,Tashkent,1951.??.??,1951,2,"Petrosian, Tigran V","Mukhitdinov, Mamadzhan",,,0-1,black_win,loss,D30,,79,39.5,14,1,2,0,True,True,7,1,True,0,7,0,defensive
Petrosian.pgn,Petrosian,black,"Mukhitdinov, Mamadzhan",Tashkent m,Tashkent,1951.??.??,1951,3,"Mukhitdinov, Mamadzhan","Petrosian, Tigran V",,,1/2-1/2,draw,draw,C09,,101,50.5,18,6,2,0,True,True,9,4,True,0,9,2,defensive
Petrosian.pgn,Petrosian,white,"Mukhitdinov, Mamadzhan",Tashkent m,Tashkent,1951.??.??,1951,4,"Petrosian, Tigran V","Mukhitdinov, Mamadzhan",,,1-0,white_win,win,A13,,45,22.5,7,1,2,0,True,True,4,1,True,0,3,0,defensive
Petrosian.pgn,Petrosian,black,"Mukhitdinov, Mamadzhan",Tashkent m,Tashkent,1951.??.??,1951,5,"Mukhitdinov, Mamadzhan","Petrosian, Tigran V",,,1/2-1/2,draw,draw,B11,,57,28.5,8,0,2,0,True,True,4,0,True,0,4,0,defensive
Petrosian.pgn,Petrosian,white,"Mukhitdinov, Mamadzhan",Tashkent m,Tashkent,1951.??.??,1951,6,"Petrosian, Tigran V","Mukhitdinov, Mamadzhan",,,1/2-1/2,draw,draw,A80,,81,40.5,12,0,2,0,True,True,6,0,True,0,6,0,defensive
Petrosian.pgn,Petrosian,black,"Mukhitdinov, Mamadzhan",Tashkent m,Tashkent,1951.??.??,1951,7,"Mukhitdinov, Mamadzhan","Petrosian, Tigran V",,,0-1,black_win,win,B40,,44,22.0,10,0,2,0,True,True,5,0,True,0,5,0,defensive
Petrosian.pgn,Petrosian,white,"Mukhitdinov, Mamadzhan",Tashkent m,Tashkent,1951.??.??,1951,8,"Petrosian, Tigran V","Mukhitdinov, Mamadzhan",,,1-0,white_win,win,D08,,61,30.5,15,6,1,0,False,True,7,1,False,0,8,5,defensive
Petrosian.pgn,Petrosian,black,"Mukhitdinov, Mamadzhan",Tashkent m,Tashkent,1951.??.??,1951,9,"Mukhitdinov, Mamadzhan","Petrosian, Tigran V",,,1/2-1/2,draw,draw,B88,,38,19.0,10,1,2,0,True,True,5,1,True,0,5,0,defensive
Petrosian.pgn,Petrosian,white,"Mukhitdinov, Mamadzhan",Tashkent m,Tashkent,1951.??.??,1951,10,"Petrosian, Tigran V","Mukhitdinov, Mamadzhan",,,1-0,white_win,win,E91,,87,43.5,15,1,2,0,True,True,8,0,True,0,7,1,defensive
Petrosian.pgn,Petrosian,black,"Mukhitdinov, Mamadzhan",Tashkent m,Tashkent,1951.??.??,1951,11,"Mukhitdinov, Mamadzhan","Petrosian, Tigran V",,,1/2-1/2,draw,draw,B34,,70,35.0,18,1,2,0,True,True,9,1,True,0,9,0,defensive
Petrosian.pgn,Petrosian,black,"Mukhitdinov, Mamadzhan",Tashkent m,Tashkent,1951.??.??,1951,13,"Mukhitdinov, Mamadzhan","Petrosian, Tigran V",,,0-1,black_win,win,B17,,55,27.5,14,0,2,0,True,True,7,0,True,0,7,0,defensive
Petrosian.pgn,Petrosian,white,"Mukhitdinov, Mamadzhan",Tashkent m,Tashkent,1951.??.??,1951,14,"Petrosian, Tigran V","Mukhitdinov, Mamadzhan",,,1/2-1/2,draw,draw,A97,,40,20.0,6,2,2,0,True,True,3,1,True,0,3,1,defensive
Petrosian.pgn,Petrosian,white,"Tolush, Alexander V",URS-chT,Tbilisi,1951.??.??,1951,?,"Petrosian, Tigran V","Tolush, Alexander V",,,0-1,black_win,loss,E56,,78,39.0,16,1,2,0,True,True,7,0,True,0,9,1,defensive
Petrosian.pgn,Petrosian,black,"Bannik, Anatoly",URS-chT,Tbilisi,1951.??.??,1951,?,"Bannik, Anatoly","Petrosian, Tigran V",,,1-0,white_win,loss,E56,,59,29.5,12,0,2,0,True,True,6,0,True,0,6,0,defensive
Petrosian.pgn,Petrosian,white,"Smyslov, Vassily",Budapest,Budapest,1952.??.??,1952,1,"Petrosian, Tigran V","Smyslov, Vassily",,,1/2-1/2,draw,draw,A29,,42,21.0,8,0,2,0,True,True,4,0,True,0,4,0,defensive
Petrosian.pgn,Petrosian,white,"Keres, Paul",Budapest,Budapest,1952.??.??,1952,2,"Petrosian, Tigran V","Keres, Paul",,,1-0,white_win,win,E53,,71,35.5,19,1,2,0,True,True,10,1,True,0,9,0,defensive
Petrosian.pgn,Petrosian,black,"Pilnik, Herman",Budapest,Budapest,1952.??.??,1952,3,"Pilnik, Herman","Petrosian, Tigran V",,,1-0,white_win,loss,C77,,99,49.5,19,4,2,1,True,True,9,0,True,0,10,4,defensive
Petrosian.pgn,Petrosian,white,"Sliwa, Bogdan",Budapest,Budapest,1952.??.??,1952,4,"Petrosian, Tigran V","Sliwa, Bogdan",,,1-0,white_win,win,E14,,59,29.5,11,1,2,0,True,True,6,0,True,0,5,1,defensive
Petrosian.pgn,Petrosian,black,"Geller, Efim P",Budapest,Budapest,1952.??.??,1952,5,"Geller, Efim P","Petrosian, Tigran V",,,1/2-1/2,draw,draw,D59,,46,23.0,14,1,2,0,True,True,7,1,True,0,7,0,defensive
Petrosian.pgn,Petrosian,white,"Golombek, Harry",Budapest,Budapest,1952.??.??,1952,6,"Petrosian, Tigran V","Golombek, Harry",,,1-0,white_win,win,E14,,83,41.5,14,1,2,0,True,True,8,0,True,0,6,1,defensive
Petrosian.pgn,Petrosian,black,"Stahlberg, Gideon",Budapest,Budapest,1952.??.??,1952,7,"Stahlberg, Gideon","Petrosian, Tigran V",,,1-0,white_win,loss,A43,,53,26.5,10,7,1,0,True,False,5,2,False,0,5,5,defensive
Petrosian.pgn,Petrosian,white,"Szabo, Laszlo",Budapest,Budapest,1952.??.??,1952,8,"Petrosian, Tigran V","Szabo, Laszlo",,,0-1,black_win,loss,E14,,130,65.0,27,16,2,0,True,True,13,11,True,0,14,5,defensive
Petrosian.pgn,Petrosian,black,"Gereben, Erno",Budapest,Budapest,1952.??.??,1952,9,"Gereben, Erno","Petrosian, Tigran V",,,1/2-1/2,draw,draw,E67,,101,50.5,19,2,2,0,True,True,10,2,True,0,9,0,defensive
Petrosian.pgn,Petrosian,white,"Szily, Jozsef",Budapest,Budapest,1952.??.??,1952,10,"Petrosian, Tigran V","Szily, Jozsef",,,1/2-1/2,draw,draw,D43,,92,46.0,23,6,2,0,True,True,12,2,True,0,11,4,defensive
Petrosian.pgn,Petrosian,black,"Benko, Pal C",Budapest,Budapest,1952.??.??,1952,11,"Benko, Pal C","Petrosian, Tigran V",,,1-0,white_win,loss,A49,,123,61.5,20,6,2,0,True,True,9,3,True,0,11,3,defensive
Petrosian.pgn,Petrosian,white,"Kottnauer, Cenek",Budapest,Budapest,1952.??.??,1952,12,"Petrosian, Tigran V","Kottnauer, Cenek",,,1/2-1/2,draw,draw,A08,,51,25.5,14,1,2,0,True,True,7,1,True,0,7,0,defensive
Petrosian.pgn,Petrosian,black,"O'Kelly de Galway, Alberic",Budapest,Budapest,1952.??.??,1952,13,"O'Kelly de Galway, Alberic","Petrosian, Tigran V",,,1/2-1/2,draw,draw,E67,,63,31.5,10,0,2,0,True,True,5,0,True,0,5,0,defensive
Petrosian.pgn,Petrosian,white,"Troianescu, Octavio",Budapest,Budapest,1952.??.??,1952,14,"Petrosian, Tigran V","Troianescu, Octavio",,,1-0,white_win,win,E49,,63,31.5,12,2,2,0,True,True,7,1,True,0,5,1,defensive
Petrosian.pgn,Petrosian,black,"Botvinnik, Mikhail",Budapest,Budapest,1952.??.??,1952,15,"Botvinnik, Mikhail","Petrosian, Tigran V",,,1/2-1/2,draw,draw,B92,,44,22.0,6,0,2,0,True,True,3,0,True,0,3,0,defensive
Petrosian.pgn,Petrosian,white,"Barcza, Gedeon",Budapest,Budapest,1952.??.??,1952,16,"Petrosian, Tigran V","Barcza, Gedeon",,,1-0,white_win,win,A08,,91,45.5,19,2,2,0,True,True,11,2,True,0,8,0,defensive
Petrosian.pgn,Petrosian,black,"Platz, Hans",Budapest,Budapest,1952.??.??,1952,17,"Platz, Hans","Petrosian, Tigran V",,,0-1,black_win,win,E86,,62,31.0,11,0,2,0,True,True,5,0,True,0,6,0,defensive
Petrosian.pgn,Petrosian,black,"Gligoric, Svetozar",Saltsjobaden Interzonal,Saltsjobaden,1952.??.??,1952,2,"Gligoric, Svetozar","Petrosian, Tigran V",,,1/2-1/2,draw,draw,C09,,28,14.0,6,1,2,0,True,True,3,0,True,0,3,1,defensive
Petrosian.pgn,Petrosian,white,"Prins, Lodewijk",Saltsjobaden Interzonal,Saltsjobaden,1952.??.??,1952,3,"Petrosian, Tigran V","Prins, Lodewijk",,,1/2-1/2,draw,draw,D40,,62,31.0,14,1,2,0,True,True,7,1,True,0,7,0,defensive
Petrosian.pgn,Petrosian,black,"Unzicker, Wolfgang",Saltsjobaden Interzonal,Saltsjobaden,1952.??.??,1952,4,"Unzicker, Wolfgang","Petrosian, Tigran V",,,1/2-1/2,draw,draw,E11,,37,18.5,8,2,2,0,True,True,4,2,True,0,4,0,defensive
Petrosian.pgn,Petrosian,white,"Golombek, Harry",Saltsjobaden Interzonal,Saltsjobaden,1952.??.??,1952,5,"Petrosian, Tigran V","Golombek, Harry",,,1-0,white_win,win,A47,,80,40.0,19,3,2,0,True,True,9,2,True,0,10,1,defensive
Petrosian.pgn,Petrosian,black,"Pilnik, Herman",Saltsjobaden Interzonal,Saltsjobaden,1952.??.??,1952,6,"Pilnik, Herman","Petrosian, Tigran V",,,1/2-1/2,draw,draw,B34,,90,45.0,16,4,2,0,True,True,8,1,True,0,8,3,defensive
Petrosian.pgn,Petrosian,white,"Averbakh, Yuri L",Saltsjobaden Interzonal,Saltsjobaden,1952.??.??,1952,7,"Petrosian, Tigran V","Averbakh, Yuri L",,,1/2-1/2,draw,draw,E35,,42,21.0,10,1,2,0,True,True,5,0,True,0,5,1,defensive
Petrosian.pgn,Petrosian,black,"Wade, Robert Graham",Saltsjobaden Interzonal,Saltsjobaden,1952.??.??,1952,8,"Wade, Robert Graham","Petrosian, Tigran V",,,0-1,black_win,win,B91,,114,57.0,25,4,2,0,True,True,13,3,True,0,12,1,defensive
Petrosian.pgn,Petrosian,white,"Pachman, Ludek",Saltsjobaden Interzonal,Saltsjobaden,1952.??.??,1952,9,"Petrosian, Tigran V","Pachman, Ludek",,,1-0,white_win,win,D38,,71,35.5,16,6,2,0,True,True,9,3,True,0,7,3,defensive
Petrosian.pgn,Petrosian,black,"Matanovic, Aleksandar",Saltsjobaden Interzonal,Saltsjobaden,1952.??.??,1952,10,"Matanovic, Aleksandar","Petrosian, Tigran V",,,1/2-1/2,draw,draw,B11,,83,41.5,16,2,2,0,True,True,8,2,True,0,8,0,defensive
Petrosian.pgn,Petrosian,white,"Sanchez, Luis A",Saltsjobaden Interzonal,Saltsjobaden,1952.??.??,1952,11,"Petrosian, Tigran V","Sanchez, Luis A",,,1/2-1/2,draw,draw,D35,,46,23.0,10,0,2,0,True,True,5,0,True,0,5,0,defensive
Petrosian.pgn,Petrosian,black,"Stahlberg, Gideon",Saltsjobaden Interzonal,Saltsjobaden,1952.??.??,1952,12,"Stahlberg, Gideon","Petrosian, Tigran V",,,1/2-1/2,draw,draw,A49,,23,11.5,2,0,2,0,True,True,1,0,True,0,1,0,defensive
Petrosian.pgn,Petrosian,white,"Barcza, Gedeon",Saltsjobaden Interzonal,Saltsjobaden,1952.??.??,1952,13,"Petrosian, Tigran V","Barcza, Gedeon",,,1-0,white_win,win,A08,,59,29.5,8,1,2,0,True,True,5,1,True,0,3,0,defensive
Petrosian.pgn,Petrosian,white,"Geller, Efim P",Saltsjobaden Interzonal,Saltsjobaden,1952.??.??,1952,14,"Petrosian, Tigran V","Geller, Efim P",,,1/2-1/2,draw,draw,E72,,40,20.0,8,0,2,0,True,True,4,0,True,0,4,0,defensive
Petrosian.pgn,Petrosian,black,"Szabo, Laszlo",Saltsjobaden Interzonal,Saltsjobaden,1952.??.??,1952,15,"Szabo, Laszlo","Petrosian, Tigran V",,,0-1,black_win,win,B93,,94,47.0,23,3,2,0,True,True,13,2,True,0,10,1,defensive
Petrosian.pgn,Petrosian,white,"Kotov, Alexander",Saltsjobaden Interzonal,Saltsjobaden,1952.??.??,1952,16,"Petrosian, Tigran V","Kotov, Alexander",,,1/2-1/2,draw,draw,D13,,29,14.5,10,0,2,0,True,True,5,0,True,0,5,0,defensive
Petrosian.pgn,Petrosian,black,"Taimanov, Mark E",Saltsjobaden Interzonal,Saltsjobaden,1952.??.??,1952,17,"Taimanov, Mark E","Petrosian, Tigran V",,,1/2-1/2,draw,draw,B19,,37,18.5,10,0,2,0,True,True,5,0,True,0,5,0,defensive
Petrosian.pgn,Petrosian,white,"Steiner, Herman",Saltsjobaden Interzonal,Saltsjobaden,1952.??.??,1952,18,"Petrosian, Tigran V","Steiner, Herman",,,1/2-1/2,draw,draw,A09,,23,11.5,0,0,2,0,True,True,0,0,True,0,0,0,defensive
Petrosian.pgn,Petrosian,black,"Eliskases, Erich Gottlieb",Saltsjobaden Interzonal,Saltsjobaden,1952.??.??,1952,19,"Eliskases, Erich Gottlieb","Petrosian, Tigran V",,,1/2-1/2,draw,draw,E95,,48,24.0,4,0,2,0,True,True,2,0,True,0,2,0,defensive
Petrosian.pgn,Petrosian,white,"Stoltz, Goesta",Saltsjobaden Interzonal,Saltsjobaden,1952.??.??,1952,20,"Petrosian, Tigran V","Stoltz, Goesta",,,1-0,white_win,win,D35,,71,35.5,17,0,2,0,True,True,9,0,True,0,8,0,defensive
Petrosian.pgn,Petrosian,white,"Vaitonis, Paul",Saltsjobaden Interzonal,Saltsjobaden,1952.??.??,1952,20,"Petrosian, Tigran V","Vaitonis, Paul",,,1-0,white_win,win,D36,,63,31.5,13,1,2,0,True,True,7,1,True,0,6,0,defensive
Petrosian.pgn,Petrosian,black,"Barda, Olaf",Bucharest,Bucharest,1953.??.??,1953,1,"Barda, Olaf","Petrosian, Tigran V",,,1/2-1/2,draw,draw,E67,,41,20.5,6,0,2,0,True,True,3,0,True,0,3,0,defensive
Petrosian.pgn,Petrosian,white,"Golombek, Harry",Bucharest,Bucharest,1953.??.??,1953,2,"Petrosian, Tigran V","Golombek, Harry",,,1-0,white_win,win,A47,,143,71.5,26,12,1,0,True,False,14,6,True,0,12,6,defensive
Petrosian.pgn,Petrosian,black,"Szabo, Laszlo",Bucharest,Bucharest,1953.??.??,1953,3,"Szabo, Laszlo","Petrosian, Tigran V",,,1/2-1/2,draw,draw,E60,,48,24.0,8,0,2,0,True,True,4,0,True,0,4,0,defensive
Petrosian.pgn,Petrosian,white,"Spassky, Boris V",Bucharest,Bucharest,1953.??.??,1953,4,"Petrosian, Tigran V","Spassky, Boris V",,,1/2-1/2,draw,draw,D13,,30,15.0,10,0,2,0,True,True,5,0,True,0,5,0,defensive
Petrosian.pgn,Petrosian,black,"Smyslov, Vassily",Bucharest,Bucharest,1953.??.??,1953,5,"Smyslov, Vassily","Petrosian, Tigran V",,,1/2-1/2,draw,draw,D56,,40,20.0,9,0,2,0,True,True,4,0,True,0,5,0,defensive
Petrosian.pgn,Petrosian,white,"Ciocaltea, Victor",Bucharest,Bucharest,1953.??.??,1953,6,"Petrosian, Tigran V","Ciocaltea, Victor",,,1/2-1/2,draw,draw,E81,,63,31.5,16,0,2,0,True,True,8,0,True,0,8,0,defensive
Petrosian.pgn,Petrosian,black,"Milev, Zdravko",Bucharest,Bucharest,1953.??.??,1953,7,"Milev, Zdravko","Petrosian, Tigran V",,,0-1,black_win,win,A60,,58,29.0,15,2,2,0,True,True,8,2,True,0,7,0,defensive
Petrosian.pgn,Petrosian,black,"Tolush, Alexander V",Bucharest,Bucharest,1953.??.??,1953,8,"Tolush, Alexander V","Petrosian, Tigran V",,,1/2-1/2,draw,draw,B34,,34,17.0,12,1,2,0,True,True,6,1,True,0,6,0,defensive
Petrosian.pgn,Petrosian,white,"Radulescu, Mihai",Bucharest,Bucharest,1953.??.??,1953,9,"Petrosian, Tigran V","Radulescu, Mihai",,,1-0,white_win,win,D35,,83,41.5,13,1,2,0,True,True,7,1,True,0,6,0,defensive
Petrosian.pgn,Petrosian,black,"Troianescu, Octavio",Bucharest,Bucharest,1953.??.??,1953,10,"Troianescu, Octavio","Petrosian, Tigran V",,,0-1,black_win,win,A04,,114,57.0,25,6,2,0,True,True,14,5,True,0,11,1,defensive
Petrosian.pgn,Petrosian,white,"Sajtar, Jaroslav",Bucharest,Bucharest,1953.??.??,1953,11,"Petrosian, Tigran V","Sajtar, Jaroslav",,,1/2-1/2,draw,draw,A04,,45,22.5,9,4,2,0,True,True,5,4,True,0,4,0,defensive
Petrosian.pgn,Petrosian,black,"Stoltz, Goesta",Bucharest,Bucharest,1953.??.??,1953,12,"Stoltz, Goesta","Petrosian, Tigran V",,,0-1,black_win,win,E86,,110,55.0,23,12,2,0,True,True,12,8,True,0,11,4,defensive
Petrosian.pgn,Petrosian,white,"Szabo, Stefan",Bucharest,Bucharest,1953.??.??,1953,13,"Petrosian, Tigran V","Szabo, Stefan",,,1/2-1/2,draw,draw,D31,,55,27.5,12,0,1,0,False,True,6,0,False,0,6,0,defensive
Petrosian.pgn,Petrosian,black,"Barcza, Gedeon",Bucharest,Bucharest,1953.??.??,1953,14,"Barcza, Gedeon","Petrosian, Tigran V",,,1/2-1/2,draw,draw,A49,,36,18.0,6,0,2,0,True,True,3,0,True,0,3,0,defensive
Petrosian.pgn,Petrosian,white,"Reicher, Emanoil",Bucharest,Bucharest,1953.??.??,1953,15,"Petrosian, Tigran V","Reicher, Emanoil",,,1-0,white_win,win,A29,,99,49.5,21,1,2,0,True,True,11,1,True,0,10,0,defensive
Petrosian.pgn,Petrosian,black,"Sliwa, Bogdan",Bucharest,Bucharest,1953.??.??,1953,16,"Sliwa, Bogdan","Petrosian, Tigran V",,,1/2-1/2,draw,draw,E90,,91,45.5,20,3,2,0,True,True,10,2,True,0,10,1,defensive
Petrosian.pgn,Petrosian,white,"Filip, Miroslav",Bucharest,Bucharest,1953.??.??,1953,17,"Petrosian, Tigran V","Filip, Miroslav",,,1-0,white_win,win,D91,,83,41.5,19,5,2,0,True,True,10,4,True,0,9,1,defensive
Petrosian.pgn,Petrosian,black,"Boleslavsky, Isaak",Bucharest,Bucharest,1953.??.??,1953,18,"Boleslavsky, Isaak","Petrosian, Tigran V",,,1/2-1/2,draw,draw,B52,,45,22.5,10,2,2,0,True,True,5,0,True,0,5,2,defensive
Petrosian.pgn,Petrosian,white,"O'Kelly de Galway, Alberic",Bucharest,Bucharest,1953.??.??,1953,19,"Petrosian, Tigran V","O'Kelly de Galway, Alberic",,,1/2-1/2,draw,draw,C48,,27,13.5,8,2,2,0,True,True,4,0,True,0,4,2,defensive
Petrosian.pgn,Petrosian,white,"Kotov, Alexander",URS-training,Garga,1953.??.??,1953,1,"Petrosian, Tigran V","Kotov, Alexander",,,1/2-1/2,draw,draw,D13,,111,55.5,18,8,2,0,True,True,10,4,True,0,8,4,defensive
Petrosian.pgn,Petrosian,black,"Taimanov, Mark E",URS-training,Garga,1953.??.??,1953,2,"Taimanov, Mark E","Petrosian, Tigran V",,,0-1,black_win,win,A70,,76,38.0,17,1,2,0,True,True,9,0,True,0,8,1,defensive
Petrosian.pgn,Petrosian,white,"Tolush, Alexander V",URS-training,Garga,1953.??.??,1953,3,"Petrosian, Tigran V","Tolush, Alexander V",,,1/2-1/2,draw,draw,A77,,87,43.5,16,1,2,0,True,True,7,0,True,0,9,1,defensive
Petrosian.pgn,Petrosian,white,"Keres, Paul",URS-training,Garga,1953.??.??,1953,5,"Petrosian, Tigran V","Keres, Paul",,,1/2-1/2,draw,draw,A09,,124,62.0,28,4,2,1,True,True,13,4,True,1,15,0,defensive
Petrosian.pgn,Petrosian,black,"Geller, Efim P",URS-training,Garga,1953.??.??,1953,6,"Geller, Efim P","Petrosian, Tigran V",,,0-1,black_win,win,C15,,52,26.0,15,3,2,0,True,True,8,2,True,0,7,1,defensive
Petrosian.pgn,Petrosian,white,"Averbakh, Yuri L",URS-training,Garga,1953.??.??,1953,7,"Petrosian, Tigran V","Averbakh, Yuri L",,,1/2-1/2,draw,draw,D91,,45,22.5,8,0,2,0,True,True,4,0,True,0,4,0,defensive
Petrosian.pgn,Petrosian,black,"Boleslavsky, Isaak",URS-training,Garga,1953.??.??,1953,8,"Boleslavsky, Isaak","Petrosian, Tigran V",,,1-0,white_win,loss,B51,,79,39.5,21,5,1,0,True,False,10,0,False,0,11,5,defensive
Petrosian.pgn,Petrosian,white,"Smyslov, Vassily",URS-training,Garga,1953.??.??,1953,9,"Petrosian, Tigran V","Smyslov, Vassily",,,1-0,white_win,win,D70,,83,41.5,17,0,2,0,True,True,10,0,True,0,7,0,defensive
Petrosian.pgn,Petrosian,black,"Ragozin, Viacheslav",URS-training,Garga,1953.??.??,1953,10,"Ragozin, Viacheslav","Petrosian, Tigran V",,,0-1,black_win,win,B95,,80,40.0,15,6,1,0,True,False,7,0,False,0,8,6,defensive
Petrosian.pgn,Petrosian,white,"Keres, Paul",Candidats Tournament,Zuerich,1953.??.??,1953,1,"Petrosian, Tigran V","Keres, Paul",,,1/2-1/2,draw,draw,E01,,82,41.0,13,1,1,0,True,False,6,1,True,0,7,0,defensive
Petrosian.pgn,Petrosian,black,"Reshevsky, Samuel Herman",Candidats Tournament,Zuerich,1953.??.??,1953,2,"Reshevsky, Samuel Herman","Petrosian, Tigran V",,,1/2-1/2,draw,draw,E58,,81,40.5,15,0,2,0,True,True,7,0,True,0,8,0,defensive
Petrosian.pgn,Petrosian,white,"Bronstein, David I",Candidats Tournament,Zuerich,1953.??.??,1953,3,"Petrosian, Tigran V","Bronstein, David I",,,1/2-1/2,draw,draw,E04,,33,16.5,2,1,2,0,True,True,1,0,True,0,1,1,defensive
Petrosian.pgn,Petrosian,black,"Gligoric, Svetozar",Candidats Tournament,Zuerich,1953.??.??,1953,4,"Gligoric, Svetozar","Petrosian, Tigran V",,,1/2-1/2,draw,draw,A63,,82,41.0,13,2,2,0,True,True,7,1,True,0,6,1,defensive
Petrosian.pgn,Petrosian,white,"Taimanov, Mark E",Candidats Tournament,Zuerich,1953.??.??,1953,5,"Petrosian, Tigran V","Taimanov, Mark E",,,0-1,black_win,loss,E14,,81,40.5,14,4,2,0,True,True,7,1,True,0,7,3,defensive
Petrosian.pgn,Petrosian,black,"Najdorf, Miguel",Candidats Tournament,Zuerich,1953.??.??,1953,6,"Najdorf, Miguel","Petrosian, Tigran V",,,1-0,white_win,loss,E62,,65,32.5,12,0,2,0,True,True,5,0,True,0,7,0,defensive
Petrosian.pgn,Petrosian,white,"Averbakh, Yuri L",Candidats Tournament,Zuerich,1953.??.??,1953,8,"Petrosian, Tigran V","Averbakh, Yuri L",,,1/2-1/2,draw,draw,D37,,26,13.0,6,0,2,0,True,True,3,0,True,0,3,0,defensive
Petrosian.pgn,Petrosian,black,"Szabo, Laszlo",Candidats Tournament,Zuerich,1953.??.??,1953,9,"Szabo, Laszlo","Petrosian, Tigran V",,,0-1,black_win,win,D58,,77,38.5,18,1,2,0,True,True,10,1,True,0,8,0,defensive
Petrosian.pgn,Petrosian,white,"Euwe, Max",Candidats Tournament,Zuerich,1953.??.??,1953,10,"Petrosian, Tigran V","Euwe, Max",,,1-0,white_win,win,A07,,123,61.5,23,17,2,0,True,True,12,7,True,0,11,10,defensive
Petrosian.pgn,Petrosian,black,"Stahlberg, Gideon",Candidats Tournament,Zuerich,1953.??.??,1953,11,"Stahlberg, Gideon","Petrosian, Tigran V",,,0-1,black_win,win,E68,,128,64.0,25,12,2,0,True,True,13,8,True,0,12,4,defensive
Petrosian.pgn,Petrosian,white,"Boleslavsky, Isaak",Candidats Tournament,Zuerich,1953.??.??,1953,12,"Petrosian, Tigran V","Boleslavsky, Isaak",,,1/2-1/2,draw,draw,A26,,42,21.0,8,1,2,0,True,True,4,1,True,0,4,0,defensive
Petrosian.pgn,Petrosian,black,"Kotov, Alexander",Candidats Tournament,Zuerich,1953.??.??,1953,13,"Kotov, Alexander","Petrosian, Tigran V",,,1/2-1/2,draw,draw,A55,,66,33.0,11,1,2,0,True,True,6,0,True,0,5,1,defensive
Petrosian.pgn,Petrosian,white,"Geller, Efim P",Candidats Tournament,Zuerich,1953.??.??,1953,14,"Petrosian, Tigran V","Geller, Efim P",,,1/2-1/2,draw,draw,A30,,27,13.5,4,0,2,0,True,True,2,0,True,0,2,0,defensive
Petrosian.pgn,Petrosian,black,"Smyslov, Vassily",Candidats Tournament,Zuerich,1953.??.??,1953,15,"Smyslov, Vassily","Petrosian, Tigran V",,,1/2-1/2,draw,draw,E58,,95,47.5,18,15,2,1,True,True,9,2,True,0,9,13,defensive
Petrosian.pgn,Petrosian,black,"Keres, Paul",Candidats Tournament,Zuerich,1953.??.??,1953,16,"Keres, Paul","Petrosian, Tigran V",,,1-0,white_win,loss,E61,,111,55.5,19,3,2,0,True,True,10,0,True,0,9,3,defensive
Petrosian.pgn,Petrosian,white,"Reshevsky, Samuel Herman",Candidats Tournament,Zuerich,1953.??.??,1953,17,"Petrosian, Tigran V","Reshevsky, Samuel Herman",,,1/2-1/2,draw,draw,A08,,60,30.0,10,1,2,0,True,True,5,1,True,0,5,0,defensive
Petrosian.pgn,Petrosian,black,"Bronstein, David I",Candidats Tournament,Zuerich,1953.??.??,1953,18,"Bronstein, David I","Petrosian, Tigran V",,,1/2-1/2,draw,draw,A53,,63,31.5,13,0,2,0,True,True,7,0,True,0,6,0,defensive
Petrosian.pgn,Petrosian,white,"Gligoric, Svetozar",Candidats Tournament,Zuerich,1953.??.??,1953,19,"Petrosian, Tigran V","Gligoric, Svetozar",,,1-0,white_win,win,E87,,81,40.5,11,1,2,0,True,True,6,1,True,0,5,0,defensive
Petrosian.pgn,Petrosian,black,"Taimanov, Mark E",Candidats Tournament,Zuerich,1953.??.??,1953,20,"Taimanov, Mark E","Petrosian, Tigran V",,,1-0,white_win,loss,E58,,79,39.5,14,3,2,0,True,True,7,0,True,0,7,3,defensive
Petrosian.pgn,Petrosian,white,"Najdorf, Miguel",Candidats Tournament,Zuerich,1953.??.??,1953,21,"Petrosian, Tigran V","Najdorf, Miguel",,,1/2-1/2,draw,draw,E14,,29,14.5,4,0,2,0,True,True,2,0,True,0,2,0,defensive
Petrosian.pgn,Petrosian,black,"Averbakh, Yuri L",Candidats Tournament,Zuerich,1953.??.??,1953,23,"Averbakh, Yuri L","Petrosian, Tigran V",,,1/2-1/2,draw,draw,B73,,43,21.5,18,1,2,0,True,True,9,1,True,0,9,0,defensive
Petrosian.pgn,Petrosian,white,"Szabo, Laszlo",Candidats Tournament,Zuerich,1953.??.??,1953,24,"Petrosian, Tigran V","Szabo, Laszlo",,,1-0,white_win,win,A34,,81,40.5,19,7,1,0,False,True,9,3,False,0,10,4,defensive
Petrosian.pgn,Petrosian,black,"Euwe, Max",Candidats Tournament,Zuerich,1953.??.??,1953,25,"Euwe, Max","Petrosian, Tigran V",,,1/2-1/2,draw,draw,A54,,45,22.5,6,0,2,0,True,True,3,0,True,0,3,0,defensive
Petrosian.pgn,Petrosian,white,"Stahlberg, Gideon",Candidats Tournament,Zuerich,1953.??.??,1953,26,"Petrosian, Tigran V","Stahlberg, Gideon",,,1-0,white_win,win,A04,,133,66.5,21,3,2,0,True,True,11,0,True,0,10,3,defensive
Petrosian.pgn,Petrosian,black,"Boleslavsky, Isaak",Candidats Tournament,Zuerich,1953.??.??,1953,27,"Boleslavsky, Isaak","Petrosian, Tigran V",,,1/2-1/2,draw,draw,B18,,47,23.5,13,2,0,0,False,False,7,2,False,0,6,0,defensive
Petrosian.pgn,Petrosian,white,"Kotov, Alexander",Candidats Tournament,Zuerich,1953.??.??,1953,28,"Petrosian, Tigran V","Kotov, Alexander",,,1/2-1/2,draw,draw,E67,,37,18.5,8,1,2,0,True,True,4,0,True,0,4,1,defensive
Petrosian.pgn,Petrosian,black,"Geller, Efim P",Candidats Tournament,Zuerich,1953.??.??,1953,29,"Geller, Efim P","Petrosian, Tigran V",,,1/2-1/2,draw,draw,E50,,55,27.5,6,1,2,0,True,True,3,1,True,0,3,0,defensive
Petrosian.pgn,Petrosian,white,"Smyslov, Vassily",Candidats Tournament,Zuerich,1953.??.??,1953,30,"Petrosian, Tigran V","Smyslov, Vassily",,,1/2-1/2,draw,draw,D14,,25,12.5,8,3,0,0,False,False,4,1,False,0,4,2,defensive
Petrosian.pgn,Petrosian,white,"Porrecca, Giorgio",Belgrade,Belgrade,1954.??.??,1954,1,"Petrosian, Tigran V","Porrecca, Giorgio",,,1-0,white_win,win,D08,,81,40.5,21,6,1,0,False,True,11,4,False,0,10,2,defensive
Petrosian.pgn,Petrosian,black,"Rabar, Braslav",Belgrade,Belgrade,1954.??.??,1954,2,"Rabar, Braslav","Petrosian, Tigran V",,,1/2-1/2,draw,draw,E58,,43,21.5,6,0,2,0,True,True,3,0,True,0,3,0,defensive
Petrosian.pgn,Petrosian,white,"Nievergelt, Erwin",Belgrade,Belgrade,1954.??.??,1954,3,"Petrosian, Tigran V","Nievergelt, Erwin",,,1-0,white_win,win,A47,,45,22.5,10,4,1,0,False,True,5,3,False,0,5,1,defensive
Petrosian.pgn,Petrosian,white,"Karaklajic, Nikola",Belgrade,Belgrade,1954.??.??,1954,4,"Petrosian, Tigran V","Karaklajic, Nikola",,,1-0,white_win,win,D46,,167,83.5,23,12,1,0,False,True,12,5,False,0,11,7,defensive
Petrosian.pgn,Petrosian,black,"Wade, Robert Graham",Belgrade,Belgrade,1954.??.??,1954,5,"Wade, Robert Graham","Petrosian, Tigran V",,,0-1,black_win,win,E77,,110,55.0,18,9,2,0,True,True,9,7,True,0,9,2,defensive
Petrosian.pgn,Petrosian,white,"Barcza, Gedeon",Belgrade,Belgrade,1954.??.??,1954,6,"Petrosian, Tigran V","Barcza, Gedeon",,,1/2-1/2,draw,draw,D86,,44,22.0,12,0,1,0,False,True,6,0,False,0,6,0,defensive
Petrosian.pgn,Petrosian,black,"Nedeljkovic, Strecko",Belgrade,Belgrade,1954.??.??,1954,7,"Nedeljkovic, Strecko","Petrosian, Tigran V",,,1/2-1/2,draw,draw,E11,,55,27.5,12,2,2,0,True,True,6,2,True,0,6,0,defensive
Petrosian.pgn,Petrosian,white,"Milic, Borislav",Belgrade,Belgrade,1954.??.??,1954,8,"Petrosian, Tigran V","Milic, Borislav",,,1-0,white_win,win,E87,,100,50.0,12,1,2,0,True,True,6,0,True,0,6,1,defensive
Petrosian.pgn,Petrosian,black,"Ivkov, Borislav",Belgrade,Belgrade,1954.??.??,1954,9,"Ivkov, Borislav","Petrosian, Tigran V",,,1-0,white_win,loss,B63,,87,43.5,17,6,2,0,True,True,8,1,True,0,9,5,defensive
Petrosian.pgn,Petrosian,white,"Matanovic, Aleksandar",Belgrade,Belgrade,1954.??.??,1954,10,"Petrosian, Tigran V","Matanovic, Aleksandar",,,1/2-1/2,draw,draw,A17,,28,14.0,5,0,2,0,True,True,2,0,True,0,3,0,defensive
Petrosian.pgn,Petrosian,black,"Joppen, Egon",Belgrade,Belgrade,1954.??.??,1954,11,"Joppen, Egon","Petrosian, Tigran V",,,0-1,black_win,win,C16,,80,40.0,13,1,2,0,True,True,7,1,True,0,6,0,defensive
Petrosian.pgn,Petrosian,white,"Bronstein, David I",Belgrade,Belgrade,1954.??.??,1954,12,"Petrosian, Tigran V","Bronstein, David I",,,1/2-1/2,draw,draw,A30,,33,16.5,10,2,2,0,True,True,5,1,True,0,5,1,defensive
Petrosian.pgn,Petrosian,black,"Janosevic, Dragoljub",Belgrade,Belgrade,1954.??.??,1954,13,"Janosevic, Dragoljub","Petrosian, Tigran V",,,1-0,white_win,loss,B14,,147,73.5,26,22,2,1,True,True,13,1,True,0,13,21,defensive
Petrosian.pgn,Petrosian,white,"Pirc, Vasja",Belgrade,Belgrade,1954.??.??,1954,14,"Petrosian, Tigran V","Pirc, Vasja",,,1/2-1/2,draw,draw,A54,,69,34.5,12,1,2,0,True,True,6,0,True,0,6,1,defensive
Petrosian.pgn,Petrosian,black,"Pilnik, Herman",Belgrade,Belgrade,1954.??.??,1954,15,"Pilnik, Herman","Petrosian, Tigran V",,,1/2-1/2,draw,draw,C15,,30,15.0,6,0,2,0,True,True,3,0,True,0,3,0,defensive
Petrosian.pgn,Petrosian,white,"Djurasevic, Bozidar",Belgrade,Belgrade,1954.??.??,1954,16,"Petrosian, Tigran V","Djurasevic, Bozidar",,,1/2-1/2,draw,draw,D35,,80,40.0,16,1,2,0,True,True,8,0,True,0,8,1,defensive
Petrosian.pgn,Petrosian,black,"Czerniak, Moshe",Belgrade,Belgrade,1954.??.??,1954,17,"Czerniak, Moshe","Petrosian, Tigran V",,,0-1,black_win,win,B50,,79,39.5,11,3,2,0,True,True,6,3,True,0,5,0,defensive
Petrosian.pgn,Petrosian,white,"Trifunovic, Petar",Belgrade,Belgrade,1954.??.??,1954,18,"Petrosian, Tigran V","Trifunovic, Petar",,,1/2-1/2,draw,draw,C45,,40,20.0,6,2,2,0,True,True,3,0,True,0,3,2,defensive
Petrosian.pgn,Petrosian,black,"Gligoric, Svetozar",Belgrade,Belgrade,1954.??.??,1954,19,"Gligoric, Svetozar","Petrosian, Tigran V",,,1-0,white_win,loss,A56,,71,35.5,18,4,2,0,True,True,9,0,True,0,9,4,defensive
Petrosian.pgn,Petrosian,black,"Pilnik, Herman",ARG-URS,Buenos Aires,1954.??.??,1954,1,"Pilnik, Herman","Petrosian, Tigran V",,,1/2-1/2,draw,draw,B59,,52,26.0,8,0,2,0,True,True,4,0,True,0,4,0,defensive
Petrosian.pgn,Petrosian,white,"Pilnik, Herman",ARG-URS,Buenos Aires,1954.??.??,1954,2,"Petrosian, Tigran V","Pilnik, Herman",,,1/2-1/2,draw,draw,D36,,46,23.0,14,1,2,0,True,True,7,0,True,0,7,1,defensive
Petrosian.pgn,Petrosian,black,"Pilnik, Herman",ARG-URS,Buenos Aires,1954.??.??,1954,3,"Pilnik, Herman","Petrosian, Tigran V",,,0-1,black_win,win,B59,,98,49.0,12,2,2,0,True,True,6,1,True,0,6,1,defensive
Petrosian.pgn,Petrosian,white,"Pilnik, Herman",ARG-URS,Buenos Aires,1954.??.??,1954,4,"Petrosian, Tigran V","Pilnik, Herman",,,1/2-1/2,draw,draw,A09,,90,45.0,14,2,2,0,True,True,7,1,True,0,7,1,defensive
Petrosian.pgn,Petrosian,black,"Lilienthal, Andor",URS-ch21,Kiev,1954.??.??,1954,?,"Lilienthal, Andor","Petrosian, Tigran V",,,0-1,black_win,win,B67,,85,42.5,19,0,2,0,True,True,9,0,True,0,10,0,defensive
Petrosian.pgn,Petrosian,black,"Kortschnoj, Viktor",URS-ch21,Kiev,1954.??.??,1954,?,"Kortschnoj, Viktor","Petrosian, Tigran V",,,1/2-1/2,draw,draw,E60,,80,40.0,16,1,2,0,True,True,8,0,True,0,8,1,defensive
Petrosian.pgn,Petrosian,black,"Kholmov, Ratmir D",URS-ch21,Kiev,1954.??.??,1954,?,"Kholmov, Ratmir D","Petrosian, Tigran V",,,1/2-1/2,draw,draw,A71,,54,27.0,14,1,2,0,True,True,7,1,True,0,7,0,defensive
Petrosian.pgn,Petrosian,black,"Livshin, Iosif M",URS-ch21,Kiev,1954.??.??,1954,?,"Livshin, Iosif M","Petrosian, Tigran V",,,1/2-1/2,draw,draw,B52,,95,47.5,23,9,2,0,True,True,12,2,True,0,11,7,defensive
Petrosian.pgn,Petrosian,black,"Shamkovich, Leonid",URS-ch21,Kiev,1954.??.??,1954,?,"Shamkovich, Leonid","Petrosian, Tigran V",,,1/2-1/2,draw,draw,E14,,48,24.0,14,3,2,0,True,True,7,2,True,0,7,1,defensive
Petrosian.pgn,Petrosian,black,"Taimanov, Mark E",URS-ch21,Kiev,1954.??.??,1954,?,"Taimanov, Mark E","Petrosian, Tigran V",,,1/2-1/2,draw,draw,A16,,60,30.0,8,1,2,0,True,True,4,0,True,0,4,1,defensive
Petrosian.pgn,Petrosian,black,"Borisenko, Georgy K",URS-ch21,Kiev,1954.??.??,1954,?,"Borisenko, Georgy K","Petrosian, Tigran V",,,0-1,black_win,win,E92,,98,49.0,19,2,1,0,False,True,10,1,True,0,9,1,defensive
Petrosian.pgn,Petrosian,white,"Bannik, Anatoly",URS-ch21,Kiev,1954.??.??,1954,?,"Petrosian, Tigran V","Bannik, Anatoly",,,1-0,white_win,win,A29,,167,83.5,26,16,2,0,True,True,14,11,True,0,12,5,defensive
Petrosian.pgn,Petrosian,white,"Byvshev, Vasily Mikhailovich",URS-ch21,Kiev,1954.??.??,1954,?,"Petrosian, Tigran V","Byvshev, Vasily Mikhailovich",,,1/2-1/2,draw,draw,D93,,85,42.5,17,6,2,0,True,True,9,4,True,0,8,2,defensive
Petrosian.pgn,Petrosian,black,"Suetin, Alexey S",URS-ch21,Kiev,1954.??.??,1954,?,"Suetin, Alexey S","Petrosian, Tigran V",,,1/2-1/2,draw,draw,C08,,55,27.5,16,2,2,0,True,True,8,1,True,0,8,1,defensive
Petrosian.pgn,Petrosian,black,"Nezhmetdinov, Rashid",URS-ch21,Kiev,1954.??.??,1954,?,"Nezhmetdinov, Rashid","Petrosian, Tigran V",,,0-1,black_win,win,B94,,88,44.0,19,1,1,0,True,False,10,0,False,0,9,1,defensive
Petrosian.pgn,Petrosian,white,"Averbakh, Yuri L",URS-ch21,Kiev,1954.??.??,1954,?,"Petrosian, Tigran V","Averbakh, Yuri L",,,1/2-1/2,draw,draw,D38,,62,31.0,10,2,2,0,True,True,5,2,True,0,5,0,defensive
Petrosian.pgn,Petrosian,white,"Flohr, Salo",URS-ch21,Kiev,1954.??.??,1954,?,"Petrosian, Tigran V","Flohr, Salo",,,1/2-1/2,draw,draw,A07,,82,41.0,12,1,2,0,True,True,6,0,True,0,6,1,defensive
Petrosian.pgn,Petrosian,white,"Furman, Semen Abramovich",URS-ch21,Kiev,1954.??.??,1954,?,"Petrosian, Tigran V","Furman, Semen Abramovich",,,1/2-1/2,draw,draw,D43,,125,62.5,23,7,2,0,True,True,11,4,True,0,12,3,defensive
Petrosian.pgn,Petrosian,white,"Geller, Efim P",URS-ch21,Kiev,1954.??.??,1954,?,"Petrosian, Tigran V","Geller, Efim P",,,1-0,white_win,win,D43,,163,81.5,23,14,2,0,True,True,12,13,True,0,11,1,defensive
Petrosian.pgn,Petrosian,white,"Ilivitzki, Georgi A",URS-ch21,Kiev,1954.??.??,1954,?,"Petrosian, Tigran V","Ilivitzki, Georgi A",,,1/2-1/2,draw,draw,A16,,82,41.0,17,6,2,0,True,True,9,4,True,0,8,2,defensive
Petrosian.pgn,Petrosian,white,"Lisitsin, Georgy",URS-ch21,Kiev,1954.??.??,1954,?,"Petrosian, Tigran V","Lisitsin, Georgy",,,1/2-1/2,draw,draw,D03,,45,22.5,16,2,2,0,True,True,8,2,True,0,8,0,defensive
Petrosian.pgn,Petrosian,white,"Ragozin, Viacheslav",URS-ch21,Kiev,1954.??.??,1954,?,"Petrosian, Tigran V","Ragozin, Viacheslav",,,1/2-1/2,draw,draw,E52,,87,43.5,18,3,2,0,True,True,9,1,True,0,9,2,defensive
Petrosian.pgn,Petrosian,white,"Sokolsky, Alexey",URS-ch21,Kiev,1954.??.??,1954,?,"Petrosian, Tigran V","Sokolsky, Alexey",,,1-0,white_win,win,A05,,119,59.5,20,3,2,0,True,True,10,0,True,0,10,3,defensive
Petrosian.pgn,Petrosian,white,"Milner Barry, Philip Stuart",ENG-URS,London,1954.??.??,1954,1,"Petrosian, Tigran V","Milner Barry, Philip Stuart",,,1-0,white_win,win,E40,,78,39.0,15,3,2,0,True,True,8,2,True,0,7,1,defensive
Petrosian.pgn,Petrosian,black,"Milner Barry, Philip Stuart",ENG-URS,London,1954.??.??,1954,2,"Milner Barry, Philip Stuart","Petrosian, Tigran V",,,0-1,black_win,win,B92,,58,29.0,12,1,2,0,True,True,6,1,True,0,6,0,defensive
Petrosian.pgn,Petrosian,white,"Corral, H.",URU-URS,Montevideo,1954.??.??,1954,1.5,"Petrosian, Tigran V","Corral, H.",,,1-0,white_win,win,D36,,57,28.5,13,1,1,0,False,True,6,0,False,0,7,1,defensive
Petrosian.pgn,Petrosian,black,"Olivera, JF.",URU-URS,Montevideo,1954.??.??,1954,2.5,"Olivera, JF.","Petrosian, Tigran V",,,0-1,black_win,win,E80,,120,60.0,23,12,1,0,True,False,12,6,False,0,11,6,defensive
Petrosian.pgn,Petrosian,white,"Bisguier, Arthur Bernard",USA-URS,New York,1954.??.??,1954,1,"Petrosian, Tigran V","Bisguier, Arthur Bernard",,,1/2-1/2,draw,draw,A05,,69,34.5,14,0,2,0,True,True,7,0,True,0,7,0,defensive
Petrosian.pgn,Petrosian,black,"Bisguier, Arthur Bernard",USA-URS,New York,1954.??.??,1954,2,"Bisguier, Arthur Bernard","Petrosian, Tigran V",,,1/2-1/2,draw,draw,E76,,63,31.5,11,0,2,0,True,True,5,0,True,0,6,0,defensive
Petrosian.pgn,Petrosian,white,"Bisguier, Arthur Bernard",USA-URS,New York,1954.??.??,1954,3,"Petrosian, Tigran V","Bisguier, Arthur Bernard",,,1-0,white_win,win,A36,,91,45.5,19,2,0,0,False,False,9,1,False,0,10,1,defensive
Petrosian.pgn,Petrosian,black,"Bisguier, Arthur Bernard",USA-URS,New York,1954.??.??,1954,4,"Bisguier, Arthur Bernard","Petrosian, Tigran V",,,0-1,black_win,win,A33,,84,42.0,15,2,2,0,True,True,9,1,True,0,6,1,defensive
Petrosian.pgn,Petrosian,black,"Belkadi, Ridha",FRA-URS,Paris,1954.??.??,1954,1.6,"Belkadi, Ridha","Petrosian, Tigran V",,,0-1,black_win,win,A04,,142,71.0,24,7,2,0,True,True,13,5,True,0,11,2,defensive
Petrosian.pgn,Petrosian,white,"Belkadi, Ridha",FRA-URS,Paris,1954.??.??,1954,2.6,"Petrosian, Tigran V","Belkadi, Ridha",,,1-0,white_win,win,E87,,49,24.5,12,1,2,0,True,True,7,1,True,0,5,0,defensive
Petrosian.pgn,Petrosian,white,"Kan, Ilia Abramovich",URS-chTJ Coop,Riga,1954.??.??,1954,?,"Petrosian, Tigran V","Kan, Ilia Abramovich",,,1-0,white_win,win,E46,,127,63.5,21,4,2,0,True,True,10,1,True,0,11,3,defensive
Petrosian.pgn,Petrosian,white,"Kortschnoj, Viktor",URS-chTJ Coop,Riga,1954.??.??,1954,?,"Petrosian, Tigran V","Kortschnoj, Viktor",,,1/2-1/2,draw,draw,D88,,45,22.5,12,0,2,0,True,True,6,0,True,0,6,0,defensive
Petrosian.pgn,Petrosian,white,"Lisitsin, Georgy",URS-chTJ Coop,Riga,1954.??.??,1954,?,"Petrosian, Tigran V","Lisitsin, Georgy",,,1-0,white_win,win,E40,,67,33.5,15,3,2,0,True,True,8,3,True,0,7,0,defensive
Petrosian.pgn,Petrosian,black,"Aronin, Lev Solomonovich",URS-chTJ Coop,Riga,1954.??.??,1954,?,"Aronin, Lev Solomonovich","Petrosian, Tigran V",,,1-0,white_win,loss,B95,,193,96.5,26,12,2,0,True,True,13,12,True,0,13,0,defensive
Petrosian.pgn,Petrosian,black,"Averbakh, Yuri L",URS-chTJ Coop,Riga,1954.??.??,1954,?,"Averbakh, Yuri L","Petrosian, Tigran V",,,1/2-1/2,draw,draw,E69,,70,35.0,15,1,2,0,True,True,8,0,True,0,7,1,defensive
Petrosian.pgn,Petrosian,white,"Suetin, Alexey S",URS-chTJ Coop,Riga,1954.??.??,1954,?,"Petrosian, Tigran V","Suetin, Alexey S",,,1-0,white_win,win,E94,,79,39.5,13,0,2,0,True,True,7,0,True,0,6,0,defensive
Petrosian.pgn,Petrosian,black,"Taimanov, Mark E",URS-chTJ Coop,Riga,1954.??.??,1954,?,"Taimanov, Mark E","Petrosian, Tigran V",,,1/2-1/2,draw,draw,E62,,39,19.5,6,0,2,0,True,True,3,0,True,0,3,0,defensive
Petrosian.pgn,Petrosian,black,"Tal, Mihail",URS-chTJ Coop,Riga,1954.??.??,1954,?,"Tal, Mihail","Petrosian, Tigran V",,,1/2-1/2,draw,draw,B95,,54,27.0,6,0,1,0,True,False,3,0,False,0,3,0,defensive
Petrosian.pgn,Petrosian,black,"Vasiukov, Evgeni",URS-chTJ Coop,Riga,1954.??.??,1954,?,"Vasiukov, Evgeni","Petrosian, Tigran V",,,0-1,black_win,win,B11,,60,30.0,14,0,1,0,True,False,8,0,False,0,6,0,defensive
Petrosian.pgn,Petrosian,white,"Chistiakov, Alexander Nikolaevi",URS-chTJ Coop,Riga,1954.??.??,1954,?,"Petrosian, Tigran V","Chistiakov, Alexander Nikolaevi",,,1-0,white_win,win,A80,,129,64.5,19,5,2,0,True,True,10,4,True,0,9,1,defensive
Petrosian.pgn,Petrosian,white,"Goode, R.",SWE-URS,Stockholm,1954.??.??,1954,1,"Petrosian, Tigran V","Goode, R.",,,1/2-1/2,draw,draw,E49,,92,46.0,20,2,2,0,True,True,10,1,True,0,10,1,defensive
Petrosian.pgn,Petrosian,black,"Goode, R.",SWE-URS,Stockholm,1954.??.??,1954,2,"Goode, R.","Petrosian, Tigran V",,,0-1,black_win,win,E72,,84,42.0,14,3,2,1,True,True,8,2,True,0,6,1,defensive
Petrosian.pgn,Petrosian,white,"Bilek, Istvan",HUN-URS,Budapest,1955.??.??,1955,1,"Petrosian, Tigran V","Bilek, Istvan",,,1/2-1/2,draw,draw,D40,,58,29.0,13,0,2,0,True,True,6,0,True,0,7,0,defensive
Petrosian.pgn,Petrosian,black,"Szabo, Laszlo",HUN-URS,Budapest,1955.??.??,1955,2,"Szabo, Laszlo","Petrosian, Tigran V",,,0-1,black_win,win,D15,,78,39.0,18,3,2,0,True,True,10,3,True,0,8,0,defensive
Petrosian.pgn,Petrosian,black,"Benko, Pal C",HUN-URS,Budapest,1955.??.??,1955,3,"Benko, Pal C","Petrosian, Tigran V",,,1/2-1/2,draw,draw,E11,,27,13.5,5,1,2,0,True,True,2,1,True,0,3,0,defensive
Petrosian.pgn,Petrosian,white,"Barcza, Gedeon",HUN-URS,Budapest,1955.??.??,1955,4,"Petrosian, Tigran V","Barcza, Gedeon",,,1-0,white_win,win,D35,,119,59.5,20,6,2,0,True,True,12,5,True,0,8,1,defensive
Petrosian.pgn,Petrosian,black,"Bilek, Istvan",HUN-URS,Budapest,1955.??.??,1955,5,"Bilek, Istvan","Petrosian, Tigran V",,,1/2-1/2,draw,draw,B17,,73,36.5,15,4,2,0,True,True,8,2,True,0,7,2,defensive
Petrosian.pgn,Petrosian,white,"Kluger, Gyula",HUN-URS,Budapest,1955.??.??,1955,6,"Petrosian, Tigran V","Kluger, Gyula",,,1-0,white_win,win,E85,,107,53.5,15,1,1,0,False,True,7,0,False,0,8,1,defensive
Petrosian.pgn,Petrosian,white,"Benko, Pal C",HUN-URS,Budapest,1955.??.??,1955,7,"Petrosian, Tigran V","Benko, Pal C",,,1-0,white_win,win,E26,,53,26.5,9,1,2,0,True,True,5,0,True,0,4,1,defensive
Petrosian.pgn,Petrosian,white,"Keres, Paul",Gothenburg Interzonal,Gothenburg,1955.??.??,1955,2,"Petrosian, Tigran V","Keres, Paul",,,1/2-1/2,draw,draw,E43,,43,21.5,8,0,2,0,True,True,3,0,True,0,5,0,defensive
Petrosian.pgn,Petrosian,black,"Spassky, Boris V",Gothenburg Interzonal,Gothenburg,1955.??.??,1955,3,"Spassky, Boris V","Petrosian, Tigran V",,,1/2-1/2,draw,draw,B11,,47,23.5,8,1,2,0,True,True,4,1,True,0,4,0,defensive
Petrosian.pgn,Petrosian,white,"Geller, Efim P",Gothenburg Interzonal,Gothenburg,1955.??.??,1955,4,"Petrosian, Tigran V","Geller, Efim P",,,1/2-1/2,draw,draw,C68,,28,14.0,8,0,2,0,True,True,4,0,True,0,4,0,defensive
Petrosian.pgn,Petrosian,black,"Ilivitzki, Georgi A",Gothenburg Interzonal,Gothenburg,1955.??.??,1955,5,"Ilivitzki, Georgi A","Petrosian, Tigran V",,,1/2-1/2,draw,draw,A56,,28,14.0,2,0,1,0,False,True,1,0,True,0,1,0,defensive
Petrosian.pgn,Petrosian,white,"Bronstein, David I",Gothenburg Interzonal,Gothenburg,1955.??.??,1955,6,"Petrosian, Tigran V","Bronstein, David I",,,1/2-1/2,draw,draw,A54,,38,19.0,6,0,2,0,True,True,3,0,True,0,3,0,defensive
Petrosian.pgn,Petrosian,black,"Pachman, Ludek",Gothenburg Interzonal,Gothenburg,1955.??.??,1955,7,"Pachman, Ludek","Petrosian, Tigran V",,,1/2-1/2,draw,draw,E69,,72,36.0,21,0,2,0,True,True,10,0,True,0,11,0,defensive
Petrosian.pgn,Petrosian,white,"Rabar, Braslav",Gothenburg Interzonal,Gothenburg,1955.??.??,1955,8,"Petrosian, Tigran V","Rabar, Braslav",,,1/2-1/2,draw,draw,A19,,40,20.0,10,1,1,0,False,True,5,1,False,0,5,0,defensive
Petrosian.pgn,Petrosian,black,"Medina Garcia, Antonio Angel",Gothenburg Interzonal,Gothenburg,1955.??.??,1955,9,"Medina Garcia, Antonio Angel","Petrosian, Tigran V",,,0-1,black_win,win,B93,,102,51.0,16,0,2,0,True,True,9,0,True,0,7,0,defensive
Petrosian.pgn,Petrosian,white,"Bisguier, Arthur Bernard",Gothenburg Interzonal,Gothenburg,1955.??.??,1955,10,"Petrosian, Tigran V","Bisguier, Arthur Bernard",,,1/2-1/2,draw,draw,D27,,40,20.0,14,1,2,0,True,True,7,1,True,0,7,0,defensive
Petrosian.pgn,Petrosian,black,"Panno, Oscar",Gothenburg Interzonal,Gothenburg,1955.??.??,1955,11,"Panno, Oscar","Petrosian, Tigran V",,,1/2-1/2,draw,draw,E54,,61,30.5,20,0,2,0,True,True,10,0,True,0,10,0,defensive
Petrosian.pgn,Petrosian,white,"Pilnik, Herman",Gothenburg Interzonal,Gothenburg,1955.??.??,1955,12,"Petrosian, Tigran V","Pilnik, Herman",,,1/2-1/2,draw,draw,B38,,83,41.5,17,3,2,0,True,True,9,1,True,0,8,2,defensive
Petrosian.pgn,Petrosian,black,"Najdorf, Miguel",Gothenburg Interzonal,Gothenburg,1955.??.??,1955,13,"Najdorf, Miguel","Petrosian, Tigran V",,,1/2-1/2,draw,draw,D59,,81,40.5,20,2,2,0,True,True,10,2,True,0,10,0,defensive
Petrosian.pgn,Petrosian,white,"Guimard, Carlos E",Gothenburg Interzonal,Gothenburg,1955.??.??,1955,14,"Petrosian, Tigran V","Guimard, Carlos E",,,1-0,white_win,win,D37,,123,61.5,21,15,2,0,True,True,10,14,True,0,11,1,defensive
Petrosian.pgn,Petrosian,black,"Fuderer, Andrija",Gothenburg Interzonal,Gothenburg,1955.??.??,1955,15,"Fuderer, Andrija","Petrosian, Tigran V",,,1/2-1/2,draw,draw,C08,,51,25.5,6,2,2,0,True,True,3,0,True,0,3,2,defensive
Petrosian.pgn,Petrosian,white,"Filip, Miroslav",Gothenburg Interzonal,Gothenburg,1955.??.??,1955,16,"Petrosian, Tigran V","Filip, Miroslav",,,1/2-1/2,draw,draw,E52,,37,18.5,8,0,2,0,True,True,4,0,True,0,4,0,defensive
Petrosian.pgn,Petrosian,black,"Stahlberg, Gideon",Gothenburg Interzonal,Gothenburg,1955.??.??,1955,17,"Stahlberg, Gideon","Petrosian, Tigran V",,,0-1,black_win,win,E70,,81,40.5,12,1,2,0,True,True,6,0,True,0,6,1,defensive
Petrosian.pgn,Petrosian,white,"Unzicker, Wolfgang",Gothenburg Interzonal,Gothenburg,1955.??.??,1955,18,"Petrosian, Tigran V","Unzicker, Wolfgang",,,1/2-1/2,draw,draw,E53,,31,15.5,8,1,2,0,True,True,4,0,True,0,4,1,defensive
Petrosian.pgn,Petrosian,black,"Sliwa, Bogdan",Gothenburg Interzonal,Gothenburg,1955.??.??,1955,19,"Sliwa, Bogdan","Petrosian, Tigran V",,,0-1,black_win,win,E70,,72,36.0,14,2,2,0,True,True,8,1,True,0,6,1,defensive
Petrosian.pgn,Petrosian,white,"Szabo, Laszlo",Gothenburg Interzonal,Gothenburg,1955.??.??,1955,20,"Petrosian, Tigran V","Szabo, Laszlo",,,1/2-1/2,draw,draw,D88,,31,15.5,8,0,2,0,True,True,4,0,True,0,4,0,defensive
Petrosian.pgn,Petrosian,black,"Donner, Jan Hein",Gothenburg Interzonal,Gothenburg,1955.??.??,1955,21,"Donner, Jan Hein","Petrosian, Tigran V",,,0-1,black_win,win,A63,,82,41.0,14,0,2,0,True,True,7,0,True,0,7,0,defensive
Petrosian.pgn,Petrosian,black,"Spassky, Boris V",URS-ch22,Moscow,1955.??.??,1955,?,"Spassky, Boris V","Petrosian, Tigran V",,,1/2-1/2,draw,draw,B95,,83,41.5,15,4,1,0,True,False,8,0,False,0,7,4,defensive
Petrosian.pgn,Petrosian,black,"Ilivitzki, Georgi A",URS-ch22,Moscow,1955.??.??,1955,?,"Ilivitzki, Georgi A","Petrosian, Tigran V",,,1/2-1/2,draw,draw,D29,,145,72.5,25,10,2,0,True,True,13,3,True,0,12,7,defensive
Petrosian.pgn,Petrosian,black,"Furman, Semen Abramovich",URS-ch22,Moscow,1955.??.??,1955,?,"Furman, Semen Abramovich","Petrosian, Tigran V",,,1/2-1/2,draw,draw,D34,,90,45.0,16,5,2,0,True,True,8,3,True,0,8,2,defensive
Petrosian.pgn,Petrosian,black,"Borisenko, Georgy K",URS-ch22,Moscow,1955.??.??,1955,?,"Borisenko, Georgy K","Petrosian, Tigran V",,,1/2-1/2,draw,draw,A85,,54,27.0,8,1,2,0,True,True,4,1,True,0,4,0,defensive
Petrosian.pgn,Petrosian,white,"Taimanov, Mark E",URS-ch22,Moscow,1955.??.??,1955,?,"Petrosian, Tigran V","Taimanov, Mark E",,,1-0,white_win,win,D46,,47,23.5,6,1,2,0,True,True,3,1,True,0,3,0,defensive
Petrosian.pgn,Petrosian,white,"Smyslov, Vassily",URS-ch22,Moscow,1955.??.??,1955,?,"Petrosian, Tigran V","Smyslov, Vassily",,,1/2-1/2,draw,draw,D94,,32,16.0,6,0,2,0,True,True,3,0,True,0,3,0,defensive
Petrosian.pgn,Petrosian,white,"Kortschnoj, Viktor",URS-ch22,Moscow,1955.??.??,1955,?,"Petrosian, Tigran V","Kortschnoj, Viktor",,,1/2-1/2,draw,draw,D45,,107,53.5,17,3,2,1,True,True,9,0,True,0,8,3,defensive
Petrosian.pgn,Petrosian,white,"Keres, Paul",URS-ch22,Moscow,1955.??.??,1955,?,"Petrosian, Tigran V","Keres, Paul",,,1/2-1/2,draw,draw,E14,,133,66.5,22,9,2,0,True,True,11,3,True,0,11,6,defensive
Petrosian.pgn,Petrosian,white,"Kan, Ilia Abramovich",URS-ch22,Moscow,1955.??.??,1955,?,"Petrosian, Tigran V","Kan, Ilia Abramovich",,,1-0,white_win,win,A08,,63,31.5,11,1,2,0,True,True,5,1,True,0,6,0,defensive
Petrosian.pgn,Petrosian,white,"Geller, Efim P",URS-ch22,Moscow,1955.??.??,1955,?,"Petrosian, Tigran V","Geller, Efim P",,,1/2-1/2,draw,draw,A38,,52,26.0,6,0,2,0,True,True,3,0,True,0,3,0,defensive
Petrosian.pgn,Petrosian,white,"Flohr, Salo",URS-ch22,Moscow,1955.??.??,1955,?,"Petrosian, Tigran V","Flohr, Salo",,,1/2-1/2,draw,draw,A09,,54,27.0,8,0,2,0,True,True,4,0,True,0,4,0,defensive
Petrosian.pgn,Petrosian,white,"Botvinnik, Mikhail",URS-ch22,Moscow,1955.??.??,1955,?,"Petrosian, Tigran V","Botvinnik, Mikhail",,,1/2-1/2,draw,draw,D94,,40,20.0,6,0,2,0,True,True,3,0,True,0,3,0,defensive
Petrosian.pgn,Petrosian,white,"Averbakh, Yuri L",URS-ch22,Moscow,1955.??.??,1955,?,"Petrosian, Tigran V","Averbakh, Yuri L",,,1/2-1/2,draw,draw,E43,,28,14.0,7,3,1,0,True,False,3,0,True,0,4,3,defensive
Petrosian.pgn,Petrosian,white,"Antoshin, Vladimir S",URS-ch22,Moscow,1955.??.??,1955,?,"Petrosian, Tigran V","Antoshin, Vladimir S",,,1/2-1/2,draw,draw,D38,,59,29.5,12,1,2,0,True,True,6,1,True,0,6,0,defensive
Petrosian.pgn,Petrosian,black,"Mikenas, Vladas",URS-ch22,Moscow,1955.??.??,1955,?,"Mikenas, Vladas","Petrosian, Tigran V",,,1/2-1/2,draw,draw,D58,,43,21.5,4,0,2,0,True,True,2,0,True,0,2,0,defensive
Petrosian.pgn,Petrosian,black,"Lisitsin, Georgy",URS-ch22,Moscow,1955.??.??,1955,?,"Lisitsin, Georgy","Petrosian, Tigran V",,,1/2-1/2,draw,draw,A49,,41,20.5,6,1,2,0,True,True,3,0,True,0,3,1,defensive
Petrosian.pgn,Petrosian,black,"Kotov, Alexander",URS-ch22,Moscow,1955.??.??,1955,?,"Kotov, Alexander","Petrosian, Tigran V",,,1/2-1/2,draw,draw,E92,,41,20.5,2,0,2,0,True,True,1,0,True,0,1,0,defensive
Petrosian.pgn,Petrosian,black,"Sherbakov, Vitaly S",URS-ch22,Moscow,1955.??.??,1955,?,"Sherbakov, Vitaly S","Petrosian, Tigran V",,,0-1,black_win,win,C15,,71,35.5,12,2,1,0,False,True,7,2,True,0,5,0,defensive
Petrosian.pgn,Petrosian,black,"Simagin, Vladimir",URS-ch22,Moscow,1955.??.??,1955,?,"Simagin, Vladimir","Petrosian, Tigran V",,,0-1,black_win,win,B63,,74,37.0,16,2,1,0,True,False,9,1,False,0,7,1,defensive
Petrosian.pgn,Petrosian,white,"Horowitz, Israel Albert",URS-USA telex,Moscow,1955.??.??,1955,1,"Petrosian, Tigran V","Horowitz, Israel Albert",,,1-0,white_win,win,E61,,71,35.5,10,1,2,0,True,True,5,1,True,0,5,0,defensive
Petrosian.pgn,Petrosian,black,"Horowitz, Israel Albert",URS-USA telex,Moscow,1955.??.??,1955,2,"Horowitz, Israel Albert","Petrosian, Tigran V",,,0-1,black_win,win,E72,,70,35.0,13,2,2,0,True,True,7,1,True,0,6,1,defensive
Petrosian.pgn,Petrosian,white,"Pavey, Max",URS-USA telex,Moscow,1955.??.??,1955,3,"Petrosian, Tigran V","Pavey, Max",,,1-0,white_win,win,A08,,95,47.5,10,0,2,0,True,True,5,0,True,0,5,0,defensive
Petrosian.pgn,Petrosian,black,"Pavey, Max",URS-USA telex,Moscow,1955.??.??,1955,4,"Pavey, Max","Petrosian, Tigran V",,,0-1,black_win,win,C86,,78,39.0,14,1,2,0,True,True,6,0,True,0,8,1,defensive
Petrosian.pgn,Petrosian,black,"Geller, Efim P",Candidats Tournament,Amsterdam,1956.??.??,1956,1,"Geller, Efim P","Petrosian, Tigran V",,,1-0,white_win,loss,E58,,91,45.5,17,4,2,0,True,True,9,2,True,0,8,2,defensive
Petrosian.pgn,Petrosian,white,"Bronstein, David I",Candidats Tournament,Amsterdam,1956.??.??,1956,2,"Petrosian, Tigran V","Bronstein, David I",,,0-1,black_win,loss,E65,,72,36.0,9,0,2,0,True,True,4,0,True,0,5,0,defensive
Petrosian.pgn,Petrosian,black,"Smyslov, Vassily",Candidats Tournament,Amsterdam,1956.??.??,1956,3,"Smyslov, Vassily","Petrosian, Tigran V",,,1-0,white_win,loss,E63,,105,52.5,21,1,2,0,True,True,10,1,True,0,11,0,defensive
Petrosian.pgn,Petrosian,white,"Spassky, Boris V",Candidats Tournament,Amsterdam,1956.??.??,1956,4,"Petrosian, Tigran V","Spassky, Boris V",,,1/2-1/2,draw,draw,A16,,142,71.0,27,6,2,0,True,True,14,5,True,0,13,1,defensive
Petrosian.pgn,Petrosian,black,"Panno, Oscar",Candidats Tournament,Amsterdam,1956.??.??,1956,5,"Panno, Oscar","Petrosian, Tigran V",,,1/2-1/2,draw,draw,D94,,104,52.0,16,3,2,0,True,True,8,3,True,0,8,0,defensive
Petrosian.pgn,Petrosian,white,"Pilnik, Herman",Candidats Tournament,Amsterdam,1956.??.??,1956,6,"Petrosian, Tigran V","Pilnik, Herman",,,1-0,white_win,win,A56,,99,49.5,15,2,2,0,True,True,8,1,True,0,7,1,defensive
Petrosian.pgn,Petrosian,black,"Filip, Miroslav",Candidats Tournament,Amsterdam,1956.??.??,1956,7,"Filip, Miroslav","Petrosian, Tigran V",,,0-1,black_win,win,A05,,72,36.0,11,0,2,0,True,True,6,0,True,0,5,0,defensive
Petrosian.pgn,Petrosian,black,"Keres, Paul",Candidats Tournament,Amsterdam,1956.??.??,1956,9,"Keres, Paul","Petrosian, Tigran V",,,1/2-1/2,draw,draw,B63,,81,40.5,19,3,1,0,True,False,9,2,False,0,10,1,defensive
Petrosian.pgn,Petrosian,white,"Geller, Efim P",Candidats Tournament,Amsterdam,1956.??.??,1956,10,"Petrosian, Tigran V","Geller, Efim P",,,1/2-1/2,draw,draw,D34,,145,72.5,26,10,2,0,True,True,13,2,True,0,13,8,defensive
Petrosian.pgn,Petrosian,white,"Szabo, Laszlo",Candidats Tournament,Amsterdam,1956.??.??,1956,10,"Petrosian, Tigran V","Szabo, Laszlo",,,1/2-1/2,draw,draw,E46,,40,20.0,8,1,2,0,True,True,4,0,True,0,4,1,defensive
Petrosian.pgn,Petrosian,black,"Bronstein, David I",Candidats Tournament,Amsterdam,1956.??.??,1956,11,"Bronstein, David I","Petrosian, Tigran V",,,1/2-1/2,draw,draw,E95,,58,29.0,4,0,2,0,True,True,2,0,True,0,2,0,defensive
Petrosian.pgn,Petrosian,white,"Smyslov, Vassily",Candidats Tournament,Amsterdam,1956.??.??,1956,12,"Petrosian, Tigran V","Smyslov, Vassily",,,1/2-1/2,draw,draw,D14,,20,10.0,2,0,2,0,True,True,1,0,True,0,1,0,defensive
Petrosian.pgn,Petrosian,black,"Spassky, Boris V",Candidats Tournament,Amsterdam,1956.??.??,1956,13,"Spassky, Boris V","Petrosian, Tigran V",,,1/2-1/2,draw,draw,E46,,65,32.5,15,0,2,0,True,True,8,0,True,0,7,0,defensive
Petrosian.pgn,Petrosian,white,"Panno, Oscar",Candidats Tournament,Amsterdam,1956.??.??,1956,14,"Petrosian, Tigran V","Panno, Oscar",,,1/2-1/2,draw,draw,B76,,40,20.0,10,0,2,0,True,True,5,0,True,0,5,0,defensive
Petrosian.pgn,Petrosian,black,"Pilnik, Herman",Candidats Tournament,Amsterdam,1956.??.??,1956,15,"Pilnik, Herman","Petrosian, Tigran V",,,1/2-1/2,draw,draw,B17,,81,40.5,18,2,2,0,True,True,9,1,True,0,9,1,defensive
Petrosian.pgn,Petrosian,white,"Filip, Miroslav",Candidats Tournament,Amsterdam,1956.??.??,1956,16,"Petrosian, Tigran V","Filip, Miroslav",,,1/2-1/2,draw,draw,A34,,43,21.5,6,0,2,0,True,True,3,0,True,0,3,0,defensive
Petrosian.pgn,Petrosian,black,"Szabo, Laszlo",Candidats Tournament,Amsterdam,1956.??.??,1956,17,"Szabo, Laszlo","Petrosian, Tigran V",,,1/2-1/2,draw,draw,E89,,62,31.0,10,0,2,0,True,True,5,0,True,0,5,0,defensive
Petrosian.pgn,Petrosian,white,"Keres, Paul",Candidats Tournament,Amsterdam,1956.??.??,1956,18,"Petrosian, Tigran V","Keres, Paul",,,1/2-1/2,draw,draw,D34,,45,22.5,9,0,2,0,True,True,5,0,True,0,4,0,defensive
Petrosian.pgn,Petrosian,black,"Pirc, Vasja",JUG-URS,Belgrade,1956.??.??,1956,?,"Pirc, Vasja","Petrosian, Tigran V",,,1/2-1/2,draw,draw,A37,,85,42.5,18,2,2,0,True,True,10,2,True,0,8,0,defensive
Petrosian.pgn,Petrosian,white,"Ivkov, Borislav",JUG-URS,Belgrade,1956.??.??,1956,?,"Petrosian, Tigran V","Ivkov, Borislav",,,1/2-1/2,draw,draw,A05,,36,18.0,6,0,2,0,True,True,3,0,True,0,3,0,defensive
Petrosian.pgn,Petrosian,white,"Gligoric, Svetozar",JUG-URS,Belgrade,1956.??.??,1956,?,"Petrosian, Tigran V","Gligoric, Svetozar",,,0-1,black_win,loss,E66,,52,26.0,11,1,2,0,True,True,5,0,True,0,6,1,defensive
Petrosian.pgn,Petrosian,white,"Matanovic, Aleksandar",JUG-URS,Belgrade,1956.??.??,1956,?,"Petrosian, Tigran V","Matanovic, Aleksandar",,,1/2-1/2,draw,draw,D03,,48,24.0,8,0,2,0,True,True,4,0,True,0,4,0,defensive
Petrosian.pgn,Petrosian,black,"Trifunovic, Petar",JUG-URS,Belgrade,1956.??.??,1956,?,"Trifunovic, Petar","Petrosian, Tigran V",,,0-1,black_win,win,B20,,166,83.0,23,6,0,0,False,False,11,4,False,0,12,2,defensive
Petrosian.pgn,Petrosian,black,"Milic, Borislav",JUG-URS,Belgrade,1956.??.??,1956,?,"Milic, Borislav","Petrosian, Tigran V",,,1/2-1/2,draw,draw,C94,,37,18.5,4,0,2,0,True,True,2,0,True,0,2,0,defensive
Petrosian.pgn,Petrosian,white,"Djurasevic, Bozidar",JUG-URS,Belgrade,1956.??.??,1956,?,"Petrosian, Tigran V","Djurasevic, Bozidar",,,1/2-1/2,draw,draw,E55,,42,21.0,8,0,2,0,True,True,4,0,True,0,4,0,defensive
Petrosian.pgn,Petrosian,black,"Karaklajic, Nikola",JUG-URS,Belgrade,1956.??.??,1956,?,"Karaklajic, Nikola","Petrosian, Tigran V",,,1/2-1/2,draw,draw,C09,,37,18.5,10,0,2,0,True,True,5,0,True,0,5,0,defensive
Petrosian.pgn,Petrosian,black,"Simagin, Vladimir",Moscow-ch,Moscow,1956.??.??,1956,?,"Simagin, Vladimir","Petrosian, Tigran V",,,0-1,black_win,win,B52,,50,25.0,14,3,2,0,True,True,8,1,True,0,6,2,defensive
Petrosian.pgn,Petrosian,white,"Gusev, Yuri S",Moscow-ch,Moscow,1956.??.??,1956,?,"Petrosian, Tigran V","Gusev, Yuri S",,,1/2-1/2,draw,draw,A37,,61,30.5,18,0,2,0,True,True,9,0,True,0,9,0,defensive
Petrosian.pgn,Petrosian,white,"Vasiukov, Evgeni",Moscow-ch,Moscow,1956.??.??,1956,?,"Petrosian, Tigran V","Vasiukov, Evgeni",,,0-1,black_win,loss,A16,,74,37.0,14,0,2,0,True,True,7,0,True,0,7,0,defensive
Petrosian.pgn,Petrosian,white,"Uusi, Gunnar",Moscow-ch,Moscow,1956.??.??,1956,?,"Petrosian, Tigran V","Uusi, Gunnar",,,1/2-1/2,draw,draw,D38,,80,40.0,22,5,2,0,True,True,11,1,True,0,11,4,defensive
Petrosian.pgn,Petrosian,black,"Neishtadt, Yakov Isaevich",Moscow-ch,Moscow,1956.??.??,1956,?,"Neishtadt, Yakov Isaevich","Petrosian, Tigran V",,,0-1,black_win,win,B68,,88,44.0,14,0,2,0,True,True,7,0,True,0,7,0,defensive
Petrosian.pgn,Petrosian,black,"Chistiakov, Alexander Nikolaevi",Moscow-ch,Moscow,1956.??.??,1956,?,"Chistiakov, Alexander Nikolaevi","Petrosian, Tigran V",,,0-1,black_win,win,C16,,58,29.0,12,1,2,0,True,True,6,1,True,0,6,0,defensive
Petrosian.pgn,Petrosian,white,"Osnos, Viatcheslav",Moscow-ch,Moscow,1956.??.??,1956,?,"Petrosian, Tigran V","Osnos, Viatcheslav",,,1/2-1/2,draw,draw,B59,,56,28.0,8,0,2,0,True,True,4,0,True,0,4,0,defensive
Petrosian.pgn,Petrosian,white,"Estrin, Yacov",Moscow-ch,Moscow,1956.??.??,1956,?,"Petrosian, Tigran V","Estrin, Yacov",,,1-0,white_win,win,D38,,61,30.5,16,4,1,0,False,True,8,2,False,0,8,2,defensive
Petrosian.pgn,Petrosian,white,"Simagin, Vladimir",Moscow ch m,Moscow,1956.??.??,1956,1,"Petrosian, Tigran V","Simagin, Vladimir",,,1/2-1/2,draw,draw,B15,,42,21.0,10,2,2,0,True,True,5,2,True,0,5,0,defensive
Petrosian.pgn,Petrosian,black,"Simagin, Vladimir",Moscow ch m,Moscow,1956.??.??,1956,2,"Simagin, Vladimir","Petrosian, Tigran V",,,0-1,black_win,win,A36,,80,40.0,16,3,2,0,True,True,10,1,True,0,6,2,defensive
Petrosian.pgn,Petrosian,white,"Simagin, Vladimir",Moscow ch m,Moscow,1956.??.??,1956,3,"Petrosian, Tigran V","Simagin, Vladimir",,,1-0,white_win,win,A26,,87,43.5,20,1,2,0,True,True,11,0,True,0,9,1,defensive
Petrosian.pgn,Petrosian,black,"Simagin, Vladimir",Moscow ch m,Moscow,1956.??.??,1956,4,"Simagin, Vladimir","Petrosian, Tigran V",,,1-0,white_win,loss,B18,,103,51.5,15,7,2,0,True,True,7,1,True,0,8,6,defensive
Petrosian.pgn,Petrosian,white,"Simagin, Vladimir",Moscow ch m,Moscow,1956.??.??,1956,5,"Petrosian, Tigran V","Simagin, Vladimir",,,1-0,white_win,win,E91,,93,46.5,23,8,2,0,True,True,11,8,True,0,12,0,defensive
Petrosian.pgn,Petrosian,black,"Tal, Mihail",URS-ch sf,Tbilisi,1956.??.??,1956,?,"Tal, Mihail","Petrosian, Tigran V",,,1/2-1/2,draw,draw,C02,,52,26.0,6,0,2,0,True,True,3,0,True,0,3,0,defensive
Petrosian.pgn,Petrosian,white,"Kortschnoj, Viktor",URS-ch sf,Tbilisi,1956.??.??,1956,?,"Petrosian, Tigran V","Kortschnoj, Viktor",,,1/2-1/2,draw,draw,A38,,32,16.0,4,0,2,0,True,True,2,0,True,0,2,0,defensive
Petrosian.pgn,Petrosian,white,"Gurgenidze, Bukhuti",URS-ch sf,Tbilisi,1956.??.??,1956,?,"Petrosian, Tigran V","Gurgenidze, Bukhuti",,,1-0,white_win,win,E62,,93,46.5,25,8,2,0,True,True,13,6,True,0,12,2,defensive
Petrosian.pgn,Petrosian,black,"Polugaevsky, Lev",URS-ch sf,Tbilisi,1956.??.??,1956,?,"Polugaevsky, Lev","Petrosian, Tigran V",,,0-1,black_win,win,E63,,70,35.0,17,0,2,0,True,True,9,0,True,0,8,0,defensive
Petrosian.pgn,Petrosian,white,"Krogius, Nikolai V",URS-ch sf,Tbilisi,1956.??.??,1956,?,"Petrosian, Tigran V","Krogius, Nikolai V",,,1-0,white_win,win,E92,,81,40.5,16,2,2,0,True,True,8,1,True,0,8,1,defensive
Petrosian.pgn,Petrosian,black,"Antoshin, Vladimir S",URS-ch sf,Tbilisi,1956.??.??,1956,1,"Antoshin, Vladimir S","Petrosian, Tigran V",,,1/2-1/2,draw,draw,E75,,34,17.0,6,1,2,0,True,True,3,1,True,0,3,0,defensive
Petrosian.pgn,Petrosian,black,"Yukhtman, Jacob",URS-ch sf,Tbilisi,1956.??.??,1956,3,"Yukhtman, Jacob","Petrosian, Tigran V",,,1/2-1/2,draw,draw,B52,,38,19.0,6,2,2,0,True,True,3,0,True,0,3,2,defensive
Petrosian.pgn,Petrosian,black,"Giorgadze, Tamaz",URS-ch sf,Tbilisi,1956.??.??,1956,5,"Giorgadze, Tamaz","Petrosian, Tigran V",,,0-1,black_win,win,B95,,88,44.0,17,1,2,0,True,True,9,0,True,0,8,1,defensive
Petrosian.pgn,Petrosian,white,"Khalilbeili, Sultan",URS-ch sf,Tbilisi,1956.??.??,1956,6,"Petrosian, Tigran V","Khalilbeili, Sultan",,,1/2-1/2,draw,draw,D03,,75,37.5,18,5,1,0,True,False,9,4,True,0,9,1,defensive
Petrosian.pgn,Petrosian,black,"Chukaev, Egor",URS-ch sf,Tbilisi,1956.??.??,1956,9,"Chukaev, Egor","Petrosian, Tigran V",,,0-1,black_win,win,E74,,92,46.0,20,2,2,0,True,True,10,1,True,0,10,1,defensive
Petrosian.pgn,Petrosian,white,"Kotkov, Yuri M",URS-ch sf,Tbilisi,1956.??.??,1956,10,"Petrosian, Tigran V","Kotkov, Yuri M",,,1/2-1/2,draw,draw,A38,,42,21.0,4,0,2,0,True,True,2,0,True,0,2,0,defensive
Petrosian.pgn,Petrosian,white,"Koblencs, Aleksandrs",URS-ch sf,Tbilisi,1956.??.??,1956,12,"Petrosian, Tigran V","Koblencs, Aleksandrs",,,1/2-1/2,draw,draw,A08,,83,41.5,10,0,2,0,True,True,5,0,True,0,5,0,defensive
Petrosian.pgn,Petrosian,black,"Gufeld, Eduard",URS-ch sf,Tbilisi,1956.??.??,1956,13,"Gufeld, Eduard","Petrosian, Tigran V",,,0-1,black_win,win,D13,,76,38.0,17,1,2,0,True,True,9,0,True,0,8,1,defensive
Petrosian.pgn,Petrosian,white,"Zurakhov, Vladlen Y",URS-ch sf,Tbilisi,1956.??.??,1956,14,"Petrosian, Tigran V","Zurakhov, Vladlen Y",,,1-0,white_win,win,D39,,57,28.5,12,0,2,0,True,True,6,0,True,0,6,0,defensive
Petrosian.pgn,Petrosian,black,"Furman, Semen Abramovich",URS-ch sf,Tbilisi,1956.??.??,1956,15,"Furman, Semen Abramovich","Petrosian, Tigran V",,,1/2-1/2,draw,draw,A37,,35,17.5,4,0,2,0,True,True,2,0,True,0,2,0,defensive
Petrosian.pgn,Petrosian,black,"Sakharov, Yury N",URS-ch sf,Tbilisi,1956.??.??,1956,16,"Sakharov, Yury N","Petrosian, Tigran V",,,0-1,black_win,win,C16,,83,41.5,16,3,2,0,True,True,9,1,True,0,7,2,defensive
Petrosian.pgn,Petrosian,white,"Buslaev, Aleksander",URS-ch sf,Tbilisi,1956.??.??,1956,17,"Petrosian, Tigran V","Buslaev, Aleksander",,,1/2-1/2,draw,draw,E14,,43,21.5,8,1,2,0,True,True,4,0,True,0,4,1,defensive
Petrosian.pgn,Petrosian,white,"Mikenas, Vladas",URS-ch sf,Kiev,1957.??.??,1957,1,"Petrosian, Tigran V","Mikenas, Vladas",,,1-0,white_win,win,A28,,82,41.0,20,2,2,0,True,True,12,0,True,0,8,2,defensive
Petrosian.pgn,Petrosian,black,"Sakharov, Yury N",URS-ch sf,Kiev,1957.??.??,1957,2,"Sakharov, Yury N","Petrosian, Tigran V",,,0-1,black_win,win,C17,,83,41.5,21,4,1,0,True,False,11,1,False,0,10,3,defensive
Petrosian.pgn,Petrosian,white,"Khasin, Abram",URS-ch sf,Kiev,1957.??.??,1957,3,"Petrosian, Tigran V","Khasin, Abram",,,1-0,white_win,win,E06,,65,32.5,14,2,2,0,True,True,7,1,True,0,7,1,defensive
Petrosian.pgn,Petrosian,white,"Furman, Semen Abramovich",URS-ch sf,Kiev,1957.??.??,1957,5,"Petrosian, Tigran V","Furman, Semen Abramovich",,,1/2-1/2,draw,draw,D41,,32,16.0,10,2,0,0,False,False,5,0,False,0,5,2,defensive
Petrosian.pgn,Petrosian,black,"Sokolsky, Alexey",URS-ch sf,Kiev,1957.??.??,1957,6,"Sokolsky, Alexey","Petrosian, Tigran V",,,1/2-1/2,draw,draw,E81,,53,26.5,8,1,1,0,False,True,4,1,True,0,4,0,defensive
Petrosian.pgn,Petrosian,white,"Nikolaevsky, Yuri V",URS-ch sf,Kiev,1957.??.??,1957,7,"Petrosian, Tigran V","Nikolaevsky, Yuri V",,,1-0,white_win,win,E92,,119,59.5,21,3,1,0,False,True,11,3,False,0,10,0,defensive
Petrosian.pgn,Petrosian,black,"Reshko, Aron G",URS-ch sf,Kiev,1957.??.??,1957,8,"Reshko, Aron G","Petrosian, Tigran V",,,1-0,white_win,loss,B39,,143,71.5,25,6,2,0,True,True,12,4,True,0,13,2,defensive
Petrosian.pgn,Petrosian,white,"Chistiakov, Alexander Nikolaevi",URS-ch sf,Kiev,1957.??.??,1957,9,"Petrosian, Tigran V","Chistiakov, Alexander Nikolaevi",,,1/2-1/2,draw,draw,D35,,72,36.0,6,0,2,0,True,True,3,0,True,0,3,0,defensive
Petrosian.pgn,Petrosian,black,"Vasiukov, Evgeni",URS-ch sf,Kiev,1957.??.??,1957,10,"Vasiukov, Evgeni","Petrosian, Tigran V",,,1/2-1/2,draw,draw,B19,,31,15.5,6,0,2,0,True,True,3,0,True,0,3,0,defensive
Petrosian.pgn,Petrosian,white,"Goldberg, Grigory Abramovich",URS-ch sf,Kiev,1957.??.??,1957,11,"Petrosian, Tigran V","Goldberg, Grigory Abramovich",,,1-0,white_win,win,D72,,119,59.5,25,5,2,0,True,True,13,3,True,0,12,2,defensive
Petrosian.pgn,Petrosian,black,"Blagidze, Alexander",URS-ch sf,Kiev,1957.??.??,1957,12,"Blagidze, Alexander","Petrosian, Tigran V",,,1/2-1/2,draw,draw,E86,,76,38.0,8,0,2,0,True,True,4,0,True,0,4,0,defensive
Petrosian.pgn,Petrosian,white,"Boleslavsky, Isaak",URS-ch sf,Kiev,1957.??.??,1957,13,"Petrosian, Tigran V","Boleslavsky, Isaak",,,1/2-1/2,draw,draw,E62,,36,18.0,4,0,2,0,True,True,2,0,True,0,2,0,defensive
Petrosian.pgn,Petrosian,white,"Shianovsky, Vladislav I",URS-ch sf,Kiev,1957.??.??,1957,14,"Petrosian, Tigran V","Shianovsky, Vladislav I",,,1-0,white_win,win,E69,,51,25.5,12,0,2,0,True,True,7,0,True,0,5,0,defensive
Petrosian.pgn,Petrosian,black,"Geller, Efim P",URS-ch sf,Kiev,1957.??.??,1957,15,"Geller, Efim P","Petrosian, Tigran V",,,1/2-1/2,draw,draw,B11,,22,11.0,8,0,1,0,True,False,4,0,False,0,4,0,defensive
Petrosian.pgn,Petrosian,white,"Bannik, Anatoly",URS-ch sf,Kiev,1957.??.??,1957,16,"Petrosian, Tigran V","Bannik, Anatoly",,,1/2-1/2,draw,draw,E62,,44,22.0,2,0,2,0,True,True,1,0,True,0,1,0,defensive
Petrosian.pgn,Petrosian,black,"Bastrikov, Georgy Vladimirovic",URS-ch sf,Kiev,1957.??.??,1957,17,"Bastrikov, Georgy Vladimirovic","Petrosian, Tigran V",,,0-1,black_win,win,C17,,50,25.0,14,3,2,0,True,True,8,1,True,0,6,2,defensive
Petrosian.pgn,Petrosian,white,"Nezhmetdinov, Rashid",URS-ch sf,Kiev,1957.??.??,1957,18,"Petrosian, Tigran V","Nezhmetdinov, Rashid",,,1/2-1/2,draw,draw,A38,,32,16.0,4,0,2,0,True,True,2,0,True,0,2,0,defensive
Petrosian.pgn,Petrosian,black,"Bonch Osmolovsky, Mikhail",URS-ch sf,Kiev,1957.??.??,1957,19,"Bonch Osmolovsky, Mikhail","Petrosian, Tigran V",,,1/2-1/2,draw,draw,C48,,31,15.5,10,1,1,0,True,False,5,0,False,0,5,1,defensive
Petrosian.pgn,Petrosian,white,"Trifunovic, Petar",URS-JUG,Leningrad,1957.??.??,1957,1,"Petrosian, Tigran V","Trifunovic, Petar",,,1-0,white_win,win,C99,,95,47.5,21,15,2,0,True,True,10,14,True,0,11,1,defensive
Petrosian.pgn,Petrosian,black,"Gligoric, Svetozar",URS-JUG,Leningrad,1957.??.??,1957,2,"Gligoric, Svetozar","Petrosian, Tigran V",,,1-0,white_win,loss,B17,,143,71.5,27,11,1,1,True,False,13,6,False,1,14,5,defensive
Petrosian.pgn,Petrosian,white,"Nedeljkovic, Strecko",URS-JUG,Leningrad,1957.??.??,1957,3,"Petrosian, Tigran V","Nedeljkovic, Strecko",,,1/2-1/2,draw,draw,A47,,50,25.0,12,0,2,0,True,True,6,0,True,0,6,0,defensive
Petrosian.pgn,Petrosian,black,"Matanovic, Aleksandar",URS-JUG,Leningrad,1957.??.??,1957,4,"Matanovic, Aleksandar","Petrosian, Tigran V",,,1/2-1/2,draw,draw,C75,,35,17.5,8,1,2,0,True,True,4,1,True,0,4,0,defensive
Petrosian.pgn,Petrosian,black,"Milic, Borislav",URS-JUG,Leningrad,1957.??.??,1957,5,"Milic, Borislav","Petrosian, Tigran V",,,1/2-1/2,draw,draw,B56,,47,23.5,2,0,2,0,True,True,1,0,True,0,1,0,defensive
Petrosian.pgn,Petrosian,white,"Karaklajic, Nikola",URS-JUG,Leningrad,1957.??.??,1957,6,"Petrosian, Tigran V","Karaklajic, Nikola",,,1-0,white_win,win,D38,,75,37.5,14,2,2,0,True,True,7,1,True,0,7,1,defensive
Petrosian.pgn,Petrosian,black,"Pirc, Vasja",URS-JUG,Leningrad,1957.??.??,1957,7,"Pirc, Vasja","Petrosian, Tigran V",,,0-1,black_win,win,A16,,106,53.0,19,3,2,0,True,True,10,1,True,0,9,2,defensive
Petrosian.pgn,Petrosian,white,"Ivkov, Borislav",URS-JUG,Leningrad,1957.??.??,1957,8,"Petrosian, Tigran V","Ivkov, Borislav",,,1/2-1/2,draw,draw,A11,,64,32.0,16,0,2,0,True,True,8,0,True,0,8,0,defensive
Petrosian.pgn,Petrosian,black,"Tolush, Alexander V",URS-ch24,Moscow,1957.??.??,1957,?,"Tolush, Alexander V","Petrosian, Tigran V",,,0-1,black_win,win,C44,,66,33.0,12,4,2,0,True,True,8,2,True,0,4,2,defensive
Petrosian.pgn,Petrosian,white,"Furman, Semen Abramovich",URS-ch24,Moscow,1957.??.??,1957,1,"Petrosian, Tigran V","Furman, Semen Abramovich",,,0-1,black_win,loss,A47,,88,44.0,20,4,2,0,True,True,9,3,True,0,11,1,defensive
Petrosian.pgn,Petrosian,black,"Boleslavsky, Isaak",URS-ch24,Moscow,1957.??.??,1957,2,"Boleslavsky, Isaak","Petrosian, Tigran V",,,1/2-1/2,draw,draw,E57,,39,19.5,14,0,2,0,True,True,8,0,True,0,6,0,defensive
Petrosian.pgn,Petrosian,white,"Taimanov, Mark E",URS-ch24,Moscow,1957.??.??,1957,3,"Petrosian, Tigran V","Taimanov, Mark E",,,1-0,white_win,win,E81,,83,41.5,22,6,2,0,True,True,11,1,True,0,11,5,defensive
Petrosian.pgn,Petrosian,white,"Stoliar, Efim Samoilovich",URS-ch24,Moscow,1957.??.??,1957,4,"Petrosian, Tigran V","Stoliar, Efim Samoilovich",,,1-0,white_win,win,E14,,95,47.5,20,2,2,0,True,True,10,2,True,0,10,0,defensive
Petrosian.pgn,Petrosian,black,"Klaman, Konstantin",URS-ch24,Moscow,1957.??.??,1957,5,"Klaman, Konstantin","Petrosian, Tigran V",,,0-1,black_win,win,C05,,54,27.0,14,0,2,0,True,True,7,0,True,0,7,0,defensive
Petrosian.pgn,Petrosian,white,"Keres, Paul",URS-ch24,Moscow,1957.??.??,1957,6,"Petrosian, Tigran V","Keres, Paul",,,1/2-1/2,draw,draw,A26,,39,19.5,8,0,2,0,True,True,4,0,True,0,4,0,defensive
Petrosian.pgn,Petrosian,black,"Aronin, Lev Solomonovich",URS-ch24,Moscow,1957.??.??,1957,7,"Aronin, Lev Solomonovich","Petrosian, Tigran V",,,1/2-1/2,draw,draw,C05,,81,40.5,14,1,2,0,True,True,7,1,True,0,7,0,defensive
Petrosian.pgn,Petrosian,white,"Gurgenidze, Bukhuti",URS-ch24,Moscow,1957.??.??,1957,8,"Petrosian, Tigran V","Gurgenidze, Bukhuti",,,1/2-1/2,draw,draw,E80,,68,34.0,9,1,1,0,False,True,4,0,False,0,5,1,defensive
Petrosian.pgn,Petrosian,black,"Tarasov, Vitaly Georgievich",URS-ch24,Moscow,1957.??.??,1957,9,"Tarasov, Vitaly Georgievich","Petrosian, Tigran V",,,0-1,black_win,win,A35,,128,64.0,23,4,2,0,True,True,12,3,True,0,11,1,defensive
Petrosian.pgn,Petrosian,white,"Kholmov, Ratmir D",URS-ch24,Moscow,1957.??.??,1957,10,"Petrosian, Tigran V","Kholmov, Ratmir D",,,0-1,black_win,loss,E10,,76,38.0,15,2,2,0,True,True,8,1,True,0,7,1,defensive
Petrosian.pgn,Petrosian,white,"Aronson, Lev Abramovich",URS-ch24,Moscow,1957.??.??,1957,12,"Petrosian, Tigran V","Aronson, Lev Abramovich",,,1-0,white_win,win,E92,,135,67.5,25,9,2,0,True,True,13,7,True,0,12,2,defensive
Petrosian.pgn,Petrosian,black,"Tal, Mihail",URS-ch24,Moscow,1957.??.??,1957,13,"Tal, Mihail","Petrosian, Tigran V",,,1-0,white_win,loss,C18,,101,50.5,22,7,0,2,False,False,8,4,False,1,14,3,defensive
Petrosian.pgn,Petrosian,white,"Bronstein, David I",URS-ch24,Moscow,1957.??.??,1957,14,"Petrosian, Tigran V","Bronstein, David I",,,1/2-1/2,draw,draw,E54,,36,18.0,10,0,2,0,True,True,5,0,True,0,5,0,defensive
Petrosian.pgn,Petrosian,black,"Bannik, Anatoly",URS-ch24,Moscow,1957.??.??,1957,15,"Bannik, Anatoly","Petrosian, Tigran V",,,1-0,white_win,loss,B99,,51,25.5,13,3,1,0,True,False,6,1,False,0,7,2,defensive
Petrosian.pgn,Petrosian,white,"Kortschnoj, Viktor",URS-ch24,Moscow,1957.??.??,1957,16,"Petrosian, Tigran V","Kortschnoj, Viktor",,,1/2-1/2,draw,draw,D79,,35,17.5,4,0,2,0,True,True,2,0,True,0,2,0,defensive
Petrosian.pgn,Petrosian,black,"Nezhmetdinov, Rashid",URS-ch24,Moscow,1957.??.??,1957,17,"Nezhmetdinov, Rashid","Petrosian, Tigran V",,,1/2-1/2,draw,draw,C85,,65,32.5,16,4,1,0,True,False,8,1,False,0,8,3,defensive
Petrosian.pgn,Petrosian,white,"Antoshin, Vladimir S",URS-ch24,Moscow,1957.??.??,1957,18,"Petrosian, Tigran V","Antoshin, Vladimir S",,,1-0,white_win,win,E40,,81,40.5,18,3,2,0,True,True,10,1,True,0,8,2,defensive
Petrosian.pgn,Petrosian,black,"Mikenas, Vladas",URS-ch24,Moscow,1957.??.??,1957,19,"Mikenas, Vladas","Petrosian, Tigran V",,,1/2-1/2,draw,draw,B66,,65,32.5,14,1,2,0,True,True,7,1,True,0,7,0,defensive
Petrosian.pgn,Petrosian,white,"Spassky, Boris V",URS-ch24,Moscow,1957.??.??,1957,20,"Petrosian, Tigran V","Spassky, Boris V",,,1/2-1/2,draw,draw,A08,,84,42.0,18,2,2,0,True,True,9,1,True,0,9,1,defensive
Petrosian.pgn,Petrosian,black,"Khasin, Abram",URS-ch24,Moscow,1957.??.??,1957,21,"Khasin, Abram","Petrosian, Tigran V",,,1/2-1/2,draw,draw,E75,,41,20.5,6,1,2,0,True,True,3,1,True,0,3,0,defensive
Petrosian.pgn,Petrosian,black,"Sefc, Jan",EU-chT,Vienna,1957.??.??,1957,1,"Sefc, Jan","Petrosian, Tigran V",,,0-1,black_win,win,B53,,118,59.0,23,5,2,0,True,True,12,4,True,0,11,1,defensive
Petrosian.pgn,Petrosian,white,"Heinicke, Herbert",EU-chT,Vienna,1957.??.??,1957,2,"Petrosian, Tigran V","Heinicke, Herbert",,,1-0,white_win,win,B38,,45,22.5,13,0,2,0,True,True,7,0,True,0,6,0,defensive
Petrosian.pgn,Petrosian,white,"Fuderer, Andrija",EU-chT,Vienna,1957.??.??,1957,3,"Petrosian, Tigran V","Fuderer, Andrija",,,1/2-1/2,draw,draw,E06,,88,44.0,16,0,2,0,True,True,8,0,True,0,8,0,defensive
Petrosian.pgn,Petrosian,black,"Sefc, Jan",EU-chT,Vienna,1957.??.??,1957,4,"Sefc, Jan","Petrosian, Tigran V",,,0-1,black_win,win,B84,,192,96.0,18,4,0,0,False,False,8,2,False,0,10,2,defensive
Petrosian.pgn,Petrosian,black,"Nedeljkovic, Strecko",EU-chT,Vienna,1957.??.??,1957,6,"Nedeljkovic, Strecko","Petrosian, Tigran V",,,1/2-1/2,draw,draw,C16,,47,23.5,2,0,2,0,True,True,1,0,True,0,1,0,defensive
Petrosian.pgn,Petrosian,white,"Lokvenc, Josef",Munich olm prel,Munich,1958.??.??,1958,2,"Petrosian, Tigran V","Lokvenc, Josef",,,1-0,white_win,win,E89,,58,29.0,11,3,1,0,False,True,6,1,False,0,5,2,defensive
Petrosian.pgn,Petrosian,black,"Lehmann, Heinz Dr",Munich olm fin-A,Munich,1958.??.??,1958,2,"Lehmann, Heinz Dr","Petrosian, Tigran V",,,1/2-1/2,draw,draw,B94,,149,74.5,27,18,2,2,True,True,14,9,True,1,13,9,defensive
Petrosian.pgn,Petrosian,black,"Padevsky, Nikola",Munich olm prel,Munich,1958.??.??,1958,3,"Padevsky, Nikola","Petrosian, Tigran V",,,1/2-1/2,draw,draw,C15,,65,32.5,14,2,2,0,True,True,7,0,True,0,7,2,defensive
Petrosian.pgn,Petrosian,white,"Contedini, Ennio",Munich olm prel,Munich,1958.??.??,1958,4,"Petrosian, Tigran V","Contedini, Ennio",,,1-0,white_win,win,A71,,93,46.5,9,1,2,0,True,True,5,0,True,0,4,1,defensive
Petrosian.pgn,Petrosian,black,"Fuderer, Andrija",Munich olm fin-A,Munich,1958.??.??,1958,4,"Fuderer, Andrija","Petrosian, Tigran V",,,1/2-1/2,draw,draw,B19,,34,17.0,8,1,0,0,False,False,4,1,False,0,4,0,defensive
Petrosian.pgn,Petrosian,black,"Catozzi, H.",Munich olm prel,Munich,1958.??.??,1958,5,"Catozzi, H.","Petrosian, Tigran V",,,0-1,black_win,win,E61,,81,40.5,12,1,2,0,True,True,6,1,True,0,6,0,defensive
Petrosian.pgn,Petrosian,white,"Kozma, Julius",Munich olm fin-A,Munich,1958.??.??,1958,5,"Petrosian, Tigran V","Kozma, Julius",,,1-0,white_win,win,A46,,81,40.5,17,1,2,0,True,True,9,0,True,0,8,1,defensive
Petrosian.pgn,Petrosian,black,"Llado Lumbera, Jaime",Munich olm fin-A,Munich,1958.??.??,1958,6,"Llado Lumbera, Jaime","Petrosian, Tigran V",,,1/2-1/2,draw,draw,B52,,118,59.0,22,5,2,1,True,True,11,1,True,0,11,4,defensive
Petrosian.pgn,Petrosian,black,"Ravn, Palle",Munich olm prel,Munich,1958.??.??,1958,7,"Ravn, Palle","Petrosian, Tigran V",,,1/2-1/2,draw,draw,E61,,63,31.5,14,3,2,0,True,True,7,2,True,0,7,1,defensive
Petrosian.pgn,Petrosian,black,"Clarke, Peter H",Munich olm fin-A,Munich,1958.??.??,1958,8,"Clarke, Peter H","Petrosian, Tigran V",,,0-1,black_win,win,C02,,82,41.0,11,2,2,0,True,True,6,2,True,0,5,0,defensive
Petrosian.pgn,Petrosian,white,"Lavandero, Santiago",Munich olm prel,Munich,1958.??.??,1958,8,"Petrosian, Tigran V","Lavandero, Santiago",,,1-0,white_win,win,C65,,99,49.5,14,1,0,0,False,False,8,1,False,0,6,0,defensive
Petrosian.pgn,Petrosian,white,"Pietzsch, Wolfgang",Munich olm fin-A,Munich,1958.??.??,1958,9,"Petrosian, Tigran V","Pietzsch, Wolfgang",,,1-0,white_win,win,E51,,119,59.5,24,9,2,0,True,True,13,5,True,0,11,4,defensive
Petrosian.pgn,Petrosian,white,"Nievergelt, Erwin",Munich olm fin-A,Munich,1958.??.??,1958,11,"Petrosian, Tigran V","Nievergelt, Erwin",,,1-0,white_win,win,A70,,51,25.5,11,2,2,0,True,True,6,1,True,0,5,1,defensive
Petrosian.pgn,Petrosian,white,"Sherwin, James T",Portoroz Interzonal,Portoroz,1958.??.??,1958,1,"Petrosian, Tigran V","Sherwin, James T",,,1-0,white_win,win,D27,,115,57.5,17,1,2,0,True,True,9,1,True,0,8,0,defensive
Petrosian.pgn,Petrosian,black,"De Greiff, Boris",Portoroz Interzonal,Portoroz,1958.??.??,1958,2,"De Greiff, Boris","Petrosian, Tigran V",,,1/2-1/2,draw,draw,E93,,59,29.5,10,1,2,0,True,True,5,0,True,0,5,1,defensive
Petrosian.pgn,Petrosian,white,"Szabo, Laszlo",Portoroz Interzonal,Portoroz,1958.??.??,1958,3,"Petrosian, Tigran V","Szabo, Laszlo",,,1/2-1/2,draw,draw,E12,,42,21.0,6,1,2,0,True,True,3,1,True,0,3,0,defensive
Petrosian.pgn,Petrosian,black,"Pachman, Ludek",Portoroz Interzonal,Portoroz,1958.??.??,1958,4,"Pachman, Ludek","Petrosian, Tigran V",,,0-1,black_win,win,A53,,72,36.0,16,7,2,0,True,True,8,7,True,0,8,0,defensive
Petrosian.pgn,Petrosian,white,"Matanovic, Aleksandar",Portoroz Interzonal,Portoroz,1958.??.??,1958,5,"Petrosian, Tigran V","Matanovic, Aleksandar",,,1-0,white_win,win,D38,,45,22.5,10,0,2,0,True,True,5,0,True,0,5,0,defensive
Petrosian.pgn,Petrosian,black,"Filip, Miroslav",Portoroz Interzonal,Portoroz,1958.??.??,1958,6,"Filip, Miroslav","Petrosian, Tigran V",,,1/2-1/2,draw,draw,D27,,26,13.0,6,0,2,0,True,True,3,0,True,0,3,0,defensive
Petrosian.pgn,Petrosian,white,"Cardoso, Radolfo Tan",Portoroz Interzonal,Portoroz,1958.??.??,1958,7,"Petrosian, Tigran V","Cardoso, Radolfo Tan",,,1-0,white_win,win,E49,,81,40.5,14,2,2,0,True,True,6,0,True,0,8,2,defensive
Petrosian.pgn,Petrosian,black,"Gligoric, Svetozar",Portoroz Interzonal,Portoroz,1958.??.??,1958,8,"Gligoric, Svetozar","Petrosian, Tigran V",,,1/2-1/2,draw,draw,E52,,67,33.5,16,0,2,0,True,True,8,0,True,0,8,0,defensive
Petrosian.pgn,Petrosian,white,"Neikirkh, Oleg",Portoroz Interzonal,Portoroz,1958.??.??,1958,9,"Petrosian, Tigran V","Neikirkh, Oleg",,,1/2-1/2,draw,draw,D43,,31,15.5,6,0,1,0,True,False,2,0,True,0,4,0,defensive
Petrosian.pgn,Petrosian,black,"Fuster, Geza",Portoroz Interzonal,Portoroz,1958.??.??,1958,10,"Fuster, Geza","Petrosian, Tigran V",,,0-1,black_win,win,E68,,102,51.0,24,8,2,0,True,True,13,5,True,0,11,3,defensive
Petrosian.pgn,Petrosian,white,"Rossetto, Hector",Portoroz Interzonal,Portoroz,1958.??.??,1958,11,"Petrosian, Tigran V","Rossetto, Hector",,,1-0,white_win,win,D35,,77,38.5,19,2,2,0,True,True,10,2,True,0,9,0,defensive
Petrosian.pgn,Petrosian,black,"Benko, Pal C",Portoroz Interzonal,Portoroz,1958.??.??,1958,12,"Benko, Pal C","Petrosian, Tigran V",,,1/2-1/2,draw,draw,A15,,41,20.5,4,0,2,0,True,True,2,0,True,0,2,0,defensive
Petrosian.pgn,Petrosian,white,"Fischer, Robert James",Portoroz Interzonal,Portoroz,1958.??.??,1958,13,"Petrosian, Tigran V","Fischer, Robert James",,,1/2-1/2,draw,draw,E62,,133,66.5,26,8,2,0,True,True,13,5,True,0,13,3,defensive
Petrosian.pgn,Petrosian,black,"Bronstein, David I",Portoroz Interzonal,Portoroz,1958.??.??,1958,14,"Bronstein, David I","Petrosian, Tigran V",,,1/2-1/2,draw,draw,E15,,83,41.5,17,1,2,0,True,True,8,0,True,0,9,1,defensive
Petrosian.pgn,Petrosian,white,"Averbakh, Yuri L",Portoroz Interzonal,Portoroz,1958.??.??,1958,15,"Petrosian, Tigran V","Averbakh, Yuri L",,,1/2-1/2,draw,draw,E59,,44,22.0,8,0,2,0,True,True,4,0,True,0,4,0,defensive
Petrosian.pgn,Petrosian,black,"Larsen, Bent",Portoroz Interzonal,Portoroz,1958.??.??,1958,16,"Larsen, Bent","Petrosian, Tigran V",,,1-0,white_win,loss,A03,,81,40.5,16,2,2,0,True,True,7,0,True,0,9,2,defensive
Petrosian.pgn,Petrosian,white,"Sanguineti, Raul",Portoroz Interzonal,Portoroz,1958.??.??,1958,17,"Petrosian, Tigran V","Sanguineti, Raul",,,1/2-1/2,draw,draw,A44,,85,42.5,12,0,2,0,True,True,6,0,True,0,6,0,defensive
Petrosian.pgn,Petrosian,black,"Panno, Oscar",Portoroz Interzonal,Portoroz,1958.??.??,1958,18,"Panno, Oscar","Petrosian, Tigran V",,,1/2-1/2,draw,draw,E62,,32,16.0,0,0,2,0,True,True,0,0,True,0,0,0,defensive
Petrosian.pgn,Petrosian,white,"Olafsson, Fridrik",Portoroz Interzonal,Portoroz,1958.??.??,1958,19,"Petrosian, Tigran V","Olafsson, Fridrik",,,1/2-1/2,draw,draw,E92,,154,77.0,25,12,1,0,False,True,13,6,False,0,12,6,defensive
Petrosian.pgn,Petrosian,black,"Tal, Mihail",Portoroz Interzonal,Portoroz,1958.??.??,1958,20,"Tal, Mihail","Petrosian, Tigran V",,,1/2-1/2,draw,draw,E79,,44,22.0,14,2,1,0,False,True,7,2,True,0,7,0,defensive
Petrosian.pgn,Petrosian,black,"Averbakh, Yuri L",URS-ch25,Riga,1958.??.??,1958,?,"Averbakh, Yuri L","Petrosian, Tigran V",,,1/2-1/2,draw,draw,B92,,43,21.5,11,0,2,0,True,True,5,0,True,0,6,0,defensive
Petrosian.pgn,Petrosian,black,"Bronstein, David I",URS-ch25,Riga,1958.??.??,1958,?,"Bronstein, David I","Petrosian, Tigran V",,,1/2-1/2,draw,draw,B34,,51,25.5,4,0,2,0,True,True,2,0,True,0,2,0,defensive
Petrosian.pgn,Petrosian,white,"Bannik, Anatoly",URS-ch25,Riga,1958.??.??,1958,?,"Petrosian, Tigran V","Bannik, Anatoly",,,1-0,white_win,win,A29,,121,60.5,17,12,1,0,True,False,9,10,True,0,8,2,defensive
Petrosian.pgn,Petrosian,white,"Boleslavsky, Isaak",URS-ch25,Riga,1958.??.??,1958,?,"Petrosian, Tigran V","Boleslavsky, Isaak",,,1/2-1/2,draw,draw,A05,,50,25.0,8,0,2,0,True,True,4,0,True,0,4,0,defensive
Petrosian.pgn,Petrosian,white,"Furman, Semen Abramovich",URS-ch25,Riga,1958.??.??,1958,?,"Petrosian, Tigran V","Furman, Semen Abramovich",,,1-0,white_win,win,A48,,89,44.5,18,6,1,0,True,False,9,5,True,0,9,1,defensive
Petrosian.pgn,Petrosian,white,"Geller, Efim P",URS-ch25,Riga,1958.??.??,1958,?,"Petrosian, Tigran V","Geller, Efim P",,,1/2-1/2,draw,draw,D79,,37,18.5,10,1,2,0,True,True,5,0,True,0,5,1,defensive
Petrosian.pgn,Petrosian,white,"Gipslis, Aivars",URS-ch25,Riga,1958.??.??,1958,?,"Petrosian, Tigran V","Gipslis, Aivars",,,1-0,white_win,win,D32,,80,40.0,18,3,2,0,True,True,9,3,True,0,9,0,defensive
Petrosian.pgn,Petrosian,white,"Kotov, Alexander",URS-ch25,Riga,1958.??.??,1958,?,"Petrosian, Tigran V","Kotov, Alexander",,,1/2-1/2,draw,draw,E54,,51,25.5,12,0,2,0,True,True,6,0,True,0,6,0,defensive
Petrosian.pgn,Petrosian,white,"Suetin, Alexey S",URS-ch25,Riga,1958.??.??,1958,?,"Petrosian, Tigran V","Suetin, Alexey S",,,1-0,white_win,win,E93,,121,60.5,21,9,2,0,True,True,12,4,True,0,9,5,defensive
Petrosian.pgn,Petrosian,white,"Taimanov, Mark E",URS-ch25,Riga,1958.??.??,1958,?,"Petrosian, Tigran V","Taimanov, Mark E",,,1/2-1/2,draw,draw,A10,,46,23.0,6,0,2,0,True,True,3,0,True,0,3,0,defensive
Petrosian.pgn,Petrosian,white,"Tolush, Alexander V",URS-ch25,Riga,1958.??.??,1958,?,"Petrosian, Tigran V","Tolush, Alexander V",,,1-0,white_win,win,A92,,73,36.5,13,0,2,0,True,True,7,0,True,0,6,0,defensive
Petrosian.pgn,Petrosian,black,"Polugaevsky, Lev",URS-ch25,Riga,1958.??.??,1958,?,"Polugaevsky, Lev","Petrosian, Tigran V",,,1/2-1/2,draw,draw,E25,,70,35.0,18,6,1,0,True,False,9,2,False,0,9,4,defensive
Petrosian.pgn,Petrosian,black,"Spassky, Boris V",URS-ch25,Riga,1958.??.??,1958,?,"Spassky, Boris V","Petrosian, Tigran V",,,1/2-1/2,draw,draw,C54,,39,19.5,6,0,1,0,False,True,3,0,True,0,3,0,defensive
Petrosian.pgn,Petrosian,black,"Tal, Mihail",URS-ch25,Riga,1958.??.??,1958,?,"Tal, Mihail","Petrosian, Tigran V",,,1/2-1/2,draw,draw,C97,,145,72.5,27,10,2,0,True,True,14,5,True,0,13,5,defensive
Petrosian.pgn,Petrosian,black,"Krogius, Nikolai V",URS-ch25,Riga,1958.??.??,1958,?,"Krogius, Nikolai V","Petrosian, Tigran V",,,1/2-1/2,draw,draw,B81,,51,25.5,8,0,2,0,True,True,4,0,True,0,4,0,defensive
Petrosian.pgn,Petrosian,black,"Kortschnoj, Viktor",URS-ch25,Riga,1958.??.??,1958,?,"Kortschnoj, Viktor","Petrosian, Tigran V",,,1/2-1/2,draw,draw,D54,,74,37.0,17,5,2,0,True,True,8,4,True,0,9,1,defensive
Petrosian.pgn,Petrosian,black,"Gurgenidze, Bukhuti",URS-ch25,Riga,1958.??.??,1958,?,"Gurgenidze, Bukhuti","Petrosian, Tigran V",,,1/2-1/2,draw,draw,B52,,59,29.5,6,1,2,0,True,True,3,0,True,0,3,1,defensive
Petrosian.pgn,Petrosian,white,"Olafsson, Fridrik",Candidats Tournament,Bled/Zagreb/Belgrade,1959.??.??,1959,1,"Petrosian, Tigran V","Olafsson, Fridrik",,,1-0,white_win,win,E50,,74,37.0,14,0,2,0,True,True,7,0,True,0,7,0,defensive
Petrosian.pgn,Petrosian,black,"Fischer, Robert James",Candidats Tournament,Bled/Zagreb/Belgrade,1959.??.??,1959,2,"Fischer, Robert James","Petrosian, Tigran V",,,0-1,black_win,win,B11,,136,68.0,18,8,2,0,True,True,9,1,True,0,9,7,defensive
Petrosian.pgn,Petrosian,white,"Smyslov, Vassily",Candidats Tournament,Bled/Zagreb/Belgrade,1959.??.??,1959,3,"Petrosian, Tigran V","Smyslov, Vassily",,,1/2-1/2,draw,draw,A21,,120,60.0,17,4,2,0,True,True,9,4,True,0,8,0,defensive
Petrosian.pgn,Petrosian,black,"Keres, Paul",Candidats Tournament,Bled/Zagreb/Belgrade,1959.??.??,1959,4,"Keres, Paul","Petrosian, Tigran V",,,0-1,black_win,win,B39,,102,51.0,11,2,2,0,True,True,6,2,True,0,5,0,defensive
Petrosian.pgn,Petrosian,white,"Tal, Mihail",Candidats Tournament,Bled/Zagreb/Belgrade,1959.??.??,1959,5,"Petrosian, Tigran V","Tal, Mihail",,,1/2-1/2,draw,draw,D41,,24,12.0,8,1,0,0,False,False,4,0,False,0,4,1,defensive
Petrosian.pgn,Petrosian,white,"Benko, Pal C",Candidats Tournament,Bled/Zagreb/Belgrade,1959.??.??,1959,6,"Petrosian, Tigran V","Benko, Pal C",,,1/2-1/2,draw,draw,E62,,84,42.0,19,3,2,0,True,True,9,1,True,0,10,2,defensive
Petrosian.pgn,Petrosian,black,"Gligoric, Svetozar",Candidats Tournament,Bled/Zagreb/Belgrade,1959.??.??,1959,7,"Gligoric, Svetozar","Petrosian, Tigran V",,,1-0,white_win,loss,B19,,113,56.5,27,8,1,0,True,False,13,7,False,0,14,1,defensive
Petrosian.pgn,Petrosian,black,"Olafsson, Fridrik",Candidats Tournament,Bled/Zagreb/Belgrade,1959.??.??,1959,8,"Olafsson, Fridrik","Petrosian, Tigran V",,,1-0,white_win,loss,D38,,131,65.5,24,11,2,0,True,True,12,9,True,0,12,2,defensive
Petrosian.pgn,Petrosian,white,"Fischer, Robert James",Candidats Tournament,Bled/Zagreb/Belgrade,1959.??.??,1959,9,"Petrosian, Tigran V","Fischer, Robert James",,,1-0,white_win,win,E40,,62,31.0,10,0,2,0,True,True,6,0,True,0,4,0,defensive
Petrosian.pgn,Petrosian,black,"Smyslov, Vassily",Candidats Tournament,Bled/Zagreb/Belgrade,1959.??.??,1959,10,"Smyslov, Vassily","Petrosian, Tigran V",,,1/2-1/2,draw,draw,E61,,45,22.5,6,2,1,0,True,False,3,0,False,0,3,2,defensive
Petrosian.pgn,Petrosian,black,"Smyslov, Vassily",Candidats Tournament,Bled/Zagreb/Belgrade,1959.??.??,1959,10,"Smyslov, Vassily","Petrosian, Tigran V",,,1/2-1/2,draw,draw,A30,,55,27.5,13,0,2,0,True,True,7,0,True,0,6,0,defensive
Petrosian.pgn,Petrosian,white,"Keres, Paul",Candidats Tournament,Bled/Zagreb/Belgrade,1959.??.??,1959,11,"Petrosian, Tigran V","Keres, Paul",,,1/2-1/2,draw,draw,A29,,50,25.0,6,1,2,0,True,True,3,1,True,0,3,0,defensive
Petrosian.pgn,Petrosian,black,"Tal, Mihail",Candidats Tournament,Bled/Zagreb/Belgrade,1959.??.??,1959,12,"Tal, Mihail","Petrosian, Tigran V",,,1/2-1/2,draw,draw,C96,,45,22.5,12,0,2,0,True,True,6,0,True,0,6,0,defensive
Petrosian.pgn,Petrosian,black,"Benko, Pal C",Candidats Tournament,Bled/Zagreb/Belgrade,1959.??.??,1959,13,"Benko, Pal C","Petrosian, Tigran V",,,0-1,black_win,win,A11,,68,34.0,20,1,2,0,True,True,9,0,True,0,11,1,defensive
Petrosian.pgn,Petrosian,white,"Gligoric, Svetozar",Candidats Tournament,Bled/Zagreb/Belgrade,1959.??.??,1959,14,"Petrosian, Tigran V","Gligoric, Svetozar",,,1/2-1/2,draw,draw,A31,,36,18.0,6,0,2,0,True,True,3,0,True,0,3,0,defensive
Petrosian.pgn,Petrosian,white,"Olafsson, Fridrik",Candidats Tournament,Bled/Zagreb/Belgrade,1959.??.??,1959,15,"Petrosian, Tigran V","Olafsson, Fridrik",,,0-1,black_win,loss,E42,,152,76.0,26,11,2,0,True,True,12,4,True,0,14,7,defensive
Petrosian.pgn,Petrosian,black,"Fischer, Robert James",Candidats Tournament,Bled/Zagreb/Belgrade,1959.??.??,1959,16,"Fischer, Robert James","Petrosian, Tigran V",,,1/2-1/2,draw,draw,B11,,96,48.0,20,4,2,2,True,True,10,2,True,1,10,2,defensive
Petrosian.pgn,Petrosian,white,"Smyslov, Vassily",Candidats Tournament,Bled/Zagreb/Belgrade,1959.??.??,1959,17,"Petrosian, Tigran V","Smyslov, Vassily",,,0-1,black_win,loss,D29,,78,39.0,20,0,2,0,True,True,10,0,True,0,10,0,defensive
Petrosian.pgn,Petrosian,black,"Keres, Paul",Candidats Tournament,Bled/Zagreb/Belgrade,1959.??.??,1959,18,"Keres, Paul","Petrosian, Tigran V",,,1/2-1/2,draw,draw,D42,,36,18.0,4,1,2,0,True,True,2,0,True,0,2,1,defensive
Petrosian.pgn,Petrosian,white,"Tal, Mihail",Candidats Tournament,Bled/Zagreb/Belgrade,1959.??.??,1959,19,"Petrosian, Tigran V","Tal, Mihail",,,1/2-1/2,draw,draw,E39,,30,15.0,10,0,2,0,True,True,5,0,True,0,5,0,defensive
Petrosian.pgn,Petrosian,white,"Benko, Pal C",Candidats Tournament,Bled/Zagreb/Belgrade,1959.??.??,1959,20,"Petrosian, Tigran V","Benko, Pal C",,,1-0,white_win,win,E30,,82,41.0,8,2,0,0,False,False,5,1,False,0,3,1,defensive
Petrosian.pgn,Petrosian,black,"Gligoric, Svetozar",Candidats Tournament,Bled/Zagreb/Belgrade,1959.??.??,1959,21,"Gligoric, Svetozar","Petrosian, Tigran V",,,1/2-1/2,draw,draw,C18,,81,40.5,18,3,1,0,False,True,9,2,True,0,9,1,defensive
Petrosian.pgn,Petrosian,black,"Olafsson, Fridrik",Candidats Tournament,Bled/Zagreb/Belgrade,1959.??.??,1959,22,"Olafsson, Fridrik","Petrosian, Tigran V",,,1/2-1/2,draw,draw,D58,,83,41.5,19,1,2,0,True,True,10,0,True,0,9,1,defensive
Petrosian.pgn,Petrosian,white,"Fischer, Robert James",Candidats Tournament,Bled/Zagreb/Belgrade,1959.??.??,1959,23,"Petrosian, Tigran V","Fischer, Robert James",,,1/2-1/2,draw,draw,D58,,60,30.0,12,0,2,0,True,True,6,0,True,0,6,0,defensive
Petrosian.pgn,Petrosian,white,"Keres, Paul",Candidats Tournament,Bled/Zagreb/Belgrade,1959.??.??,1959,25,"Petrosian, Tigran V","Keres, Paul",,,1/2-1/2,draw,draw,D41,,35,17.5,8,0,2,0,True,True,4,0,True,0,4,0,defensive
Petrosian.pgn,Petrosian,black,"Tal, Mihail",Candidats Tournament,Bled/Zagreb/Belgrade,1959.??.??,1959,26,"Tal, Mihail","Petrosian, Tigran V",,,1/2-1/2,draw,draw,B94,,48,24.0,14,7,1,0,True,False,5,5,False,0,9,2,defensive
Petrosian.pgn,Petrosian,black,"Benko, Pal C",Candidats Tournament,Bled/Zagreb/Belgrade,1959.??.??,1959,27,"Benko, Pal C","Petrosian, Tigran V",,,1/2-1/2,draw,draw,D26,,86,43.0,21,4,2,0,True,True,10,3,True,0,11,1,defensive
Petrosian.pgn,Petrosian,white,"Gligoric, Svetozar",Candidats Tournament,Bled/Zagreb/Belgrade,1959.??.??,1959,28,"Petrosian, Tigran V","Gligoric, Svetozar",,,1-0,white_win,win,E93,,89,44.5,19,2,2,0,True,True,10,2,True,0,9,0,defensive
Petrosian.pgn,Petrosian,white,"Matanovic, Aleksandar",URS-JUG,Kiev,1959.??.??,1959,1,"Petrosian, Tigran V","Matanovic, Aleksandar",,,1-0,white_win,win,E50,,59,29.5,18,1,2,0,True,True,10,1,True,0,8,0,defensive
Petrosian.pgn,Petrosian,black,"Matanovic, Aleksandar",URS-JUG,Kiev,1959.??.??,1959,2,"Matanovic, Aleksandar","Petrosian, Tigran V",,,1/2-1/2,draw,draw,B11,,57,28.5,6,0,2,0,True,True,3,0,True,0,3,0,defensive
Petrosian.pgn,Petrosian,white,"Matanovic, Aleksandar",URS-JUG,Kiev,1959.??.??,1959,3,"Petrosian, Tigran V","Matanovic, Aleksandar",,,1/2-1/2,draw,draw,A36,,162,81.0,27,23,2,1,True,True,13,14,True,1,14,9,defensive
Petrosian.pgn,Petrosian,black,"Matanovic, Aleksandar",URS-JUG,Kiev,1959.??.??,1959,4,"Matanovic, Aleksandar","Petrosian, Tigran V",,,0-1,black_win,win,B17,,81,40.5,23,6,2,0,True,True,12,5,True,0,11,1,defensive
Petrosian.pgn,Petrosian,black,"Klavins, Janis",URS-chT,Moscow,1959.??.??,1959,?,"Klavins, Janis","Petrosian, Tigran V",,,0-1,black_win,win,B11,,52,26.0,13,1,2,0,True,True,6,1,True,0,7,0,defensive
Petrosian.pgn,Petrosian,white,"Krutikhin, Yury P",URS-chT,Moscow,1959.??.??,1959,?,"Petrosian, Tigran V","Krutikhin, Yury P",,,1/2-1/2,draw,draw,A51,,44,22.0,12,3,2,0,True,True,6,2,True,0,6,1,defensive
Petrosian.pgn,Petrosian,white,"Aronin, Lev Solomonovich",URS-chT,Moscow,1959.??.??,1959,?,"Petrosian, Tigran V","Aronin, Lev Solomonovich",,,1/2-1/2,draw,draw,D34,,93,46.5,19,1,2,0,True,True,9,0,True,0,10,1,defensive
Petrosian.pgn,Petrosian,black,"Kortschnoj, Viktor",URS-chT,Moscow,1959.??.??,1959,?,"Kortschnoj, Viktor","Petrosian, Tigran V",,,1/2-1/2,draw,draw,D36,,114,57.0,4,0,2,0,True,True,2,0,True,0,2,0,defensive
Petrosian.pgn,Petrosian,black,"Mikenas, Vladas",URS-chT,Moscow,1959.??.??,1959,?,"Mikenas, Vladas","Petrosian, Tigran V",,,0-1,black_win,win,A36,,80,40.0,16,2,2,0,True,True,8,0,True,0,8,2,defensive
Petrosian.pgn,Petrosian,black,"Gufeld, Eduard",URS-chT,Moscow,1959.??.??,1959,?,"Gufeld, Eduard","Petrosian, Tigran V",,,1/2-1/2,draw,draw,B94,,101,50.5,21,9,2,0,True,True,11,6,True,0,10,3,defensive
Petrosian.pgn,Petrosian,white,"Kholmov, Ratmir D",URS-ch26,Tbilisi,1959.??.??,1959,1,"Petrosian, Tigran V","Kholmov, Ratmir D",,,1/2-1/2,draw,draw,E16,,106,53.0,25,14,2,0,True,True,13,6,True,0,12,8,defensive
Petrosian.pgn,Petrosian,black,"Taimanov, Mark E",URS-ch26,Tbilisi,1959.??.??,1959,2,"Taimanov, Mark E","Petrosian, Tigran V",,,1/2-1/2,draw,draw,D16,,51,25.5,6,0,2,0,True,True,3,0,True,0,3,0,defensive
Petrosian.pgn,Petrosian,white,"Yukhtman, Jacob",URS-ch26,Tbilisi,1959.??.??,1959,3,"Petrosian, Tigran V","Yukhtman, Jacob",,,1-0,white_win,win,E92,,61,30.5,11,0,2,0,True,True,7,0,True,0,4,0,defensive
Petrosian.pgn,Petrosian,black,"Polugaevsky, Lev",URS-ch26,Tbilisi,1959.??.??,1959,4,"Polugaevsky, Lev","Petrosian, Tigran V",,,1/2-1/2,draw,draw,E89,,152,76.0,17,6,2,0,True,True,8,4,True,0,9,2,defensive
Petrosian.pgn,Petrosian,white,"Geller, Efim P",URS-ch26,Tbilisi,1959.??.??,1959,5,"Petrosian, Tigran V","Geller, Efim P",,,1/2-1/2,draw,draw,D59,,39,19.5,14,2,2,0,True,True,7,2,True,0,7,0,defensive
Petrosian.pgn,Petrosian,black,"Keres, Paul",URS-ch26,Tbilisi,1959.??.??,1959,6,"Keres, Paul","Petrosian, Tigran V",,,1/2-1/2,draw,draw,D58,,32,16.0,6,0,2,0,True,True,3,0,True,0,3,0,defensive
Petrosian.pgn,Petrosian,white,"Lutikov, Anatoly S",URS-ch26,Tbilisi,1959.??.??,1959,7,"Petrosian, Tigran V","Lutikov, Anatoly S",,,1-0,white_win,win,E92,,83,41.5,13,0,2,0,True,True,7,0,True,0,6,0,defensive
Petrosian.pgn,Petrosian,black,"Tal, Mihail",URS-ch26,Tbilisi,1959.??.??,1959,8,"Tal, Mihail","Petrosian, Tigran V",,,1/2-1/2,draw,draw,C99,,67,33.5,8,1,2,0,True,True,4,1,True,0,4,0,defensive
Petrosian.pgn,Petrosian,white,"Krogius, Nikolai V",URS-ch26,Tbilisi,1959.??.??,1959,9,"Petrosian, Tigran V","Krogius, Nikolai V",,,1-0,white_win,win,D91,,81,40.5,17,0,2,0,True,True,9,0,True,0,8,0,defensive
Petrosian.pgn,Petrosian,white,"Nezhmetdinov, Rashid",URS-ch26,Tbilisi,1959.??.??,1959,10,"Petrosian, Tigran V","Nezhmetdinov, Rashid",,,1-0,white_win,win,D47,,94,47.0,17,2,2,0,True,True,9,1,True,0,8,1,defensive
Petrosian.pgn,Petrosian,black,"Averbakh, Yuri L",URS-ch26,Tbilisi,1959.??.??,1959,11,"Averbakh, Yuri L","Petrosian, Tigran V",,,0-1,black_win,win,B92,,80,40.0,12,0,2,0,True,True,6,0,True,0,6,0,defensive
Petrosian.pgn,Petrosian,white,"Gufeld, Eduard",URS-ch26,Tbilisi,1959.??.??,1959,12,"Petrosian, Tigran V","Gufeld, Eduard",,,1-0,white_win,win,D13,,59,29.5,15,0,2,0,True,True,8,0,True,0,7,0,defensive
Petrosian.pgn,Petrosian,black,"Bronstein, David I",URS-ch26,Tbilisi,1959.??.??,1959,13,"Bronstein, David I","Petrosian, Tigran V",,,1/2-1/2,draw,draw,B12,,54,27.0,11,0,2,0,True,True,6,0,True,0,5,0,defensive
Petrosian.pgn,Petrosian,white,"Vasiukov, Evgeni",URS-ch26,Tbilisi,1959.??.??,1959,14,"Petrosian, Tigran V","Vasiukov, Evgeni",,,1-0,white_win,win,A80,,65,32.5,13,2,2,1,True,True,7,1,True,1,6,1,defensive
Petrosian.pgn,Petrosian,black,"Gurgenidze, Bukhuti",URS-ch26,Tbilisi,1959.??.??,1959,15,"Gurgenidze, Bukhuti","Petrosian, Tigran V",,,1/2-1/2,draw,draw,E31,,69,34.5,17,6,2,0,True,True,9,4,True,0,8,2,defensive
Petrosian.pgn,Petrosian,white,"Furman, Semen Abramovich",URS-ch26,Tbilisi,1959.??.??,1959,16,"Petrosian, Tigran V","Furman, Semen Abramovich",,,1-0,white_win,win,D35,,82,41.0,14,0,2,0,True,True,7,0,True,0,7,0,defensive
Petrosian.pgn,Petrosian,black,"Spassky, Boris V",URS-ch26,Tbilisi,1959.??.??,1959,17,"Spassky, Boris V","Petrosian, Tigran V",,,1/2-1/2,draw,draw,D36,,50,25.0,16,0,1,0,False,True,8,0,True,0,8,0,defensive
Petrosian.pgn,Petrosian,white,"Nikitin, Aleksander S",URS-ch26,Tbilisi,1959.??.??,1959,18,"Petrosian, Tigran V","Nikitin, Aleksander S",,,1/2-1/2,draw,draw,D91,,100,50.0,16,4,2,0,True,True,8,1,True,0,8,3,defensive
Petrosian.pgn,Petrosian,black,"Kortschnoj, Viktor",URS-ch26,Tbilisi,1959.??.??,1959,19,"Kortschnoj, Viktor","Petrosian, Tigran V",,,1/2-1/2,draw,draw,D61,,39,19.5,12,1,2,0,True,True,5,0,True,0,7,1,defensive
Petrosian.pgn,Petrosian,black,"Toran Albero, Roman",Hoogovens,Beverwijk,1960.??.??,1960,?,"Toran Albero, Roman","Petrosian, Tigran V",,,1/2-1/2,draw,draw,A21,,37,18.5,6,0,2,0,True,True,3,0,True,0,3,0,defensive
Petrosian.pgn,Petrosian,black,Tan Hiong Liong,Hoogovens,Beverwijk,1960.??.??,1960,?,Tan Hiong Liong,"Petrosian, Tigran V",,,0-1,black_win,win,B99,,58,29.0,15,2,2,0,True,True,8,2,True,0,7,0,defensive
Petrosian.pgn,Petrosian,white,"Larsen, Bent",Hoogovens,Beverwijk,1960.??.??,1960,?,"Petrosian, Tigran V","Larsen, Bent",,,1-0,white_win,win,A55,,89,44.5,13,1,2,0,True,True,6,0,True,0,7,1,defensive
Petrosian.pgn,Petrosian,white,"Barendregt, Johan Teunis",Hoogovens,Beverwijk,1960.??.??,1960,?,"Petrosian, Tigran V","Barendregt, Johan Teunis",,,1-0,white_win,win,A44,,63,31.5,9,0,2,0,True,True,6,0,True,0,3,0,defensive
Petrosian.pgn,Petrosian,black,"Flohr, Salo",Hoogovens,Beverwijk,1960.??.??,1960,?,"Flohr, Salo","Petrosian, Tigran V",,,1/2-1/2,draw,draw,E21,,32,16.0,10,0,2,0,True,True,5,0,True,0,5,0,defensive
Petrosian.pgn,Petrosian,black,"Donner, Jan Hein",Hoogovens,Beverwijk,1960.??.??,1960,?,"Donner, Jan Hein","Petrosian, Tigran V",,,1/2-1/2,draw,draw,A40,,83,41.5,21,9,2,0,True,True,11,7,True,0,10,2,defensive
Petrosian.pgn,Petrosian,white,"Van Scheltinga, Theo D",Hoogovens,Beverwijk,1960.??.??,1960,?,"Petrosian, Tigran V","Van Scheltinga, Theo D",,,1/2-1/2,draw,draw,D27,,28,14.0,4,0,1,0,True,False,2,0,True,0,2,0,defensive
Petrosian.pgn,Petrosian,white,"Matanovic, Aleksandar",Hoogovens,Beverwijk,1960.??.??,1960,?,"Petrosian, Tigran V","Matanovic, Aleksandar",,,1/2-1/2,draw,draw,A53,,154,77.0,26,15,2,0,True,True,13,11,True,0,13,4,defensive
Petrosian.pgn,Petrosian,white,"Bouwmeester, Hans",Hoogovens,Beverwijk,1960.??.??,1960,?,"Petrosian, Tigran V","Bouwmeester, Hans",,,1-0,white_win,win,A46,,81,40.5,10,0,2,0,True,True,5,0,True,0,5,0,defensive
Petrosian.pgn,Petrosian,white,"Nielsen, Palle Moeller",Nimzowitsch mem,Copenhagen,1960.??.??,1960,?,"Petrosian, Tigran V","Nielsen, Palle Moeller",,,1-0,white_win,win,A80,,49,24.5,13,1,1,0,True,False,6,0,True,0,7,1,defensive
Petrosian.pgn,Petrosian,white,"Hamann, Svend",Nimzowitsch mem,Copenhagen,1960.??.??,1960,?,"Petrosian, Tigran V","Hamann, Svend",,,1-0,white_win,win,E91,,127,63.5,25,1,2,0,True,True,13,1,True,0,12,0,defensive
Petrosian.pgn,Petrosian,white,"Golz, Werner",Nimzowitsch mem,Copenhagen,1960.??.??,1960,?,"Petrosian, Tigran V","Golz, Werner",,,1-0,white_win,win,D23,,73,36.5,9,1,2,0,True,True,5,1,True,0,4,0,defensive
Petrosian.pgn,Petrosian,white,"Geller, Efim P",Nimzowitsch mem,Copenhagen,1960.??.??,1960,?,"Petrosian, Tigran V","Geller, Efim P",,,1/2-1/2,draw,draw,E01,,34,17.0,12,0,2,0,True,True,6,0,True,0,6,0,defensive
Petrosian.pgn,Petrosian,white,"Stahlberg, Gideon",Nimzowitsch mem,Copenhagen,1960.??.??,1960,?,"Petrosian, Tigran V","Stahlberg, Gideon",,,1-0,white_win,win,D03,,85,42.5,16,7,1,0,True,False,8,6,True,0,8,1,defensive
Petrosian.pgn,Petrosian,white,"Barendregt, Johan Teunis",Nimzowitsch mem,Copenhagen,1960.??.??,1960,?,"Petrosian, Tigran V","Barendregt, Johan Teunis",,,1-0,white_win,win,B06,,80,40.0,15,3,2,0,True,True,9,2,True,0,6,1,defensive
Petrosian.pgn,Petrosian,black,"Orbaan, Constant",Nimzowitsch mem,Copenhagen,1960.??.??,1960,?,"Orbaan, Constant","Petrosian, Tigran V",,,1/2-1/2,draw,draw,B17,,25,12.5,6,0,2,0,True,True,3,0,True,0,3,0,defensive
Petrosian.pgn,Petrosian,black,"Kolvig, Bent",Nimzowitsch mem,Copenhagen,1960.??.??,1960,?,"Kolvig, Bent","Petrosian, Tigran V",,,0-1,black_win,win,A53,,68,34.0,15,0,2,0,True,True,8,0,True,0,7,0,defensive
Petrosian.pgn,Petrosian,black,"Holm Petersen, Sejer",Nimzowitsch mem,Copenhagen,1960.??.??,1960,?,"Holm Petersen, Sejer","Petrosian, Tigran V",,,0-1,black_win,win,E15,,56,28.0,14,0,2,0,True,True,8,0,True,0,6,0,defensive
Petrosian.pgn,Petrosian,black,"Andersen, Borge",Nimzowitsch mem,Copenhagen,1960.??.??,1960,?,"Andersen, Borge","Petrosian, Tigran V",,,0-1,black_win,win,E88,,57,28.5,12,2,2,0,True,True,6,2,True,0,6,0,defensive
Petrosian.pgn,Petrosian,black,"Pietzsch, Wolfgang",Nimzowitsch mem,Copenhagen,1960.??.??,1960,?,"Pietzsch, Wolfgang","Petrosian, Tigran V",,,0-1,black_win,win,A56,,52,26.0,9,0,2,0,True,True,5,0,True,0,4,0,defensive
Petrosian.pgn,Petrosian,black,"Enevoldsen, Jens",Nimzowitsch mem,Copenhagen,1960.??.??,1960,?,"Enevoldsen, Jens","Petrosian, Tigran V",,,1/2-1/2,draw,draw,B52,,67,33.5,10,2,2,0,True,True,5,0,True,0,5,2,defensive
Petrosian.pgn,Petrosian,white,"Larsen, Bent",Nimzowitsch mem,Copenhagen,1960.??.??,1960,?,"Petrosian, Tigran V","Larsen, Bent",,,1-0,white_win,win,A53,,69,34.5,12,4,2,0,True,True,6,3,True,0,6,1,defensive
Petrosian.pgn,Petrosian,white,"Teschner, Rudolf",URS-BRD,Hamburg,1960.??.??,1960,1,"Petrosian, Tigran V","Teschner, Rudolf",,,1-0,white_win,win,E06,,57,28.5,10,0,2,0,True,True,5,0,True,0,5,0,defensive
Petrosian.pgn,Petrosian,black,"Troeger, Paul",URS-BRD,Hamburg,1960.??.??,1960,2,"Troeger, Paul","Petrosian, Tigran V",,,0-1,black_win,win,D02,,84,42.0,10,0,2,0,True,True,5,0,True,0,5,0,defensive
Petrosian.pgn,Petrosian,white,"Lehmann, Heinz Dr",URS-BRD,Hamburg,1960.??.??,1960,3,"Petrosian, Tigran V","Lehmann, Heinz Dr",,,1-0,white_win,win,A34,,63,31.5,16,2,2,0,True,True,8,2,True,0,8,0,defensive
Petrosian.pgn,Petrosian,black,"Bialas, Wolfram",URS-BRD,Hamburg,1960.??.??,1960,4,"Bialas, Wolfram","Petrosian, Tigran V",,,0-1,black_win,win,B53,,90,45.0,16,2,2,0,True,True,9,2,True,0,7,0,defensive
Petrosian.pgn,Petrosian,white,"Pfeiffer, Gerhard",URS-BRD,Hamburg,1960.??.??,1960,5,"Petrosian, Tigran V","Pfeiffer, Gerhard",,,1-0,white_win,win,D15,,129,64.5,22,3,2,0,True,True,11,2,True,0,11,1,defensive
Petrosian.pgn,Petrosian,black,"Schmid, Lothar",URS-BRD,Hamburg,1960.??.??,1960,6,"Schmid, Lothar","Petrosian, Tigran V",,,1/2-1/2,draw,draw,B17,,33,16.5,6,2,2,0,True,True,3,2,True,0,3,0,defensive
Petrosian.pgn,Petrosian,white,"Unzicker, Wolfgang",URS-BRD,Hamburg,1960.??.??,1960,7,"Petrosian, Tigran V","Unzicker, Wolfgang",,,1-0,white_win,win,D61,,109,54.5,13,2,2,0,True,True,7,0,True,0,6,2,defensive
Petrosian.pgn,Petrosian,white,"Vukcevich, Milan R",Leipzig olm fin-A,Leipzig,1960.??.??,1960,2,"Petrosian, Tigran V","Vukcevich, Milan R",,,1-0,white_win,win,E92,,81,40.5,11,1,2,0,True,True,6,1,True,0,5,0,defensive
Petrosian.pgn,Petrosian,white,Seth,Leipzig olm prel,Leipzig,1960.??.??,1960,2,"Petrosian, Tigran V",Seth,,,1-0,white_win,win,E12,,81,40.5,14,0,2,0,True,True,7,0,True,0,7,0,defensive
Petrosian.pgn,Petrosian,black,"Prins, Lodewijk",Leipzig olm fin-A,Leipzig,1960.??.??,1960,3,"Prins, Lodewijk","Petrosian, Tigran V",,,1/2-1/2,draw,draw,D01,,34,17.0,6,1,2,0,True,True,3,0,True,0,3,1,defensive
Petrosian.pgn,Petrosian,black,"Kramer, Haije",Leipzig olm prel,Leipzig,1960.??.??,1960,3,"Kramer, Haije","Petrosian, Tigran V",,,0-1,black_win,win,E61,,90,45.0,17,3,1,0,True,False,9,1,False,0,8,2,defensive
Petrosian.pgn,Petrosian,black,"Reyes, J.",Leipzig olm prel,Leipzig,1960.??.??,1960,4,"Reyes, J.","Petrosian, Tigran V",,,0-1,black_win,win,B96,,58,29.0,13,2,2,0,True,True,7,1,True,0,6,1,defensive
Petrosian.pgn,Petrosian,black,"Kluger, Gyula",Leipzig olm fin-A,Leipzig,1960.??.??,1960,4,"Kluger, Gyula","Petrosian, Tigran V",,,0-1,black_win,win,A53,,80,40.0,14,1,2,0,True,True,8,0,True,0,6,1,defensive
Petrosian.pgn,Petrosian,white,"Janetschek, Karl",Leipzig olm prel,Leipzig,1960.??.??,1960,5,"Petrosian, Tigran V","Janetschek, Karl",,,1-0,white_win,win,E91,,61,30.5,9,1,2,0,True,True,5,1,True,0,4,0,defensive
Petrosian.pgn,Petrosian,black,"Mercuri, L.",Leipzig olm prel,Leipzig,1960.??.??,1960,6,"Mercuri, L.","Petrosian, Tigran V",,,0-1,black_win,win,B85,,70,35.0,15,0,2,0,True,True,9,0,True,0,6,0,defensive
Petrosian.pgn,Petrosian,white,"Pfeiffer, Gerhard",Leipzig olm fin-A,Leipzig,1960.??.??,1960,7,"Petrosian, Tigran V","Pfeiffer, Gerhard",,,1-0,white_win,win,D45,,59,29.5,14,2,2,0,True,True,7,2,True,0,7,0,defensive
Petrosian.pgn,Petrosian,black,"Ujtelky, Maximilian",Leipzig olm fin-A,Leipzig,1960.??.??,1960,8,"Ujtelky, Maximilian","Petrosian, Tigran V",,,1/2-1/2,draw,draw,A16,,61,30.5,17,0,2,0,True,True,9,0,True,0,8,0,defensive
Petrosian.pgn,Petrosian,white,"Cardoso, Radolfo Tan",Leipzig olm prel,Leipzig,1960.??.??,1960,9,"Petrosian, Tigran V","Cardoso, Radolfo Tan",,,1-0,white_win,win,A92,,79,39.5,20,0,2,0,True,True,11,0,True,0,9,0,defensive
Petrosian.pgn,Petrosian,white,"Golz, Werner",Leipzig olm fin-A,Leipzig,1960.??.??,1960,9,"Petrosian, Tigran V","Golz, Werner",,,1-0,white_win,win,A54,,105,52.5,19,4,2,0,True,True,9,2,True,0,10,2,defensive
Petrosian.pgn,Petrosian,white,"Wade, Robert Graham",Leipzig olm fin-A,Leipzig,1960.??.??,1960,11,"Petrosian, Tigran V","Wade, Robert Graham",,,1-0,white_win,win,A47,,109,54.5,27,3,2,0,True,True,14,2,True,0,13,1,defensive
Petrosian.pgn,Petrosian,black,"Geller, Efim P",URS-ch27,Leningrad,1960.??.??,1960,1,"Geller, Efim P","Petrosian, Tigran V",,,1/2-1/2,draw,draw,B13,,50,25.0,14,1,2,0,True,True,7,1,True,0,7,0,defensive
Petrosian.pgn,Petrosian,white,"Suetin, Alexey S",URS-ch27,Leningrad,1960.??.??,1960,2,"Petrosian, Tigran V","Suetin, Alexey S",,,1-0,white_win,win,D32,,47,23.5,13,1,2,0,True,True,7,1,True,0,6,0,defensive
Petrosian.pgn,Petrosian,black,"Lutikov, Anatoly S",URS-ch27,Leningrad,1960.??.??,1960,3,"Lutikov, Anatoly S","Petrosian, Tigran V",,,1/2-1/2,draw,draw,B10,,30,15.0,6,0,0,0,False,False,3,0,False,0,3,0,defensive
Petrosian.pgn,Petrosian,white,"Taimanov, Mark E",URS-ch27,Leningrad,1960.??.??,1960,4,"Petrosian, Tigran V","Taimanov, Mark E",,,1-0,white_win,win,A46,,87,43.5,19,2,2,0,True,True,11,1,True,0,8,1,defensive
Petrosian.pgn,Petrosian,black,"Sakharov, Yury N",URS-ch27,Leningrad,1960.??.??,1960,5,"Sakharov, Yury N","Petrosian, Tigran V",,,0-1,black_win,win,C50,,78,39.0,15,1,2,0,True,True,8,0,True,0,7,1,defensive
Petrosian.pgn,Petrosian,white,"Nei, Iivo",URS-ch27,Leningrad,1960.??.??,1960,6,"Petrosian, Tigran V","Nei, Iivo",,,1/2-1/2,draw,draw,D36,,72,36.0,14,0,2,0,True,True,7,0,True,0,7,0,defensive
Petrosian.pgn,Petrosian,black,"Smyslov, Vassily",URS-ch27,Leningrad,1960.??.??,1960,7,"Smyslov, Vassily","Petrosian, Tigran V",,,1/2-1/2,draw,draw,B92,,210,105.0,14,3,2,0,True,True,7,2,True,0,7,1,defensive
Petrosian.pgn,Petrosian,white,"Simagin, Vladimir",URS-ch27,Leningrad,1960.??.??,1960,8,"Petrosian, Tigran V","Simagin, Vladimir",,,1/2-1/2,draw,draw,A47,,34,17.0,6,0,2,0,True,True,3,0,True,0,3,0,defensive
Petrosian.pgn,Petrosian,black,"Shamkovich, Leonid",URS-ch27,Leningrad,1960.??.??,1960,9,"Shamkovich, Leonid","Petrosian, Tigran V",,,0-1,black_win,win,C19,,120,60.0,23,15,0,2,False,False,12,10,False,1,11,5,defensive
Petrosian.pgn,Petrosian,white,"Gufeld, Eduard",URS-ch27,Leningrad,1960.??.??,1960,10,"Petrosian, Tigran V","Gufeld, Eduard",,,1-0,white_win,win,E92,,81,40.5,11,0,2,0,True,True,6,0,True,0,5,0,defensive
Petrosian.pgn,Petrosian,black,"Liberzon, Vladimir M",URS-ch27,Leningrad,1960.??.??,1960,11,"Liberzon, Vladimir M","Petrosian, Tigran V",,,0-1,black_win,win,D19,,146,73.0,26,13,2,0,True,True,14,8,True,0,12,5,defensive
Petrosian.pgn,Petrosian,white,"Kortschnoj, Viktor",URS-ch27,Leningrad,1960.??.??,1960,12,"Petrosian, Tigran V","Kortschnoj, Viktor",,,1/2-1/2,draw,draw,A16,,24,12.0,8,1,0,0,False,False,4,0,False,0,4,1,defensive
Petrosian.pgn,Petrosian,black,"Bronstein, David I",URS-ch27,Leningrad,1960.??.??,1960,13,"Bronstein, David I","Petrosian, Tigran V",,,0-1,black_win,win,B12,,46,23.0,13,2,0,0,False,False,8,0,False,0,5,2,defensive
Petrosian.pgn,Petrosian,black,"Polugaevsky, Lev",URS-ch27,Leningrad,1960.??.??,1960,14,"Polugaevsky, Lev","Petrosian, Tigran V",,,1-0,white_win,loss,E55,,47,23.5,12,2,2,0,True,True,6,0,True,0,6,2,defensive
Petrosian.pgn,Petrosian,white,"Gurgenidze, Bukhuti",URS-ch27,Leningrad,1960.??.??,1960,15,"Petrosian, Tigran V","Gurgenidze, Bukhuti",,,1-0,white_win,win,D92,,49,24.5,9,0,2,0,True,True,5,0,True,0,4,0,defensive
Petrosian.pgn,Petrosian,black,"Averbakh, Yuri L",URS-ch27,Leningrad,1960.??.??,1960,16,"Averbakh, Yuri L","Petrosian, Tigran V",,,1-0,white_win,loss,E66,,85,42.5,14,5,2,0,True,True,6,0,True,0,8,5,defensive
Petrosian.pgn,Petrosian,white,"Spassky, Boris V",URS-ch27,Leningrad,1960.??.??,1960,17,"Petrosian, Tigran V","Spassky, Boris V",,,1-0,white_win,win,E95,,69,34.5,11,1,2,0,True,True,6,1,True,0,5,0,defensive
Petrosian.pgn,Petrosian,black,"Bagirov, Vladimir",URS-ch27,Leningrad,1960.??.??,1960,18,"Bagirov, Vladimir","Petrosian, Tigran V",,,1/2-1/2,draw,draw,B80,,37,18.5,10,0,2,0,True,True,5,0,True,0,5,0,defensive
Petrosian.pgn,Petrosian,white,"Krogius, Nikolai V",URS-ch27,Leningrad,1960.??.??,1960,19,"Petrosian, Tigran V","Krogius, Nikolai V",,,1-0,white_win,win,D03,,83,41.5,15,6,2,0,True,True,8,6,True,0,7,0,defensive
Petrosian.pgn,Petrosian,white,"Bondarevsky, Igor",Moscow-Leningrad m,Moscow,1960.??.??,1960,?,"Petrosian, Tigran V","Bondarevsky, Igor",,,1/2-1/2,draw,draw,C75,,134,67.0,24,12,2,0,True,True,12,7,True,0,12,5,defensive
Petrosian.pgn,Petrosian,black,"Bondarevsky, Igor",Moscow-Leningrad m,Moscow,1960.??.??,1960,?,"Bondarevsky, Igor","Petrosian, Tigran V",,,0-1,black_win,win,B95,,64,32.0,8,0,2,0,True,True,5,0,True,0,3,0,defensive
Petrosian.pgn,Petrosian,white,"Trifunovic, Petar",JUG-URS,Belgrade,1961.??.??,1961,?,"Petrosian, Tigran V","Trifunovic, Petar",,,1-0,white_win,win,A06,,99,49.5,16,2,2,0,True,True,8,1,True,0,8,1,defensive
Petrosian.pgn,Petrosian,white,"Ciric, Dragoljub M",JUG-URS,Belgrade,1961.??.??,1961,?,"Petrosian, Tigran V","Ciric, Dragoljub M",,,1-0,white_win,win,E07,,99,49.5,14,4,2,0,True,True,7,3,True,0,7,1,defensive
Petrosian.pgn,Petrosian,black,"Bertok, Mario",JUG-URS,Belgrade,1961.??.??,1961,?,"Bertok, Mario","Petrosian, Tigran V",,,0-1,black_win,win,B24,,94,47.0,22,3,2,0,True,True,12,2,True,0,10,1,defensive
Petrosian.pgn,Petrosian,black,"Matanovic, Aleksandar",JUG-URS,Belgrade,1961.??.??,1961,?,"Matanovic, Aleksandar","Petrosian, Tigran V",,,1/2-1/2,draw,draw,B14,,107,53.5,20,5,2,1,True,True,10,3,True,1,10,2,defensive
Petrosian.pgn,Petrosian,black,"Matulovic, Milan",JUG-URS,Belgrade,1961.??.??,1961,?,"Matulovic, Milan","Petrosian, Tigran V",,,1/2-1/2,draw,draw,B14,,85,42.5,10,0,2,0,True,True,5,0,True,0,5,0,defensive
Petrosian.pgn,Petrosian,black,"Donner, Jan Hein",Bled,Bled,1961.??.??,1961,1,"Donner, Jan Hein","Petrosian, Tigran V",,,1/2-1/2,draw,draw,B06,,43,21.5,12,1,2,0,True,True,6,0,True,0,6,1,defensive
Petrosian.pgn,Petrosian,white,"Parma, Bruno",Bled,Bled,1961.??.??,1961,2,"Petrosian, Tigran V","Parma, Bruno",,,1-0,white_win,win,E55,,65,32.5,16,2,2,0,True,True,7,1,True,0,9,1,defensive
Petrosian.pgn,Petrosian,black,"Darga, Klaus",Bled,Bled,1961.??.??,1961,3,"Darga, Klaus","Petrosian, Tigran V",,,1/2-1/2,draw,draw,B84,,45,22.5,14,0,2,0,True,True,7,0,True,0,7,0,defensive
Petrosian.pgn,Petrosian,white,"Bisguier, Arthur Bernard",Bled,Bled,1961.??.??,1961,4,"Petrosian, Tigran V","Bisguier, Arthur Bernard",,,1/2-1/2,draw,draw,D42,,40,20.0,6,0,2,0,True,True,3,0,True,0,3,0,defensive
Petrosian.pgn,Petrosian,black,"Germek, Milan",Bled,Bled,1961.??.??,1961,5,"Germek, Milan","Petrosian, Tigran V",,,0-1,black_win,win,A53,,76,38.0,7,1,1,0,True,False,3,0,False,0,4,1,defensive
Petrosian.pgn,Petrosian,white,"Pachman, Ludek",Bled,Bled,1961.??.??,1961,6,"Petrosian, Tigran V","Pachman, Ludek",,,1-0,white_win,win,A04,,41,20.5,6,2,2,0,True,True,3,2,True,0,3,0,defensive
Petrosian.pgn,Petrosian,black,"Portisch, Lajos",Bled,Bled,1961.??.??,1961,7,"Portisch, Lajos","Petrosian, Tigran V",,,1-0,white_win,loss,A56,,79,39.5,12,1,1,0,True,False,6,0,False,0,6,1,defensive
Petrosian.pgn,Petrosian,white,"Najdorf, Miguel",Bled,Bled,1961.??.??,1961,8,"Petrosian, Tigran V","Najdorf, Miguel",,,1-0,white_win,win,E80,,79,39.5,13,1,1,0,False,True,6,0,False,0,7,1,defensive
Petrosian.pgn,Petrosian,black,"Ivkov, Borislav",Bled,Bled,1961.??.??,1961,9,"Ivkov, Borislav","Petrosian, Tigran V",,,1/2-1/2,draw,draw,B94,,30,15.0,8,0,1,0,True,False,4,0,False,0,4,0,defensive
Petrosian.pgn,Petrosian,white,"Tal, Mihail",Bled,Bled,1961.??.??,1961,10,"Petrosian, Tigran V","Tal, Mihail",,,1/2-1/2,draw,draw,E98,,32,16.0,4,0,2,0,True,True,2,0,True,0,2,0,defensive
Petrosian.pgn,Petrosian,black,"Olafsson, Fridrik",Bled,Bled,1961.??.??,1961,11,"Olafsson, Fridrik","Petrosian, Tigran V",,,0-1,black_win,win,C16,,64,32.0,13,0,2,0,True,True,7,0,True,0,6,0,defensive
Petrosian.pgn,Petrosian,white,"Geller, Efim P",Bled,Bled,1961.??.??,1961,12,"Petrosian, Tigran V","Geller, Efim P",,,1/2-1/2,draw,draw,E98,,32,16.0,2,0,2,0,True,True,1,0,True,0,1,0,defensive
Petrosian.pgn,Petrosian,black,"Matanovic, Aleksandar",Bled,Bled,1961.??.??,1961,13,"Matanovic, Aleksandar","Petrosian, Tigran V",,,1/2-1/2,draw,draw,C07,,81,40.5,16,0,2,0,True,True,8,0,True,0,8,0,defensive
Petrosian.pgn,Petrosian,white,"Bertok, Mario",Bled,Bled,1961.??.??,1961,14,"Petrosian, Tigran V","Bertok, Mario",,,1-0,white_win,win,E85,,123,61.5,18,2,1,0,False,True,9,2,False,0,9,0,defensive
Petrosian.pgn,Petrosian,black,"Trifunovic, Petar",Bled,Bled,1961.??.??,1961,15,"Trifunovic, Petar","Petrosian, Tigran V",,,1/2-1/2,draw,draw,D27,,38,19.0,12,1,1,0,True,False,6,0,False,0,6,1,defensive
Petrosian.pgn,Petrosian,white,"Udovcic, Mijo",Bled,Bled,1961.??.??,1961,16,"Petrosian, Tigran V","Udovcic, Mijo",,,1-0,white_win,win,E91,,141,70.5,24,14,2,0,True,True,13,7,True,0,11,7,defensive
Petrosian.pgn,Petrosian,black,"Keres, Paul",Bled,Bled,1961.??.??,1961,17,"Keres, Paul","Petrosian, Tigran V",,,1/2-1/2,draw,draw,B18,,34,17.0,8,0,1,0,True,False,4,0,False,0,4,0,defensive
Petrosian.pgn,Petrosian,black,"Fischer, Robert James",Bled,Bled,1961.??.??,1961,18,"Fischer, Robert James","Petrosian, Tigran V",,,1-0,white_win,loss,B17,,71,35.5,17,5,1,0,True,False,9,2,False,0,8,3,defensive
Petrosian.pgn,Petrosian,white,"Gligoric, Svetozar",Bled,Bled,1961.??.??,1961,19,"Petrosian, Tigran V","Gligoric, Svetozar",,,1-0,white_win,win,E61,,63,31.5,14,0,2,0,True,True,9,0,True,0,5,0,defensive
Petrosian.pgn,Petrosian,black,"Cherepkov, Alexander V",URS-ch28,Moscow,1961.??.??,1961,?,"Cherepkov, Alexander V","Petrosian, Tigran V",,,0-1,black_win,win,B17,,54,27.0,15,2,2,0,True,True,8,1,True,0,7,1,defensive
Petrosian.pgn,Petrosian,white,"Bronstein, David I",URS-ch28,Moscow,1961.??.??,1961,?,"Petrosian, Tigran V","Bronstein, David I",,,1/2-1/2,draw,draw,D26,,41,20.5,7,0,2,0,True,True,4,0,True,0,3,0,defensive
Petrosian.pgn,Petrosian,white,"Geller, Efim P",URS-ch28,Moscow,1961.??.??,1961,?,"Petrosian, Tigran V","Geller, Efim P",,,1/2-1/2,draw,draw,E12,,32,16.0,10,2,0,0,False,False,5,0,False,0,5,2,defensive
Petrosian.pgn,Petrosian,white,"Gufeld, Eduard",URS-ch28,Moscow,1961.??.??,1961,?,"Petrosian, Tigran V","Gufeld, Eduard",,,1-0,white_win,win,E70,,75,37.5,12,4,2,0,True,True,7,0,True,0,5,4,defensive
Petrosian.pgn,Petrosian,white,"Kortschnoj, Viktor",URS-ch28,Moscow,1961.??.??,1961,?,"Petrosian, Tigran V","Kortschnoj, Viktor",,,1-0,white_win,win,D83,,79,39.5,12,1,2,0,True,True,7,1,True,0,5,0,defensive
Petrosian.pgn,Petrosian,white,"Lutikov, Anatoly S",URS-ch28,Moscow,1961.??.??,1961,?,"Petrosian, Tigran V","Lutikov, Anatoly S",,,1-0,white_win,win,E92,,105,52.5,15,2,2,0,True,True,7,1,True,0,8,1,defensive
Petrosian.pgn,Petrosian,white,"Smyslov, Vassily",URS-ch28,Moscow,1961.??.??,1961,?,"Petrosian, Tigran V","Smyslov, Vassily",,,1-0,white_win,win,E12,,63,31.5,14,5,2,0,True,True,9,4,True,0,5,1,defensive
Petrosian.pgn,Petrosian,white,"Spassky, Boris V",URS-ch28,Moscow,1961.??.??,1961,?,"Petrosian, Tigran V","Spassky, Boris V",,,1/2-1/2,draw,draw,D25,,34,17.0,11,1,2,0,True,True,5,1,True,0,6,0,defensive
Petrosian.pgn,Petrosian,white,"Taimanov, Mark E",URS-ch28,Moscow,1961.??.??,1961,?,"Petrosian, Tigran V","Taimanov, Mark E",,,1-0,white_win,win,E83,,99,49.5,20,7,2,0,True,True,11,5,True,0,9,2,defensive
Petrosian.pgn,Petrosian,white,"Tarasov, Vitaly Georgievich",URS-ch28,Moscow,1961.??.??,1961,?,"Petrosian, Tigran V","Tarasov, Vitaly Georgievich",,,1/2-1/2,draw,draw,D26,,24,12.0,6,1,0,0,False,False,3,0,False,0,3,1,defensive
Petrosian.pgn,Petrosian,black,"Polugaevsky, Lev",URS-ch28,Moscow,1961.??.??,1961,?,"Polugaevsky, Lev","Petrosian, Tigran V",,,0-1,black_win,win,E55,,94,47.0,16,3,2,0,True,True,8,2,True,0,8,1,defensive
Petrosian.pgn,Petrosian,black,"Simagin, Vladimir",URS-ch28,Moscow,1961.??.??,1961,?,"Simagin, Vladimir","Petrosian, Tigran V",,,1/2-1/2,draw,draw,E21,,185,92.5,23,6,2,0,True,True,12,1,True,0,11,5,defensive
Petrosian.pgn,Petrosian,black,"Borisenko, Georgy K",URS-ch28,Moscow,1961.??.??,1961,?,"Borisenko, Georgy K","Petrosian, Tigran V",,,1/2-1/2,draw,draw,A55,,82,41.0,8,0,2,0,True,True,4,0,True,0,4,0,defensive
Petrosian.pgn,Petrosian,black,"Stein, Leonid",URS-ch28,Moscow,1961.??.??,1961,?,"Stein, Leonid","Petrosian, Tigran V",,,1-0,white_win,loss,C18,,51,25.5,8,1,1,0,True,False,4,1,False,0,4,0,defensive
Petrosian.pgn,Petrosian,black,"Furman, Semen Abramovich",URS-ch28,Moscow,1961.??.??,1961,?,"Furman, Semen Abramovich","Petrosian, Tigran V",,,0-1,black_win,win,B08,,82,41.0,18,1,2,0,True,True,11,1,True,0,7,0,defensive
Petrosian.pgn,Petrosian,black,"Boleslavsky, Isaak",URS-ch28,Moscow,1961.??.??,1961,?,"Boleslavsky, Isaak","Petrosian, Tigran V",,,1/2-1/2,draw,draw,B94,,35,17.5,8,0,2,0,True,True,4,0,True,0,4,0,defensive
Petrosian.pgn,Petrosian,black,"Khasin, Abram",URS-ch28,Moscow,1961.??.??,1961,?,"Khasin, Abram","Petrosian, Tigran V",,,0-1,black_win,win,C50,,80,40.0,21,2,2,0,True,True,11,2,True,0,10,0,defensive
Petrosian.pgn,Petrosian,black,"Averbakh, Yuri L",URS-ch28,Moscow,1961.??.??,1961,?,"Averbakh, Yuri L","Petrosian, Tigran V",,,1/2-1/2,draw,draw,E81,,39,19.5,4,0,2,0,True,True,2,0,True,0,2,0,defensive
Petrosian.pgn,Petrosian,black,"Bannik, Anatoly",URS-ch28,Moscow,1961.??.??,1961,?,"Bannik, Anatoly","Petrosian, Tigran V",,,1/2-1/2,draw,draw,A55,,22,11.0,0,0,2,0,True,True,0,0,True,0,0,0,defensive
Petrosian.pgn,Petrosian,black,"Bertok, Mario",EU-chT,Oberhausen,1961.??.??,1961,2,"Bertok, Mario","Petrosian, Tigran V",,,0-1,black_win,win,A43,,87,43.5,23,6,2,0,True,True,13,6,True,0,10,0,defensive
Petrosian.pgn,Petrosian,white,"Jansa, Vlastimil",EU-chT,Oberhausen,1961.??.??,1961,3,"Petrosian, Tigran V","Jansa, Vlastimil",,,1-0,white_win,win,B30,,57,28.5,8,1,2,0,True,True,4,1,True,0,4,0,defensive
Petrosian.pgn,Petrosian,black,"Bilek, Istvan",EU-chT,Oberhausen,1961.??.??,1961,4,"Bilek, Istvan","Petrosian, Tigran V",,,0-1,black_win,win,B88,,38,19.0,11,2,2,0,True,True,6,0,True,0,5,2,defensive
Petrosian.pgn,Petrosian,white,"Teschner, Rudolf",EU-chT,Oberhausen,1961.??.??,1961,5,"Petrosian, Tigran V","Teschner, Rudolf",,,1/2-1/2,draw,draw,C80,,102,51.0,24,2,2,0,True,True,12,0,True,0,12,2,defensive
Petrosian.pgn,Petrosian,white,"Albareda, Miguel",EU-chT,Oberhausen,1961.??.??,1961,6,"Petrosian, Tigran V","Albareda, Miguel",,,1/2-1/2,draw,draw,E80,,131,65.5,26,3,2,0,True,True,14,1,True,0,12,2,defensive
Petrosian.pgn,Petrosian,black,"Matanovic, Aleksandar",EU-chT,Oberhausen,1961.??.??,1961,7,"Matanovic, Aleksandar","Petrosian, Tigran V",,,1/2-1/2,draw,draw,B14,,43,21.5,10,0,2,0,True,True,5,0,True,0,5,0,defensive
Petrosian.pgn,Petrosian,white,"Hort, Vlastimil",EU-chT,Oberhausen,1961.??.??,1961,8,"Petrosian, Tigran V","Hort, Vlastimil",,,1-0,white_win,win,A25,,109,54.5,20,4,2,0,True,True,11,4,True,0,9,0,defensive
Petrosian.pgn,Petrosian,black,"Hort, Vlastimil",EU-chT,Oberhausen,1961.??.??,1961,8,"Hort, Vlastimil","Petrosian, Tigran V",,,0-1,black_win,win,C18,,96,48.0,15,2,1,0,False,True,9,1,True,0,6,1,defensive
Petrosian.pgn,Petrosian,black,"Barcza, Gedeon",EU-chT,Oberhausen,1961.??.??,1961,9,"Barcza, Gedeon","Petrosian, Tigran V",,,1/2-1/2,draw,draw,A16,,80,40.0,16,2,2,0,True,True,8,0,True,0,8,2,defensive
Petrosian.pgn,Petrosian,black,"Gligoric, Svetozar",Zuerich,Zuerich,1961.??.??,1961,1,"Gligoric, Svetozar","Petrosian, Tigran V",,,1/2-1/2,draw,draw,D58,,175,87.5,27,17,2,0,True,True,14,11,True,0,13,6,defensive
Petrosian.pgn,Petrosian,white,"Keres, Paul",Zuerich,Zuerich,1961.??.??,1961,2,"Petrosian, Tigran V","Keres, Paul",,,0-1,black_win,loss,E12,,100,50.0,18,5,2,0,True,True,9,1,True,0,9,4,defensive
Petrosian.pgn,Petrosian,black,"Bhend, Edwin",Zuerich,Zuerich,1961.??.??,1961,3,"Bhend, Edwin","Petrosian, Tigran V",,,0-1,black_win,win,B85,,56,28.0,11,4,2,0,True,True,5,4,True,0,6,0,defensive
Petrosian.pgn,Petrosian,white,"Matulovic, Milan",Zuerich,Zuerich,1961.??.??,1961,4,"Petrosian, Tigran V","Matulovic, Milan",,,1/2-1/2,draw,draw,A57,,64,32.0,18,1,2,0,True,True,9,0,True,0,9,1,defensive
Petrosian.pgn,Petrosian,black,"Christoffel, Martin",Zuerich,Zuerich,1961.??.??,1961,5,"Christoffel, Martin","Petrosian, Tigran V",,,0-1,black_win,win,B26,,116,58.0,23,7,2,0,True,True,11,2,True,0,12,5,defensive
Petrosian.pgn,Petrosian,white,"Lombardy, William James",Zuerich,Zuerich,1961.??.??,1961,6,"Petrosian, Tigran V","Lombardy, William James",,,1-0,white_win,win,D22,,73,36.5,16,1,2,0,True,True,9,1,True,0,7,0,defensive
Petrosian.pgn,Petrosian,black,"Keller, Dieter",Zuerich,Zuerich,1961.??.??,1961,7,"Keller, Dieter","Petrosian, Tigran V",,,0-1,black_win,win,E94,,117,58.5,20,2,2,0,True,True,10,2,True,0,10,0,defensive
Petrosian.pgn,Petrosian,white,"Schmid, Lothar",Zuerich,Zuerich,1961.??.??,1961,8,"Petrosian, Tigran V","Schmid, Lothar",,,1-0,white_win,win,A79,,61,30.5,12,2,2,0,True,True,6,2,True,0,6,0,defensive
Petrosian.pgn,Petrosian,black,"Walther, Edgar",Zuerich,Zuerich,1961.??.??,1961,9,"Walther, Edgar","Petrosian, Tigran V",,,0-1,black_win,win,B14,,100,50.0,23,2,2,0,True,True,12,2,True,0,11,0,defensive
Petrosian.pgn,Petrosian,white,"Kupper, Josef",Zuerich,Zuerich,1961.??.??,1961,10,"Petrosian, Tigran V","Kupper, Josef",,,1/2-1/2,draw,draw,E52,,96,48.0,24,0,2,0,True,True,12,0,True,0,12,0,defensive
Petrosian.pgn,Petrosian,black,"Larsen, Bent",Zuerich,Zuerich,1961.??.??,1961,11,"Larsen, Bent","Petrosian, Tigran V",,,0-1,black_win,win,A42,,88,44.0,18,4,2,0,True,True,10,4,True,0,8,0,defensive
Petrosian.pgn,Petrosian,white,"Tal, Mihail",Candidats Tournament,Curacao,1962.??.??,1962,1,"Petrosian, Tigran V","Tal, Mihail",,,1-0,white_win,win,A12,,127,63.5,23,5,2,0,True,True,12,3,True,0,11,2,defensive
Petrosian.pgn,Petrosian,black,"Kortschnoj, Viktor",Candidats Tournament,Curacao,1962.??.??,1962,2,"Kortschnoj, Viktor","Petrosian, Tigran V",,,1/2-1/2,draw,draw,C97,,71,35.5,13,1,2,0,True,True,7,1,True,0,6,0,defensive
Petrosian.pgn,Petrosian,white,"Geller, Efim P",Candidats Tournament,Curacao,1962.??.??,1962,3,"Petrosian, Tigran V","Geller, Efim P",,,1/2-1/2,draw,draw,E12,,42,21.0,16,1,2,0,True,True,8,1,True,0,8,0,defensive
Petrosian.pgn,Petrosian,white,"Keres, Paul",Candidats Tournament,Curacao,1962.??.??,1962,4,"Petrosian, Tigran V","Keres, Paul",,,1/2-1/2,draw,draw,D19,,34,17.0,8,0,2,0,True,True,4,0,True,0,4,0,defensive
Petrosian.pgn,Petrosian,black,"Benko, Pal C",Candidats Tournament,Curacao,1962.??.??,1962,5,"Benko, Pal C","Petrosian, Tigran V",,,1/2-1/2,draw,draw,A21,,134,67.0,26,6,2,0,True,True,13,3,True,0,13,3,defensive
Petrosian.pgn,Petrosian,white,"Fischer, Robert James",Candidats Tournament,Curacao,1962.??.??,1962,6,"Petrosian, Tigran V","Fischer, Robert James",,,1/2-1/2,draw,draw,E84,,50,25.0,8,1,2,0,True,True,4,1,True,0,4,0,defensive
Petrosian.pgn,Petrosian,black,"Filip, Miroslav",Candidats Tournament,Curacao,1962.??.??,1962,7,"Filip, Miroslav","Petrosian, Tigran V",,,1/2-1/2,draw,draw,D73,,27,13.5,3,0,2,0,True,True,1,0,True,0,2,0,defensive
Petrosian.pgn,Petrosian,black,"Tal, Mihail",Candidats Tournament,Curacao,1962.??.??,1962,8,"Tal, Mihail","Petrosian, Tigran V",,,0-1,black_win,win,C11,,40,20.0,11,2,2,0,True,True,6,0,True,0,5,2,defensive
Petrosian.pgn,Petrosian,white,"Kortschnoj, Viktor",Candidats Tournament,Curacao,1962.??.??,1962,9,"Petrosian, Tigran V","Kortschnoj, Viktor",,,1/2-1/2,draw,draw,D23,,52,26.0,10,1,2,0,True,True,5,1,True,0,5,0,defensive
Petrosian.pgn,Petrosian,black,"Geller, Efim P",Candidats Tournament,Curacao,1962.??.??,1962,10,"Geller, Efim P","Petrosian, Tigran V",,,1/2-1/2,draw,draw,B15,,36,18.0,13,4,1,0,True,False,7,1,False,0,6,3,defensive
Petrosian.pgn,Petrosian,black,"Keres, Paul",Candidats Tournament,Curacao,1962.??.??,1962,11,"Keres, Paul","Petrosian, Tigran V",,,1/2-1/2,draw,draw,D59,,41,20.5,14,1,2,0,True,True,7,0,True,0,7,1,defensive
Petrosian.pgn,Petrosian,white,"Benko, Pal C",Candidats Tournament,Curacao,1962.??.??,1962,12,"Petrosian, Tigran V","Benko, Pal C",,,1/2-1/2,draw,draw,D92,,46,23.0,14,2,1,0,False,True,7,2,False,0,7,0,defensive
Petrosian.pgn,Petrosian,black,"Fischer, Robert James",Candidats Tournament,Curacao,1962.??.??,1962,13,"Fischer, Robert James","Petrosian, Tigran V",,,0-1,black_win,win,C12,,85,42.5,22,1,2,0,True,True,12,0,True,0,10,1,defensive
Petrosian.pgn,Petrosian,white,"Filip, Miroslav",Candidats Tournament,Curacao,1962.??.??,1962,14,"Petrosian, Tigran V","Filip, Miroslav",,,1-0,white_win,win,D37,,55,27.5,9,1,1,0,False,True,5,0,False,0,4,1,defensive
Petrosian.pgn,Petrosian,white,"Tal, Mihail",Candidats Tournament,Curacao,1962.??.??,1962,15,"Petrosian, Tigran V","Tal, Mihail",,,1/2-1/2,draw,draw,A16,,99,49.5,25,6,2,0,True,True,12,2,True,0,13,4,defensive
Petrosian.pgn,Petrosian,black,"Kortschnoj, Viktor",Candidats Tournament,Curacao,1962.??.??,1962,16,"Kortschnoj, Viktor","Petrosian, Tigran V",,,0-1,black_win,win,C90,,138,69.0,25,5,2,0,True,True,13,3,True,0,12,2,defensive
Petrosian.pgn,Petrosian,white,"Geller, Efim P",Candidats Tournament,Curacao,1962.??.??,1962,17,"Petrosian, Tigran V","Geller, Efim P",,,1/2-1/2,draw,draw,D58,,32,16.0,8,1,2,0,True,True,4,0,True,0,4,1,defensive
Petrosian.pgn,Petrosian,white,"Keres, Paul",Candidats Tournament,Curacao,1962.??.??,1962,18,"Petrosian, Tigran V","Keres, Paul",,,1/2-1/2,draw,draw,E41,,43,21.5,10,0,2,0,True,True,5,0,True,0,5,0,defensive
Petrosian.pgn,Petrosian,black,"Benko, Pal C",Candidats Tournament,Curacao,1962.??.??,1962,19,"Benko, Pal C","Petrosian, Tigran V",,,0-1,black_win,win,A07,,86,43.0,16,0,2,0,True,True,8,0,True,0,8,0,defensive
Petrosian.pgn,Petrosian,white,"Fischer, Robert James",Candidats Tournament,Curacao,1962.??.??,1962,20,"Petrosian, Tigran V","Fischer, Robert James",,,1/2-1/2,draw,draw,D53,,45,22.5,12,0,2,0,True,True,6,0,True,0,6,0,defensive
Petrosian.pgn,Petrosian,black,"Filip, Miroslav",Candidats Tournament,Curacao,1962.??.??,1962,21,"Filip, Miroslav","Petrosian, Tigran V",,,0-1,black_win,win,B08,,100,50.0,20,2,2,0,True,True,10,0,True,0,10,2,defensive
Petrosian.pgn,Petrosian,white,"Kortschnoj, Viktor",Candidats Tournament,Curacao,1962.??.??,1962,23,"Petrosian, Tigran V","Kortschnoj, Viktor",,,1-0,white_win,win,A31,,41,20.5,9,3,1,0,True,False,5,3,True,0,4,0,defensive
Petrosian.pgn,Petrosian,black,"Geller, Efim P",Candidats Tournament,Curacao,1962.??.??,1962,24,"Geller, Efim P","Petrosian, Tigran V",,,1/2-1/2,draw,draw,B12,,36,18.0,6,1,2,0,True,True,3,1,True,0,3,0,defensive
Petrosian.pgn,Petrosian,black,"Keres, Paul",Candidats Tournament,Curacao,1962.??.??,1962,25,"Keres, Paul","Petrosian, Tigran V",,,1/2-1/2,draw,draw,B36,,28,14.0,8,2,1,0,False,True,4,0,True,0,4,2,defensive
Petrosian.pgn,Petrosian,white,"Benko, Pal C",Candidats Tournament,Curacao,1962.??.??,1962,26,"Petrosian, Tigran V","Benko, Pal C",,,1/2-1/2,draw,draw,D91,,83,41.5,18,2,2,0,True,True,9,2,True,0,9,0,defensive
Petrosian.pgn,Petrosian,black,"Fischer, Robert James",Candidats Tournament,Curacao,1962.??.??,1962,27,"Fischer, Robert James","Petrosian, Tigran V",,,1/2-1/2,draw,draw,B47,,70,35.0,18,4,2,0,True,True,9,2,True,0,9,2,defensive
Petrosian.pgn,Petrosian,white,"Filip, Miroslav",Candidats Tournament,Curacao,1962.??.??,1962,28,"Petrosian, Tigran V","Filip, Miroslav",,,1/2-1/2,draw,draw,D37,,28,14.0,4,0,2,0,True,True,2,0,True,0,2,0,defensive
Petrosian.pgn,Petrosian,white,"Olafsson, Fridrik",Stockholm Interzonal,Stockholm,1962.??.??,1962,1,"Petrosian, Tigran V","Olafsson, Fridrik",,,1-0,white_win,win,D03,,67,33.5,17,3,2,0,True,True,9,1,True,0,8,2,defensive
Petrosian.pgn,Petrosian,black,"Stein, Leonid",Stockholm Interzonal,Stockholm,1962.??.??,1962,2,"Stein, Leonid","Petrosian, Tigran V",,,1/2-1/2,draw,draw,B18,,36,18.0,6,0,1,0,False,True,3,0,True,0,3,0,defensive
Petrosian.pgn,Petrosian,white,"Geller, Efim P",Stockholm Interzonal,Stockholm,1962.??.??,1962,4,"Petrosian, Tigran V","Geller, Efim P",,,1/2-1/2,draw,draw,E92,,44,22.0,6,0,2,0,True,True,3,0,True,0,3,0,defensive
Petrosian.pgn,Petrosian,black,"Kortschnoj, Viktor",Stockholm Interzonal,Stockholm,1962.??.??,1962,5,"Kortschnoj, Viktor","Petrosian, Tigran V",,,1/2-1/2,draw,draw,B18,,83,41.5,15,2,2,0,True,True,7,0,True,0,8,2,defensive
Petrosian.pgn,Petrosian,white,"Filip, Miroslav",Stockholm Interzonal,Stockholm,1962.??.??,1962,6,"Petrosian, Tigran V","Filip, Miroslav",,,1/2-1/2,draw,draw,E11,,42,21.0,10,2,2,0,True,True,5,0,True,0,5,2,defensive
Petrosian.pgn,Petrosian,black,"Bolbochan, Julio",Stockholm Interzonal,Stockholm,1962.??.??,1962,7,"Bolbochan, Julio","Petrosian, Tigran V",,,1/2-1/2,draw,draw,A34,,41,20.5,14,2,1,0,True,False,7,0,False,0,7,2,defensive
Petrosian.pgn,Petrosian,white,"Bertok, Mario",Stockholm Interzonal,Stockholm,1962.??.??,1962,8,"Petrosian, Tigran V","Bertok, Mario",,,1-0,white_win,win,D29,,67,33.5,14,4,1,0,True,False,8,4,True,0,6,0,defensive
Petrosian.pgn,Petrosian,black,"Uhlmann, Wolfgang",Stockholm Interzonal,Stockholm,1962.??.??,1962,9,"Uhlmann, Wolfgang","Petrosian, Tigran V",,,1/2-1/2,draw,draw,E11,,34,17.0,9,2,2,0,True,True,5,2,True,0,4,0,defensive
Petrosian.pgn,Petrosian,white,"Teschner, Rudolf",Stockholm Interzonal,Stockholm,1962.??.??,1962,10,"Petrosian, Tigran V","Teschner, Rudolf",,,1-0,white_win,win,A08,,82,41.0,15,0,2,0,True,True,8,0,True,0,7,0,defensive
Petrosian.pgn,Petrosian,black,"Benko, Pal C",Stockholm Interzonal,Stockholm,1962.??.??,1962,11,"Benko, Pal C","Petrosian, Tigran V",,,1/2-1/2,draw,draw,E11,,50,25.0,10,2,2,0,True,True,5,2,True,0,5,0,defensive
Petrosian.pgn,Petrosian,white,"Aaron, Manuel",Stockholm Interzonal,Stockholm,1962.??.??,1962,12,"Petrosian, Tigran V","Aaron, Manuel",,,1-0,white_win,win,A25,,97,48.5,20,2,2,0,True,True,10,2,True,0,10,0,defensive
Petrosian.pgn,Petrosian,black,"Portisch, Lajos",Stockholm Interzonal,Stockholm,1962.??.??,1962,13,"Portisch, Lajos","Petrosian, Tigran V",,,1/2-1/2,draw,draw,D27,,41,20.5,10,0,1,0,True,False,5,0,False,0,5,0,defensive
Petrosian.pgn,Petrosian,white,"Bilek, Istvan",Stockholm Interzonal,Stockholm,1962.??.??,1962,14,"Petrosian, Tigran V","Bilek, Istvan",,,1-0,white_win,win,B37,,99,49.5,20,5,2,0,True,True,11,2,True,0,9,3,defensive
Petrosian.pgn,Petrosian,black,"Barcza, Gedeon",Stockholm Interzonal,Stockholm,1962.??.??,1962,15,"Barcza, Gedeon","Petrosian, Tigran V",,,1/2-1/2,draw,draw,A08,,25,12.5,4,0,1,0,True,False,2,0,False,0,2,0,defensive
Petrosian.pgn,Petrosian,white,"Bisguier, Arthur Bernard",Stockholm Interzonal,Stockholm,1962.??.??,1962,16,"Petrosian, Tigran V","Bisguier, Arthur Bernard",,,1/2-1/2,draw,draw,D65,,44,22.0,8,0,2,0,True,True,4,0,True,0,4,0,defensive
Petrosian.pgn,Petrosian,black,"Fischer, Robert James",Stockholm Interzonal,Stockholm,1962.??.??,1962,17,"Fischer, Robert James","Petrosian, Tigran V",,,1/2-1/2,draw,draw,C11,,80,40.0,23,2,2,0,True,True,11,0,True,0,12,2,defensive
Petrosian.pgn,Petrosian,white,"Pomar Salamanca, Arturo",Stockholm Interzonal,Stockholm,1962.??.??,1962,18,"Petrosian, Tigran V","Pomar Salamanca, Arturo",,,1-0,white_win,win,D35,,82,41.0,17,1,1,0,False,True,9,1,False,0,8,0,defensive
Petrosian.pgn,Petrosian,black,"Gligoric, Svetozar",Stockholm Interzonal,Stockholm,1962.??.??,1962,19,"Gligoric, Svetozar","Petrosian, Tigran V",,,1/2-1/2,draw,draw,B10,,59,29.5,8,1,2,0,True,True,4,0,True,0,4,1,defensive
Petrosian.pgn,Petrosian,white,"Schweber, Samuel",Stockholm Interzonal,Stockholm,1962.??.??,1962,20,"Petrosian, Tigran V","Schweber, Samuel",,,1-0,white_win,win,E73,,85,42.5,20,0,2,0,True,True,11,0,True,0,9,0,defensive
Petrosian.pgn,Petrosian,black,"Yanofsky, Daniel Abraham",Stockholm Interzonal,Stockholm,1962.??.??,1962,21,"Yanofsky, Daniel Abraham","Petrosian, Tigran V",,,1/2-1/2,draw,draw,B17,,20,10.0,4,0,1,0,True,False,2,0,False,0,2,0,defensive
Petrosian.pgn,Petrosian,white,"German, Eugenio Maciel",Stockholm Interzonal,Stockholm,1962.??.??,1962,22,"Petrosian, Tigran V","German, Eugenio Maciel",,,1-0,white_win,win,A30,,129,64.5,23,3,2,0,True,True,12,1,True,0,11,2,defensive
Petrosian.pgn,Petrosian,black,"Cuellar Gacharna, Miguel",Stockholm Interzonal,Stockholm,1962.??.??,1962,23,"Cuellar Gacharna, Miguel","Petrosian, Tigran V",,,1/2-1/2,draw,draw,C92,,27,13.5,0,0,2,0,True,True,0,0,True,0,0,0,defensive
Petrosian.pgn,Petrosian,black,"Johannessen, Svein",Varna olm,Varna,1962.??.??,1962,?,"Johannessen, Svein","Petrosian, Tigran V",,,1/2-1/2,draw,draw,A48,,82,41.0,20,4,2,0,True,True,10,2,True,0,10,2,defensive
Petrosian.pgn,Petrosian,black,"Dunkelblum, Arthur",Varna olm,Varna,1962.??.??,1962,?,"Dunkelblum, Arthur","Petrosian, Tigran V",,,1/2-1/2,draw,draw,D40,,85,42.5,20,4,0,0,False,False,10,2,False,0,10,2,defensive
Petrosian.pgn,Petrosian,black,"Dueckstein, Andreas",Varna olm,Varna,1962.??.??,1962,?,"Dueckstein, Andreas","Petrosian, Tigran V",,,0-1,black_win,win,B18,,80,40.0,18,1,2,0,True,True,10,0,True,0,8,1,defensive
Petrosian.pgn,Petrosian,black,"Unzicker, Wolfgang",Varna olm,Varna,1962.??.??,1962,?,"Unzicker, Wolfgang","Petrosian, Tigran V",,,0-1,black_win,win,B06,,144,72.0,24,7,1,0,True,False,12,4,False,0,12,3,defensive
Petrosian.pgn,Petrosian,black,"Benko, Pal C",Varna olm,Varna,1962.??.??,1962,?,"Benko, Pal C","Petrosian, Tigran V",,,1/2-1/2,draw,draw,D13,,76,38.0,14,1,2,0,True,True,7,0,True,0,7,1,defensive
Petrosian.pgn,Petrosian,white,"Pachman, Ludek",Varna olm,Varna,1962.??.??,1962,?,"Petrosian, Tigran V","Pachman, Ludek",,,1-0,white_win,win,A07,,125,62.5,24,9,2,0,True,True,13,4,True,0,11,5,defensive
Petrosian.pgn,Petrosian,white,"Pietzsch, Wolfgang",Varna olm,Varna,1962.??.??,1962,?,"Petrosian, Tigran V","Pietzsch, Wolfgang",,,1-0,white_win,win,D37,,79,39.5,12,0,2,0,True,True,7,0,True,0,5,0,defensive
Petrosian.pgn,Petrosian,white,"Gligoric, Svetozar",Varna olm,Varna,1962.??.??,1962,?,"Petrosian, Tigran V","Gligoric, Svetozar",,,1/2-1/2,draw,draw,E94,,61,30.5,10,0,2,0,True,True,5,0,True,0,5,0,defensive
Petrosian.pgn,Petrosian,white,"Anastassopulos, A.",Varna olm,Varna,1962.??.??,1962,?,"Petrosian, Tigran V","Anastassopulos, A.",,,1-0,white_win,win,B38,,51,25.5,13,0,2,0,True,True,7,0,True,0,6,0,defensive
Petrosian.pgn,Petrosian,black,"Diez del Corral, Jesus",Varna olm,Varna,1962.??.??,1962,?,"Diez del Corral, Jesus","Petrosian, Tigran V",,,0-1,black_win,win,B90,,78,39.0,21,6,1,0,True,False,11,2,False,0,10,4,defensive
Petrosian.pgn,Petrosian,white,"Stoltz, Goesta",Varna olm,Varna,1962.??.??,1962,2,"Petrosian, Tigran V","Stoltz, Goesta",,,1-0,white_win,win,A29,,67,33.5,15,1,2,0,True,True,8,0,True,0,7,1,defensive
Petrosian.pgn,Petrosian,white,"Suer, Nevzat",Varna olm,Varna,1962.??.??,1962,3,"Petrosian, Tigran V","Suer, Nevzat",,,1-0,white_win,win,C61,,43,21.5,7,0,2,0,True,True,4,0,True,0,3,0,defensive
Petrosian.pgn,Petrosian,black,"Keres, Paul",Piatigorsky Cup,Los Angeles,1963.??.??,1963,1,"Keres, Paul","Petrosian, Tigran V",,,1/2-1/2,draw,draw,B18,,59,29.5,12,1,2,0,True,True,6,1,True,0,6,0,defensive
Petrosian.pgn,Petrosian,black,"Gligoric, Svetozar",Piatigorsky Cup,Los Angeles,1963.??.??,1963,2,"Gligoric, Svetozar","Petrosian, Tigran V",,,1-0,white_win,loss,C95,,85,42.5,22,5,2,0,True,True,10,2,True,0,12,3,defensive
Petrosian.pgn,Petrosian,white,"Benko, Pal C",Piatigorsky Cup,Los Angeles,1963.??.??,1963,3,"Petrosian, Tigran V","Benko, Pal C",,,1-0,white_win,win,D81,,85,42.5,18,9,2,0,True,True,8,5,True,0,10,4,defensive
Petrosian.pgn,Petrosian,black,"Panno, Oscar",Piatigorsky Cup,Los Angeles,1963.??.??,1963,4,"Panno, Oscar","Petrosian, Tigran V",,,1/2-1/2,draw,draw,E11,,221,110.5,27,20,2,0,True,True,14,13,True,0,13,7,defensive
Petrosian.pgn,Petrosian,white,"Olafsson, Fridrik",Piatigorsky Cup,Los Angeles,1963.??.??,1963,5,"Petrosian, Tigran V","Olafsson, Fridrik",,,1/2-1/2,draw,draw,B14,,78,39.0,10,0,2,0,True,True,5,0,True,0,5,0,defensive
Petrosian.pgn,Petrosian,black,"Najdorf, Miguel",Piatigorsky Cup,Los Angeles,1963.??.??,1963,6,"Najdorf, Miguel","Petrosian, Tigran V",,,1/2-1/2,draw,draw,D58,,49,24.5,10,0,2,0,True,True,5,0,True,0,5,0,defensive
Petrosian.pgn,Petrosian,white,"Reshevsky, Samuel Herman",Piatigorsky Cup,Los Angeles,1963.??.??,1963,7,"Petrosian, Tigran V","Reshevsky, Samuel Herman",,,1/2-1/2,draw,draw,E81,,76,38.0,14,3,2,0,True,True,7,2,True,0,7,1,defensive
Petrosian.pgn,Petrosian,white,"Keres, Paul",Piatigorsky Cup,Los Angeles,1963.??.??,1963,8,"Petrosian, Tigran V","Keres, Paul",,,1/2-1/2,draw,draw,A28,,46,23.0,6,0,2,0,True,True,3,0,True,0,3,0,defensive
Petrosian.pgn,Petrosian,white,"Gligoric, Svetozar",Piatigorsky Cup,Los Angeles,1963.??.??,1963,9,"Petrosian, Tigran V","Gligoric, Svetozar",,,1-0,white_win,win,A65,,95,47.5,19,2,2,0,True,True,9,0,True,0,10,2,defensive
Petrosian.pgn,Petrosian,black,"Benko, Pal C",Piatigorsky Cup,Los Angeles,1963.??.??,1963,10,"Benko, Pal C","Petrosian, Tigran V",,,0-1,black_win,win,D55,,110,55.0,21,3,2,0,True,True,12,2,True,0,9,1,defensive
Petrosian.pgn,Petrosian,white,"Najdorf, Miguel",Piatigorsky Cup,Los Angeles,1963.??.??,1963,11,"Petrosian, Tigran V","Najdorf, Miguel",,,1/2-1/2,draw,draw,E19,,65,32.5,16,1,2,0,True,True,8,1,True,0,8,0,defensive
Petrosian.pgn,Petrosian,black,"Olafsson, Fridrik",Piatigorsky Cup,Los Angeles,1963.??.??,1963,12,"Olafsson, Fridrik","Petrosian, Tigran V",,,1/2-1/2,draw,draw,D27,,50,25.0,8,0,2,0,True,True,4,0,True,0,4,0,defensive
Petrosian.pgn,Petrosian,white,"Panno, Oscar",Piatigorsky Cup,Los Angeles,1963.??.??,1963,13,"Petrosian, Tigran V","Panno, Oscar",,,1-0,white_win,win,E02,,123,61.5,26,7,2,0,True,True,13,5,True,0,13,2,defensive
Petrosian.pgn,Petrosian,black,"Reshevsky, Samuel Herman",Piatigorsky Cup,Los Angeles,1963.??.??,1963,14,"Reshevsky, Samuel Herman","Petrosian, Tigran V",,,1/2-1/2,draw,draw,A37,,71,35.5,14,0,2,0,True,True,7,0,True,0,7,0,defensive
Petrosian.pgn,Petrosian,white,"Kortschnoj, Viktor",URS Spartakiad,Moscow,1963.??.??,1963,?,"Petrosian, Tigran V","Kortschnoj, Viktor",,,0-1,black_win,loss,A30,,72,36.0,17,0,2,0,True,True,9,0,True,0,8,0,defensive
Petrosian.pgn,Petrosian,black,"Geller, Efim P",URS Spartakiad,Moscow,1963.??.??,1963,?,"Geller, Efim P","Petrosian, Tigran V",,,1-0,white_win,loss,C16,,83,41.5,19,9,1,0,True,False,8,0,False,0,11,9,defensive
Petrosian.pgn,Petrosian,black,"Gurgenidze, Bukhuti",URS-chT,Moscow,1963.??.??,1963,?,"Gurgenidze, Bukhuti","Petrosian, Tigran V",,,1/2-1/2,draw,draw,C11,,75,37.5,18,4,2,0,True,True,9,1,True,0,9,3,defensive
Petrosian.pgn,Petrosian,white,"Tal, Mihail",URS-chT,Moscow,1963.??.??,1963,?,"Petrosian, Tigran V","Tal, Mihail",,,1-0,white_win,win,D41,,100,50.0,25,4,2,0,True,True,13,4,True,0,12,0,defensive
Petrosian.pgn,Petrosian,white,"Botvinnik, Mikhail",World Championship 25th,Moscow,1963.??.??,1963,1,"Petrosian, Tigran V","Botvinnik, Mikhail",,,0-1,black_win,loss,E35,,80,40.0,12,4,1,0,False,True,6,0,False,0,6,4,defensive
Petrosian.pgn,Petrosian,black,"Botvinnik, Mikhail",World Championship 25th,Moscow,1963.??.??,1963,2,"Botvinnik, Mikhail","Petrosian, Tigran V",,,1/2-1/2,draw,draw,D27,,70,35.0,18,2,2,0,True,True,9,0,True,0,9,2,defensive
Petrosian.pgn,Petrosian,white,"Botvinnik, Mikhail",World Championship 25th,Moscow,1963.??.??,1963,3,"Petrosian, Tigran V","Botvinnik, Mikhail",,,1/2-1/2,draw,draw,E18,,172,86.0,26,15,2,0,True,True,13,3,True,0,13,12,defensive
Petrosian.pgn,Petrosian,black,"Botvinnik, Mikhail",World Championship 25th,Moscow,1963.??.??,1963,4,"Botvinnik, Mikhail","Petrosian, Tigran V",,,1/2-1/2,draw,draw,A35,,48,24.0,12,1,1,0,True,False,6,0,False,0,6,1,defensive
Petrosian.pgn,Petrosian,white,"Botvinnik, Mikhail",World Championship 25th,Moscow,1963.??.??,1963,5,"Petrosian, Tigran V","Botvinnik, Mikhail",,,1-0,white_win,win,D94,,95,47.5,16,8,1,0,False,True,8,1,False,0,8,7,defensive
Petrosian.pgn,Petrosian,black,"Botvinnik, Mikhail",World Championship 25th,Moscow,1963.??.??,1963,6,"Botvinnik, Mikhail","Petrosian, Tigran V",,,1/2-1/2,draw,draw,D27,,54,27.0,10,0,2,0,True,True,5,0,True,0,5,0,defensive
Petrosian.pgn,Petrosian,white,"Botvinnik, Mikhail",World Championship 25th,Moscow,1963.??.??,1963,7,"Petrosian, Tigran V","Botvinnik, Mikhail",,,1-0,white_win,win,A21,,103,51.5,19,5,2,0,True,True,10,3,True,0,9,2,defensive
Petrosian.pgn,Petrosian,black,"Botvinnik, Mikhail",World Championship 25th,Moscow,1963.??.??,1963,8,"Botvinnik, Mikhail","Petrosian, Tigran V",,,1/2-1/2,draw,draw,D27,,109,54.5,23,10,1,0,True,False,12,4,False,0,11,6,defensive
Petrosian.pgn,Petrosian,white,"Botvinnik, Mikhail",World Championship 25th,Moscow,1963.??.??,1963,9,"Petrosian, Tigran V","Botvinnik, Mikhail",,,1/2-1/2,draw,draw,E08,,110,55.0,25,7,2,0,True,True,13,3,True,0,12,4,defensive
Petrosian.pgn,Petrosian,black,"Botvinnik, Mikhail",World Championship 25th,Moscow,1963.??.??,1963,10,"Botvinnik, Mikhail","Petrosian, Tigran V",,,1/2-1/2,draw,draw,D27,,86,43.0,23,1,2,0,True,True,11,0,True,0,12,1,defensive
Petrosian.pgn,Petrosian,white,"Botvinnik, Mikhail",World Championship 25th,Moscow,1963.??.??,1963,11,"Petrosian, Tigran V","Botvinnik, Mikhail",,,1/2-1/2,draw,draw,D32,,82,41.0,15,2,2,0,True,True,8,0,True,0,7,2,defensive
Petrosian.pgn,Petrosian,black,"Botvinnik, Mikhail",World Championship 25th,Moscow,1963.??.??,1963,12,"Botvinnik, Mikhail","Petrosian, Tigran V",,,1/2-1/2,draw,draw,D31,,105,52.5,25,8,2,0,True,True,13,4,True,0,12,4,defensive
Petrosian.pgn,Petrosian,white,"Botvinnik, Mikhail",World Championship 25th,Moscow,1963.??.??,1963,13,"Petrosian, Tigran V","Botvinnik, Mikhail",,,1/2-1/2,draw,draw,E18,,107,53.5,22,6,2,0,True,True,11,2,True,0,11,4,defensive
Petrosian.pgn,Petrosian,black,"Botvinnik, Mikhail",World Championship 25th,Moscow,1963.??.??,1963,14,"Botvinnik, Mikhail","Petrosian, Tigran V",,,1-0,white_win,loss,D31,,113,56.5,24,5,1,0,False,True,12,3,True,0,12,2,defensive
Petrosian.pgn,Petrosian,white,"Botvinnik, Mikhail",World Championship 25th,Moscow,1963.??.??,1963,15,"Petrosian, Tigran V","Botvinnik, Mikhail",,,1-0,white_win,win,D97,,115,57.5,19,6,2,0,True,True,10,4,True,0,9,2,defensive
Petrosian.pgn,Petrosian,black,"Botvinnik, Mikhail",World Championship 25th,Moscow,1963.??.??,1963,16,"Botvinnik, Mikhail","Petrosian, Tigran V",,,1/2-1/2,draw,draw,D27,,107,53.5,19,2,2,0,True,True,10,1,True,0,9,1,defensive
Petrosian.pgn,Petrosian,white,"Botvinnik, Mikhail",World Championship 25th,Moscow,1963.??.??,1963,17,"Petrosian, Tigran V","Botvinnik, Mikhail",,,1/2-1/2,draw,draw,E14,,78,39.0,19,2,2,0,True,True,10,0,True,0,9,2,defensive
Petrosian.pgn,Petrosian,black,"Botvinnik, Mikhail",World Championship 25th,Moscow,1963.??.??,1963,18,"Botvinnik, Mikhail","Petrosian, Tigran V",,,0-1,black_win,win,D31,,122,61.0,15,7,0,0,False,False,8,6,False,0,7,1,defensive
Petrosian.pgn,Petrosian,white,"Botvinnik, Mikhail",World Championship 25th,Moscow,1963.??.??,1963,19,"Petrosian, Tigran V","Botvinnik, Mikhail",,,1-0,white_win,win,E19,,131,65.5,23,5,2,0,True,True,12,4,True,0,11,1,defensive
Petrosian.pgn,Petrosian,black,"Botvinnik, Mikhail",World Championship 25th,Moscow,1963.??.??,1963,20,"Botvinnik, Mikhail","Petrosian, Tigran V",,,1/2-1/2,draw,draw,D27,,42,21.0,6,0,2,0,True,True,3,0,True,0,3,0,defensive
Petrosian.pgn,Petrosian,black,"Botvinnik, Mikhail",World Championship 25th,Moscow,1963.??.??,1963,22,"Botvinnik, Mikhail","Petrosian, Tigran V",,,1/2-1/2,draw,draw,D23,,20,10.0,1,1,0,0,False,False,1,0,False,0,0,1,defensive
Petrosian.pgn,Petrosian,black,"Schweber, Samuel",Buenos Aires,Buenos Aires,1964.??.??,1964,1,"Schweber, Samuel","Petrosian, Tigran V",,,1/2-1/2,draw,draw,A04,,141,70.5,19,2,2,0,True,True,10,1,True,0,9,1,defensive
Petrosian.pgn,Petrosian,white,"Olivera, Alfredo",Buenos Aires,Buenos Aires,1964.??.??,1964,2,"Petrosian, Tigran V","Olivera, Alfredo",,,1-0,white_win,win,D37,,133,66.5,22,6,1,0,False,True,11,3,False,0,11,3,defensive
Petrosian.pgn,Petrosian,black,"Eliskases, Erich Gottlieb",Buenos Aires,Buenos Aires,1964.??.??,1964,3,"Eliskases, Erich Gottlieb","Petrosian, Tigran V",,,0-1,black_win,win,A07,,148,74.0,29,6,2,1,True,True,15,3,True,1,14,3,defensive
Petrosian.pgn,Petrosian,black,"Bolbochan, Julio",Buenos Aires,Buenos Aires,1964.??.??,1964,4,"Bolbochan, Julio","Petrosian, Tigran V",,,1/2-1/2,draw,draw,E57,,33,16.5,10,0,2,0,True,True,5,0,True,0,5,0,defensive
Petrosian.pgn,Petrosian,white,"Rubinetti, Jorge A",Buenos Aires,Buenos Aires,1964.??.??,1964,5,"Petrosian, Tigran V","Rubinetti, Jorge A",,,1-0,white_win,win,E51,,69,34.5,9,0,2,0,True,True,5,0,True,0,4,0,defensive
Petrosian.pgn,Petrosian,black,"Bielicki, Carlos",Buenos Aires,Buenos Aires,1964.??.??,1964,6,"Bielicki, Carlos","Petrosian, Tigran V",,,1/2-1/2,draw,draw,A24,,92,46.0,8,2,2,0,True,True,4,1,True,0,4,1,defensive
Petrosian.pgn,Petrosian,white,"Pilnik, Herman",Buenos Aires,Buenos Aires,1964.??.??,1964,7,"Petrosian, Tigran V","Pilnik, Herman",,,1-0,white_win,win,E90,,101,50.5,15,1,1,0,True,False,8,1,True,0,7,0,defensive
Petrosian.pgn,Petrosian,black,"Garcia, Raimundo",Buenos Aires,Buenos Aires,1964.??.??,1964,8,"Garcia, Raimundo","Petrosian, Tigran V",,,1/2-1/2,draw,draw,B84,,45,22.5,6,0,2,0,True,True,3,0,True,0,3,0,defensive
Petrosian.pgn,Petrosian,white,"Letelier, Rene",Buenos Aires,Buenos Aires,1964.??.??,1964,9,"Petrosian, Tigran V","Letelier, Rene",,,1-0,white_win,win,D36,,67,33.5,14,0,2,0,True,True,7,0,True,0,7,0,defensive
Petrosian.pgn,Petrosian,black,"Najdorf, Miguel",Buenos Aires,Buenos Aires,1964.??.??,1964,10,"Najdorf, Miguel","Petrosian, Tigran V",,,1/2-1/2,draw,draw,D19,,27,13.5,8,0,2,0,True,True,4,0,True,0,4,0,defensive
Petrosian.pgn,Petrosian,white,"Rossetto, Hector",Buenos Aires,Buenos Aires,1964.??.??,1964,11,"Petrosian, Tigran V","Rossetto, Hector",,,1/2-1/2,draw,draw,A54,,64,32.0,10,6,2,0,True,True,5,0,True,0,5,6,defensive
Petrosian.pgn,Petrosian,black,"Foguelman, Alberto",Buenos Aires,Buenos Aires,1964.??.??,1964,12,"Foguelman, Alberto","Petrosian, Tigran V",,,0-1,black_win,win,B54,,100,50.0,14,2,2,0,True,True,8,2,True,0,6,0,defensive
Petrosian.pgn,Petrosian,white,"Byrne, Robert E",Buenos Aires,Buenos Aires,1964.??.??,1964,13,"Petrosian, Tigran V","Byrne, Robert E",,,1-0,white_win,win,E80,,99,49.5,20,2,2,0,True,True,10,2,True,0,10,0,defensive
Petrosian.pgn,Petrosian,black,"Wexler, Bernardo",Buenos Aires,Buenos Aires,1964.??.??,1964,14,"Wexler, Bernardo","Petrosian, Tigran V",,,0-1,black_win,win,A41,,138,69.0,25,8,2,0,True,True,13,3,True,0,12,5,defensive
Petrosian.pgn,Petrosian,white,"Filip, Miroslav",Buenos Aires,Buenos Aires,1964.??.??,1964,15,"Petrosian, Tigran V","Filip, Miroslav",,,1/2-1/2,draw,draw,D37,,64,32.0,16,0,2,0,True,True,8,0,True,0,8,0,defensive
Petrosian.pgn,Petrosian,black,"Guimard, Carlos E",Buenos Aires,Buenos Aires,1964.??.??,1964,16,"Guimard, Carlos E","Petrosian, Tigran V",,,1/2-1/2,draw,draw,D04,,40,20.0,10,6,0,0,False,False,5,2,False,0,5,4,defensive
Petrosian.pgn,Petrosian,white,"Keres, Paul",Buenos Aires,Buenos Aires,1964.??.??,1964,17,"Petrosian, Tigran V","Keres, Paul",,,1/2-1/2,draw,draw,A09,,38,19.0,14,1,2,0,True,True,7,1,True,0,7,0,defensive
Petrosian.pgn,Petrosian,white,Goltsman,URS-chT,Leningrad,1964.??.??,1964,?,"Petrosian, Tigran V",Goltsman,,,0-1,black_win,loss,B07,,90,45.0,25,10,1,0,False,True,12,4,False,0,13,6,defensive
Petrosian.pgn,Petrosian,white,"Taimanov, Mark E",URS Spartakiad,Moscow,1964.??.??,1964,?,"Petrosian, Tigran V","Taimanov, Mark E",,,1-0,white_win,win,E32,,95,47.5,13,2,2,0,True,True,7,1,True,0,6,1,defensive
Petrosian.pgn,Petrosian,white,"Liberzon, Vladimir M",URS Spartakiad,Moscow,1964.??.??,1964,?,"Petrosian, Tigran V","Liberzon, Vladimir M",,,1-0,white_win,win,E46,,92,46.0,18,2,2,0,True,True,9,1,True,0,9,1,defensive
Petrosian.pgn,Petrosian,white,"Chistiakov, Alexander Nikolaevi",URS Spartakiad,Moscow,1964.??.??,1964,?,"Petrosian, Tigran V","Chistiakov, Alexander Nikolaevi",,,1-0,white_win,win,C90,,84,42.0,17,2,2,0,True,True,9,1,True,0,8,1,defensive
Petrosian.pgn,Petrosian,white,"Borisenko, Georgy K",URS Spartakiad,Moscow,1964.??.??,1964,?,"Petrosian, Tigran V","Borisenko, Georgy K",,,1-0,white_win,win,A34,,69,34.5,14,0,2,0,True,True,6,0,True,0,8,0,defensive
Petrosian.pgn,Petrosian,black,"Livshin, Iosif M",URS Spartakiad,Moscow,1964.??.??,1964,?,"Livshin, Iosif M","Petrosian, Tigran V",,,0-1,black_win,win,A07,,80,40.0,18,7,0,0,False,False,9,4,False,0,9,3,defensive
Petrosian.pgn,Petrosian,white,"Tal, Mihail",URS Spartakiad,Moscow,1964.??.??,1964,?,"Petrosian, Tigran V","Tal, Mihail",,,1/2-1/2,draw,draw,A06,,96,48.0,20,7,2,0,True,True,10,0,True,0,10,7,defensive
Petrosian.pgn,Petrosian,black,"Liberzon, Vladimir M",URS Spartakiad,Moscow,1964.??.??,1964,?,"Liberzon, Vladimir M","Petrosian, Tigran V",,,1-0,white_win,loss,C18,,29,14.5,4,1,1,0,True,False,2,1,False,0,2,0,defensive
Petrosian.pgn,Petrosian,black,"Vaisman, Alexander N",Trade Union-ch,Moscow,1964.??.??,1964,?,"Vaisman, Alexander N","Petrosian, Tigran V",,,0-1,black_win,win,E60,,61,30.5,12,4,2,0,True,True,7,1,True,0,5,3,defensive
Petrosian.pgn,Petrosian,black,"Soloviev, Vladimir A",Trade Union-ch,Moscow,1964.??.??,1964,?,"Soloviev, Vladimir A","Petrosian, Tigran V",,,1/2-1/2,draw,draw,B83,,53,26.5,6,0,2,0,True,True,3,0,True,0,3,0,defensive
Petrosian.pgn,Petrosian,black,"Platonov, Igor V",Trade Union-ch,Moscow,1964.??.??,1964,?,"Platonov, Igor V","Petrosian, Tigran V",,,0-1,black_win,win,B08,,52,26.0,8,0,2,0,True,True,4,0,True,0,4,0,defensive
Petrosian.pgn,Petrosian,white,"Simagin, Vladimir",Trade Union-ch,Moscow,1964.??.??,1964,?,"Petrosian, Tigran V","Simagin, Vladimir",,,1/2-1/2,draw,draw,A46,,39,19.5,4,0,2,0,True,True,2,0,True,0,2,0,defensive
Petrosian.pgn,Petrosian,white,"Polugaevsky, Lev",Trade Union-ch,Moscow,1964.??.??,1964,?,"Petrosian, Tigran V","Polugaevsky, Lev",,,1/2-1/2,draw,draw,A09,,31,15.5,8,1,2,0,True,True,4,1,True,0,4,0,defensive
Petrosian.pgn,Petrosian,white,"Ilivitzki, Georgi A",Trade Union-ch,Moscow,1964.??.??,1964,?,"Petrosian, Tigran V","Ilivitzki, Georgi A",,,1-0,white_win,win,D35,,47,23.5,11,0,2,0,True,True,6,0,True,0,5,0,defensive
Petrosian.pgn,Petrosian,white,"Gipslis, Aivars",Trade Union-ch,Moscow,1964.??.??,1964,?,"Petrosian, Tigran V","Gipslis, Aivars",,,1-0,white_win,win,A04,,67,33.5,15,4,2,0,True,True,7,0,True,0,8,4,defensive
Petrosian.pgn,Petrosian,white,"Chistiakov, Alexander Nikolaevi",Trade Union-ch,Moscow,1964.??.??,1964,?,"Petrosian, Tigran V","Chistiakov, Alexander Nikolaevi",,,1-0,white_win,win,D02,,75,37.5,21,1,2,0,True,True,11,0,True,0,10,1,defensive
Petrosian.pgn,Petrosian,black,"Mnatsakanian, Eduard A",Trade Union-ch,Moscow,1964.??.??,1964,?,"Mnatsakanian, Eduard A","Petrosian, Tigran V",,,0-1,black_win,win,B17,,62,31.0,17,3,2,0,True,True,9,0,True,0,8,3,defensive
Petrosian.pgn,Petrosian,black,"Klovans, Janis",Trade Union-ch,Moscow,1964.??.??,1964,?,"Klovans, Janis","Petrosian, Tigran V",,,1/2-1/2,draw,draw,B17,,57,28.5,10,1,2,0,True,True,5,1,True,0,5,0,defensive
Petrosian.pgn,Petrosian,white,"Domnitz, Zadok",Tel Aviv olm fin-A,Tel Aviv,1964.??.??,1964,1,"Petrosian, Tigran V","Domnitz, Zadok",,,1/2-1/2,draw,draw,E83,,136,68.0,25,10,2,0,True,True,13,4,True,0,12,6,defensive
Petrosian.pgn,Petrosian,black,"Kupper, Josef",Tel Aviv olm prel,Tel Aviv,1964.??.??,1964,1,"Kupper, Josef","Petrosian, Tigran V",,,0-1,black_win,win,C05,,98,49.0,12,6,2,0,True,True,7,1,True,0,5,5,defensive
Petrosian.pgn,Petrosian,white,"Bouwmeester, Hans",Tel Aviv olm fin-A,Tel Aviv,1964.??.??,1964,3,"Petrosian, Tigran V","Bouwmeester, Hans",,,1-0,white_win,win,D32,,79,39.5,16,3,2,0,True,True,8,2,True,0,8,1,defensive
Petrosian.pgn,Petrosian,white,"Dreyer, Kurt",Tel Aviv olm prel,Tel Aviv,1964.??.??,1964,3,"Petrosian, Tigran V","Dreyer, Kurt",,,1-0,white_win,win,B03,,65,32.5,12,0,2,0,True,True,6,0,True,0,6,0,defensive
Petrosian.pgn,Petrosian,black,"Portisch, Lajos",Tel Aviv olm fin-A,Tel Aviv,1964.??.??,1964,4,"Portisch, Lajos","Petrosian, Tigran V",,,1/2-1/2,draw,draw,D42,,86,43.0,19,6,2,0,True,True,10,5,True,0,9,1,defensive
Petrosian.pgn,Petrosian,black,"Naranja, Renato",Tel Aviv olm prel,Tel Aviv,1964.??.??,1964,4,"Naranja, Renato","Petrosian, Tigran V",,,0-1,black_win,win,A26,,80,40.0,17,2,2,0,True,True,9,2,True,0,8,0,defensive
Petrosian.pgn,Petrosian,black,"Padevsky, Nikola",Tel Aviv olm fin-A,Tel Aviv,1964.??.??,1964,6,"Padevsky, Nikola","Petrosian, Tigran V",,,1/2-1/2,draw,draw,B06,,106,53.0,23,3,2,0,True,True,12,0,True,0,11,3,defensive
Petrosian.pgn,Petrosian,white,"Tapaszto, Laszlo",Tel Aviv olm prel,Tel Aviv,1964.??.??,1964,7,"Petrosian, Tigran V","Tapaszto, Laszlo",,,1-0,white_win,win,E57,,121,60.5,20,7,2,0,True,True,11,7,True,0,9,0,defensive
Petrosian.pgn,Petrosian,black,"Pomar Salamanca, Arturo",Tel Aviv olm fin-A,Tel Aviv,1964.??.??,1964,8,"Pomar Salamanca, Arturo","Petrosian, Tigran V",,,1/2-1/2,draw,draw,A31,,121,60.5,24,12,2,0,True,True,12,9,True,0,12,3,defensive
Petrosian.pgn,Petrosian,white,"Reshevsky, Samuel Herman",Tel Aviv olm fin-A,Tel Aviv,1964.??.??,1964,9,"Petrosian, Tigran V","Reshevsky, Samuel Herman",,,1-0,white_win,win,E88,,147,73.5,21,11,2,0,True,True,12,10,True,0,9,1,defensive
Petrosian.pgn,Petrosian,white,"Bednarski, Jacek B",Tel Aviv olm fin-A,Tel Aviv,1964.??.??,1964,10,"Petrosian, Tigran V","Bednarski, Jacek B",,,1/2-1/2,draw,draw,E91,,82,41.0,20,4,2,0,True,True,10,4,True,0,10,0,defensive
Petrosian.pgn,Petrosian,white,"Ghitescu, Theodor",Tel Aviv olm fin-A,Tel Aviv,1964.??.??,1964,12,"Petrosian, Tigran V","Ghitescu, Theodor",,,1/2-1/2,draw,draw,E40,,58,29.0,13,1,2,0,True,True,7,0,True,0,6,1,defensive
Petrosian.pgn,Petrosian,black,"Pachman, Ludek",Tel Aviv olm fin-A,Tel Aviv,1964.??.??,1964,13,"Pachman, Ludek","Petrosian, Tigran V",,,1/2-1/2,draw,draw,D13,,48,24.0,10,0,2,0,True,True,5,0,True,0,5,0,defensive
Petrosian.pgn,Petrosian,white,"Unzicker, Wolfgang",EU-chT,Hamburg,1965.??.??,1965,1,"Petrosian, Tigran V","Unzicker, Wolfgang",,,1/2-1/2,draw,draw,B20,,63,31.5,14,1,2,0,True,True,7,1,True,0,7,0,defensive
Petrosian.pgn,Petrosian,white,"Gheorghiu, Florin",EU-chT,Hamburg,1965.??.??,1965,2,"Petrosian, Tigran V","Gheorghiu, Florin",,,1/2-1/2,draw,draw,A48,,45,22.5,10,1,1,0,False,True,5,0,False,0,5,1,defensive
Petrosian.pgn,Petrosian,black,"Ivkov, Borislav",EU-chT,Hamburg,1965.??.??,1965,3,"Ivkov, Borislav","Petrosian, Tigran V",,,1/2-1/2,draw,draw,C07,,29,14.5,4,0,2,0,True,True,2,0,True,0,2,0,defensive
Petrosian.pgn,Petrosian,white,"Portisch, Lajos",EU-chT,Hamburg,1965.??.??,1965,4,"Petrosian, Tigran V","Portisch, Lajos",,,1/2-1/2,draw,draw,C94,,46,23.0,6,0,2,0,True,True,3,0,True,0,3,0,defensive
Petrosian.pgn,Petrosian,black,"Donner, Jan Hein",EU-chT,Hamburg,1965.??.??,1965,5,"Donner, Jan Hein","Petrosian, Tigran V",,,1/2-1/2,draw,draw,E53,,40,20.0,8,0,2,0,True,True,4,0,True,0,4,0,defensive
Petrosian.pgn,Petrosian,black,"Unzicker, Wolfgang",EU-chT,Hamburg,1965.??.??,1965,6,"Unzicker, Wolfgang","Petrosian, Tigran V",,,1/2-1/2,draw,draw,C19,,42,21.0,12,1,2,0,True,True,6,1,True,0,6,0,defensive
Petrosian.pgn,Petrosian,black,"Gheorghiu, Florin",EU-chT,Hamburg,1965.??.??,1965,7,"Gheorghiu, Florin","Petrosian, Tigran V",,,1/2-1/2,draw,draw,C96,,38,19.0,4,0,2,0,True,True,2,0,True,0,2,0,defensive
Petrosian.pgn,Petrosian,white,"Ivkov, Borislav",EU-chT,Hamburg,1965.??.??,1965,8,"Petrosian, Tigran V","Ivkov, Borislav",,,1-0,white_win,win,D22,,73,36.5,20,4,1,0,True,False,11,2,True,0,9,2,defensive
Petrosian.pgn,Petrosian,black,"Portisch, Lajos",EU-chT,Hamburg,1965.??.??,1965,9,"Portisch, Lajos","Petrosian, Tigran V",,,1/2-1/2,draw,draw,D94,,25,12.5,4,0,2,0,True,True,2,0,True,0,2,0,defensive
Petrosian.pgn,Petrosian,white,"Donner, Jan Hein",EU-chT,Hamburg,1965.??.??,1965,10,"Petrosian, Tigran V","Donner, Jan Hein",,,1-0,white_win,win,D43,,67,33.5,18,0,2,0,True,True,9,0,True,0,9,0,defensive
Petrosian.pgn,Petrosian,white,"Kortschnoj, Viktor",Moscow-Leningrad,Moscow,1965.??.??,1965,?,"Petrosian, Tigran V","Kortschnoj, Viktor",,,0-1,black_win,loss,C83,,98,49.0,21,4,2,0,True,True,10,2,True,0,11,2,defensive
Petrosian.pgn,Petrosian,black,"Kortschnoj, Viktor",Moscow-Leningrad,Moscow,1965.??.??,1965,?,"Kortschnoj, Viktor","Petrosian, Tigran V",,,1-0,white_win,loss,E50,,111,55.5,14,2,2,0,True,True,8,1,True,0,6,1,defensive
Petrosian.pgn,Petrosian,black,"Shashin, Boris S",Yerevan,Yerevan,1965.??.??,1965,1,"Shashin, Boris S","Petrosian, Tigran V",,,1/2-1/2,draw,draw,E95,,97,48.5,14,0,2,0,True,True,7,0,True,0,7,0,defensive
Petrosian.pgn,Petrosian,white,"Nei, Iivo",Yerevan,Yerevan,1965.??.??,1965,2,"Petrosian, Tigran V","Nei, Iivo",,,1-0,white_win,win,D45,,117,58.5,23,5,2,0,True,True,11,3,True,0,12,2,defensive
Petrosian.pgn,Petrosian,black,"Filip, Miroslav",Yerevan,Yerevan,1965.??.??,1965,3,"Filip, Miroslav","Petrosian, Tigran V",,,0-1,black_win,win,A40,,80,40.0,12,5,2,0,True,True,7,5,True,0,5,0,defensive
Petrosian.pgn,Petrosian,white,"Stahlberg, Gideon",Yerevan,Yerevan,1965.??.??,1965,4,"Petrosian, Tigran V","Stahlberg, Gideon",,,1/2-1/2,draw,draw,C02,,128,64.0,20,1,2,0,True,True,10,0,True,0,10,1,defensive
Petrosian.pgn,Petrosian,black,"Liberzon, Vladimir M",Yerevan,Yerevan,1965.??.??,1965,5,"Liberzon, Vladimir M","Petrosian, Tigran V",,,1/2-1/2,draw,draw,B14,,32,16.0,8,0,2,0,True,True,4,0,True,0,4,0,defensive
Petrosian.pgn,Petrosian,white,"Fuchs, Reinhart",Yerevan,Yerevan,1965.??.??,1965,6,"Petrosian, Tigran V","Fuchs, Reinhart",,,1/2-1/2,draw,draw,D43,,44,22.0,6,0,2,0,True,True,3,0,True,0,3,0,defensive
Petrosian.pgn,Petrosian,black,"Kortschnoj, Viktor",Yerevan,Yerevan,1965.??.??,1965,7,"Kortschnoj, Viktor","Petrosian, Tigran V",,,1/2-1/2,draw,draw,E32,,84,42.0,17,4,2,0,True,True,9,4,True,0,8,0,defensive
Petrosian.pgn,Petrosian,white,"Portisch, Lajos",Yerevan,Yerevan,1965.??.??,1965,8,"Petrosian, Tigran V","Portisch, Lajos",,,1/2-1/2,draw,draw,A47,,38,19.0,8,2,2,0,True,True,4,2,True,0,4,0,defensive
Petrosian.pgn,Petrosian,black,"Matanovic, Aleksandar",Yerevan,Yerevan,1965.??.??,1965,9,"Matanovic, Aleksandar","Petrosian, Tigran V",,,1/2-1/2,draw,draw,C07,,82,41.0,21,4,1,0,True,False,11,2,False,0,10,2,defensive
Petrosian.pgn,Petrosian,white,"Schmid, Lothar",Yerevan,Yerevan,1965.??.??,1965,10,"Petrosian, Tigran V","Schmid, Lothar",,,1-0,white_win,win,E70,,85,42.5,11,0,2,0,True,True,6,0,True,0,5,0,defensive
Petrosian.pgn,Petrosian,black,"Stein, Leonid",Yerevan,Yerevan,1965.??.??,1965,11,"Stein, Leonid","Petrosian, Tigran V",,,1/2-1/2,draw,draw,C11,,29,14.5,8,1,2,0,True,True,4,0,True,0,4,1,defensive
Petrosian.pgn,Petrosian,black,"Averbakh, Yuri L",Yerevan,Yerevan,1965.??.??,1965,12,"Averbakh, Yuri L","Petrosian, Tigran V",,,1/2-1/2,draw,draw,E33,,41,20.5,4,0,2,0,True,True,2,0,True,0,2,0,defensive
Petrosian.pgn,Petrosian,white,"Mnatsakanian, Eduard A",Yerevan,Yerevan,1965.??.??,1965,13,"Petrosian, Tigran V","Mnatsakanian, Eduard A",,,1-0,white_win,win,A12,,71,35.5,14,2,2,0,True,True,7,1,True,0,7,1,defensive
Petrosian.pgn,Petrosian,black,"Bronstein, David I",Zagreb,Zagreb,1965.??.??,1965,1,"Bronstein, David I","Petrosian, Tigran V",,,1/2-1/2,draw,draw,A07,,50,25.0,6,1,2,0,True,True,3,1,True,0,3,0,defensive
Petrosian.pgn,Petrosian,white,"Gipslis, Aivars",Zagreb,Zagreb,1965.??.??,1965,2,"Petrosian, Tigran V","Gipslis, Aivars",,,1-0,white_win,win,B38,,83,41.5,12,3,2,0,True,True,6,2,True,0,6,1,defensive
Petrosian.pgn,Petrosian,black,"Matanovic, Aleksandar",Zagreb,Zagreb,1965.??.??,1965,3,"Matanovic, Aleksandar","Petrosian, Tigran V",,,1/2-1/2,draw,draw,C08,,35,17.5,8,2,2,0,True,True,4,0,True,0,4,2,defensive
Petrosian.pgn,Petrosian,black,"Parma, Bruno",Zagreb,Zagreb,1965.??.??,1965,4,"Parma, Bruno","Petrosian, Tigran V",,,1/2-1/2,draw,draw,B15,,23,11.5,7,3,0,0,False,False,3,0,False,0,4,3,defensive
Petrosian.pgn,Petrosian,white,"Bertok, Mario",Zagreb,Zagreb,1965.??.??,1965,5,"Petrosian, Tigran V","Bertok, Mario",,,1-0,white_win,win,A26,,121,60.5,13,0,2,0,True,True,6,0,True,0,7,0,defensive
Petrosian.pgn,Petrosian,black,"Bisguier, Arthur Bernard",Zagreb,Zagreb,1965.??.??,1965,6,"Bisguier, Arthur Bernard","Petrosian, Tigran V",,,1/2-1/2,draw,draw,A46,,41,20.5,8,0,2,0,True,True,4,0,True,0,4,0,defensive
Petrosian.pgn,Petrosian,white,"Larsen, Bent",Zagreb,Zagreb,1965.??.??,1965,7,"Petrosian, Tigran V","Larsen, Bent",,,1-0,white_win,win,A05,,79,39.5,14,2,2,0,True,True,8,2,True,0,6,0,defensive
Petrosian.pgn,Petrosian,black,"Udovcic, Mijo",Zagreb,Zagreb,1965.??.??,1965,8,"Udovcic, Mijo","Petrosian, Tigran V",,,0-1,black_win,win,A25,,80,40.0,15,1,2,0,True,True,8,0,True,0,7,1,defensive
Petrosian.pgn,Petrosian,white,"Filip, Miroslav",Zagreb,Zagreb,1965.??.??,1965,9,"Petrosian, Tigran V","Filip, Miroslav",,,1/2-1/2,draw,draw,E64,,52,26.0,12,1,2,0,True,True,6,0,True,0,6,1,defensive
Petrosian.pgn,Petrosian,black,"Antoshin, Vladimir S",Zagreb,Zagreb,1965.??.??,1965,10,"Antoshin, Vladimir S","Petrosian, Tigran V",,,1/2-1/2,draw,draw,E52,,34,17.0,10,0,2,0,True,True,5,0,True,0,5,0,defensive
Petrosian.pgn,Petrosian,white,"Ivkov, Borislav",Zagreb,Zagreb,1965.??.??,1965,11,"Petrosian, Tigran V","Ivkov, Borislav",,,1/2-1/2,draw,draw,E55,,32,16.0,8,0,2,0,True,True,4,0,True,0,4,0,defensive
Petrosian.pgn,Petrosian,black,"Damjanovic, Mato",Zagreb,Zagreb,1965.??.??,1965,12,"Damjanovic, Mato","Petrosian, Tigran V",,,1/2-1/2,draw,draw,A17,,118,59.0,25,6,2,0,True,True,12,6,True,0,13,0,defensive
Petrosian.pgn,Petrosian,white,"Portisch, Lajos",Zagreb,Zagreb,1965.??.??,1965,13,"Petrosian, Tigran V","Portisch, Lajos",,,0-1,black_win,loss,D27,,76,38.0,12,2,2,0,True,True,6,0,True,0,6,2,defensive
Petrosian.pgn,Petrosian,black,"Padevsky, Nikola",Zagreb,Zagreb,1965.??.??,1965,14,"Padevsky, Nikola","Petrosian, Tigran V",,,0-1,black_win,win,B81,,72,36.0,15,3,2,0,True,True,8,3,True,0,7,0,defensive
Petrosian.pgn,Petrosian,white,"Marovic, Drazen",Zagreb,Zagreb,1965.??.??,1965,15,"Petrosian, Tigran V","Marovic, Drazen",,,1/2-1/2,draw,draw,D31,,26,13.0,2,0,0,0,False,False,1,0,False,0,1,0,defensive
Petrosian.pgn,Petrosian,black,"Uhlmann, Wolfgang",Zagreb,Zagreb,1965.??.??,1965,16,"Uhlmann, Wolfgang","Petrosian, Tigran V",,,1/2-1/2,draw,draw,D26,,47,23.5,14,1,1,0,False,True,7,1,True,0,7,0,defensive
Petrosian.pgn,Petrosian,white,"Golombek, Harry",Zagreb,Zagreb,1965.??.??,1965,17,"Petrosian, Tigran V","Golombek, Harry",,,1-0,white_win,win,A30,,75,37.5,13,1,2,0,True,True,7,1,True,0,6,0,defensive
Petrosian.pgn,Petrosian,black,"Minic, Dragoljub",Zagreb,Zagreb,1965.??.??,1965,18,"Minic, Dragoljub","Petrosian, Tigran V",,,1/2-1/2,draw,draw,B07,,54,27.0,6,1,2,0,True,True,3,1,True,0,3,0,defensive
Petrosian.pgn,Petrosian,white,"Gligoric, Svetozar",Zagreb,Zagreb,1965.??.??,1965,19,"Petrosian, Tigran V","Gligoric, Svetozar",,,1-0,white_win,win,D94,,89,44.5,15,2,2,0,True,True,8,2,True,0,7,0,defensive
Petrosian.pgn,Petrosian,white,"Johansson, Martin",La Habana olm prel,La Habana,1966.??.??,1966,1,"Petrosian, Tigran V","Johansson, Martin",,,1-0,white_win,win,B85,,49,24.5,10,0,1,0,True,False,6,0,True,0,4,0,defensive
Petrosian.pgn,Petrosian,black,"Casa, Alex",La Habana olm prel,La Habana,1966.??.??,1966,2,"Casa, Alex","Petrosian, Tigran V",,,0-1,black_win,win,B94,,80,40.0,20,3,2,0,True,True,11,2,True,0,9,1,defensive
Petrosian.pgn,Petrosian,white,"Jimenez Zerquera, Eleazar",La Habana olm fin-A,La Habana,1966.??.??,1966,3,"Petrosian, Tigran V","Jimenez Zerquera, Eleazar",,,1-0,white_win,win,A35,,85,42.5,21,3,2,0,True,True,11,2,True,0,10,1,defensive
Petrosian.pgn,Petrosian,black,"Naranja, Renato",La Habana olm prel,La Habana,1966.??.??,1966,4,"Naranja, Renato","Petrosian, Tigran V",,,0-1,black_win,win,E62,,85,42.5,11,0,2,0,True,True,6,0,True,0,5,0,defensive
Petrosian.pgn,Petrosian,black,"Larsen, Bent",La Habana olm fin-A,La Habana,1966.??.??,1966,4,"Larsen, Bent","Petrosian, Tigran V",,,0-1,black_win,win,C01,,96,48.0,18,5,2,0,True,True,9,0,True,0,9,5,defensive
Petrosian.pgn,Petrosian,white,"Alvarez del Monte, Jose Luis",La Habana olm prel,La Habana,1966.??.??,1966,5,"Petrosian, Tigran V","Alvarez del Monte, Jose Luis",,,1/2-1/2,draw,draw,C99,,48,24.0,6,0,2,0,True,True,3,0,True,0,3,0,defensive
Petrosian.pgn,Petrosian,white,"Pomar Salamanca, Arturo",La Habana olm fin-A,La Habana,1966.??.??,1966,6,"Petrosian, Tigran V","Pomar Salamanca, Arturo",,,1-0,white_win,win,E04,,145,72.5,26,10,2,0,True,True,14,7,True,0,12,3,defensive
Petrosian.pgn,Petrosian,white,"Bhend, Edwin",La Habana olm prel,La Habana,1966.??.??,1966,6,"Petrosian, Tigran V","Bhend, Edwin",,,1-0,white_win,win,B10,,67,33.5,8,0,2,0,True,True,4,0,True,0,4,0,defensive
Petrosian.pgn,Petrosian,white,"Uhlmann, Wolfgang",La Habana olm fin-A,La Habana,1966.??.??,1966,8,"Petrosian, Tigran V","Uhlmann, Wolfgang",,,1/2-1/2,draw,draw,D79,,91,45.5,22,6,2,0,True,True,11,1,True,0,11,5,defensive
Petrosian.pgn,Petrosian,white,"Hoen, Ragnar",La Habana olm fin-A,La Habana,1966.??.??,1966,10,"Petrosian, Tigran V","Hoen, Ragnar",,,1-0,white_win,win,A94,,69,34.5,18,4,2,0,True,True,10,3,True,0,8,1,defensive
Petrosian.pgn,Petrosian,black,"Ivkov, Borislav",La Habana olm fin-A,La Habana,1966.??.??,1966,11,"Ivkov, Borislav","Petrosian, Tigran V",,,1/2-1/2,draw,draw,C07,,39,19.5,8,1,2,0,True,True,4,1,True,0,4,0,defensive
Petrosian.pgn,Petrosian,white,"Najdorf, Miguel",La Habana olm fin-A,La Habana,1966.??.??,1966,12,"Petrosian, Tigran V","Najdorf, Miguel",,,1-0,white_win,win,D71,,71,35.5,15,1,2,0,True,True,7,1,True,0,8,0,defensive
Petrosian.pgn,Petrosian,black,"Minev, Nikolay N",La Habana olm fin-A,La Habana,1966.??.??,1966,13,"Minev, Nikolay N","Petrosian, Tigran V",,,0-1,black_win,win,B56,,116,58.0,20,7,2,0,True,True,11,4,True,0,9,3,defensive
Petrosian.pgn,Petrosian,black,"Spassky, Boris V",World Championship 26th,Moscow,1966.??.??,1966,1,"Spassky, Boris V","Petrosian, Tigran V",,,1/2-1/2,draw,draw,B19,,73,36.5,18,9,2,0,True,True,9,2,True,0,9,7,defensive
Petrosian.pgn,Petrosian,white,"Boleslavsky, Isaak",Moscow Training,Moscow,1966.??.??,1966,1,"Petrosian, Tigran V","Boleslavsky, Isaak",,,1-0,white_win,win,D80,,71,35.5,16,1,2,0,True,True,8,1,True,0,8,0,defensive
Petrosian.pgn,Petrosian,white,"Spassky, Boris V",World Championship 26th,Moscow,1966.??.??,1966,2,"Petrosian, Tigran V","Spassky, Boris V",,,1/2-1/2,draw,draw,D59,,100,50.0,17,1,2,0,True,True,9,0,True,0,8,1,defensive
Petrosian.pgn,Petrosian,black,"Kortschnoj, Viktor",Moscow Training,Moscow,1966.??.??,1966,2,"Kortschnoj, Viktor","Petrosian, Tigran V",,,0-1,black_win,win,C86,,81,40.5,15,2,2,0,True,True,8,1,True,0,7,1,defensive
Petrosian.pgn,Petrosian,black,"Spassky, Boris V",World Championship 26th,Moscow,1966.??.??,1966,3,"Spassky, Boris V","Petrosian, Tigran V",,,1/2-1/2,draw,draw,D26,,86,43.0,20,1,2,0,True,True,10,1,True,0,10,0,defensive
Petrosian.pgn,Petrosian,white,"Shamkovich, Leonid",Moscow Training,Moscow,1966.??.??,1966,3,"Petrosian, Tigran V","Shamkovich, Leonid",,,1-0,white_win,win,D92,,82,41.0,21,5,1,0,False,True,11,3,False,0,10,2,defensive
Petrosian.pgn,Petrosian,white,"Spassky, Boris V",World Championship 26th,Moscow,1966.??.??,1966,4,"Petrosian, Tigran V","Spassky, Boris V",,,1/2-1/2,draw,draw,E08,,87,43.5,21,0,2,0,True,True,10,0,True,0,11,0,defensive
Petrosian.pgn,Petrosian,white,"Averbakh, Yuri L",Moscow Training,Moscow,1966.??.??,1966,4,"Petrosian, Tigran V","Averbakh, Yuri L",,,1-0,white_win,win,D38,,77,38.5,12,4,2,0,True,True,6,1,True,0,6,3,defensive
Petrosian.pgn,Petrosian,black,"Spassky, Boris V",World Championship 26th,Moscow,1966.??.??,1966,5,"Spassky, Boris V","Petrosian, Tigran V",,,1/2-1/2,draw,draw,B14,,158,79.0,25,16,2,0,True,True,12,11,True,0,13,5,defensive
Petrosian.pgn,Petrosian,black,"Simagin, Vladimir",Moscow Training,Moscow,1966.??.??,1966,5,"Simagin, Vladimir","Petrosian, Tigran V",,,0-1,black_win,win,E92,,88,44.0,19,4,2,0,True,True,10,2,True,0,9,2,defensive
Petrosian.pgn,Petrosian,black,"Boleslavsky, Isaak",Moscow Training,Moscow,1966.??.??,1966,6,"Boleslavsky, Isaak","Petrosian, Tigran V",,,1-0,white_win,loss,B02,,93,46.5,16,4,2,0,True,True,8,0,True,0,8,4,defensive
Petrosian.pgn,Petrosian,white,"Spassky, Boris V",World Championship 26th,Moscow,1966.??.??,1966,6,"Petrosian, Tigran V","Spassky, Boris V",,,1/2-1/2,draw,draw,D41,,30,15.0,11,1,2,0,True,True,5,0,True,0,6,1,defensive
Petrosian.pgn,Petrosian,black,"Spassky, Boris V",World Championship 26th,Moscow,1966.??.??,1966,7,"Spassky, Boris V","Petrosian, Tigran V",,,0-1,black_win,win,D03,,86,43.0,15,2,2,0,True,True,8,1,True,0,7,1,defensive
Petrosian.pgn,Petrosian,white,"Kortschnoj, Viktor",Moscow Training,Moscow,1966.??.??,1966,7,"Petrosian, Tigran V","Kortschnoj, Viktor",,,1-0,white_win,win,E12,,66,33.0,14,1,2,0,True,True,7,0,True,0,7,1,defensive
Petrosian.pgn,Petrosian,black,"Shamkovich, Leonid",Moscow Training,Moscow,1966.??.??,1966,8,"Shamkovich, Leonid","Petrosian, Tigran V",,,0-1,black_win,win,B43,,86,43.0,22,12,2,0,True,True,11,11,True,0,11,1,defensive
Petrosian.pgn,Petrosian,white,"Spassky, Boris V",World Championship 26th,Moscow,1966.??.??,1966,8,"Petrosian, Tigran V","Spassky, Boris V",,,1/2-1/2,draw,draw,A33,,46,23.0,12,2,2,0,True,True,6,0,True,0,6,2,defensive
Petrosian.pgn,Petrosian,black,"Spassky, Boris V",World Championship 26th,Moscow,1966.??.??,1966,9,"Spassky, Boris V","Petrosian, Tigran V",,,1/2-1/2,draw,draw,D42,,51,25.5,12,2,2,0,True,True,6,1,True,0,6,1,defensive
Petrosian.pgn,Petrosian,black,"Averbakh, Yuri L",Moscow Training,Moscow,1966.??.??,1966,9,"Averbakh, Yuri L","Petrosian, Tigran V",,,1/2-1/2,draw,draw,D99,,98,49.0,22,5,2,0,True,True,11,2,True,0,11,3,defensive
Petrosian.pgn,Petrosian,white,"Spassky, Boris V",World Championship 26th,Moscow,1966.??.??,1966,10,"Petrosian, Tigran V","Spassky, Boris V",,,1-0,white_win,win,E66,,59,29.5,15,4,2,0,True,True,8,3,True,0,7,1,defensive
Petrosian.pgn,Petrosian,white,"Simagin, Vladimir",Moscow Training,Moscow,1966.??.??,1966,10,"Petrosian, Tigran V","Simagin, Vladimir",,,1-0,white_win,win,E55,,73,36.5,19,2,2,0,True,True,10,2,True,0,9,0,defensive
Petrosian.pgn,Petrosian,black,"Spassky, Boris V",World Championship 26th,Moscow,1966.??.??,1966,11,"Spassky, Boris V","Petrosian, Tigran V",,,1/2-1/2,draw,draw,C10,,51,25.5,15,4,2,0,True,True,8,3,True,0,7,1,defensive
Petrosian.pgn,Petrosian,white,"Spassky, Boris V",World Championship 26th,Moscow,1966.??.??,1966,12,"Petrosian, Tigran V","Spassky, Boris V",,,1/2-1/2,draw,draw,A42,,77,38.5,12,6,2,0,True,True,6,6,True,0,6,0,defensive
Petrosian.pgn,Petrosian,black,"Spassky, Boris V",World Championship 26th,Moscow,1966.??.??,1966,13,"Spassky, Boris V","Petrosian, Tigran V",,,1-0,white_win,loss,B19,,182,91.0,26,11,2,0,True,True,13,6,True,0,13,5,defensive
Petrosian.pgn,Petrosian,white,"Spassky, Boris V",World Championship 26th,Moscow,1966.??.??,1966,14,"Petrosian, Tigran V","Spassky, Boris V",,,1/2-1/2,draw,draw,A05,,113,56.5,27,2,2,0,True,True,13,0,True,0,14,2,defensive
Petrosian.pgn,Petrosian,black,"Spassky, Boris V",World Championship 26th,Moscow,1966.??.??,1966,15,"Spassky, Boris V","Petrosian, Tigran V",,,1/2-1/2,draw,draw,B25,,110,55.0,24,4,2,0,True,True,12,2,True,0,12,2,defensive
Petrosian.pgn,Petrosian,white,"Spassky, Boris V",World Championship 26th,Moscow,1966.??.??,1966,16,"Petrosian, Tigran V","Spassky, Boris V",,,1/2-1/2,draw,draw,B06,,97,48.5,8,0,2,0,True,True,4,0,True,0,4,0,defensive
Petrosian.pgn,Petrosian,black,"Spassky, Boris V",World Championship 26th,Moscow,1966.??.??,1966,17,"Spassky, Boris V","Petrosian, Tigran V",,,1/2-1/2,draw,draw,B25,,58,29.0,12,2,2,0,True,True,6,1,True,0,6,1,defensive
Petrosian.pgn,Petrosian,white,"Spassky, Boris V",World Championship 26th,Moscow,1966.??.??,1966,18,"Petrosian, Tigran V","Spassky, Boris V",,,1/2-1/2,draw,draw,E12,,65,32.5,18,0,2,0,True,True,9,0,True,0,9,0,defensive
Petrosian.pgn,Petrosian,black,"Spassky, Boris V",World Championship 26th,Moscow,1966.??.??,1966,19,"Spassky, Boris V","Petrosian, Tigran V",,,1-0,white_win,loss,C11,,135,67.5,22,5,2,0,True,True,10,5,True,0,12,0,defensive
Petrosian.pgn,Petrosian,white,"Spassky, Boris V",World Championship 26th,Moscow,1966.??.??,1966,20,"Petrosian, Tigran V","Spassky, Boris V",,,1-0,white_win,win,E59,,81,40.5,17,3,2,0,True,True,9,2,True,0,8,1,defensive
Petrosian.pgn,Petrosian,black,"Spassky, Boris V",World Championship 26th,Moscow,1966.??.??,1966,21,"Spassky, Boris V","Petrosian, Tigran V",,,1/2-1/2,draw,draw,C11,,78,39.0,20,3,2,0,True,True,10,2,True,0,10,1,defensive
Petrosian.pgn,Petrosian,white,"Spassky, Boris V",World Championship 26th,Moscow,1966.??.??,1966,22,"Petrosian, Tigran V","Spassky, Boris V",,,1-0,white_win,win,A40,,70,35.0,12,0,2,0,True,True,6,0,True,0,6,0,defensive
Petrosian.pgn,Petrosian,black,"Spassky, Boris V",World Championship 26th,Moscow,1966.??.??,1966,23,"Spassky, Boris V","Petrosian, Tigran V",,,1-0,white_win,loss,C11,,62,31.0,17,2,2,0,True,True,8,0,True,0,9,2,defensive
Petrosian.pgn,Petrosian,white,"Spassky, Boris V",World Championship 26th,Moscow,1966.??.??,1966,24,"Petrosian, Tigran V","Spassky, Boris V",,,1/2-1/2,draw,draw,E61,,153,76.5,20,2,2,0,True,True,9,1,True,0,11,1,defensive
Petrosian.pgn,Petrosian,white,"Spassky, Boris V",Santa Monica,Santa Monica,1966.??.??,1966,1,"Petrosian, Tigran V","Spassky, Boris V",,,1/2-1/2,draw,draw,D59,,57,28.5,18,1,2,0,True,True,9,0,True,0,9,1,defensive
Petrosian.pgn,Petrosian,white,"Reshevsky, Samuel Herman",Santa Monica,Santa Monica,1966.??.??,1966,2,"Petrosian, Tigran V","Reshevsky, Samuel Herman",,,1/2-1/2,draw,draw,E12,,82,41.0,8,2,2,0,True,True,4,2,True,0,4,0,defensive
Petrosian.pgn,Petrosian,black,"Portisch, Lajos",Santa Monica,Santa Monica,1966.??.??,1966,3,"Portisch, Lajos","Petrosian, Tigran V",,,1-0,white_win,loss,E66,,63,31.5,8,1,2,0,True,True,4,0,True,0,4,1,defensive
Petrosian.pgn,Petrosian,white,"Ivkov, Borislav",Santa Monica,Santa Monica,1966.??.??,1966,4,"Petrosian, Tigran V","Ivkov, Borislav",,,1/2-1/2,draw,draw,E74,,50,25.0,4,0,2,0,True,True,2,0,True,0,2,0,defensive
Petrosian.pgn,Petrosian,black,"Donner, Jan Hein",Santa Monica,Santa Monica,1966.??.??,1966,5,"Donner, Jan Hein","Petrosian, Tigran V",,,1/2-1/2,draw,draw,E92,,69,34.5,13,0,2,0,True,True,6,0,True,0,7,0,defensive
Petrosian.pgn,Petrosian,white,"Unzicker, Wolfgang",Santa Monica,Santa Monica,1966.??.??,1966,6,"Petrosian, Tigran V","Unzicker, Wolfgang",,,1/2-1/2,draw,draw,D32,,74,37.0,10,0,2,0,True,True,5,0,True,0,5,0,defensive
Petrosian.pgn,Petrosian,black,"Larsen, Bent",Santa Monica,Santa Monica,1966.??.??,1966,7,"Larsen, Bent","Petrosian, Tigran V",,,1-0,white_win,loss,B39,,59,29.5,13,1,2,0,True,True,6,0,True,0,7,1,defensive
Petrosian.pgn,Petrosian,white,"Najdorf, Miguel",Santa Monica,Santa Monica,1966.??.??,1966,8,"Petrosian, Tigran V","Najdorf, Miguel",,,1-0,white_win,win,A05,,171,85.5,23,12,2,0,True,True,12,5,True,0,11,7,defensive
Petrosian.pgn,Petrosian,black,"Fischer, Robert James",Santa Monica,Santa Monica,1966.??.??,1966,9,"Fischer, Robert James","Petrosian, Tigran V",,,1/2-1/2,draw,draw,B48,,79,39.5,17,8,2,0,True,True,8,5,True,0,9,3,defensive
Petrosian.pgn,Petrosian,black,"Spassky, Boris V",Santa Monica,Santa Monica,1966.??.??,1966,10,"Spassky, Boris V","Petrosian, Tigran V",,,1/2-1/2,draw,draw,D27,,43,21.5,14,3,1,0,True,False,7,2,False,0,7,1,defensive
Petrosian.pgn,Petrosian,black,"Reshevsky, Samuel Herman",Santa Monica,Santa Monica,1966.??.??,1966,11,"Reshevsky, Samuel Herman","Petrosian, Tigran V",,,1/2-1/2,draw,draw,E55,,44,22.0,12,0,2,0,True,True,6,0,True,0,6,0,defensive
Petrosian.pgn,Petrosian,white,"Portisch, Lajos",Santa Monica,Santa Monica,1966.??.??,1966,12,"Petrosian, Tigran V","Portisch, Lajos",,,1/2-1/2,draw,draw,D67,,142,71.0,24,8,2,0,True,True,12,5,True,0,12,3,defensive
Petrosian.pgn,Petrosian,white,"Donner, Jan Hein",Santa Monica,Santa Monica,1966.??.??,1966,13,"Petrosian, Tigran V","Donner, Jan Hein",,,1-0,white_win,win,A07,,109,54.5,15,5,2,0,True,True,8,5,True,0,7,0,defensive
Petrosian.pgn,Petrosian,black,"Ivkov, Borislav",Santa Monica,Santa Monica,1966.??.??,1966,13,"Ivkov, Borislav","Petrosian, Tigran V",,,1/2-1/2,draw,draw,E19,,59,29.5,16,1,2,0,True,True,8,1,True,0,8,0,defensive
Petrosian.pgn,Petrosian,black,"Unzicker, Wolfgang",Santa Monica,Santa Monica,1966.??.??,1966,15,"Unzicker, Wolfgang","Petrosian, Tigran V",,,1/2-1/2,draw,draw,B92,,45,22.5,8,1,2,0,True,True,4,0,True,0,4,1,defensive
Petrosian.pgn,Petrosian,white,"Larsen, Bent",Santa Monica,Santa Monica,1966.??.??,1966,16,"Petrosian, Tigran V","Larsen, Bent",,,0-1,black_win,loss,E61,,122,61.0,15,2,2,0,True,True,7,1,True,0,8,1,defensive
Petrosian.pgn,Petrosian,black,"Najdorf, Miguel",Santa Monica,Santa Monica,1966.??.??,1966,17,"Najdorf, Miguel","Petrosian, Tigran V",,,0-1,black_win,win,E64,,148,74.0,27,5,2,0,True,True,14,3,True,0,13,2,defensive
Petrosian.pgn,Petrosian,white,"Fischer, Robert James",Santa Monica,Santa Monica,1966.??.??,1966,18,"Petrosian, Tigran V","Fischer, Robert James",,,1/2-1/2,draw,draw,E62,,56,28.0,12,0,2,0,True,True,6,0,True,0,6,0,defensive
Petrosian.pgn,Petrosian,black,"Botvinnik, Mikhail",URS-chT,URS,1966.??.??,1966,?,"Botvinnik, Mikhail","Petrosian, Tigran V",,,0-1,black_win,win,A26,,68,34.0,16,2,2,0,True,True,8,2,True,0,8,0,defensive
Petrosian.pgn,Petrosian,black,"Chernikov, Oleg L",URS-chT,URS,1966.??.??,1966,?,"Chernikov, Oleg L","Petrosian, Tigran V",,,1/2-1/2,draw,draw,E82,,71,35.5,4,0,2,0,True,True,2,0,True,0,2,0,defensive
Petrosian.pgn,Petrosian,black,"Tal, Mihail",URS-chT,URS,1966.??.??,1966,?,"Tal, Mihail","Petrosian, Tigran V",,,1/2-1/2,draw,draw,D41,,58,29.0,12,1,2,0,True,True,6,0,True,0,6,1,defensive
Petrosian.pgn,Petrosian,black,"Spassky, Boris V",URS-chT,URS,1966.??.??,1966,?,"Spassky, Boris V","Petrosian, Tigran V",,,1/2-1/2,draw,draw,D53,,43,21.5,10,1,2,0,True,True,5,0,True,0,5,1,defensive
Petrosian.pgn,Petrosian,black,"Smyslov, Vassily",URS-chT,URS,1966.??.??,1966,?,"Smyslov, Vassily","Petrosian, Tigran V",,,1/2-1/2,draw,draw,E18,,31,15.5,8,0,2,0,True,True,4,0,True,0,4,0,defensive
Petrosian.pgn,Petrosian,white,"Yudovich, Mikhail Sr",URS-chT,URS,1966.??.??,1966,?,"Petrosian, Tigran V","Yudovich, Mikhail Sr",,,1-0,white_win,win,D37,,71,35.5,15,1,2,0,True,True,8,0,True,0,7,1,defensive
Petrosian.pgn,Petrosian,white,"Stein, Leonid",URS-chT,URS,1966.??.??,1966,?,"Petrosian, Tigran V","Stein, Leonid",,,1/2-1/2,draw,draw,D03,,25,12.5,2,0,2,0,True,True,1,0,True,0,1,0,defensive
Petrosian.pgn,Petrosian,white,"Lutikov, Anatoly S",URS-chT,URS,1966.??.??,1966,?,"Petrosian, Tigran V","Lutikov, Anatoly S",,,1/2-1/2,draw,draw,D37,,43,21.5,9,3,1,0,False,True,5,1,False,0,4,2,defensive
Petrosian.pgn,Petrosian,white,"Liberzon, Vladimir M",URS-chT,URS,1966.??.??,1966,?,"Petrosian, Tigran V","Liberzon, Vladimir M",,,1/2-1/2,draw,draw,D41,,78,39.0,19,1,2,0,True,True,10,1,True,0,9,0,defensive
Petrosian.pgn,Petrosian,white,"Keres, Paul",URS-chT,URS,1966.??.??,1966,?,"Petrosian, Tigran V","Keres, Paul",,,1/2-1/2,draw,draw,D41,,60,30.0,14,1,2,0,True,True,7,1,True,0,7,0,defensive
Petrosian.pgn,Petrosian,white,"Geller, Efim P",URS-chT,URS,1966.??.??,1966,?,"Petrosian, Tigran V","Geller, Efim P",,,1/2-1/2,draw,draw,A36,,54,27.0,16,0,2,0,True,True,8,0,True,0,8,0,defensive
Petrosian.pgn,Petrosian,white,"Bronstein, David I",URS-chT,URS,1966.??.??,1966,?,"Petrosian, Tigran V","Bronstein, David I",,,1-0,white_win,win,B14,,67,33.5,18,3,2,0,True,True,10,2,True,0,8,1,defensive
Petrosian.pgn,Petrosian,white,"Birbrager, Isaak",URS-chT,URS,1966.??.??,1966,?,"Petrosian, Tigran V","Birbrager, Isaak",,,1-0,white_win,win,D35,,113,56.5,25,3,2,0,True,True,13,3,True,0,12,0,defensive
Petrosian.pgn,Petrosian,white,"Uhlmann, Wolfgang",Moscow,Moscow,1967.??.??,1967,?,"Petrosian, Tigran V","Uhlmann, Wolfgang",,,1/2-1/2,draw,draw,E93,,46,23.0,6,0,2,0,True,True,3,0,True,0,3,0,defensive
Petrosian.pgn,Petrosian,black,"Portisch, Lajos",Moscow,Moscow,1967.??.??,1967,?,"Portisch, Lajos","Petrosian, Tigran V",,,1-0,white_win,loss,D13,,47,23.5,7,1,2,0,True,True,4,1,True,0,3,0,defensive
Petrosian.pgn,Petrosian,white,"Stein, Leonid",Moscow,Moscow,1967.??.??,1967,?,"Petrosian, Tigran V","Stein, Leonid",,,1/2-1/2,draw,draw,E92,,70,35.0,2,0,2,0,True,True,1,0,True,0,1,0,defensive
Petrosian.pgn,Petrosian,white,"Smyslov, Vassily",Moscow,Moscow,1967.??.??,1967,?,"Petrosian, Tigran V","Smyslov, Vassily",,,1/2-1/2,draw,draw,D13,,37,18.5,10,0,1,0,True,False,5,0,True,0,5,0,defensive
Petrosian.pgn,Petrosian,white,"Pachman, Ludek",Moscow,Moscow,1967.??.??,1967,?,"Petrosian, Tigran V","Pachman, Ludek",,,1-0,white_win,win,B20,,93,46.5,22,10,2,0,True,True,11,6,True,0,11,4,defensive
Petrosian.pgn,Petrosian,white,"Najdorf, Miguel",Moscow,Moscow,1967.??.??,1967,?,"Petrosian, Tigran V","Najdorf, Miguel",,,1-0,white_win,win,D42,,69,34.5,14,0,2,0,True,True,7,0,True,0,7,0,defensive
Petrosian.pgn,Petrosian,white,"Gligoric, Svetozar",Moscow,Moscow,1967.??.??,1967,?,"Petrosian, Tigran V","Gligoric, Svetozar",,,0-1,black_win,loss,E64,,76,38.0,10,1,2,0,True,True,4,1,True,0,6,0,defensive
Petrosian.pgn,Petrosian,white,"Gipslis, Aivars",Moscow,Moscow,1967.??.??,1967,?,"Petrosian, Tigran V","Gipslis, Aivars",,,1/2-1/2,draw,draw,E11,,42,21.0,4,2,2,0,True,True,2,1,True,0,2,1,defensive
Petrosian.pgn,Petrosian,white,"Gheorghiu, Florin",Moscow,Moscow,1967.??.??,1967,?,"Petrosian, Tigran V","Gheorghiu, Florin",,,1-0,white_win,win,A29,,81,40.5,16,1,2,0,True,True,9,1,True,0,7,0,defensive
Petrosian.pgn,Petrosian,black,"Keres, Paul",Moscow,Moscow,1967.??.??,1967,?,"Keres, Paul","Petrosian, Tigran V",,,1/2-1/2,draw,draw,B17,,35,17.5,10,1,2,0,True,True,5,0,True,0,5,1,defensive
Petrosian.pgn,Petrosian,black,"Geller, Efim P",Moscow,Moscow,1967.??.??,1967,?,"Geller, Efim P","Petrosian, Tigran V",,,1/2-1/2,draw,draw,B19,,69,34.5,12,0,2,0,True,True,6,0,True,0,6,0,defensive
Petrosian.pgn,Petrosian,black,"Filip, Miroslav",Moscow,Moscow,1967.??.??,1967,?,"Filip, Miroslav","Petrosian, Tigran V",,,1/2-1/2,draw,draw,B06,,59,29.5,4,0,1,0,False,True,2,0,True,0,2,0,defensive
Petrosian.pgn,Petrosian,black,"Bronstein, David I",Moscow,Moscow,1967.??.??,1967,?,"Bronstein, David I","Petrosian, Tigran V",,,1/2-1/2,draw,draw,B17,,67,33.5,11,6,1,0,True,False,5,0,False,0,6,6,defensive
Petrosian.pgn,Petrosian,black,"Bobotsov, Milko G",Moscow,Moscow,1967.??.??,1967,?,"Bobotsov, Milko G","Petrosian, Tigran V",,,1/2-1/2,draw,draw,D42,,40,20.0,10,1,2,0,True,True,5,0,True,0,5,1,defensive
Petrosian.pgn,Petrosian,black,"Bilek, Istvan",Moscow,Moscow,1967.??.??,1967,?,"Bilek, Istvan","Petrosian, Tigran V",,,1/2-1/2,draw,draw,B86,,76,38.0,16,6,2,0,True,True,7,1,True,0,9,5,defensive
Petrosian.pgn,Petrosian,black,"Spassky, Boris V",Moscow,Moscow,1967.??.??,1967,?,"Spassky, Boris V","Petrosian, Tigran V",,,1/2-1/2,draw,draw,B36,,45,22.5,9,0,2,0,True,True,4,0,True,0,5,0,defensive
Petrosian.pgn,Petrosian,black,"Tal, Mihail",Moscow,Moscow,1967.??.??,1967,?,"Tal, Mihail","Petrosian, Tigran V",,,1-0,white_win,loss,C96,,75,37.5,14,0,2,0,True,True,6,0,True,0,8,0,defensive
Petrosian.pgn,Petrosian,white,"Bagirov, Vladimir",URS-chT,URS,1967.??.??,1967,?,"Petrosian, Tigran V","Bagirov, Vladimir",,,1-0,white_win,win,D41,,87,43.5,14,3,2,0,True,True,7,2,True,0,7,1,defensive
Petrosian.pgn,Petrosian,black,"Suetin, Alexey S",URS-chT,URS,1967.??.??,1967,?,"Suetin, Alexey S","Petrosian, Tigran V",,,1/2-1/2,draw,draw,C07,,41,20.5,10,2,2,0,True,True,5,0,True,0,5,2,defensive
Petrosian.pgn,Petrosian,white,"Kortschnoj, Viktor",URS-chT,URS,1967.??.??,1967,?,"Petrosian, Tigran V","Kortschnoj, Viktor",,,1/2-1/2,draw,draw,E05,,36,18.0,4,0,2,0,True,True,2,0,True,0,2,0,defensive
Petrosian.pgn,Petrosian,white,"Danov, Vladimir",URS-chT,URS,1967.??.??,1967,?,"Petrosian, Tigran V","Danov, Vladimir",,,1-0,white_win,win,B82,,43,21.5,9,1,2,0,True,True,4,1,True,0,5,0,defensive
Petrosian.pgn,Petrosian,white,"Botvinnik, Mikhail",URS-chT,URS,1967.??.??,1967,?,"Petrosian, Tigran V","Botvinnik, Mikhail",,,1/2-1/2,draw,draw,D47,,52,26.0,8,0,2,0,True,True,4,0,True,0,4,0,defensive
Petrosian.pgn,Petrosian,black,"Gurgenidze, Bukhuti",URS-chT,URS,1967.??.??,1967,?,"Gurgenidze, Bukhuti","Petrosian, Tigran V",,,0-1,black_win,win,B52,,96,48.0,20,6,2,0,True,True,11,2,True,0,9,4,defensive
Petrosian.pgn,Petrosian,black,"Kudriashov, Anatoli",URS-chT,URS,1967.??.??,1967,?,"Kudriashov, Anatoli","Petrosian, Tigran V",,,1-0,white_win,loss,C07,,81,40.5,15,2,2,0,True,True,7,1,True,0,8,1,defensive
Petrosian.pgn,Petrosian,black,"Pachman, Ludek",Venice,Venice,1967.??.??,1967,1,"Pachman, Ludek","Petrosian, Tigran V",,,1/2-1/2,draw,draw,D35,,57,28.5,6,0,2,0,True,True,3,0,True,0,3,0,defensive
Petrosian.pgn,Petrosian,white,"Magrin, Antonio",Venice,Venice,1967.??.??,1967,2,"Petrosian, Tigran V","Magrin, Antonio",,,1-0,white_win,win,E12,,61,30.5,12,0,2,0,True,True,6,0,True,0,6,0,defensive
Petrosian.pgn,Petrosian,black,"Evans, Larry",Venice,Venice,1967.??.??,1967,3,"Evans, Larry","Petrosian, Tigran V",,,1/2-1/2,draw,draw,E55,,31,15.5,6,0,2,0,True,True,3,0,True,0,3,0,defensive
Petrosian.pgn,Petrosian,black,"Canal, Esteban",Venice,Venice,1967.??.??,1967,4,"Canal, Esteban","Petrosian, Tigran V",,,0-1,black_win,win,A08,,110,55.0,17,2,2,0,True,True,9,2,True,0,8,0,defensive
Petrosian.pgn,Petrosian,white,"Tatai, Stefano",Venice,Venice,1967.??.??,1967,5,"Petrosian, Tigran V","Tatai, Stefano",,,1-0,white_win,win,B38,,83,41.5,23,6,2,0,True,True,11,4,True,0,12,2,defensive
Petrosian.pgn,Petrosian,black,"Calapso, Remo",Venice,Venice,1967.??.??,1967,6,"Calapso, Remo","Petrosian, Tigran V",,,1/2-1/2,draw,draw,B40,,138,69.0,18,12,2,0,True,True,9,11,True,0,9,1,defensive
Petrosian.pgn,Petrosian,white,"Janosevic, Dragoljub",Venice,Venice,1967.??.??,1967,7,"Petrosian, Tigran V","Janosevic, Dragoljub",,,1-0,white_win,win,B37,,107,53.5,17,2,2,0,True,True,8,1,True,0,9,1,defensive
Petrosian.pgn,Petrosian,black,"Robatsch, Karl",Venice,Venice,1967.??.??,1967,8,"Robatsch, Karl","Petrosian, Tigran V",,,1/2-1/2,draw,draw,C07,,37,18.5,8,0,2,0,True,True,4,0,True,0,4,0,defensive
Petrosian.pgn,Petrosian,white,"Donner, Jan Hein",Venice,Venice,1967.??.??,1967,9,"Petrosian, Tigran V","Donner, Jan Hein",,,1/2-1/2,draw,draw,C11,,96,48.0,19,3,2,0,True,True,10,1,True,0,9,2,defensive
Petrosian.pgn,Petrosian,black,"Paoli, Enrico",Venice,Venice,1967.??.??,1967,10,"Paoli, Enrico","Petrosian, Tigran V",,,0-1,black_win,win,C05,,102,51.0,16,2,2,0,True,True,9,0,True,0,7,2,defensive
Petrosian.pgn,Petrosian,white,"Lengyel, Levente",Venice,Venice,1967.??.??,1967,11,"Petrosian, Tigran V","Lengyel, Levente",,,1/2-1/2,draw,draw,D32,,70,35.0,14,0,2,0,True,True,7,0,True,0,7,0,defensive
Petrosian.pgn,Petrosian,black,"Kupper, Josef",Venice,Venice,1967.??.??,1967,12,"Kupper, Josef","Petrosian, Tigran V",,,0-1,black_win,win,C16,,86,43.0,23,8,1,0,True,False,12,4,False,0,11,4,defensive
Petrosian.pgn,Petrosian,white,"Zinser, Sylvain",Venice,Venice,1967.??.??,1967,13,"Petrosian, Tigran V","Zinser, Sylvain",,,1-0,white_win,win,D36,,79,39.5,13,1,2,0,True,True,7,1,True,0,6,0,defensive
Petrosian.pgn,Petrosian,black,"Szabo, Laszlo",Bamberg,Bamberg,1968.??.??,1968,1,"Szabo, Laszlo","Petrosian, Tigran V",,,0-1,black_win,win,E57,,72,36.0,17,1,2,0,True,True,10,0,True,0,7,1,defensive
Petrosian.pgn,Petrosian,white,"Unzicker, Wolfgang",Bamberg,Bamberg,1968.??.??,1968,2,"Petrosian, Tigran V","Unzicker, Wolfgang",,,1/2-1/2,draw,draw,D40,,37,18.5,6,0,2,0,True,True,3,0,True,0,3,0,defensive
Petrosian.pgn,Petrosian,black,"Dueckstein, Andreas",Bamberg,Bamberg,1968.??.??,1968,3,"Dueckstein, Andreas","Petrosian, Tigran V",,,0-1,black_win,win,B94,,81,40.5,15,2,2,0,True,True,9,2,True,0,6,0,defensive
Petrosian.pgn,Petrosian,white,"Donner, Jan Hein",Bamberg,Bamberg,1968.??.??,1968,4,"Petrosian, Tigran V","Donner, Jan Hein",,,1/2-1/2,draw,draw,D14,,28,14.0,6,1,1,0,True,False,3,1,True,0,3,0,defensive
Petrosian.pgn,Petrosian,black,"Kestler, Hans Guenther",Bamberg,Bamberg,1968.??.??,1968,5,"Kestler, Hans Guenther","Petrosian, Tigran V",,,1/2-1/2,draw,draw,E92,,59,29.5,4,0,2,0,True,True,2,0,True,0,2,0,defensive
Petrosian.pgn,Petrosian,white,"Toran Albero, Roman",Bamberg,Bamberg,1968.??.??,1968,6,"Petrosian, Tigran V","Toran Albero, Roman",,,1-0,white_win,win,E66,,81,40.5,15,2,2,0,True,True,7,0,True,0,8,2,defensive
Petrosian.pgn,Petrosian,black,"Keres, Paul",Bamberg,Bamberg,1968.??.??,1968,7,"Keres, Paul","Petrosian, Tigran V",,,1/2-1/2,draw,draw,C11,,44,22.0,12,2,2,0,True,True,6,1,True,0,6,1,defensive
Petrosian.pgn,Petrosian,white,"Pfleger, Helmut",Bamberg,Bamberg,1968.??.??,1968,8,"Petrosian, Tigran V","Pfleger, Helmut",,,1-0,white_win,win,C99,,109,54.5,18,2,2,0,True,True,10,2,True,0,8,0,defensive
Petrosian.pgn,Petrosian,black,"Ivkov, Borislav",Bamberg,Bamberg,1968.??.??,1968,9,"Ivkov, Borislav","Petrosian, Tigran V",,,1/2-1/2,draw,draw,C88,,82,41.0,14,2,2,0,True,True,7,0,True,0,7,2,defensive
Petrosian.pgn,Petrosian,white,"Schmid, Lothar",Bamberg,Bamberg,1968.??.??,1968,10,"Petrosian, Tigran V","Schmid, Lothar",,,1/2-1/2,draw,draw,A37,,83,41.5,20,4,2,0,True,True,10,0,True,0,10,4,defensive
Petrosian.pgn,Petrosian,black,"Klundt, Klaus",Bamberg,Bamberg,1968.??.??,1968,11,"Klundt, Klaus","Petrosian, Tigran V",,,1/2-1/2,draw,draw,B87,,55,27.5,14,2,1,0,True,False,7,2,False,0,7,0,defensive
Petrosian.pgn,Petrosian,white,"Bobotsov, Milko G",Bamberg,Bamberg,1968.??.??,1968,12,"Petrosian, Tigran V","Bobotsov, Milko G",,,1-0,white_win,win,A33,,57,28.5,11,1,2,0,True,True,6,0,True,0,5,1,defensive
Petrosian.pgn,Petrosian,black,"Westerinen, Heikki MJ",Bamberg,Bamberg,1968.??.??,1968,13,"Westerinen, Heikki MJ","Petrosian, Tigran V",,,1/2-1/2,draw,draw,B19,,25,12.5,4,0,2,0,True,True,2,0,True,0,2,0,defensive
Petrosian.pgn,Petrosian,white,"Teufel, Juergen",Bamberg,Bamberg,1968.??.??,1968,14,"Petrosian, Tigran V","Teufel, Juergen",,,1/2-1/2,draw,draw,A00,,56,28.0,14,1,2,0,True,True,7,0,True,0,7,1,defensive
Petrosian.pgn,Petrosian,black,"Teschner, Rudolf",Bamberg,Bamberg,1968.??.??,1968,15,"Teschner, Rudolf","Petrosian, Tigran V",,,1/2-1/2,draw,draw,C96,,83,41.5,9,0,2,0,True,True,4,0,True,0,5,0,defensive
Petrosian.pgn,Petrosian,white,"Reshevsky, Samuel Herman",Lugano ol (Men),Lugano,1968.??.??,1968,?,"Petrosian, Tigran V","Reshevsky, Samuel Herman",,,1-0,white_win,win,A47,,83,41.5,16,2,2,0,True,True,8,2,True,0,8,0,defensive
Petrosian.pgn,Petrosian,white,"Kottnauer, Cenek",Lugano ol (Men),Lugano,1968.??.??,1968,?,"Petrosian, Tigran V","Kottnauer, Cenek",,,1-0,white_win,win,E92,,81,40.5,18,3,2,0,True,True,10,2,True,0,8,1,defensive
Petrosian.pgn,Petrosian,white,"Hort, Vlastimil",Lugano ol (Men),Lugano,1968.??.??,1968,?,"Petrosian, Tigran V","Hort, Vlastimil",,,1/2-1/2,draw,draw,E92,,35,17.5,0,0,2,0,True,True,0,0,True,0,0,0,defensive
Petrosian.pgn,Petrosian,white,"Uhlmann, Wolfgang",Lugano ol (Men),Lugano,1968.??.??,1968,?,"Petrosian, Tigran V","Uhlmann, Wolfgang",,,1-0,white_win,win,E81,,81,40.5,19,2,2,0,True,True,10,1,True,0,9,1,defensive
Petrosian.pgn,Petrosian,white,"Gligoric, Svetozar",Lugano ol (Men),Lugano,1968.??.??,1968,?,"Petrosian, Tigran V","Gligoric, Svetozar",,,1/2-1/2,draw,draw,D32,,26,13.0,4,0,2,0,True,True,2,0,True,0,2,0,defensive
Petrosian.pgn,Petrosian,white,"De Castro, Edgar",Lugano ol (Men),Lugano,1968.??.??,1968,?,"Petrosian, Tigran V","De Castro, Edgar",,,1-0,white_win,win,E73,,47,23.5,11,2,1,0,True,False,5,2,True,0,6,0,defensive
Petrosian.pgn,Petrosian,black,"Czerniak, Moshe",Lugano ol (Men),Lugano,1968.??.??,1968,?,"Czerniak, Moshe","Petrosian, Tigran V",,,0-1,black_win,win,C01,,166,83.0,23,11,2,0,True,True,12,8,True,0,11,3,defensive
Petrosian.pgn,Petrosian,black,"Kleopas, George",Lugano ol (Men),Lugano,1968.??.??,1968,?,"Kleopas, George","Petrosian, Tigran V",,,0-1,black_win,win,A07,,78,39.0,13,0,2,0,True,True,7,0,True,0,6,0,defensive
Petrosian.pgn,Petrosian,black,"Giustolisi, Alberto",Lugano ol (Men),Lugano,1968.??.??,1968,?,"Giustolisi, Alberto","Petrosian, Tigran V",,,0-1,black_win,win,B87,,74,37.0,10,0,2,0,True,True,5,0,True,0,5,0,defensive
Petrosian.pgn,Petrosian,black,"Gheorghiu, Florin",Lugano ol (Men),Lugano,1968.??.??,1968,?,"Gheorghiu, Florin","Petrosian, Tigran V",,,1/2-1/2,draw,draw,C07,,32,16.0,8,2,2,0,True,True,4,0,True,0,4,2,defensive
Petrosian.pgn,Petrosian,black,"Bobotsov, Milko G",Lugano ol (Men),Lugano,1968.??.??,1968,?,"Bobotsov, Milko G","Petrosian, Tigran V",,,0-1,black_win,win,D36,,82,41.0,13,0,2,0,True,True,6,0,True,0,7,0,defensive
Petrosian.pgn,Petrosian,black,"Bednarski, Jacek B",Lugano ol (Men),Lugano,1968.??.??,1968,?,"Bednarski, Jacek B","Petrosian, Tigran V",,,0-1,black_win,win,C05,,60,30.0,11,2,1,0,True,False,6,2,False,0,5,0,defensive
Petrosian.pgn,Petrosian,white,"Bykhovsky, Anatoly A",Moscow-ch,Moscow,1968.??.??,1968,?,"Petrosian, Tigran V","Bykhovsky, Anatoly A",,,1-0,white_win,win,D37,,57,28.5,12,6,2,0,True,True,7,6,True,0,5,0,defensive
Petrosian.pgn,Petrosian,black,"Zaitsev, Igor A",Moscow-ch,Moscow,1968.??.??,1968,?,"Zaitsev, Igor A","Petrosian, Tigran V",,,1/2-1/2,draw,draw,B19,,40,20.0,6,0,2,0,True,True,3,0,True,0,3,0,defensive
Petrosian.pgn,Petrosian,white,"Ageichenko, Genadi A",Moscow-ch,Moscow,1968.??.??,1968,?,"Petrosian, Tigran V","Ageichenko, Genadi A",,,1-0,white_win,win,D46,,81,40.5,14,2,2,0,True,True,7,1,True,0,7,1,defensive
Petrosian.pgn,Petrosian,black,"Liberzon, Vladimir M",Moscow-ch,Moscow,1968.??.??,1968,?,"Liberzon, Vladimir M","Petrosian, Tigran V",,,1/2-1/2,draw,draw,C11,,61,30.5,12,2,2,0,True,True,6,1,True,0,6,1,defensive
Petrosian.pgn,Petrosian,white,"Khasin, Abram",Moscow-ch,Moscow,1968.??.??,1968,?,"Petrosian, Tigran V","Khasin, Abram",,,1-0,white_win,win,A13,,81,40.5,20,1,2,0,True,True,10,1,True,0,10,0,defensive
Petrosian.pgn,Petrosian,white,"Kortschnoj, Viktor",Palma de Mallorca,Palma de Mallorca,1968.??.??,1968,1,"Petrosian, Tigran V","Kortschnoj, Viktor",,,1/2-1/2,draw,draw,A09,,36,18.0,6,0,2,0,True,True,3,0,True,0,3,0,defensive
Petrosian.pgn,Petrosian,black,"Byrne, Donald",Palma de Mallorca,Palma de Mallorca,1968.??.??,1968,2,"Byrne, Donald","Petrosian, Tigran V",,,0-1,black_win,win,E72,,80,40.0,15,0,2,0,True,True,9,0,True,0,6,0,defensive
Petrosian.pgn,Petrosian,white,"Westerinen, Heikki MJ",Palma de Mallorca,Palma de Mallorca,1968.??.??,1968,3,"Petrosian, Tigran V","Westerinen, Heikki MJ",,,1-0,white_win,win,E84,,81,40.5,18,6,2,0,True,True,10,6,True,0,8,0,defensive
Petrosian.pgn,Petrosian,black,"Matanovic, Aleksandar",Palma de Mallorca,Palma de Mallorca,1968.??.??,1968,4,"Matanovic, Aleksandar","Petrosian, Tigran V",,,1/2-1/2,draw,draw,C07,,31,15.5,6,0,2,0,True,True,3,0,True,0,3,0,defensive
Petrosian.pgn,Petrosian,white,"Diez del Corral, Jesus",Palma de Mallorca,Palma de Mallorca,1968.??.??,1968,5,"Petrosian, Tigran V","Diez del Corral, Jesus",,,1/2-1/2,draw,draw,E85,,155,77.5,25,7,2,0,True,True,13,3,True,0,12,4,defensive
Petrosian.pgn,Petrosian,black,"Ivkov, Borislav",Palma de Mallorca,Palma de Mallorca,1968.??.??,1968,6,"Ivkov, Borislav","Petrosian, Tigran V",,,1-0,white_win,loss,B44,,65,32.5,9,0,2,0,True,True,5,0,True,0,4,0,defensive
Petrosian.pgn,Petrosian,white,"Gligoric, Svetozar",Palma de Mallorca,Palma de Mallorca,1968.??.??,1968,7,"Petrosian, Tigran V","Gligoric, Svetozar",,,1-0,white_win,win,E88,,101,50.5,15,1,2,0,True,True,8,1,True,0,7,0,defensive
Petrosian.pgn,Petrosian,black,"Visier Segovia, Fernando",Palma de Mallorca,Palma de Mallorca,1968.??.??,1968,8,"Visier Segovia, Fernando","Petrosian, Tigran V",,,0-1,black_win,win,E43,,99,49.5,21,9,2,0,True,True,11,0,True,0,10,9,defensive
Petrosian.pgn,Petrosian,white,"Gheorghiu, Florin",Palma de Mallorca,Palma de Mallorca,1968.??.??,1968,9,"Petrosian, Tigran V","Gheorghiu, Florin",,,1-0,white_win,win,D79,,105,52.5,23,4,2,0,True,True,12,3,True,0,11,1,defensive
Petrosian.pgn,Petrosian,black,"Benko, Pal C",Palma de Mallorca,Palma de Mallorca,1968.??.??,1968,10,"Benko, Pal C","Petrosian, Tigran V",,,1/2-1/2,draw,draw,A15,,35,17.5,0,0,2,0,True,True,0,0,True,0,0,0,defensive
Petrosian.pgn,Petrosian,white,"Larsen, Bent",Palma de Mallorca,Palma de Mallorca,1968.??.??,1968,11,"Petrosian, Tigran V","Larsen, Bent",,,1-0,white_win,win,E12,,63,31.5,10,0,2,0,True,True,5,0,True,0,5,0,defensive
Petrosian.pgn,Petrosian,black,"Spassky, Boris V",Palma de Mallorca,Palma de Mallorca,1968.??.??,1968,12,"Spassky, Boris V","Petrosian, Tigran V",,,1/2-1/2,draw,draw,C01,,30,15.0,6,0,2,0,True,True,3,0,True,0,3,0,defensive
Petrosian.pgn,Petrosian,white,"Pomar Salamanca, Arturo",Palma de Mallorca,Palma de Mallorca,1968.??.??,1968,13,"Petrosian, Tigran V","Pomar Salamanca, Arturo",,,1/2-1/2,draw,draw,D47,,70,35.0,16,1,2,0,True,True,8,1,True,0,8,0,defensive
Petrosian.pgn,Petrosian,black,"Calvo Minguez, Ricardo",Palma de Mallorca,Palma de Mallorca,1968.??.??,1968,14,"Calvo Minguez, Ricardo","Petrosian, Tigran V",,,1/2-1/2,draw,draw,B82,,52,26.0,12,0,2,0,True,True,7,0,True,0,5,0,defensive
Petrosian.pgn,Petrosian,white,"Medina Garcia, Antonio Angel",Palma de Mallorca,Palma de Mallorca,1968.??.??,1968,15,"Petrosian, Tigran V","Medina Garcia, Antonio Angel",,,1-0,white_win,win,E92,,101,50.5,11,0,2,0,True,True,6,0,True,0,5,0,defensive
Petrosian.pgn,Petrosian,white,"Lehmann, Heinz Dr",Palma de Mallorca,Palma de Mallorca,1968.??.??,1968,16,"Petrosian, Tigran V","Lehmann, Heinz Dr",,,1/2-1/2,draw,draw,A07,,70,35.0,10,0,2,0,True,True,5,0,True,0,5,0,defensive
Petrosian.pgn,Petrosian,black,"Toran Albero, Roman",Palma de Mallorca,Palma de Mallorca,1968.??.??,1968,17,"Toran Albero, Roman","Petrosian, Tigran V",,,1/2-1/2,draw,draw,A72,,30,15.0,4,0,1,0,False,True,2,0,True,0,2,0,defensive
Petrosian.pgn,Petrosian,black,"Spassky, Boris V",World Championship 27th,Moscow,1969.??.??,1969,1,"Spassky, Boris V","Petrosian, Tigran V",,,0-1,black_win,win,B42,,112,56.0,26,11,2,0,True,True,13,2,True,0,13,9,defensive
Petrosian.pgn,Petrosian,white,"Spassky, Boris V",World Championship 27th,Moscow,1969.??.??,1969,2,"Petrosian, Tigran V","Spassky, Boris V",,,1/2-1/2,draw,draw,D34,,121,60.5,22,12,2,0,True,True,11,4,True,0,11,8,defensive
Petrosian.pgn,Petrosian,black,"Spassky, Boris V",World Championship 27th,Moscow,1969.??.??,1969,3,"Spassky, Boris V","Petrosian, Tigran V",,,1/2-1/2,draw,draw,B36,,86,43.0,20,3,1,0,False,True,10,2,True,0,10,1,defensive
Petrosian.pgn,Petrosian,white,"Spassky, Boris V",World Championship 27th,Moscow,1969.??.??,1969,4,"Petrosian, Tigran V","Spassky, Boris V",,,0-1,black_win,loss,D34,,82,41.0,11,1,2,0,True,True,5,0,True,0,6,1,defensive
Petrosian.pgn,Petrosian,black,"Spassky, Boris V",World Championship 27th,Moscow,1969.??.??,1969,5,"Spassky, Boris V","Petrosian, Tigran V",,,1-0,white_win,loss,D41,,59,29.5,15,2,2,0,True,True,8,2,True,0,7,0,defensive
Petrosian.pgn,Petrosian,white,"Spassky, Boris V",World Championship 27th,Moscow,1969.??.??,1969,6,"Petrosian, Tigran V","Spassky, Boris V",,,1/2-1/2,draw,draw,D56,,94,47.0,14,4,2,0,True,True,7,4,True,0,7,0,defensive
Petrosian.pgn,Petrosian,black,"Spassky, Boris V",World Championship 27th,Moscow,1969.??.??,1969,7,"Spassky, Boris V","Petrosian, Tigran V",,,1/2-1/2,draw,draw,D19,,53,26.5,4,0,2,0,True,True,2,0,True,0,2,0,defensive
Petrosian.pgn,Petrosian,white,"Spassky, Boris V",World Championship 27th,Moscow,1969.??.??,1969,8,"Petrosian, Tigran V","Spassky, Boris V",,,0-1,black_win,loss,D37,,88,44.0,20,8,2,0,True,True,9,1,True,0,11,7,defensive
Petrosian.pgn,Petrosian,black,"Spassky, Boris V",World Championship 27th,Moscow,1969.??.??,1969,9,"Spassky, Boris V","Petrosian, Tigran V",,,1/2-1/2,draw,draw,A56,,130,65.0,11,0,2,0,True,True,6,0,True,0,5,0,defensive
Petrosian.pgn,Petrosian,white,"Spassky, Boris V",World Championship 27th,Moscow,1969.??.??,1969,10,"Petrosian, Tigran V","Spassky, Boris V",,,1-0,white_win,win,E48,,75,37.5,20,5,2,0,True,True,11,4,True,0,9,1,defensive
Petrosian.pgn,Petrosian,black,"Spassky, Boris V",World Championship 27th,Moscow,1969.??.??,1969,11,"Spassky, Boris V","Petrosian, Tigran V",,,0-1,black_win,win,E12,,111,55.5,17,5,2,1,True,True,9,2,True,1,8,3,defensive
Petrosian.pgn,Petrosian,white,"Spassky, Boris V",World Championship 27th,Moscow,1969.??.??,1969,12,"Petrosian, Tigran V","Spassky, Boris V",,,1/2-1/2,draw,draw,D34,,97,48.5,17,2,2,0,True,True,8,0,True,0,9,2,defensive
Petrosian.pgn,Petrosian,black,"Spassky, Boris V",World Championship 27th,Moscow,1969.??.??,1969,13,"Spassky, Boris V","Petrosian, Tigran V",,,1/2-1/2,draw,draw,C42,,49,24.5,8,2,1,0,True,False,4,2,False,0,4,0,defensive
Petrosian.pgn,Petrosian,white,"Spassky, Boris V",World Championship 27th,Moscow,1969.??.??,1969,14,"Petrosian, Tigran V","Spassky, Boris V",,,1/2-1/2,draw,draw,D55,,111,55.5,24,2,2,0,True,True,13,1,True,0,11,1,defensive
Petrosian.pgn,Petrosian,black,"Spassky, Boris V",World Championship 27th,Moscow,1969.??.??,1969,15,"Spassky, Boris V","Petrosian, Tigran V",,,1/2-1/2,draw,draw,C42,,38,19.0,4,1,2,0,True,True,2,1,True,0,2,0,defensive
Petrosian.pgn,Petrosian,white,"Spassky, Boris V",World Championship 27th,Moscow,1969.??.??,1969,16,"Petrosian, Tigran V","Spassky, Boris V",,,1/2-1/2,draw,draw,D34,,62,31.0,18,0,2,0,True,True,9,0,True,0,9,0,defensive
Petrosian.pgn,Petrosian,black,"Spassky, Boris V",World Championship 27th,Moscow,1969.??.??,1969,17,"Spassky, Boris V","Petrosian, Tigran V",,,1-0,white_win,loss,B42,,115,57.5,23,11,2,0,True,True,11,2,True,0,12,9,defensive
Petrosian.pgn,Petrosian,white,"Spassky, Boris V",World Championship 27th,Moscow,1969.??.??,1969,18,"Petrosian, Tigran V","Spassky, Boris V",,,1/2-1/2,draw,draw,D34,,117,58.5,14,2,2,0,True,True,7,1,True,0,7,1,defensive
Petrosian.pgn,Petrosian,black,"Spassky, Boris V",World Championship 27th,Moscow,1969.??.??,1969,19,"Spassky, Boris V","Petrosian, Tigran V",,,1-0,white_win,loss,B94,,47,23.5,9,0,2,0,True,True,6,0,True,0,3,0,defensive
Petrosian.pgn,Petrosian,white,"Spassky, Boris V",World Championship 27th,Moscow,1969.??.??,1969,20,"Petrosian, Tigran V","Spassky, Boris V",,,1-0,white_win,win,D55,,99,49.5,16,1,2,0,True,True,8,0,True,0,8,1,defensive
Petrosian.pgn,Petrosian,black,"Spassky, Boris V",World Championship 27th,Moscow,1969.??.??,1969,21,"Spassky, Boris V","Petrosian, Tigran V",,,1-0,white_win,loss,C92,,105,52.5,17,3,2,0,True,True,7,0,True,0,10,3,defensive
Petrosian.pgn,Petrosian,white,"Spassky, Boris V",World Championship 27th,Moscow,1969.??.??,1969,22,"Petrosian, Tigran V","Spassky, Boris V",,,1/2-1/2,draw,draw,D58,,62,31.0,14,1,2,0,True,True,7,1,True,0,7,0,defensive
Petrosian.pgn,Petrosian,black,"Spassky, Boris V",World Championship 27th,Moscow,1969.??.??,1969,23,"Spassky, Boris V","Petrosian, Tigran V",,,1/2-1/2,draw,draw,B48,,81,40.5,21,2,2,0,True,True,10,1,True,0,11,1,defensive
Petrosian.pgn,Petrosian,black,"Toran Albero, Roman",Palma de Mallorca,Palma de Mallorca,1969.??.??,1969,1,"Toran Albero, Roman","Petrosian, Tigran V",,,0-1,black_win,win,E03,,72,36.0,12,0,2,0,True,True,7,0,True,0,5,0,defensive
Petrosian.pgn,Petrosian,black,"Parma, Bruno",Palma de Mallorca,Palma de Mallorca,1969.??.??,1969,2,"Parma, Bruno","Petrosian, Tigran V",,,1/2-1/2,draw,draw,C10,,30,15.0,8,3,1,0,True,False,4,0,False,0,4,3,defensive
Petrosian.pgn,Petrosian,white,"Bobotsov, Milko G",Palma de Mallorca,Palma de Mallorca,1969.??.??,1969,3,"Petrosian, Tigran V","Bobotsov, Milko G",,,1/2-1/2,draw,draw,A30,,28,14.0,4,0,2,0,True,True,2,0,True,0,2,0,defensive
Petrosian.pgn,Petrosian,black,"Medina Garcia, Antonio Angel",Palma de Mallorca,Palma de Mallorca,1969.??.??,1969,4,"Medina Garcia, Antonio Angel","Petrosian, Tigran V",,,1/2-1/2,draw,draw,B23,,77,38.5,10,1,2,0,True,True,5,0,True,0,5,1,defensive
Petrosian.pgn,Petrosian,white,"Mecking, Henrique",Palma de Mallorca,Palma de Mallorca,1969.??.??,1969,5,"Petrosian, Tigran V","Mecking, Henrique",,,1-0,white_win,win,B07,,81,40.5,16,1,2,0,True,True,9,1,True,0,7,0,defensive
Petrosian.pgn,Petrosian,black,"Spassky, Boris V",Palma de Mallorca,Palma de Mallorca,1969.??.??,1969,6,"Spassky, Boris V","Petrosian, Tigran V",,,1/2-1/2,draw,draw,B43,,56,28.0,8,0,1,0,True,False,4,0,False,0,4,0,defensive
Petrosian.pgn,Petrosian,white,"Penrose, Jonathan",Palma de Mallorca,Palma de Mallorca,1969.??.??,1969,7,"Petrosian, Tigran V","Penrose, Jonathan",,,1-0,white_win,win,E89,,75,37.5,12,2,2,0,True,True,6,1,True,0,6,1,defensive
Petrosian.pgn,Petrosian,black,"Damjanovic, Mato",Palma de Mallorca,Palma de Mallorca,1969.??.??,1969,8,"Damjanovic, Mato","Petrosian, Tigran V",,,1/2-1/2,draw,draw,C16,,77,38.5,6,0,2,0,True,True,3,0,True,0,3,0,defensive
Petrosian.pgn,Petrosian,white,"Hort, Vlastimil",Palma de Mallorca,Palma de Mallorca,1969.??.??,1969,9,"Petrosian, Tigran V","Hort, Vlastimil",,,1-0,white_win,win,E84,,119,59.5,19,10,2,0,True,True,11,10,True,0,8,0,defensive
Petrosian.pgn,Petrosian,black,"Szabo, Laszlo",Palma de Mallorca,Palma de Mallorca,1969.??.??,1969,10,"Szabo, Laszlo","Petrosian, Tigran V",,,1/2-1/2,draw,draw,D14,,25,12.5,6,0,2,0,True,True,3,0,True,0,3,0,defensive
Petrosian.pgn,Petrosian,white,"Kortschnoj, Viktor",Palma de Mallorca,Palma de Mallorca,1969.??.??,1969,11,"Petrosian, Tigran V","Kortschnoj, Viktor",,,1/2-1/2,draw,draw,A32,,24,12.0,6,1,2,0,True,True,3,0,True,0,3,1,defensive
Petrosian.pgn,Petrosian,black,"Unzicker, Wolfgang",Palma de Mallorca,Palma de Mallorca,1969.??.??,1969,12,"Unzicker, Wolfgang","Petrosian, Tigran V",,,1/2-1/2,draw,draw,B42,,51,25.5,6,0,2,0,True,True,3,0,True,0,3,0,defensive
Petrosian.pgn,Petrosian,white,"Panno, Oscar",Palma de Mallorca,Palma de Mallorca,1969.??.??,1969,13,"Petrosian, Tigran V","Panno, Oscar",,,1/2-1/2,draw,draw,E04,,50,25.0,12,1,1,0,True,False,6,1,True,0,6,0,defensive
Petrosian.pgn,Petrosian,black,"Diez del Corral, Jesus",Palma de Mallorca,Palma de Mallorca,1969.??.??,1969,14,"Diez del Corral, Jesus","Petrosian, Tigran V",,,0-1,black_win,win,C18,,108,54.0,21,12,2,0,True,True,11,4,True,0,10,8,defensive
Petrosian.pgn,Petrosian,white,"Larsen, Bent",Palma de Mallorca,Palma de Mallorca,1969.??.??,1969,15,"Petrosian, Tigran V","Larsen, Bent",,,1/2-1/2,draw,draw,E43,,64,32.0,2,1,2,0,True,True,1,0,True,0,1,1,defensive
Petrosian.pgn,Petrosian,black,"Najdorf, Miguel",Palma de Mallorca,Palma de Mallorca,1969.??.??,1969,16,"Najdorf, Miguel","Petrosian, Tigran V",,,0-1,black_win,win,D18,,113,56.5,24,5,2,0,True,True,13,1,True,0,11,4,defensive
Petrosian.pgn,Petrosian,white,"Pomar Salamanca, Arturo",Palma de Mallorca,Palma de Mallorca,1969.??.??,1969,17,"Petrosian, Tigran V","Pomar Salamanca, Arturo",,,1/2-1/2,draw,draw,D30,,27,13.5,6,0,1,0,True,False,3,0,True,0,3,0,defensive
Petrosian.pgn,Petrosian,white,"Matanovic, Aleksandar",JUG-URS,Skopje,1969.??.??,1969,?,"Petrosian, Tigran V","Matanovic, Aleksandar",,,1-0,white_win,win,C93,,53,26.5,10,0,2,0,True,True,5,0,True,0,5,0,defensive
Petrosian.pgn,Petrosian,black,"Matanovic, Aleksandar",JUG-URS,Skopje,1969.??.??,1969,?,"Matanovic, Aleksandar","Petrosian, Tigran V",,,1-0,white_win,loss,C92,,137,68.5,26,6,2,1,True,True,12,2,True,1,14,4,defensive
Petrosian.pgn,Petrosian,white,"Matanovic, Aleksandar",JUG-URS,Skopje,1969.??.??,1969,?,"Petrosian, Tigran V","Matanovic, Aleksandar",,,1/2-1/2,draw,draw,A46,,34,17.0,4,1,2,0,True,True,2,1,True,0,2,0,defensive
Petrosian.pgn,Petrosian,black,"Balashov, Yuri S",URS-ch37,URS,1969.??.??,1969,?,"Balashov, Yuri S","Petrosian, Tigran V",,,1/2-1/2,draw,draw,C96,,40,20.0,6,0,2,0,True,True,3,0,True,0,3,0,defensive
Petrosian.pgn,Petrosian,black,"Furman, Semen Abramovich",URS-ch37,URS,1969.??.??,1969,?,"Furman, Semen Abramovich","Petrosian, Tigran V",,,0-1,black_win,win,B07,,76,38.0,14,0,2,0,True,True,7,0,True,0,7,0,defensive
Petrosian.pgn,Petrosian,black,"Geller, Efim P",URS-ch37,URS,1969.??.??,1969,?,"Geller, Efim P","Petrosian, Tigran V",,,1/2-1/2,draw,draw,B83,,25,12.5,3,0,2,0,True,True,1,0,True,0,2,0,defensive
Petrosian.pgn,Petrosian,black,"Gipslis, Aivars",URS-ch37,URS,1969.??.??,1969,?,"Gipslis, Aivars","Petrosian, Tigran V",,,1/2-1/2,draw,draw,C01,,23,11.5,6,0,2,0,True,True,3,0,True,0,3,0,defensive
Petrosian.pgn,Petrosian,black,"Gufeld, Eduard",URS-ch37,URS,1969.??.??,1969,?,"Gufeld, Eduard","Petrosian, Tigran V",,,0-1,black_win,win,C46,,46,23.0,8,0,2,0,True,True,4,0,True,0,4,0,defensive
Petrosian.pgn,Petrosian,black,"Kholmov, Ratmir D",URS-ch37,URS,1969.??.??,1969,?,"Kholmov, Ratmir D","Petrosian, Tigran V",,,1/2-1/2,draw,draw,D13,,33,16.5,10,0,2,0,True,True,5,0,True,0,5,0,defensive
Petrosian.pgn,Petrosian,black,"Kupreichik, Viktor D",URS-ch37,URS,1969.??.??,1969,?,"Kupreichik, Viktor D","Petrosian, Tigran V",,,1/2-1/2,draw,draw,B17,,71,35.5,15,4,0,0,False,False,7,3,False,0,8,1,defensive
Petrosian.pgn,Petrosian,black,"Lutikov, Anatoly S",URS-ch37,URS,1969.??.??,1969,?,"Lutikov, Anatoly S","Petrosian, Tigran V",,,0-1,black_win,win,B20,,66,33.0,10,0,2,0,True,True,5,0,True,0,5,0,defensive
Petrosian.pgn,Petrosian,white,"Averkin, Orest N",URS-ch37,URS,1969.??.??,1969,?,"Petrosian, Tigran V","Averkin, Orest N",,,1/2-1/2,draw,draw,A47,,59,29.5,12,1,2,0,True,True,6,1,True,0,6,0,defensive
Petrosian.pgn,Petrosian,white,"Liberzon, Vladimir M",URS-ch37,URS,1969.??.??,1969,?,"Petrosian, Tigran V","Liberzon, Vladimir M",,,1/2-1/2,draw,draw,D55,,67,33.5,18,1,2,0,True,True,9,1,True,0,9,0,defensive
Petrosian.pgn,Petrosian,white,"Platonov, Igor V",URS-ch37,URS,1969.??.??,1969,?,"Petrosian, Tigran V","Platonov, Igor V",,,1/2-1/2,draw,draw,E14,,40,20.0,8,1,2,0,True,True,4,0,True,0,4,1,defensive
Petrosian.pgn,Petrosian,white,"Polugaevsky, Lev",URS-ch37,URS,1969.??.??,1969,?,"Petrosian, Tigran V","Polugaevsky, Lev",,,1/2-1/2,draw,draw,E12,,60,30.0,12,2,2,0,True,True,6,2,True,0,6,0,defensive
Petrosian.pgn,Petrosian,white,"Savon, Vladimir A",URS-ch37,URS,1969.??.??,1969,?,"Petrosian, Tigran V","Savon, Vladimir A",,,1-0,white_win,win,D91,,73,36.5,16,9,1,0,False,True,8,8,False,0,8,1,defensive
Petrosian.pgn,Petrosian,white,"Smyslov, Vassily",URS-ch37,URS,1969.??.??,1969,?,"Petrosian, Tigran V","Smyslov, Vassily",,,1/2-1/2,draw,draw,E55,,25,12.5,2,0,2,0,True,True,1,0,True,0,1,0,defensive
Petrosian.pgn,Petrosian,white,"Stein, Leonid",URS-ch37,URS,1969.??.??,1969,?,"Petrosian, Tigran V","Stein, Leonid",,,1/2-1/2,draw,draw,E97,,45,22.5,4,0,2,0,True,True,2,0,True,0,2,0,defensive
Petrosian.pgn,Petrosian,white,"Taimanov, Mark E",URS-ch37,URS,1969.??.??,1969,?,"Petrosian, Tigran V","Taimanov, Mark E",,,1/2-1/2,draw,draw,B49,,46,23.0,16,0,1,0,True,False,8,0,True,0,8,0,defensive
Petrosian.pgn,Petrosian,white,"Tukmakov, Vladimir B",URS-ch37,URS,1969.??.??,1969,?,"Petrosian, Tigran V","Tukmakov, Vladimir B",,,1/2-1/2,draw,draw,D94,,35,17.5,10,0,1,1,False,True,5,0,False,1,5,0,defensive
Petrosian.pgn,Petrosian,white,"Vasiukov, Evgeni",URS-ch37,URS,1969.??.??,1969,?,"Petrosian, Tigran V","Vasiukov, Evgeni",,,1-0,white_win,win,A48,,155,77.5,23,13,2,0,True,True,12,5,True,0,11,8,defensive
Petrosian.pgn,Petrosian,black,"Zaitsev, Alexander N",URS-ch37,URS,1969.??.??,1969,?,"Zaitsev, Alexander N","Petrosian, Tigran V",,,1/2-1/2,draw,draw,E16,,69,34.5,10,1,2,0,True,True,5,1,True,0,5,0,defensive
Petrosian.pgn,Petrosian,black,"Zaitsev, Igor A",URS-ch37,URS,1969.??.??,1969,?,"Zaitsev, Igor A","Petrosian, Tigran V",,,0-1,black_win,win,C02,,66,33.0,9,0,2,0,True,True,5,0,True,0,4,0,defensive
Petrosian.pgn,Petrosian,black,"Zhukhovitsky, Samuel",URS-ch37,URS,1969.??.??,1969,?,"Zhukhovitsky, Samuel","Petrosian, Tigran V",,,1/2-1/2,draw,draw,B92,,42,21.0,6,0,2,0,True,True,3,0,True,0,3,0,defensive
Petrosian.pgn,Petrosian,white,"Tal, Mihail",URS-ch37,URS,1969.??.??,1969,?,"Petrosian, Tigran V","Tal, Mihail",,,1/2-1/2,draw,draw,D40,,30,15.0,5,1,2,0,True,True,2,0,True,0,3,1,defensive
Petrosian.pgn,Petrosian,black,"Polugaevsky, Lev",URS-ch37 playoff-1pl,URS,1969.??.??,1969,1,"Polugaevsky, Lev","Petrosian, Tigran V",,,0-1,black_win,win,A14,,72,36.0,13,4,2,0,True,True,7,3,True,0,6,1,defensive
Petrosian.pgn,Petrosian,white,"Polugaevsky, Lev",URS-ch37 playoff-1pl,URS,1969.??.??,1969,2,"Petrosian, Tigran V","Polugaevsky, Lev",,,1/2-1/2,draw,draw,A47,,42,21.0,10,0,2,0,True,True,5,0,True,0,5,0,defensive
Petrosian.pgn,Petrosian,black,"Polugaevsky, Lev",URS-ch37 playoff-1pl,URS,1969.??.??,1969,3,"Polugaevsky, Lev","Petrosian, Tigran V",,,1/2-1/2,draw,draw,D35,,81,40.5,10,1,2,0,True,True,5,0,True,0,5,1,defensive
Petrosian.pgn,Petrosian,white,"Polugaevsky, Lev",URS-ch37 playoff-1pl,URS,1969.??.??,1969,4,"Petrosian, Tigran V","Polugaevsky, Lev",,,1-0,white_win,win,E14,,83,41.5,15,1,2,0,True,True,8,0,True,0,7,1,defensive
Petrosian.pgn,Petrosian,black,"Polugaevsky, Lev",URS-ch37 playoff-1pl,URS,1969.??.??,1969,5,"Polugaevsky, Lev","Petrosian, Tigran V",,,1/2-1/2,draw,draw,E08,,74,37.0,10,0,2,0,True,True,5,0,True,0,5,0,defensive
Petrosian.pgn,Petrosian,black,"Fischer, Robert James",Belgrade URS-World,Belgrade,1970.??.??,1970,1.2,"Fischer, Robert James","Petrosian, Tigran V",,,1-0,white_win,loss,B13,,77,38.5,15,6,1,0,True,False,8,1,False,0,7,5,defensive
Petrosian.pgn,Petrosian,white,"Fischer, Robert James",Belgrade URS-World,Belgrade,1970.??.??,1970,2.2,"Petrosian, Tigran V","Fischer, Robert James",,,0-1,black_win,loss,A37,,132,66.0,26,5,2,0,True,True,13,2,True,0,13,3,defensive
Petrosian.pgn,Petrosian,black,"Fischer, Robert James",Belgrade URS-World,Belgrade,1970.??.??,1970,3.2,"Fischer, Robert James","Petrosian, Tigran V",,,1/2-1/2,draw,draw,B15,,63,31.5,14,0,1,0,False,True,7,0,True,0,7,0,defensive
Petrosian.pgn,Petrosian,white,"Fischer, Robert James",Belgrade URS-World,Belgrade,1970.??.??,1970,4.2,"Petrosian, Tigran V","Fischer, Robert James",,,1/2-1/2,draw,draw,D90,,104,52.0,22,6,1,0,False,True,11,0,False,0,11,6,defensive
Petrosian.pgn,Petrosian,black,"Smyslov, Vassily",Herceg Novi blitz,Herceg Novi,1970.??.??,1970,?,"Smyslov, Vassily","Petrosian, Tigran V",,,0-1,black_win,win,A33,,100,50.0,22,2,2,0,True,True,12,1,True,0,10,1,defensive
Petrosian.pgn,Petrosian,white,"Tal, Mihail",Herceg Novi blitz,Herceg Novi,1970.??.??,1970,?,"Petrosian, Tigran V","Tal, Mihail",,,1/2-1/2,draw,draw,D43,,42,21.0,8,0,2,0,True,True,4,0,True,0,4,0,defensive
Petrosian.pgn,Petrosian,white,"Fischer, Robert James",Herceg Novi blitz,Herceg Novi,1970.??.??,1970,?,"Petrosian, Tigran V","Fischer, Robert James",,,0-1,black_win,loss,E70,,84,42.0,21,8,2,0,True,True,10,1,True,0,11,7,defensive
Petrosian.pgn,Petrosian,white,"Bronstein, David I",Herceg Novi blitz,Herceg Novi,1970.??.??,1970,?,"Petrosian, Tigran V","Bronstein, David I",,,1-0,white_win,win,A80,,67,33.5,8,0,2,0,True,True,4,0,True,0,4,0,defensive
Petrosian.pgn,Petrosian,black,"Ivkov, Borislav",Herceg Novi blitz,Herceg Novi,1970.??.??,1970,?,"Ivkov, Borislav","Petrosian, Tigran V",,,0-1,black_win,win,C15,,64,32.0,16,3,0,0,False,False,9,2,False,0,7,1,defensive
Petrosian.pgn,Petrosian,black,"Fischer, Robert James",Herceg Novi blitz,Herceg Novi,1970.??.??,1970,?,"Fischer, Robert James","Petrosian, Tigran V",,,1-0,white_win,loss,C19,,81,40.5,17,6,2,0,True,True,7,3,True,0,10,3,defensive
Petrosian.pgn,Petrosian,white,"Portisch, Lajos",EU-chT Kapfenberg,Kapfenberg,1970.??.??,1970,2,"Petrosian, Tigran V","Portisch, Lajos",,,1/2-1/2,draw,draw,D59,,27,13.5,8,0,1,0,False,True,4,0,False,0,4,0,defensive
Petrosian.pgn,Petrosian,black,"Bobotsov, Milko G",EU-chT Kapfenberg,Kapfenberg,1970.??.??,1970,3,"Bobotsov, Milko G","Petrosian, Tigran V",,,1/2-1/2,draw,draw,E94,,66,33.0,14,2,2,0,True,True,7,0,True,0,7,2,defensive
Petrosian.pgn,Petrosian,black,"Jakobsen, Ole",EU-chT Kapfenberg,Kapfenberg,1970.??.??,1970,4,"Jakobsen, Ole","Petrosian, Tigran V",,,1/2-1/2,draw,draw,A40,,68,34.0,13,5,2,0,True,True,7,5,True,0,6,0,defensive
Petrosian.pgn,Petrosian,black,"Uhlmann, Wolfgang",EU-chT Kapfenberg,Kapfenberg,1970.??.??,1970,6,"Uhlmann, Wolfgang","Petrosian, Tigran V",,,1/2-1/2,draw,draw,D28,,23,11.5,8,0,1,0,True,False,4,0,False,0,4,0,defensive
Petrosian.pgn,Petrosian,white,"Gligoric, Svetozar",EU-chT Kapfenberg,Kapfenberg,1970.??.??,1970,7,"Petrosian, Tigran V","Gligoric, Svetozar",,,1/2-1/2,draw,draw,E93,,72,36.0,16,2,2,0,True,True,8,1,True,0,8,1,defensive
Petrosian.pgn,Petrosian,white,"Fuller, Maxwell L",Siegen olm,Siegen,1970.??.??,1970,1,"Petrosian, Tigran V","Fuller, Maxwell L",,,1-0,white_win,win,E14,,113,56.5,19,7,2,0,True,True,10,1,True,0,9,6,defensive
Petrosian.pgn,Petrosian,black,"Pomar Salamanca, Arturo",Siegen olm,Siegen,1970.??.??,1970,2,"Pomar Salamanca, Arturo","Petrosian, Tigran V",,,0-1,black_win,win,A41,,60,30.0,13,2,2,0,True,True,6,1,True,0,7,1,defensive
Petrosian.pgn,Petrosian,black,"Petersen, Peter Birk",Siegen olm,Siegen,1970.??.??,1970,4,"Petersen, Peter Birk","Petrosian, Tigran V",,,0-1,black_win,win,B90,,93,46.5,18,7,2,0,True,True,10,6,True,0,8,1,defensive
Petrosian.pgn,Petrosian,white,"Trikaliotis, Georgios",Siegen olm,Siegen,1970.??.??,1970,6,"Petrosian, Tigran V","Trikaliotis, Georgios",,,1-0,white_win,win,D55,,75,37.5,16,2,2,0,True,True,8,2,True,0,8,0,defensive
Petrosian.pgn,Petrosian,white,"Rodriguez Vargas, Orestes",Siegen olm,Siegen,1970.??.??,1970,7,"Petrosian, Tigran V","Rodriguez Vargas, Orestes",,,1-0,white_win,win,D45,,39,19.5,10,0,2,0,True,True,6,0,True,0,4,0,defensive
Petrosian.pgn,Petrosian,black,"Belkadi, Ridha",Siegen olm,Siegen,1970.??.??,1970,9,"Belkadi, Ridha","Petrosian, Tigran V",,,1/2-1/2,draw,draw,E82,,51,25.5,9,0,2,0,True,True,4,0,True,0,5,0,defensive
Petrosian.pgn,Petrosian,black,"Schmid, Lothar",Siegen olm,Siegen,1970.??.??,1970,10,"Schmid, Lothar","Petrosian, Tigran V",,,1/2-1/2,draw,draw,B43,,43,21.5,6,0,2,0,True,True,3,0,True,0,3,0,defensive
Petrosian.pgn,Petrosian,black,"Gligoric, Svetozar",Siegen olm,Siegen,1970.??.??,1970,11,"Gligoric, Svetozar","Petrosian, Tigran V",,,1/2-1/2,draw,draw,E43,,82,41.0,16,2,2,0,True,True,8,0,True,0,8,2,defensive
Petrosian.pgn,Petrosian,white,"Hort, Vlastimil",Siegen olm,Siegen,1970.??.??,1970,12,"Petrosian, Tigran V","Hort, Vlastimil",,,1/2-1/2,draw,draw,D79,,43,21.5,2,0,2,0,True,True,1,0,True,0,1,0,defensive
Petrosian.pgn,Petrosian,white,"Lengyel, Levente",Siegen olm,Siegen,1970.??.??,1970,13,"Petrosian, Tigran V","Lengyel, Levente",,,1/2-1/2,draw,draw,E51,,39,19.5,4,0,1,0,False,True,2,0,False,0,2,0,defensive
Petrosian.pgn,Petrosian,black,"Reshevsky, Samuel Herman",Siegen olm,Siegen,1970.??.??,1970,14,"Reshevsky, Samuel Herman","Petrosian, Tigran V",,,1/2-1/2,draw,draw,D27,,40,20.0,8,0,2,0,True,True,4,0,True,0,4,0,defensive
Petrosian.pgn,Petrosian,white,"Liebert, Heinz",Siegen olm,Siegen,1970.??.??,1970,15,"Petrosian, Tigran V","Liebert, Heinz",,,1-0,white_win,win,A29,,97,48.5,22,3,2,0,True,True,11,3,True,0,11,0,defensive
Petrosian.pgn,Petrosian,black,"Najdorf, Miguel",Siegen olm,Siegen,1970.??.??,1970,17,"Najdorf, Miguel","Petrosian, Tigran V",,,1/2-1/2,draw,draw,E52,,33,16.5,7,1,2,0,True,True,3,1,True,0,4,0,defensive
Petrosian.pgn,Petrosian,black,"Suttles, Duncan",Siegen olm,Siegen,1970.??.??,1970,18,"Suttles, Duncan","Petrosian, Tigran V",,,1/2-1/2,draw,draw,B10,,50,25.0,4,0,2,0,True,True,2,0,True,0,2,0,defensive
Petrosian.pgn,Petrosian,white,"Bronstein, David I",Vinkovci,Vinkovci,1970.??.??,1970,1,"Petrosian, Tigran V","Bronstein, David I",,,1/2-1/2,draw,draw,D94,,82,41.0,20,1,2,0,True,True,10,0,True,0,10,1,defensive
Petrosian.pgn,Petrosian,black,"Parma, Bruno",Vinkovci,Vinkovci,1970.??.??,1970,2,"Parma, Bruno","Petrosian, Tigran V",,,1/2-1/2,draw,draw,C10,,39,19.5,14,3,2,0,True,True,7,0,True,0,7,3,defensive
Petrosian.pgn,Petrosian,white,"Ledic, Tomislav",Vinkovci,Vinkovci,1970.??.??,1970,3,"Petrosian, Tigran V","Ledic, Tomislav",,,1-0,white_win,win,A85,,87,43.5,16,5,0,0,False,False,8,1,False,0,8,4,defensive
Petrosian.pgn,Petrosian,black,"Gligoric, Svetozar",Vinkovci,Vinkovci,1970.??.??,1970,4,"Gligoric, Svetozar","Petrosian, Tigran V",,,1/2-1/2,draw,draw,E45,,22,11.0,3,1,2,0,True,True,2,1,True,0,1,0,defensive
Petrosian.pgn,Petrosian,white,"Velimirovic, Dragoljub",Vinkovci,Vinkovci,1970.??.??,1970,5,"Petrosian, Tigran V","Velimirovic, Dragoljub",,,1/2-1/2,draw,draw,E65,,86,43.0,16,1,2,0,True,True,8,0,True,0,8,1,defensive
Petrosian.pgn,Petrosian,black,"Bertok, Mario",Vinkovci,Vinkovci,1970.??.??,1970,6,"Bertok, Mario","Petrosian, Tigran V",,,1/2-1/2,draw,draw,A56,,49,24.5,4,0,0,0,False,False,2,0,False,0,2,0,defensive
Petrosian.pgn,Petrosian,white,"Quinteros, Miguel A",Vinkovci,Vinkovci,1970.??.??,1970,7,"Petrosian, Tigran V","Quinteros, Miguel A",,,1/2-1/2,draw,draw,E92,,88,44.0,12,2,2,0,True,True,6,2,True,0,6,0,defensive
Petrosian.pgn,Petrosian,black,"Szabo, Laszlo",Vinkovci,Vinkovci,1970.??.??,1970,8,"Szabo, Laszlo","Petrosian, Tigran V",,,1/2-1/2,draw,draw,B06,,60,30.0,7,1,0,0,False,False,4,1,False,0,3,0,defensive
Petrosian.pgn,Petrosian,white,"Ozanic, Marijan",Vinkovci,Vinkovci,1970.??.??,1970,9,"Petrosian, Tigran V","Ozanic, Marijan",,,1-0,white_win,win,E81,,61,30.5,5,0,2,0,True,True,3,0,True,0,2,0,defensive
Petrosian.pgn,Petrosian,black,"Hort, Vlastimil",Vinkovci,Vinkovci,1970.??.??,1970,10,"Hort, Vlastimil","Petrosian, Tigran V",,,1/2-1/2,draw,draw,B06,,33,16.5,4,0,2,0,True,True,2,0,True,0,2,0,defensive
Petrosian.pgn,Petrosian,white,"Larsen, Bent",Vinkovci,Vinkovci,1970.??.??,1970,11,"Petrosian, Tigran V","Larsen, Bent",,,1/2-1/2,draw,draw,A17,,83,41.5,16,2,2,0,True,True,8,0,True,0,8,2,defensive
Petrosian.pgn,Petrosian,white,"Taimanov, Mark E",Vinkovci,Vinkovci,1970.??.??,1970,12,"Petrosian, Tigran V","Taimanov, Mark E",,,1-0,white_win,win,A29,,79,39.5,14,0,2,0,True,True,8,0,True,0,6,0,defensive
Petrosian.pgn,Petrosian,black,"Minic, Dragoljub",Vinkovci,Vinkovci,1970.??.??,1970,13,"Minic, Dragoljub","Petrosian, Tigran V",,,1/2-1/2,draw,draw,B06,,21,10.5,2,0,2,0,True,True,1,0,True,0,1,0,defensive
Petrosian.pgn,Petrosian,white,"Tomic, Dragoslav",Vinkovci,Vinkovci,1970.??.??,1970,14,"Petrosian, Tigran V","Tomic, Dragoslav",,,1-0,white_win,win,D36,,79,39.5,18,5,2,0,True,True,8,3,True,0,10,2,defensive
Petrosian.pgn,Petrosian,black,"Maric, Rudolf",Vinkovci,Vinkovci,1970.??.??,1970,15,"Maric, Rudolf","Petrosian, Tigran V",,,1-0,white_win,loss,B08,,51,25.5,10,1,2,0,True,True,4,0,True,0,6,1,defensive
Petrosian.pgn,Petrosian,white,"Nicevski, Risto",Rovinj/Zagreb,Zagreb,1970.??.??,1970,1,"Petrosian, Tigran V","Nicevski, Risto",,,1-0,white_win,win,E91,,75,37.5,18,0,2,0,True,True,10,0,True,0,8,0,defensive
Petrosian.pgn,Petrosian,black,"Marovic, Drazen",Rovinj/Zagreb,Zagreb,1970.??.??,1970,2,"Marovic, Drazen","Petrosian, Tigran V",,,1/2-1/2,draw,draw,E41,,34,17.0,2,1,2,0,True,True,1,1,True,0,1,0,defensive
Petrosian.pgn,Petrosian,white,"Uhlmann, Wolfgang",Rovinj/Zagreb,Zagreb,1970.??.??,1970,3,"Petrosian, Tigran V","Uhlmann, Wolfgang",,,1/2-1/2,draw,draw,E89,,24,12.0,2,0,2,0,True,True,1,0,True,0,1,0,defensive
Petrosian.pgn,Petrosian,black,"Kovacevic, Vlatko",Rovinj/Zagreb,Zagreb,1970.??.??,1970,4,"Kovacevic, Vlatko","Petrosian, Tigran V",,,0-1,black_win,win,A53,,100,50.0,20,8,2,0,True,True,11,5,True,0,9,3,defensive
Petrosian.pgn,Petrosian,white,"Gligoric, Svetozar",Rovinj/Zagreb,Zagreb,1970.??.??,1970,5,"Petrosian, Tigran V","Gligoric, Svetozar",,,0-1,black_win,loss,E97,,66,33.0,12,2,2,0,True,True,5,0,True,0,7,2,defensive
Petrosian.pgn,Petrosian,black,"Udovcic, Mijo",Rovinj/Zagreb,Zagreb,1970.??.??,1970,6,"Udovcic, Mijo","Petrosian, Tigran V",,,0-1,black_win,win,A04,,80,40.0,15,1,2,0,True,True,7,1,True,0,8,0,defensive
Petrosian.pgn,Petrosian,white,"Bertok, Mario",Rovinj/Zagreb,Zagreb,1970.??.??,1970,7,"Petrosian, Tigran V","Bertok, Mario",,,1/2-1/2,draw,draw,E14,,82,41.0,14,0,2,0,True,True,7,0,True,0,7,0,defensive
Petrosian.pgn,Petrosian,black,"Kortschnoj, Viktor",Rovinj/Zagreb,Zagreb,1970.??.??,1970,8,"Kortschnoj, Viktor","Petrosian, Tigran V",,,1/2-1/2,draw,draw,E19,,47,23.5,8,0,2,0,True,True,4,0,True,0,4,0,defensive
Petrosian.pgn,Petrosian,white,"Parma, Bruno",Rovinj/Zagreb,Zagreb,1970.??.??,1970,9,"Petrosian, Tigran V","Parma, Bruno",,,1-0,white_win,win,E06,,101,50.5,17,4,2,0,True,True,9,2,True,0,8,2,defensive
Petrosian.pgn,Petrosian,black,"Minic, Dragoljub",Rovinj/Zagreb,Zagreb,1970.??.??,1970,10,"Minic, Dragoljub","Petrosian, Tigran V",,,1/2-1/2,draw,draw,C95,,29,14.5,0,0,2,0,True,True,0,0,True,0,0,0,defensive
Petrosian.pgn,Petrosian,white,"Ivkov, Borislav",Rovinj/Zagreb,Zagreb,1970.??.??,1970,11,"Petrosian, Tigran V","Ivkov, Borislav",,,1/2-1/2,draw,draw,E32,,38,19.0,5,3,2,0,True,True,2,1,True,0,3,2,defensive
Petrosian.pgn,Petrosian,black,"Ghitescu, Theodor",Rovinj/Zagreb,Zagreb,1970.??.??,1970,12,"Ghitescu, Theodor","Petrosian, Tigran V",,,1/2-1/2,draw,draw,A56,,63,31.5,8,1,1,0,False,True,4,1,True,0,4,0,defensive
Petrosian.pgn,Petrosian,white,"Smyslov, Vassily",Rovinj/Zagreb,Zagreb,1970.??.??,1970,13,"Petrosian, Tigran V","Smyslov, Vassily",,,1/2-1/2,draw,draw,E12,,32,16.0,12,0,1,0,False,True,6,0,False,0,6,0,defensive
Petrosian.pgn,Petrosian,black,"Kurajica, Bojan",Rovinj/Zagreb,Zagreb,1970.??.??,1970,14,"Kurajica, Bojan","Petrosian, Tigran V",,,1/2-1/2,draw,draw,C15,,85,42.5,22,1,2,0,True,True,11,0,True,0,11,1,defensive
Petrosian.pgn,Petrosian,white,"Hort, Vlastimil",Rovinj/Zagreb,Zagreb,1970.??.??,1970,15,"Petrosian, Tigran V","Hort, Vlastimil",,,1/2-1/2,draw,draw,D40,,116,58.0,20,1,2,0,True,True,10,1,True,0,10,0,defensive
Petrosian.pgn,Petrosian,black,"Browne, Walter S",Rovinj/Zagreb,Zagreb,1970.??.??,1970,16,"Browne, Walter S","Petrosian, Tigran V",,,0-1,black_win,win,C05,,80,40.0,14,1,1,0,True,False,7,1,False,0,7,0,defensive
Petrosian.pgn,Petrosian,white,"Fischer, Robert James",Rovinj/Zagreb,Zagreb,1970.??.??,1970,17,"Petrosian, Tigran V","Fischer, Robert James",,,1/2-1/2,draw,draw,B38,,87,43.5,23,10,2,0,True,True,11,7,True,0,12,3,defensive
Petrosian.pgn,Petrosian,black,"Fischer, Robert James",Candidats final,Buenos Aires,1971.??.??,1971,1,"Fischer, Robert James","Petrosian, Tigran V",2760.0,2640.0,1-0,white_win,loss,B44,,79,39.5,23,1,2,0,True,True,12,1,True,0,11,0,defensive
Petrosian.pgn,Petrosian,white,"Fischer, Robert James",Candidats final,Buenos Aires,1971.??.??,1971,2,"Petrosian, Tigran V","Fischer, Robert James",2640.0,2760.0,1-0,white_win,win,D82,,63,31.5,17,3,1,1,True,False,9,2,True,0,8,1,defensive
Petrosian.pgn,Petrosian,black,"Fischer, Robert James",Candidats final,Buenos Aires,1971.??.??,1971,3,"Fischer, Robert James","Petrosian, Tigran V",2760.0,2640.0,1/2-1/2,draw,draw,C11,,66,33.0,16,0,2,0,True,True,8,0,True,0,8,0,defensive
Petrosian.pgn,Petrosian,white,"Fischer, Robert James",Candidats final,Buenos Aires,1971.??.??,1971,4,"Petrosian, Tigran V","Fischer, Robert James",2640.0,2760.0,1/2-1/2,draw,draw,B36,,40,20.0,12,2,1,0,False,True,6,1,False,0,6,1,defensive
Petrosian.pgn,Petrosian,black,"Fischer, Robert James",Candidats final,Buenos Aires,1971.??.??,1971,5,"Fischer, Robert James","Petrosian, Tigran V",2760.0,2640.0,1/2-1/2,draw,draw,C42,,75,37.5,18,0,2,0,True,True,9,0,True,0,9,0,defensive
Petrosian.pgn,Petrosian,white,"Fischer, Robert James",Candidats final,Buenos Aires,1971.??.??,1971,6,"Petrosian, Tigran V","Fischer, Robert James",2640.0,2760.0,0-1,black_win,loss,A06,,132,66.0,21,10,2,0,True,True,11,7,True,0,10,3,defensive
Petrosian.pgn,Petrosian,black,"Fischer, Robert James",Candidats final,Buenos Aires,1971.??.??,1971,7,"Fischer, Robert James","Petrosian, Tigran V",2760.0,2640.0,1-0,white_win,loss,B42,,67,33.5,15,4,2,0,True,True,8,1,True,0,7,3,defensive
Petrosian.pgn,Petrosian,white,"Fischer, Robert James",Candidats final,Buenos Aires,1971.??.??,1971,8,"Petrosian, Tigran V","Fischer, Robert James",2640.0,2760.0,0-1,black_win,loss,D40,,78,39.0,19,1,2,0,True,True,9,0,True,0,10,1,defensive
Petrosian.pgn,Petrosian,black,"Fischer, Robert James",Candidats final,Buenos Aires,1971.??.??,1971,9,"Fischer, Robert James","Petrosian, Tigran V",2760.0,2640.0,1-0,white_win,loss,C10,,91,45.5,23,9,2,0,True,True,10,7,True,0,13,2,defensive
Petrosian.pgn,Petrosian,black,"Stein, Leonid",Moscow,Moscow,1971.??.??,1971,?,"Stein, Leonid","Petrosian, Tigran V",2605.0,2640.0,1/2-1/2,draw,draw,C41,,43,21.5,2,0,2,0,True,True,1,0,True,0,1,0,defensive
Petrosian.pgn,Petrosian,black,"Smyslov, Vassily",Moscow,Moscow,1971.??.??,1971,?,"Smyslov, Vassily","Petrosian, Tigran V",2620.0,2640.0,1-0,white_win,loss,D43,,82,41.0,6,0,2,0,True,True,3,0,True,0,3,0,defensive
Petrosian.pgn,Petrosian,black,"Savon, Vladimir A",Moscow,Moscow,1971.??.??,1971,?,"Savon, Vladimir A","Petrosian, Tigran V",2570.0,2640.0,1/2-1/2,draw,draw,B10,,146,73.0,20,2,2,0,True,True,10,0,True,0,10,2,defensive
Petrosian.pgn,Petrosian,white,"Uhlmann, Wolfgang",Moscow,Moscow,1971.??.??,1971,?,"Petrosian, Tigran V","Uhlmann, Wolfgang",2640.0,2570.0,1/2-1/2,draw,draw,D86,,40,20.0,6,0,2,0,True,True,3,0,True,0,3,0,defensive
Petrosian.pgn,Petrosian,white,"Tal, Mihail",Moscow,Moscow,1971.??.??,1971,?,"Petrosian, Tigran V","Tal, Mihail",2640.0,2620.0,1/2-1/2,draw,draw,E07,,28,14.0,2,0,2,0,True,True,1,0,True,0,1,0,defensive
Petrosian.pgn,Petrosian,white,"Tukmakov, Vladimir B",Moscow,Moscow,1971.??.??,1971,?,"Petrosian, Tigran V","Tukmakov, Vladimir B",2640.0,2565.0,1/2-1/2,draw,draw,D78,,38,19.0,4,0,2,0,True,True,2,0,True,0,2,0,defensive
Petrosian.pgn,Petrosian,white,"Spassky, Boris V",Moscow,Moscow,1971.??.??,1971,?,"Petrosian, Tigran V","Spassky, Boris V",2640.0,2690.0,1-0,white_win,win,D27,,77,38.5,17,0,2,0,True,True,9,0,True,0,8,0,defensive
Petrosian.pgn,Petrosian,white,"Karpov, Anatoly",Moscow,Moscow,1971.??.??,1971,?,"Petrosian, Tigran V","Karpov, Anatoly",2640.0,2540.0,1/2-1/2,draw,draw,E18,,32,16.0,6,0,2,0,True,True,3,0,True,0,3,0,defensive
Petrosian.pgn,Petrosian,white,"Hort, Vlastimil",Moscow,Moscow,1971.??.??,1971,?,"Petrosian, Tigran V","Hort, Vlastimil",2640.0,2605.0,1/2-1/2,draw,draw,D41,,26,13.0,6,0,2,0,True,True,3,0,True,0,3,0,defensive
Petrosian.pgn,Petrosian,white,"Bronstein, David I",Moscow,Moscow,1971.??.??,1971,?,"Petrosian, Tigran V","Bronstein, David I",2640.0,2590.0,1/2-1/2,draw,draw,D82,,23,11.5,7,3,0,0,False,False,4,3,False,0,3,0,defensive
Petrosian.pgn,Petrosian,white,"Balashov, Yuri S",Moscow,Moscow,1971.??.??,1971,?,"Petrosian, Tigran V","Balashov, Yuri S",2640.0,2570.0,1-0,white_win,win,E42,,119,59.5,26,14,1,0,False,True,13,6,False,0,13,8,defensive
Petrosian.pgn,Petrosian,black,"Parma, Bruno",Moscow,Moscow,1971.??.??,1971,?,"Parma, Bruno","Petrosian, Tigran V",2530.0,2640.0,0-1,black_win,win,B82,,74,37.0,9,1,2,0,True,True,4,1,True,0,5,0,defensive
Petrosian.pgn,Petrosian,black,"Olafsson, Fridrik",Moscow,Moscow,1971.??.??,1971,?,"Olafsson, Fridrik","Petrosian, Tigran V",2570.0,2640.0,1/2-1/2,draw,draw,E73,,31,15.5,6,1,2,0,True,True,3,0,True,0,3,1,defensive
Petrosian.pgn,Petrosian,black,"Lengyel, Levente",Moscow,Moscow,1971.??.??,1971,?,"Lengyel, Levente","Petrosian, Tigran V",2485.0,2640.0,1/2-1/2,draw,draw,D26,,33,16.5,6,0,2,0,True,True,3,0,True,0,3,0,defensive
Petrosian.pgn,Petrosian,black,"Kortschnoj, Viktor",Moscow,Moscow,1971.??.??,1971,?,"Kortschnoj, Viktor","Petrosian, Tigran V",2670.0,2640.0,0-1,black_win,win,D60,,60,30.0,13,1,2,0,True,True,7,1,True,0,6,0,defensive
Petrosian.pgn,Petrosian,black,"Gheorghiu, Florin",Moscow,Moscow,1971.??.??,1971,?,"Gheorghiu, Florin","Petrosian, Tigran V",2530.0,2640.0,1/2-1/2,draw,draw,B06,,27,13.5,4,0,2,0,True,True,2,0,True,0,2,0,defensive
Petrosian.pgn,Petrosian,black,"Byrne, Robert E",Moscow,Moscow,1971.??.??,1971,?,"Byrne, Robert E","Petrosian, Tigran V",2510.0,2640.0,1/2-1/2,draw,draw,B15,,27,13.5,4,1,2,0,True,True,2,0,True,0,2,1,defensive
Petrosian.pgn,Petrosian,white,"Kortschnoj, Viktor",Candidats sf2,Moscow,1971.??.??,1971,1,"Petrosian, Tigran V","Kortschnoj, Viktor",2640.0,2670.0,1/2-1/2,draw,draw,E35,,70,35.0,22,1,2,0,True,True,11,0,True,0,11,1,defensive
Petrosian.pgn,Petrosian,black,"Kortschnoj, Viktor",Candidats sf2,Moscow,1971.??.??,1971,2,"Kortschnoj, Viktor","Petrosian, Tigran V",2670.0,2640.0,1/2-1/2,draw,draw,E11,,73,36.5,14,3,2,0,True,True,7,2,True,0,7,1,defensive
Petrosian.pgn,Petrosian,white,"Kortschnoj, Viktor",Candidats sf2,Moscow,1971.??.??,1971,3,"Petrosian, Tigran V","Kortschnoj, Viktor",2640.0,2670.0,1/2-1/2,draw,draw,A09,,54,27.0,12,0,2,0,True,True,6,0,True,0,6,0,defensive
Petrosian.pgn,Petrosian,black,"Kortschnoj, Viktor",Candidats sf2,Moscow,1971.??.??,1971,4,"Kortschnoj, Viktor","Petrosian, Tigran V",2670.0,2640.0,1/2-1/2,draw,draw,E11,,132,66.0,23,16,2,0,True,True,12,11,True,0,11,5,defensive
Petrosian.pgn,Petrosian,white,"Kortschnoj, Viktor",Candidats sf2,Moscow,1971.??.??,1971,5,"Petrosian, Tigran V","Kortschnoj, Viktor",2640.0,2670.0,1/2-1/2,draw,draw,D40,,30,15.0,10,1,0,0,False,False,5,1,False,0,5,0,defensive
Petrosian.pgn,Petrosian,black,"Kortschnoj, Viktor",Candidats sf2,Moscow,1971.??.??,1971,6,"Kortschnoj, Viktor","Petrosian, Tigran V",2670.0,2640.0,1/2-1/2,draw,draw,E17,,83,41.5,17,1,2,0,True,True,9,1,True,0,8,0,defensive
Petrosian.pgn,Petrosian,white,"Kortschnoj, Viktor",Candidats sf2,Moscow,1971.??.??,1971,7,"Petrosian, Tigran V","Kortschnoj, Viktor",2640.0,2670.0,1/2-1/2,draw,draw,D75,,26,13.0,10,0,2,0,True,True,5,0,True,0,5,0,defensive
Petrosian.pgn,Petrosian,black,"Kortschnoj, Viktor",Candidats sf2,Moscow,1971.??.??,1971,8,"Kortschnoj, Viktor","Petrosian, Tigran V",2670.0,2640.0,1/2-1/2,draw,draw,E15,,31,15.5,2,1,2,0,True,True,1,1,True,0,1,0,defensive
Petrosian.pgn,Petrosian,white,"Kortschnoj, Viktor",Candidats sf2,Moscow,1971.??.??,1971,9,"Petrosian, Tigran V","Kortschnoj, Viktor",2640.0,2670.0,1-0,white_win,win,A20,,82,41.0,16,2,2,0,True,True,8,2,True,0,8,0,defensive
Petrosian.pgn,Petrosian,black,"Kortschnoj, Viktor",Candidats sf2,Moscow,1971.??.??,1971,10,"Kortschnoj, Viktor","Petrosian, Tigran V",2670.0,2640.0,1/2-1/2,draw,draw,E02,,80,40.0,15,3,2,0,True,True,8,0,True,0,7,3,defensive
Petrosian.pgn,Petrosian,black,"Huebner, Robert",Candidats qf4,Sevilla,1971.??.??,1971,1,"Huebner, Robert","Petrosian, Tigran V",2590.0,2640.0,1/2-1/2,draw,draw,B14,,82,41.0,24,4,2,0,True,True,12,0,True,0,12,4,defensive
Petrosian.pgn,Petrosian,white,"Huebner, Robert",Candidats qf4,Sevilla,1971.??.??,1971,2,"Petrosian, Tigran V","Huebner, Robert",2640.0,2590.0,1/2-1/2,draw,draw,D58,,84,42.0,18,2,2,0,True,True,9,0,True,0,9,2,defensive
Petrosian.pgn,Petrosian,black,"Huebner, Robert",Candidats qf4,Sevilla,1971.??.??,1971,3,"Huebner, Robert","Petrosian, Tigran V",2590.0,2640.0,1/2-1/2,draw,draw,B86,,54,27.0,18,1,2,0,True,True,8,1,True,0,10,0,defensive
Petrosian.pgn,Petrosian,white,"Huebner, Robert",Candidats qf4,Sevilla,1971.??.??,1971,4,"Petrosian, Tigran V","Huebner, Robert",2640.0,2590.0,1/2-1/2,draw,draw,D55,,48,24.0,6,0,2,0,True,True,3,0,True,0,3,0,defensive
Petrosian.pgn,Petrosian,black,"Huebner, Robert",Candidats qf4,Sevilla,1971.??.??,1971,5,"Huebner, Robert","Petrosian, Tigran V",2590.0,2640.0,1/2-1/2,draw,draw,B50,,27,13.5,6,1,0,0,False,False,3,0,False,0,3,1,defensive
Petrosian.pgn,Petrosian,white,"Huebner, Robert",Candidats qf4,Sevilla,1971.??.??,1971,6,"Petrosian, Tigran V","Huebner, Robert",2640.0,2590.0,1/2-1/2,draw,draw,D53,,29,14.5,6,0,2,0,True,True,3,0,True,0,3,0,defensive
Petrosian.pgn,Petrosian,black,"Huebner, Robert",Candidats qf4,Sevilla,1971.??.??,1971,7,"Huebner, Robert","Petrosian, Tigran V",2590.0,2640.0,0-1,black_win,win,B82,,80,40.0,20,1,2,0,True,True,11,1,True,0,9,0,defensive
Petrosian.pgn,Petrosian,black,"Huebner, Robert",Hoogovens,Wijk aan Zee,1971.??.??,1971,1,"Huebner, Robert","Petrosian, Tigran V",2590.0,2640.0,1/2-1/2,draw,draw,B47,,189,94.5,23,11,2,0,True,True,12,9,True,0,11,2,defensive
Petrosian.pgn,Petrosian,white,"Gligoric, Svetozar",Hoogovens,Wijk aan Zee,1971.??.??,1971,2,"Petrosian, Tigran V","Gligoric, Svetozar",2640.0,2600.0,1/2-1/2,draw,draw,A15,,32,16.0,4,0,2,0,True,True,2,0,True,0,2,0,defensive
Petrosian.pgn,Petrosian,black,"Andersson, Ulf",Hoogovens,Wijk aan Zee,1971.??.??,1971,3,"Andersson, Ulf","Petrosian, Tigran V",2480.0,2640.0,1/2-1/2,draw,draw,C07,,75,37.5,18,1,2,0,True,True,9,0,True,0,9,1,defensive
Petrosian.pgn,Petrosian,white,"Lengyel, Levente",Hoogovens,Wijk aan Zee,1971.??.??,1971,4,"Petrosian, Tigran V","Lengyel, Levente",2640.0,2490.0,1/2-1/2,draw,draw,E14,,34,17.0,2,0,2,0,True,True,1,0,True,0,1,0,defensive
Petrosian.pgn,Petrosian,black,"Najdorf, Miguel",Hoogovens,Wijk aan Zee,1971.??.??,1971,5,"Najdorf, Miguel","Petrosian, Tigran V",2560.0,2640.0,1/2-1/2,draw,draw,E19,,41,20.5,6,0,2,0,True,True,3,0,True,0,3,0,defensive
Petrosian.pgn,Petrosian,white,"Mecking, Henrique",Hoogovens,Wijk aan Zee,1971.??.??,1971,6,"Petrosian, Tigran V","Mecking, Henrique",2640.0,2550.0,1-0,white_win,win,D03,,114,57.0,11,2,1,0,True,False,5,2,True,0,6,0,defensive
Petrosian.pgn,Petrosian,black,"Olafsson, Fridrik",Hoogovens,Wijk aan Zee,1971.??.??,1971,7,"Olafsson, Fridrik","Petrosian, Tigran V",2570.0,2640.0,1/2-1/2,draw,draw,D94,,26,13.0,2,0,2,0,True,True,1,0,True,0,1,0,defensive
Petrosian.pgn,Petrosian,white,"Hort, Vlastimil",Hoogovens,Wijk aan Zee,1971.??.??,1971,8,"Petrosian, Tigran V","Hort, Vlastimil",2640.0,2600.0,1-0,white_win,win,E64,,67,33.5,12,0,2,0,True,True,6,0,True,0,6,0,defensive
Petrosian.pgn,Petrosian,black,"Langeweg, Kick",Hoogovens,Wijk aan Zee,1971.??.??,1971,9,"Langeweg, Kick","Petrosian, Tigran V",2400.0,2640.0,1/2-1/2,draw,draw,C41,,38,19.0,0,0,2,0,True,True,0,0,True,0,0,0,defensive
Petrosian.pgn,Petrosian,white,"Kuijpers, Franciscus Antonius",Hoogovens,Wijk aan Zee,1971.??.??,1971,10,"Petrosian, Tigran V","Kuijpers, Franciscus Antonius",2640.0,2420.0,1/2-1/2,draw,draw,D45,,70,35.0,14,1,2,0,True,True,7,1,True,0,7,0,defensive
Petrosian.pgn,Petrosian,black,"Ivkov, Borislav",Hoogovens,Wijk aan Zee,1971.??.??,1971,11,"Ivkov, Borislav","Petrosian, Tigran V",2570.0,2640.0,1/2-1/2,draw,draw,D59,,21,10.5,4,0,1,0,False,True,2,0,True,0,2,0,defensive
Petrosian.pgn,Petrosian,black,"Kortschnoj, Viktor",Hoogovens,Wijk aan Zee,1971.??.??,1971,13,"Kortschnoj, Viktor","Petrosian, Tigran V",2660.0,2640.0,1/2-1/2,draw,draw,A07,,84,42.0,18,2,2,0,True,True,9,2,True,0,9,0,defensive
Petrosian.pgn,Petrosian,black,"Donner, Jan Hein",Hoogovens,Wijk aan Zee,1971.??.??,1971,14,"Donner, Jan Hein","Petrosian, Tigran V",2500.0,2640.0,1/2-1/2,draw,draw,E94,,26,13.0,0,0,2,0,True,True,0,0,True,0,0,0,defensive
Petrosian.pgn,Petrosian,white,"Van den Berg, Carel Benjamin",Hoogovens,Wijk aan Zee,1971.??.??,1971,15,"Petrosian, Tigran V","Van den Berg, Carel Benjamin",2640.0,2450.0,1-0,white_win,win,B10,,69,34.5,9,0,2,0,True,True,5,0,True,0,4,0,defensive
Petrosian.pgn,Petrosian,white,"Kapengut, Albert Z",URS-chT Moscow,Moscow,1972.??.??,1972,?,"Petrosian, Tigran V","Kapengut, Albert Z",2645.0,2485.0,1/2-1/2,draw,draw,A73,,52,26.0,13,1,2,0,True,True,7,0,True,0,6,1,defensive
Petrosian.pgn,Petrosian,black,"Mukhin, Evgeny B",URS-chT Moscow,Moscow,1972.??.??,1972,?,"Mukhin, Evgeny B","Petrosian, Tigran V",2420.0,2645.0,1/2-1/2,draw,draw,E49,,40,20.0,9,1,2,0,True,True,5,1,True,0,4,0,defensive
Petrosian.pgn,Petrosian,white,"Polugaevsky, Lev",URS-chT Moscow,Moscow,1972.??.??,1972,?,"Petrosian, Tigran V","Polugaevsky, Lev",2645.0,2645.0,1/2-1/2,draw,draw,A17,,68,34.0,14,1,2,0,True,True,7,0,True,0,7,1,defensive
Petrosian.pgn,Petrosian,white,"Savon, Vladimir A",URS-chT Moscow,Moscow,1972.??.??,1972,?,"Petrosian, Tigran V","Savon, Vladimir A",2645.0,2595.0,1-0,white_win,win,D94,,72,36.0,11,1,2,0,True,True,6,0,True,0,5,1,defensive
Petrosian.pgn,Petrosian,white,"Tal, Mihail",URS-chT Moscow,Moscow,1972.??.??,1972,?,"Petrosian, Tigran V","Tal, Mihail",2645.0,2625.0,1-0,white_win,win,D41,,75,37.5,15,2,2,0,True,True,8,0,True,0,7,2,defensive
Petrosian.pgn,Petrosian,black,"Kortschnoj, Viktor",URS-chT Moscow,Moscow,1972.??.??,1972,?,"Kortschnoj, Viktor","Petrosian, Tigran V",2640.0,2645.0,1/2-1/2,draw,draw,D13,,20,10.0,4,0,2,0,True,True,2,0,True,0,2,0,defensive
Petrosian.pgn,Petrosian,black,"Gufeld, Eduard",URS-chT Moscow,Moscow,1972.??.??,1972,?,"Gufeld, Eduard","Petrosian, Tigran V",2525.0,2645.0,1/2-1/2,draw,draw,B80,,80,40.0,19,4,2,0,True,True,10,1,True,0,9,3,defensive
Petrosian.pgn,Petrosian,black,"Mecking, Henrique",San Antonio,San Antonio,1972.??.??,1972,?,"Mecking, Henrique","Petrosian, Tigran V",2570.0,2645.0,0-1,black_win,win,C11,,172,86.0,24,11,2,0,True,True,12,7,True,0,12,4,defensive
Petrosian.pgn,Petrosian,black,"Browne, Walter S",San Antonio,San Antonio,1972.??.??,1972,?,"Browne, Walter S","Petrosian, Tigran V",2530.0,2645.0,1/2-1/2,draw,draw,B80,,53,26.5,6,0,2,0,True,True,3,0,True,0,3,0,defensive
Petrosian.pgn,Petrosian,white,"Gligoric, Svetozar",San Antonio,San Antonio,1972.??.??,1972,?,"Petrosian, Tigran V","Gligoric, Svetozar",2645.0,2575.0,1-0,white_win,win,E81,,69,34.5,10,0,2,0,True,True,6,0,True,0,4,0,defensive
Petrosian.pgn,Petrosian,white,"Karpov, Anatoly",San Antonio,San Antonio,1972.??.??,1972,?,"Petrosian, Tigran V","Karpov, Anatoly",2645.0,2630.0,1/2-1/2,draw,draw,E14,,58,29.0,14,0,2,0,True,True,7,0,True,0,7,0,defensive
Petrosian.pgn,Petrosian,white,"Keres, Paul",San Antonio,San Antonio,1972.??.??,1972,?,"Petrosian, Tigran V","Keres, Paul",2645.0,2600.0,1/2-1/2,draw,draw,D41,,26,13.0,6,0,2,0,True,True,3,0,True,0,3,0,defensive
Petrosian.pgn,Petrosian,white,"Larsen, Bent",San Antonio,San Antonio,1972.??.??,1972,?,"Petrosian, Tigran V","Larsen, Bent",2645.0,2625.0,1-0,white_win,win,A81,,121,60.5,27,4,2,0,True,True,14,2,True,0,13,2,defensive
Petrosian.pgn,Petrosian,black,"Portisch, Lajos",San Antonio,San Antonio,1972.??.??,1972,?,"Portisch, Lajos","Petrosian, Tigran V",2640.0,2645.0,1/2-1/2,draw,draw,A35,,77,38.5,8,1,2,0,True,True,4,0,True,0,4,1,defensive
Petrosian.pgn,Petrosian,black,"Evans, Larry Melvyn",San Antonio,San Antonio,1972.??.??,1972,?,"Evans, Larry Melvyn","Petrosian, Tigran V",2545.0,2645.0,1/2-1/2,draw,draw,E82,,68,34.0,12,0,2,0,True,True,6,0,True,0,6,0,defensive
Petrosian.pgn,Petrosian,black,"Byrne, Donald",San Antonio,San Antonio,1972.??.??,1972,?,"Byrne, Donald","Petrosian, Tigran V",2470.0,2645.0,1/2-1/2,draw,draw,A12,,44,22.0,4,0,2,0,True,True,2,0,True,0,2,0,defensive
Petrosian.pgn,Petrosian,black,"Campos Lopez, Mario",San Antonio,San Antonio,1972.??.??,1972,?,"Campos Lopez, Mario","Petrosian, Tigran V",2200.0,2645.0,0-1,black_win,win,C16,,65,32.5,8,0,1,0,True,False,5,0,False,0,3,0,defensive
Petrosian.pgn,Petrosian,black,"Hort, Vlastimil",San Antonio,San Antonio,1972.??.??,1972,?,"Hort, Vlastimil","Petrosian, Tigran V",2600.0,2645.0,1/2-1/2,draw,draw,B52,,26,13.0,4,2,2,0,True,True,2,0,True,0,2,2,defensive
Petrosian.pgn,Petrosian,black,"Kaplan, Julio P",San Antonio,San Antonio,1972.??.??,1972,?,"Kaplan, Julio P","Petrosian, Tigran V",2470.0,2645.0,1/2-1/2,draw,draw,B63,,45,22.5,12,1,2,0,True,True,6,0,True,0,6,1,defensive
Petrosian.pgn,Petrosian,white,"Suttles, Duncan",San Antonio,San Antonio,1972.??.??,1972,?,"Petrosian, Tigran V","Suttles, Duncan",2645.0,2470.0,1/2-1/2,draw,draw,B07,,20,10.0,4,0,2,0,True,True,2,0,True,0,2,0,defensive
Petrosian.pgn,Petrosian,white,"Saidy, Anthony Fred",San Antonio,San Antonio,1972.??.??,1972,?,"Petrosian, Tigran V","Saidy, Anthony Fred",2645.0,2425.0,1-0,white_win,win,A30,,111,55.5,16,4,2,0,True,True,7,1,True,0,9,3,defensive
Petrosian.pgn,Petrosian,white,"Smith, Kenneth R",San Antonio,San Antonio,1972.??.??,1972,?,"Petrosian, Tigran V","Smith, Kenneth R",2645.0,2395.0,1-0,white_win,win,D94,,123,61.5,25,8,2,0,True,True,13,5,True,0,12,3,defensive
Petrosian.pgn,Petrosian,white,"Vukic, Milan",Sarajevo,Sarajevo,1972.??.??,1972,1,"Petrosian, Tigran V","Vukic, Milan",2645.0,2410.0,1/2-1/2,draw,draw,E82,,46,23.0,6,0,1,0,False,True,3,0,False,0,3,0,defensive
Petrosian.pgn,Petrosian,black,"Basagic, Zlatko",Sarajevo,Sarajevo,1972.??.??,1972,2,"Basagic, Zlatko","Petrosian, Tigran V",2200.0,2645.0,0-1,black_win,win,E91,,64,32.0,14,3,2,0,True,True,7,1,True,0,7,2,defensive
Petrosian.pgn,Petrosian,white,"Minic, Dragoljub",Sarajevo,Sarajevo,1972.??.??,1972,3,"Petrosian, Tigran V","Minic, Dragoljub",2645.0,2460.0,1-0,white_win,win,E70,,59,29.5,7,2,1,0,False,True,4,0,False,0,3,2,defensive
Petrosian.pgn,Petrosian,black,"Bukal, Vladimir Sr",Sarajevo,Sarajevo,1972.??.??,1972,4,"Bukal, Vladimir Sr","Petrosian, Tigran V",2425.0,2645.0,1/2-1/2,draw,draw,A37,,53,26.5,12,0,2,0,True,True,6,0,True,0,6,0,defensive
Petrosian.pgn,Petrosian,white,"Jansa, Vlastimil",Sarajevo,Sarajevo,1972.??.??,1972,5,"Petrosian, Tigran V","Jansa, Vlastimil",2645.0,2450.0,1/2-1/2,draw,draw,B36,,54,27.0,16,4,1,0,False,True,8,1,False,0,8,3,defensive
Petrosian.pgn,Petrosian,black,"Szabo, Laszlo",Sarajevo,Sarajevo,1972.??.??,1972,6,"Szabo, Laszlo","Petrosian, Tigran V",2525.0,2645.0,1/2-1/2,draw,draw,A65,,29,14.5,2,0,2,0,True,True,1,0,True,0,1,0,defensive
Petrosian.pgn,Petrosian,white,"Hort, Vlastimil",Sarajevo,Sarajevo,1972.??.??,1972,7,"Petrosian, Tigran V","Hort, Vlastimil",2645.0,2605.0,1-0,white_win,win,D32,,51,25.5,10,0,2,0,True,True,6,0,True,0,4,0,defensive
Petrosian.pgn,Petrosian,black,"Bogdanovic, Rajko",Sarajevo,Sarajevo,1972.??.??,1972,8,"Bogdanovic, Rajko","Petrosian, Tigran V",2420.0,2645.0,0-1,black_win,win,C16,,74,37.0,16,5,1,0,True,False,9,5,False,0,7,0,defensive
Petrosian.pgn,Petrosian,white,"Matulovic, Milan",Sarajevo,Sarajevo,1972.??.??,1972,9,"Petrosian, Tigran V","Matulovic, Milan",2645.0,2525.0,1-0,white_win,win,A87,,79,39.5,16,3,2,0,True,True,8,2,True,0,8,1,defensive
Petrosian.pgn,Petrosian,black,"Gasic, Bozidar",Sarajevo,Sarajevo,1972.??.??,1972,10,"Gasic, Bozidar","Petrosian, Tigran V",2360.0,2645.0,1/2-1/2,draw,draw,B81,,82,41.0,16,7,1,0,False,True,8,7,True,0,8,0,defensive
Petrosian.pgn,Petrosian,white,"Keres, Paul",Sarajevo,Sarajevo,1972.??.??,1972,11,"Petrosian, Tigran V","Keres, Paul",2645.0,2600.0,1/2-1/2,draw,draw,D56,,32,16.0,10,0,2,0,True,True,5,0,True,0,5,0,defensive
Petrosian.pgn,Petrosian,white,"Ivanovic, Bozidar",Sarajevo,Sarajevo,1972.??.??,1972,12,"Petrosian, Tigran V","Ivanovic, Bozidar",2645.0,2380.0,1-0,white_win,win,E82,,121,60.5,23,5,2,0,True,True,12,5,True,0,11,0,defensive
Petrosian.pgn,Petrosian,black,"Tatai, Stefano",Sarajevo,Sarajevo,1972.??.??,1972,13,"Tatai, Stefano","Petrosian, Tigran V",2460.0,2645.0,1/2-1/2,draw,draw,C01,,23,11.5,6,0,2,0,True,True,3,0,True,0,3,0,defensive
Petrosian.pgn,Petrosian,white,"Rajkovic, Dusan",Sarajevo,Sarajevo,1972.??.??,1972,14,"Petrosian, Tigran V","Rajkovic, Dusan",2645.0,2390.0,1/2-1/2,draw,draw,D42,,38,19.0,6,0,2,0,True,True,3,0,True,0,3,0,defensive
Petrosian.pgn,Petrosian,black,"Kosanski, Stanko",Sarajevo,Sarajevo,1972.??.??,1972,15,"Kosanski, Stanko","Petrosian, Tigran V",2385.0,2645.0,1/2-1/2,draw,draw,B80,,142,71.0,27,10,2,0,True,True,13,2,True,0,14,8,defensive
Petrosian.pgn,Petrosian,white,"Portisch, Lajos",Skopje ol (Men) fin-A,Skopje,1972.??.??,1972,1,"Petrosian, Tigran V","Portisch, Lajos",2645.0,2640.0,1/2-1/2,draw,draw,D41,,82,41.0,20,4,2,0,True,True,10,1,True,0,10,3,defensive
Petrosian.pgn,Petrosian,white,"Boey, Josef",Skopje ol (Men) prel,Skopje,1972.??.??,1972,1,"Petrosian, Tigran V","Boey, Josef",2645.0,2390.0,1-0,white_win,win,D07,,57,28.5,10,1,2,0,True,True,5,0,True,0,5,1,defensive
Petrosian.pgn,Petrosian,black,"Huebner, Robert",Skopje ol (Men) fin-A,Skopje,1972.??.??,1972,2,"Huebner, Robert","Petrosian, Tigran V",2590.0,2645.0,1-0,white_win,loss,B42,,74,37.0,20,0,2,0,True,True,10,0,True,0,10,0,defensive
Petrosian.pgn,Petrosian,white,"Rodriguez Cordoba, Jesus R",Skopje ol (Men) prel,Skopje,1972.??.??,1972,3,"Petrosian, Tigran V","Rodriguez Cordoba, Jesus R",2645.0,2390.0,1/2-1/2,draw,draw,B38,,76,38.0,16,3,2,0,True,True,8,3,True,0,8,0,defensive
Petrosian.pgn,Petrosian,white,"Ree, Hans",Skopje ol (Men) fin-A,Skopje,1972.??.??,1972,3,"Petrosian, Tigran V","Ree, Hans",2645.0,2480.0,1-0,white_win,win,A26,,59,29.5,6,0,2,0,True,True,3,0,True,0,3,0,defensive
Petrosian.pgn,Petrosian,black,"Philippe, Georges",Skopje ol (Men) prel,Skopje,1972.??.??,1972,4,"Philippe, Georges","Petrosian, Tigran V",2200.0,2645.0,0-1,black_win,win,E63,,34,17.0,4,0,2,0,True,True,2,0,True,0,2,0,defensive
Petrosian.pgn,Petrosian,white,"Bobotsov, Milko G",Skopje ol (Men) fin-A,Skopje,1972.??.??,1972,4,"Petrosian, Tigran V","Bobotsov, Milko G",2645.0,2455.0,1/2-1/2,draw,draw,D57,,36,18.0,6,0,2,0,True,True,3,0,True,0,3,0,defensive
Petrosian.pgn,Petrosian,white,"Schmidt, Wlodzimierz",Skopje ol (Men) fin-A,Skopje,1972.??.??,1972,6,"Petrosian, Tigran V","Schmidt, Wlodzimierz",2645.0,2450.0,1-0,white_win,win,A16,,75,37.5,15,2,1,0,False,True,9,1,False,0,6,1,defensive
Petrosian.pgn,Petrosian,black,"Westerinen, Heikki MJ",Skopje ol (Men) prel,Skopje,1972.??.??,1972,7,"Westerinen, Heikki MJ","Petrosian, Tigran V",2450.0,2645.0,0-1,black_win,win,B42,,60,30.0,7,0,2,0,True,True,4,0,True,0,3,0,defensive
Petrosian.pgn,Petrosian,black,"Andersson, Ulf",Skopje ol (Men) fin-A,Skopje,1972.??.??,1972,7,"Andersson, Ulf","Petrosian, Tigran V",2535.0,2645.0,1/2-1/2,draw,draw,B80,,43,21.5,6,0,2,0,True,True,3,0,True,0,3,0,defensive
Petrosian.pgn,Petrosian,white,"Hug, Werner",Skopje ol (Men) fin-A,Skopje,1972.??.??,1972,8,"Petrosian, Tigran V","Hug, Werner",2645.0,2475.0,1-0,white_win,win,A04,,86,43.0,10,0,2,0,True,True,5,0,True,0,5,0,defensive
Petrosian.pgn,Petrosian,black,"Gligoric, Svetozar",Skopje ol (Men) fin-A,Skopje,1972.??.??,1972,11,"Gligoric, Svetozar","Petrosian, Tigran V",2575.0,2645.0,1/2-1/2,draw,draw,D55,,82,41.0,21,2,2,0,True,True,10,0,True,0,11,2,defensive
Petrosian.pgn,Petrosian,white,"Kavalek, Lubomir",Skopje ol (Men) fin-A,Skopje,1972.??.??,1972,12,"Petrosian, Tigran V","Kavalek, Lubomir",2645.0,2555.0,1/2-1/2,draw,draw,A15,,36,18.0,6,2,2,0,True,True,3,2,True,0,3,0,defensive
Petrosian.pgn,Petrosian,white,"Garcia, Raimundo",Skopje ol (Men) fin-A,Skopje,1972.??.??,1972,14,"Petrosian, Tigran V","Garcia, Raimundo",2645.0,2430.0,1/2-1/2,draw,draw,D41,,78,39.0,10,0,2,0,True,True,5,0,True,0,5,0,defensive
Petrosian.pgn,Petrosian,black,"Gheorghiu, Florin",Skopje ol (Men) fin-A,Skopje,1972.??.??,1972,15,"Gheorghiu, Florin","Petrosian, Tigran V",2520.0,2645.0,1/2-1/2,draw,draw,A31,,63,31.5,14,3,1,0,True,False,7,0,False,0,7,3,defensive
Petrosian.pgn,Petrosian,white,"Szabo, Laszlo",IBM,Amsterdam,1973.??.??,1973,1,"Petrosian, Tigran V","Szabo, Laszlo",2640.0,2565.0,1-0,white_win,win,A34,,65,32.5,17,4,0,0,False,False,8,3,False,0,9,1,defensive
Petrosian.pgn,Petrosian,black,"Quinteros, Miguel A",IBM,Amsterdam,1973.??.??,1973,2,"Quinteros, Miguel A","Petrosian, Tigran V",2520.0,2640.0,1/2-1/2,draw,draw,B06,,31,15.5,2,0,2,0,True,True,1,0,True,0,1,0,defensive
Petrosian.pgn,Petrosian,white,"Spassky, Boris V",IBM,Amsterdam,1973.??.??,1973,3,"Petrosian, Tigran V","Spassky, Boris V",2640.0,2655.0,1/2-1/2,draw,draw,D36,,41,20.5,6,0,2,0,True,True,3,0,True,0,3,0,defensive
Petrosian.pgn,Petrosian,black,"Enklaar, Bertus F",IBM,Amsterdam,1973.??.??,1973,4,"Enklaar, Bertus F","Petrosian, Tigran V",2445.0,2640.0,0-1,black_win,win,B81,,102,51.0,14,2,2,0,True,True,7,2,True,0,7,0,defensive
Petrosian.pgn,Petrosian,white,"Smejkal, Jan",IBM,Amsterdam,1973.??.??,1973,5,"Petrosian, Tigran V","Smejkal, Jan",2640.0,2595.0,1-0,white_win,win,A35,,133,66.5,24,22,2,0,True,True,13,8,True,0,11,14,defensive
Petrosian.pgn,Petrosian,black,"Donner, Jan Hein",IBM,Amsterdam,1973.??.??,1973,6,"Donner, Jan Hein","Petrosian, Tigran V",2480.0,2640.0,1/2-1/2,draw,draw,E41,,42,21.0,6,1,2,0,True,True,3,1,True,0,3,0,defensive
Petrosian.pgn,Petrosian,black,"Marovic, Drazen",IBM,Amsterdam,1973.??.??,1973,8,"Marovic, Drazen","Petrosian, Tigran V",2480.0,2640.0,1-0,white_win,loss,E62,,81,40.5,14,0,2,0,True,True,6,0,True,0,8,0,defensive
Petrosian.pgn,Petrosian,white,"Andersson, Ulf",IBM,Amsterdam,1973.??.??,1973,9,"Petrosian, Tigran V","Andersson, Ulf",2640.0,2555.0,1/2-1/2,draw,draw,D03,,34,17.0,2,0,2,0,True,True,1,0,True,0,1,0,defensive
Petrosian.pgn,Petrosian,black,"Langeweg, Kick",IBM,Amsterdam,1973.??.??,1973,10,"Langeweg, Kick","Petrosian, Tigran V",2430.0,2640.0,0-1,black_win,win,A41,,102,51.0,16,2,2,0,True,True,8,2,True,0,8,0,defensive
Petrosian.pgn,Petrosian,white,"Planinec, Albin",IBM,Amsterdam,1973.??.??,1973,11,"Petrosian, Tigran V","Planinec, Albin",2640.0,2525.0,1-0,white_win,win,A24,,77,38.5,17,1,2,0,True,True,10,0,True,0,7,1,defensive
Petrosian.pgn,Petrosian,white,"Ribli, Zoltan",IBM,Amsterdam,1973.??.??,1973,13,"Petrosian, Tigran V","Ribli, Zoltan",2640.0,2525.0,1/2-1/2,draw,draw,A48,,57,28.5,13,4,1,0,False,True,6,2,False,0,7,2,defensive
Petrosian.pgn,Petrosian,black,"Kavalek, Lubomir",IBM,Amsterdam,1973.??.??,1973,14,"Kavalek, Lubomir","Petrosian, Tigran V",2565.0,2640.0,1/2-1/2,draw,draw,C11,,25,12.5,10,1,2,0,True,True,5,0,True,0,5,1,defensive
Petrosian.pgn,Petrosian,white,"Radulov, Ivan",IBM,Amsterdam,1973.??.??,1973,15,"Petrosian, Tigran V","Radulov, Ivan",2640.0,2530.0,1-0,white_win,win,A35,,69,34.5,16,2,2,0,True,True,9,0,True,0,7,2,defensive
Petrosian.pgn,Petrosian,white,"Keene, Raymond D",EU-chT,Bath,1973.??.??,1973,1,"Petrosian, Tigran V","Keene, Raymond D",2640.0,2445.0,1-0,white_win,win,A50,,191,95.5,24,19,1,0,False,True,12,5,False,0,12,14,defensive
Petrosian.pgn,Petrosian,black,"Ciocaltea, Victor",EU-chT,Bath,1973.??.??,1973,2,"Ciocaltea, Victor","Petrosian, Tigran V",2455.0,2640.0,1/2-1/2,draw,draw,C19,,81,40.5,9,1,2,0,True,True,5,1,True,0,4,0,defensive
Petrosian.pgn,Petrosian,white,"Pytel, Krzysztof",EU-chT,Bath,1973.??.??,1973,3,"Petrosian, Tigran V","Pytel, Krzysztof",2640.0,2390.0,1/2-1/2,draw,draw,A20,,72,36.0,10,0,2,0,True,True,5,0,True,0,5,0,defensive
Petrosian.pgn,Petrosian,black,"Ivkov, Borislav",EU-chT,Bath,1973.??.??,1973,4,"Ivkov, Borislav","Petrosian, Tigran V",2520.0,2640.0,1/2-1/2,draw,draw,E46,,26,13.0,10,0,1,0,False,True,5,0,True,0,5,0,defensive
Petrosian.pgn,Petrosian,white,"Lombard, Andre",EU-chT,Bath,1973.??.??,1973,5,"Petrosian, Tigran V","Lombard, Andre",2640.0,2400.0,1-0,white_win,win,E12,,45,22.5,10,1,2,0,True,True,5,0,True,0,5,1,defensive
Petrosian.pgn,Petrosian,black,"Schmid, Lothar",EU-chT,Bath,1973.??.??,1973,6,"Schmid, Lothar","Petrosian, Tigran V",2550.0,2640.0,1/2-1/2,draw,draw,A17,,34,17.0,4,0,2,0,True,True,2,0,True,0,2,0,defensive
Petrosian.pgn,Petrosian,white,"Szabo, Laszlo",EU-chT,Bath,1973.??.??,1973,7,"Petrosian, Tigran V","Szabo, Laszlo",2640.0,2565.0,1/2-1/2,draw,draw,E12,,21,10.5,2,0,2,0,True,True,1,0,True,0,1,0,defensive
Petrosian.pgn,Petrosian,black,"Hort, Vlastimil",Las Palmas,Las Palmas,1973.??.??,1973,1,"Hort, Vlastimil","Petrosian, Tigran V",2600.0,2645.0,1/2-1/2,draw,draw,E19,,26,13.0,4,0,2,0,True,True,2,0,True,0,2,0,defensive
Petrosian.pgn,Petrosian,white,"Ree, Hans",Las Palmas,Las Palmas,1973.??.??,1973,2,"Petrosian, Tigran V","Ree, Hans",2645.0,2480.0,1-0,white_win,win,E06,,81,40.5,14,1,2,0,True,True,8,1,True,0,6,0,defensive
Petrosian.pgn,Petrosian,black,"Saidy, Anthony Fred",Las Palmas,Las Palmas,1973.??.??,1973,3,"Saidy, Anthony Fred","Petrosian, Tigran V",2425.0,2645.0,1/2-1/2,draw,draw,E66,,51,25.5,6,0,2,0,True,True,3,0,True,0,3,0,defensive
Petrosian.pgn,Petrosian,white,"Gheorghiu, Florin",Las Palmas,Las Palmas,1973.??.??,1973,4,"Petrosian, Tigran V","Gheorghiu, Florin",2645.0,2520.0,1/2-1/2,draw,draw,D91,,54,27.0,10,1,2,0,True,True,5,1,True,0,5,0,defensive
Petrosian.pgn,Petrosian,black,"Ljubojevic, Ljubomir",Las Palmas,Las Palmas,1973.??.??,1973,5,"Ljubojevic, Ljubomir","Petrosian, Tigran V",2550.0,2645.0,1/2-1/2,draw,draw,C11,,37,18.5,6,0,2,0,True,True,3,0,True,0,3,0,defensive
Petrosian.pgn,Petrosian,black,"Ribli, Zoltan",Las Palmas,Las Palmas,1973.??.??,1973,6,"Ribli, Zoltan","Petrosian, Tigran V",2505.0,2645.0,1/2-1/2,draw,draw,E08,,25,12.5,0,0,2,0,True,True,0,0,True,0,0,0,defensive
Petrosian.pgn,Petrosian,white,"Darga, Klaus",Las Palmas,Las Palmas,1973.??.??,1973,7,"Petrosian, Tigran V","Darga, Klaus",2645.0,2540.0,1/2-1/2,draw,draw,A30,,28,14.0,2,0,2,0,True,True,1,0,True,0,1,0,defensive
Petrosian.pgn,Petrosian,white,"Huguet, Bernard",Las Palmas,Las Palmas,1973.??.??,1973,9,"Petrosian, Tigran V","Huguet, Bernard",2645.0,2255.0,1-0,white_win,win,D35,,55,27.5,12,0,2,0,True,True,6,0,True,0,6,0,defensive
Petrosian.pgn,Petrosian,black,"Panno, Oscar",Las Palmas,Las Palmas,1973.??.??,1973,10,"Panno, Oscar","Petrosian, Tigran V",2570.0,2645.0,1/2-1/2,draw,draw,E65,,45,22.5,8,0,2,0,True,True,4,0,True,0,4,0,defensive
Petrosian.pgn,Petrosian,white,"Hug, Werner",Las Palmas,Las Palmas,1973.??.??,1973,11,"Petrosian, Tigran V","Hug, Werner",2645.0,2475.0,1/2-1/2,draw,draw,A46,,208,104.0,22,29,2,0,True,True,12,5,True,0,10,24,defensive
Petrosian.pgn,Petrosian,black,"Calvo Minguez, Ricardo",Las Palmas,Las Palmas,1973.??.??,1973,12,"Calvo Minguez, Ricardo","Petrosian, Tigran V",2330.0,2645.0,0-1,black_win,win,C16,,90,45.0,22,1,2,0,True,True,12,1,True,0,10,0,defensive
Petrosian.pgn,Petrosian,white,"Diez del Corral, Jesus",Las Palmas,Las Palmas,1973.??.??,1973,13,"Petrosian, Tigran V","Diez del Corral, Jesus",2645.0,2470.0,1-0,white_win,win,A16,,79,39.5,18,4,2,0,True,True,10,4,True,0,8,0,defensive
Petrosian.pgn,Petrosian,black,"Stein, Leonid",Las Palmas,Las Palmas,1973.??.??,1973,14,"Stein, Leonid","Petrosian, Tigran V",2620.0,2645.0,1/2-1/2,draw,draw,B83,,87,43.5,13,1,2,0,True,True,7,1,True,0,6,0,defensive
Petrosian.pgn,Petrosian,black,"Tukmakov, Vladimir B",URS-ch41,Moscow,1973.??.??,1973,?,"Tukmakov, Vladimir B","Petrosian, Tigran V",2545.0,2640.0,1/2-1/2,draw,draw,C08,,46,23.0,14,1,2,0,True,True,7,0,True,0,7,1,defensive
Petrosian.pgn,Petrosian,black,"Tal, Mihail",URS-ch41,Moscow,1973.??.??,1973,?,"Tal, Mihail","Petrosian, Tigran V",2660.0,2640.0,0-1,black_win,win,B17,,54,27.0,9,2,2,0,True,True,5,2,True,0,4,0,defensive
Petrosian.pgn,Petrosian,black,"Sveshnikov, Evgeny",URS-ch41,Moscow,1973.??.??,1973,?,"Sveshnikov, Evgeny","Petrosian, Tigran V",,2640.0,0-1,black_win,win,B42,,81,40.5,17,3,2,0,True,True,8,2,True,0,9,1,defensive
Petrosian.pgn,Petrosian,black,"Spassky, Boris V",URS-ch41,Moscow,1973.??.??,1973,?,"Spassky, Boris V","Petrosian, Tigran V",2655.0,2640.0,1/2-1/2,draw,draw,B83,,49,24.5,10,0,2,0,True,True,5,0,True,0,5,0,defensive
Petrosian.pgn,Petrosian,white,"Polugaevsky, Lev",URS-ch41,Moscow,1973.??.??,1973,?,"Petrosian, Tigran V","Polugaevsky, Lev",2640.0,2625.0,1/2-1/2,draw,draw,A07,,54,27.0,4,0,2,0,True,True,2,0,True,0,2,0,defensive
Petrosian.pgn,Petrosian,black,"Averkin, Orest N",URS-ch41,Moscow,1973.??.??,1973,?,"Averkin, Orest N","Petrosian, Tigran V",2460.0,2640.0,1/2-1/2,draw,draw,A09,,50,25.0,8,0,2,0,True,True,4,0,True,0,4,0,defensive
Petrosian.pgn,Petrosian,black,"Savon, Vladimir A",URS-ch41,Moscow,1973.??.??,1973,?,"Savon, Vladimir A","Petrosian, Tigran V",2575.0,2640.0,1/2-1/2,draw,draw,C07,,49,24.5,10,1,2,0,True,True,5,1,True,0,5,0,defensive
Petrosian.pgn,Petrosian,black,"Rashkovsky, Nukhim N",URS-ch41,Moscow,1973.??.??,1973,?,"Rashkovsky, Nukhim N","Petrosian, Tigran V",2485.0,2640.0,1/2-1/2,draw,draw,E91,,52,26.0,13,1,2,0,True,True,6,0,True,0,7,1,defensive
Petrosian.pgn,Petrosian,black,"Keres, Paul",URS-ch41,Moscow,1973.??.??,1973,?,"Keres, Paul","Petrosian, Tigran V",2580.0,2640.0,1/2-1/2,draw,draw,D59,,45,22.5,12,2,2,0,True,True,6,1,True,0,6,1,defensive
Petrosian.pgn,Petrosian,white,"Taimanov, Mark E",URS-ch41,Moscow,1973.??.??,1973,?,"Petrosian, Tigran V","Taimanov, Mark E",2640.0,2585.0,1/2-1/2,draw,draw,D45,,49,24.5,14,0,2,0,True,True,7,0,True,0,7,0,defensive
Petrosian.pgn,Petrosian,white,"Smyslov, Vassily",URS-ch41,Moscow,1973.??.??,1973,?,"Petrosian, Tigran V","Smyslov, Vassily",2640.0,2610.0,1/2-1/2,draw,draw,E41,,62,31.0,14,0,2,0,True,True,7,0,True,0,7,0,defensive
Petrosian.pgn,Petrosian,white,"Kuzmin, Gennadi P",URS-ch41,Moscow,1973.??.??,1973,?,"Petrosian, Tigran V","Kuzmin, Gennadi P",2640.0,2575.0,1/2-1/2,draw,draw,E54,,63,31.5,12,0,2,0,True,True,6,0,True,0,6,0,defensive
Petrosian.pgn,Petrosian,white,"Kortschnoj, Viktor",URS-ch41,Moscow,1973.??.??,1973,?,"Petrosian, Tigran V","Kortschnoj, Viktor",2640.0,2650.0,1/2-1/2,draw,draw,D91,,69,34.5,15,1,2,0,True,True,8,1,True,0,7,0,defensive
Petrosian.pgn,Petrosian,white,"Karpov, Anatoly",URS-ch41,Moscow,1973.??.??,1973,?,"Petrosian, Tigran V","Karpov, Anatoly",2640.0,2660.0,1-0,white_win,win,E14,,129,64.5,20,6,2,0,True,True,10,5,True,0,10,1,defensive
Petrosian.pgn,Petrosian,white,"Grigorian, Karen Ashotovich",URS-ch41,Moscow,1973.??.??,1973,?,"Petrosian, Tigran V","Grigorian, Karen Ashotovich",2640.0,2485.0,1/2-1/2,draw,draw,D41,,98,49.0,20,2,2,0,True,True,10,1,True,0,10,1,defensive
Petrosian.pgn,Petrosian,white,"Geller, Efim P",URS-ch41,Moscow,1973.??.??,1973,?,"Petrosian, Tigran V","Geller, Efim P",2640.0,2605.0,1/2-1/2,draw,draw,E89,,60,30.0,14,0,2,0,True,True,8,0,True,0,6,0,defensive
Petrosian.pgn,Petrosian,white,"Beliavsky, Alexander G",URS-ch41,Moscow,1973.??.??,1973,?,"Petrosian, Tigran V","Beliavsky, Alexander G",2640.0,2450.0,1-0,white_win,win,A13,,85,42.5,20,3,2,0,True,True,11,2,True,0,9,1,defensive
Petrosian.pgn,Petrosian,black,"Vasiukov, Evgeni",Moscow-3teams,Moscow,1973.??.??,1973,1,"Vasiukov, Evgeni","Petrosian, Tigran V",,,1/2-1/2,draw,draw,B36,,71,35.5,16,3,1,0,False,True,8,3,True,0,8,0,defensive
Petrosian.pgn,Petrosian,white,"Tukmakov, Vladimir B",Moscow-3teams,Moscow,1973.??.??,1973,3,"Petrosian, Tigran V","Tukmakov, Vladimir B",,,1/2-1/2,draw,draw,A16,,66,33.0,10,1,1,0,False,True,5,0,False,0,5,1,defensive
Petrosian.pgn,Petrosian,white,"Vasiukov, Evgeni",Moscow-3teams,Moscow,1973.??.??,1973,5,"Petrosian, Tigran V","Vasiukov, Evgeni",,,1/2-1/2,draw,draw,A06,,56,28.0,16,3,2,0,True,True,8,0,True,0,8,3,defensive
Petrosian.pgn,Petrosian,black,"Tukmakov, Vladimir B",Moscow-3teams,Moscow,1973.??.??,1973,6,"Tukmakov, Vladimir B","Petrosian, Tigran V",,,0-1,black_win,win,B85,,86,43.0,14,2,2,0,True,True,8,0,True,0,6,2,defensive
Petrosian.pgn,Petrosian,black,"Gligoric, Svetozar",URS-JUG,Tbilisi,1973.??.??,1973,1,"Gligoric, Svetozar","Petrosian, Tigran V",2595.0,2640.0,1-0,white_win,loss,D87,,77,38.5,20,6,2,0,True,True,9,0,True,0,11,6,defensive
Petrosian.pgn,Petrosian,white,"Gligoric, Svetozar",URS-JUG,Tbilisi,1973.??.??,1973,2,"Petrosian, Tigran V","Gligoric, Svetozar",2640.0,2595.0,1-0,white_win,win,E88,,78,39.0,12,0,2,0,True,True,6,0,True,0,6,0,defensive
Petrosian.pgn,Petrosian,black,"Gligoric, Svetozar",URS-JUG,Tbilisi,1973.??.??,1973,3,"Gligoric, Svetozar","Petrosian, Tigran V",2595.0,2640.0,1/2-1/2,draw,draw,D63,,43,21.5,8,1,2,0,True,True,4,0,True,0,4,1,defensive
Petrosian.pgn,Petrosian,white,"Gligoric, Svetozar",URS-JUG,Tbilisi,1973.??.??,1973,4,"Petrosian, Tigran V","Gligoric, Svetozar",2640.0,2595.0,1/2-1/2,draw,draw,D79,,26,13.0,4,0,2,0,True,True,2,0,True,0,2,0,defensive
Petrosian.pgn,Petrosian,black,"Kavalek, Lubomir",Manila,Manila,1974.??.??,1974,1,"Kavalek, Lubomir","Petrosian, Tigran V",2625.0,2640.0,1/2-1/2,draw,draw,C16,,23,11.5,4,2,0,0,False,False,2,1,False,0,2,1,defensive
Petrosian.pgn,Petrosian,white,"Quinteros, Miguel A",Manila,Manila,1974.??.??,1974,2,"Petrosian, Tigran V","Quinteros, Miguel A",2640.0,2495.0,1-0,white_win,win,E69,,81,40.5,16,0,2,0,True,True,9,0,True,0,7,0,defensive
Petrosian.pgn,Petrosian,black,"Portisch, Lajos",Manila,Manila,1974.??.??,1974,3,"Portisch, Lajos","Petrosian, Tigran V",2645.0,2640.0,1/2-1/2,draw,draw,A42,,113,56.5,16,2,1,0,True,False,8,2,False,0,8,0,defensive
Petrosian.pgn,Petrosian,white,"Gheorghiu, Florin",Manila,Manila,1974.??.??,1974,4,"Petrosian, Tigran V","Gheorghiu, Florin",2640.0,2540.0,1/2-1/2,draw,draw,A40,,80,40.0,4,2,2,0,True,True,2,0,True,0,2,2,defensive
Petrosian.pgn,Petrosian,black,"Andersson, Ulf",Manila,Manila,1974.??.??,1974,5,"Andersson, Ulf","Petrosian, Tigran V",2580.0,2640.0,1/2-1/2,draw,draw,A12,,37,18.5,0,0,2,0,True,True,0,0,True,0,0,0,defensive
Petrosian.pgn,Petrosian,white,"Ljubojevic, Ljubomir",Manila,Manila,1974.??.??,1974,7,"Petrosian, Tigran V","Ljubojevic, Ljubomir",2640.0,2605.0,1-0,white_win,win,E96,,199,99.5,23,3,2,0,True,True,12,2,True,0,11,1,defensive
Petrosian.pgn,Petrosian,black,"Torre, Eugenio",Manila,Manila,1974.??.??,1974,8,"Torre, Eugenio","Petrosian, Tigran V",2450.0,2640.0,1/2-1/2,draw,draw,C09,,23,11.5,4,0,2,0,True,True,2,0,True,0,2,0,defensive
Petrosian.pgn,Petrosian,white,"Gligoric, Svetozar",Manila,Manila,1974.??.??,1974,9,"Petrosian, Tigran V","Gligoric, Svetozar",2640.0,2585.0,1-0,white_win,win,E89,,91,45.5,17,0,2,0,True,True,9,0,True,0,8,0,defensive
Petrosian.pgn,Petrosian,black,"Naranja, Renato",Manila,Manila,1974.??.??,1974,10,"Naranja, Renato","Petrosian, Tigran V",2395.0,2640.0,1/2-1/2,draw,draw,D90,,34,17.0,4,0,2,0,True,True,2,0,True,0,2,0,defensive
Petrosian.pgn,Petrosian,white,"Kraidman, Yair",Manila,Manila,1974.??.??,1974,11,"Petrosian, Tigran V","Kraidman, Yair",2640.0,2470.0,1-0,white_win,win,D03,,95,47.5,13,1,2,0,True,True,6,0,True,0,7,1,defensive
Petrosian.pgn,Petrosian,black,"Vasiukov, Evgeni",Manila,Manila,1974.??.??,1974,12,"Vasiukov, Evgeni","Petrosian, Tigran V",2560.0,2640.0,1/2-1/2,draw,draw,D13,,26,13.0,6,0,2,0,True,True,3,0,True,0,3,0,defensive
Petrosian.pgn,Petrosian,white,"Cardoso, Radolfo Tan",Manila,Manila,1974.??.??,1974,13,"Petrosian, Tigran V","Cardoso, Radolfo Tan",2640.0,2385.0,1-0,white_win,win,A42,,71,35.5,14,2,2,0,True,True,7,2,True,0,7,0,defensive
Petrosian.pgn,Petrosian,black,"Pfleger, Helmut",Manila,Manila,1974.??.??,1974,14,"Pfleger, Helmut","Petrosian, Tigran V",2535.0,2640.0,1/2-1/2,draw,draw,E64,,47,23.5,6,0,2,0,True,True,3,0,True,0,3,0,defensive
Petrosian.pgn,Petrosian,white,"Larsen, Bent",Manila,Manila,1974.??.??,1974,15,"Petrosian, Tigran V","Larsen, Bent",2640.0,2630.0,1/2-1/2,draw,draw,E15,,45,22.5,10,4,2,0,True,True,5,2,True,0,5,2,defensive
Petrosian.pgn,Petrosian,black,"Croes, WF.",Nice olm prel,Nice,1974.??.??,1974,2,"Croes, WF.","Petrosian, Tigran V",2200.0,2640.0,0-1,black_win,win,E82,,122,61.0,17,4,2,1,True,True,8,4,True,1,9,0,defensive
Petrosian.pgn,Petrosian,white,"Keene, Raymond D",Nice olm fin-A,Nice,1974.??.??,1974,2,"Petrosian, Tigran V","Keene, Raymond D",2640.0,2505.0,1-0,white_win,win,A28,,105,52.5,16,7,2,0,True,True,8,5,True,0,8,2,defensive
Petrosian.pgn,Petrosian,black,"Arafat, AM.",Nice olm prel,Nice,1974.??.??,1974,3,"Arafat, AM.","Petrosian, Tigran V",2200.0,2640.0,0-1,black_win,win,E76,,48,24.0,11,5,1,0,False,True,7,5,True,0,4,0,defensive
Petrosian.pgn,Petrosian,white,"Freyre, Jorge",Nice olm prel,Nice,1974.??.??,1974,4,"Petrosian, Tigran V","Freyre, Jorge",2640.0,2200.0,1-0,white_win,win,E92,,47,23.5,11,0,1,0,False,True,6,0,False,0,5,0,defensive
Petrosian.pgn,Petrosian,black,"Sosonko, Gennadi",Nice olm fin-A,Nice,1974.??.??,1974,4,"Sosonko, Gennadi","Petrosian, Tigran V",2450.0,2640.0,1/2-1/2,draw,draw,E08,,31,15.5,2,0,2,0,True,True,1,0,True,0,1,0,defensive
Petrosian.pgn,Petrosian,white,"Szmetan, Jorge",Nice olm fin-A,Nice,1974.??.??,1974,5,"Petrosian, Tigran V","Szmetan, Jorge",2640.0,,1/2-1/2,draw,draw,A58,,51,25.5,13,1,2,0,True,True,7,0,True,0,6,1,defensive
Petrosian.pgn,Petrosian,black,"Uddenfeldt, Dan",Nice olm fin-A,Nice,1974.??.??,1974,6,"Uddenfeldt, Dan","Petrosian, Tigran V",2275.0,2640.0,0-1,black_win,win,D27,,100,50.0,23,4,2,1,True,True,11,1,True,1,12,3,defensive
Petrosian.pgn,Petrosian,white,"Camara, Helder",Nice olm prel,Nice,1974.??.??,1974,6,"Petrosian, Tigran V","Camara, Helder",2640.0,2365.0,1-0,white_win,win,E81,,165,82.5,20,11,2,0,True,True,10,6,True,0,10,5,defensive
Petrosian.pgn,Petrosian,white,"Browne, Walter S",Nice olm fin-A,Nice,1974.??.??,1974,7,"Petrosian, Tigran V","Browne, Walter S",2640.0,2575.0,1-0,white_win,win,B36,,81,40.5,17,1,2,0,True,True,8,0,True,0,9,1,defensive
Petrosian.pgn,Petrosian,black,"Cooper, John Grantley",Nice olm prel,Nice,1974.??.??,1974,8,"Cooper, John Grantley","Petrosian, Tigran V",2215.0,2640.0,0-1,black_win,win,E91,,98,49.0,15,0,2,0,True,True,8,0,True,0,7,0,defensive
Petrosian.pgn,Petrosian,white,"Bilek, Istvan",Nice olm fin-A,Nice,1974.??.??,1974,9,"Petrosian, Tigran V","Bilek, Istvan",2640.0,2475.0,1/2-1/2,draw,draw,E60,,29,14.5,0,0,2,0,True,True,0,0,True,0,0,0,defensive
Petrosian.pgn,Petrosian,white,"Venalainen, Unto E",Nice olm fin-A,Nice,1974.??.??,1974,10,"Petrosian, Tigran V","Venalainen, Unto E",2640.0,2200.0,1-0,white_win,win,B38,,51,25.5,8,0,2,0,True,True,4,0,True,0,4,0,defensive
Petrosian.pgn,Petrosian,white,"Visier Segovia, Fernando",Nice olm fin-A,Nice,1974.??.??,1974,12,"Petrosian, Tigran V","Visier Segovia, Fernando",2640.0,2345.0,1-0,white_win,win,E80,,55,27.5,9,1,1,0,False,True,5,1,False,0,4,0,defensive
Petrosian.pgn,Petrosian,white,"Ivkov, Borislav",Nice olm fin-A,Nice,1974.??.??,1974,14,"Petrosian, Tigran V","Ivkov, Borislav",2640.0,2530.0,1-0,white_win,win,E41,,81,40.5,15,3,2,0,True,True,8,2,True,0,7,1,defensive
Petrosian.pgn,Petrosian,black,"Kortschnoj, Viktor",Candidats sf2,Odessa,1974.??.??,1974,1,"Kortschnoj, Viktor","Petrosian, Tigran V",2670.0,2640.0,1-0,white_win,loss,A17,,71,35.5,8,2,2,0,True,True,4,1,True,0,4,1,defensive
Petrosian.pgn,Petrosian,white,"Kortschnoj, Viktor",Candidats sf2,Odessa,1974.??.??,1974,2,"Petrosian, Tigran V","Kortschnoj, Viktor",2640.0,2670.0,1/2-1/2,draw,draw,D03,,61,30.5,12,0,2,0,True,True,6,0,True,0,6,0,defensive
Petrosian.pgn,Petrosian,black,"Kortschnoj, Viktor",Candidats sf2,Odessa,1974.??.??,1974,3,"Kortschnoj, Viktor","Petrosian, Tigran V",2670.0,2640.0,1-0,white_win,loss,A17,,101,50.5,26,4,1,0,True,False,13,2,False,0,13,2,defensive
Petrosian.pgn,Petrosian,white,"Kortschnoj, Viktor",Candidats sf2,Odessa,1974.??.??,1974,4,"Petrosian, Tigran V","Kortschnoj, Viktor",2640.0,2670.0,1-0,white_win,win,D79,,78,39.0,12,0,2,0,True,True,6,0,True,0,6,0,defensive
Petrosian.pgn,Petrosian,black,"Kortschnoj, Viktor",Candidats sf2,Odessa,1974.??.??,1974,5,"Kortschnoj, Viktor","Petrosian, Tigran V",2670.0,2640.0,1-0,white_win,loss,B39,,85,42.5,15,9,2,0,True,True,6,1,True,0,9,8,defensive
Petrosian.pgn,Petrosian,white,"Portisch, Lajos",Candidats qf2,Palma de Mallorca,1974.??.??,1974,1,"Petrosian, Tigran V","Portisch, Lajos",2640.0,2645.0,1/2-1/2,draw,draw,E18,,36,18.0,8,0,2,0,True,True,4,0,True,0,4,0,defensive
Petrosian.pgn,Petrosian,black,"Portisch, Lajos",Candidats qf2,Palma de Mallorca,1974.??.??,1974,2,"Portisch, Lajos","Petrosian, Tigran V",2645.0,2640.0,1/2-1/2,draw,draw,B39,,80,40.0,8,0,2,0,True,True,4,0,True,0,4,0,defensive
Petrosian.pgn,Petrosian,white,"Portisch, Lajos",Candidats qf2,Palma de Mallorca,1974.??.??,1974,3,"Petrosian, Tigran V","Portisch, Lajos",2640.0,2645.0,1/2-1/2,draw,draw,E21,,43,21.5,8,0,2,0,True,True,4,0,True,0,4,0,defensive
Petrosian.pgn,Petrosian,black,"Portisch, Lajos",Candidats qf2,Palma de Mallorca,1974.??.??,1974,4,"Portisch, Lajos","Petrosian, Tigran V",2645.0,2640.0,1/2-1/2,draw,draw,D13,,64,32.0,10,0,2,0,True,True,5,0,True,0,5,0,defensive
Petrosian.pgn,Petrosian,white,"Portisch, Lajos",Candidats qf2,Palma de Mallorca,1974.??.??,1974,5,"Petrosian, Tigran V","Portisch, Lajos",2640.0,2645.0,1-0,white_win,win,A30,,69,34.5,17,4,2,0,True,True,9,4,True,0,8,0,defensive
Petrosian.pgn,Petrosian,black,"Portisch, Lajos",Candidats qf2,Palma de Mallorca,1974.??.??,1974,6,"Portisch, Lajos","Petrosian, Tigran V",2645.0,2640.0,1/2-1/2,draw,draw,C10,,70,35.0,14,2,2,0,True,True,7,1,True,0,7,1,defensive
Petrosian.pgn,Petrosian,white,"Portisch, Lajos",Candidats qf2,Palma de Mallorca,1974.??.??,1974,7,"Petrosian, Tigran V","Portisch, Lajos",2640.0,2645.0,1/2-1/2,draw,draw,D59,,26,13.0,6,0,1,0,False,True,3,0,False,0,3,0,defensive
Petrosian.pgn,Petrosian,black,"Portisch, Lajos",Candidats qf2,Palma de Mallorca,1974.??.??,1974,8,"Portisch, Lajos","Petrosian, Tigran V",2645.0,2640.0,1/2-1/2,draw,draw,B39,,56,28.0,9,0,2,0,True,True,5,0,True,0,4,0,defensive
Petrosian.pgn,Petrosian,white,"Portisch, Lajos",Candidats qf2,Palma de Mallorca,1974.??.??,1974,9,"Petrosian, Tigran V","Portisch, Lajos",2640.0,2645.0,1-0,white_win,win,A38,,53,26.5,10,0,2,0,True,True,5,0,True,0,5,0,defensive
Petrosian.pgn,Petrosian,black,"Portisch, Lajos",Candidats qf2,Palma de Mallorca,1974.??.??,1974,10,"Portisch, Lajos","Petrosian, Tigran V",2645.0,2640.0,1-0,white_win,loss,D63,,65,32.5,15,4,2,0,True,True,7,0,True,0,8,4,defensive
Petrosian.pgn,Petrosian,white,"Portisch, Lajos",Candidats qf2,Palma de Mallorca,1974.??.??,1974,11,"Petrosian, Tigran V","Portisch, Lajos",2640.0,2645.0,1/2-1/2,draw,draw,A17,,42,21.0,8,0,2,0,True,True,4,0,True,0,4,0,defensive
Petrosian.pgn,Petrosian,black,"Portisch, Lajos",Candidats qf2,Palma de Mallorca,1974.??.??,1974,12,"Portisch, Lajos","Petrosian, Tigran V",2645.0,2640.0,1-0,white_win,loss,D13,,131,65.5,24,6,2,0,True,True,12,3,True,0,12,3,defensive
Petrosian.pgn,Petrosian,white,"Portisch, Lajos",Candidats qf2,Palma de Mallorca,1974.??.??,1974,13,"Petrosian, Tigran V","Portisch, Lajos",2640.0,2645.0,1-0,white_win,win,D53,,79,39.5,17,3,2,0,True,True,9,1,True,0,8,2,defensive
Petrosian.pgn,Petrosian,black,"Larsen, Bent",Las Palmas+,Las Palmas,1975.??.??,1975,1,"Larsen, Bent","Petrosian, Tigran V",2625.0,2645.0,1/2-1/2,draw,draw,E54,,80,40.0,17,3,2,0,True,True,9,0,True,0,8,3,defensive
Petrosian.pgn,Petrosian,white,"Olafsson, Fridrik",Las Palmas,Las Palmas,1975.??.??,1975,2,"Petrosian, Tigran V","Olafsson, Fridrik",2645.0,2535.0,1/2-1/2,draw,draw,A13,,27,13.5,2,1,2,0,True,True,1,1,True,0,1,0,defensive
Petrosian.pgn,Petrosian,black,"Visier Segovia, Fernando",Las Palmas,Las Palmas,1975.??.??,1975,3,"Visier Segovia, Fernando","Petrosian, Tigran V",2375.0,2645.0,1/2-1/2,draw,draw,E54,,67,33.5,16,1,2,0,True,True,8,1,True,0,8,0,defensive
Petrosian.pgn,Petrosian,white,"Tal, Mihail",Las Palmas,Las Palmas,1975.??.??,1975,4,"Petrosian, Tigran V","Tal, Mihail",2645.0,2645.0,1/2-1/2,draw,draw,E11,,37,18.5,4,2,2,0,True,True,2,0,True,0,2,2,defensive
Petrosian.pgn,Petrosian,black,"Cardoso, Radolfo Tan",Las Palmas,Las Palmas,1975.??.??,1975,5,"Cardoso, Radolfo Tan","Petrosian, Tigran V",2410.0,2645.0,0-1,black_win,win,B81,,100,50.0,16,12,1,0,True,False,9,3,False,0,7,9,defensive
Petrosian.pgn,Petrosian,white,"Fernandez, A.",Las Palmas,Las Palmas,1975.??.??,1975,6,"Petrosian, Tigran V","Fernandez, A.",2645.0,2300.0,1/2-1/2,draw,draw,D37,,80,40.0,13,1,2,0,True,True,7,1,True,0,6,0,defensive
Petrosian.pgn,Petrosian,black,"Bellon Lopez, Juan Manuel",Las Palmas,Las Palmas,1975.??.??,1975,7,"Bellon Lopez, Juan Manuel","Petrosian, Tigran V",2415.0,2645.0,1/2-1/2,draw,draw,B06,,41,20.5,2,0,1,0,True,False,1,0,False,0,1,0,defensive
Petrosian.pgn,Petrosian,white,"Mecking, Henrique",Las Palmas,Las Palmas,1975.??.??,1975,8,"Petrosian, Tigran V","Mecking, Henrique",2645.0,2610.0,1/2-1/2,draw,draw,A12,,35,17.5,6,0,2,0,True,True,3,0,True,0,3,0,defensive
Petrosian.pgn,Petrosian,black,"Hort, Vlastimil",Las Palmas,Las Palmas,1975.??.??,1975,9,"Hort, Vlastimil","Petrosian, Tigran V",2600.0,2645.0,1/2-1/2,draw,draw,B81,,46,23.0,6,0,0,0,False,False,3,0,False,0,3,0,defensive
Petrosian.pgn,Petrosian,black,"Andersson, Ulf",Las Palmas,Las Palmas,1975.??.??,1975,10,"Andersson, Ulf","Petrosian, Tigran V",2565.0,2645.0,1/2-1/2,draw,draw,A14,,30,15.0,4,0,2,0,True,True,2,0,True,0,2,0,defensive
Petrosian.pgn,Petrosian,white,"Tatai, Stefano",Las Palmas,Las Palmas,1975.??.??,1975,11,"Petrosian, Tigran V","Tatai, Stefano",2645.0,2455.0,1-0,white_win,win,D32,,69,34.5,18,6,2,0,True,True,10,5,True,0,8,1,defensive
Petrosian.pgn,Petrosian,black,"Pomar Salamanca, Arturo",Las Palmas,Las Palmas,1975.??.??,1975,12,"Pomar Salamanca, Arturo","Petrosian, Tigran V",2450.0,2645.0,1/2-1/2,draw,draw,D32,,121,60.5,28,5,2,0,True,True,14,2,True,0,14,3,defensive
Petrosian.pgn,Petrosian,white,"Debarnot, Roberto",Las Palmas,Las Palmas,1975.??.??,1975,13,"Petrosian, Tigran V","Debarnot, Roberto",2645.0,2380.0,1-0,white_win,win,E53,,85,42.5,16,2,2,0,True,True,7,0,True,0,9,2,defensive
Petrosian.pgn,Petrosian,black,"Ljubojevic, Ljubomir",Las Palmas,Las Palmas,1975.??.??,1975,14,"Ljubojevic, Ljubomir","Petrosian, Tigran V",2615.0,2645.0,1/2-1/2,draw,draw,C07,,34,17.0,8,0,2,0,True,True,4,0,True,0,4,0,defensive
Petrosian.pgn,Petrosian,white,"Rodriguez Vargas, Orestes",Las Palmas,Las Palmas,1975.??.??,1975,15,"Petrosian, Tigran V","Rodriguez Vargas, Orestes",2645.0,2435.0,1-0,white_win,win,A67,,67,33.5,17,1,2,0,True,True,7,1,True,0,10,0,defensive
Petrosian.pgn,Petrosian,black,"Karpov, Anatoly",Milan sf2,Milan,1975.??.??,1975,1,"Karpov, Anatoly","Petrosian, Tigran V",2705.0,2645.0,1/2-1/2,draw,draw,C97,,56,28.0,10,1,2,0,True,True,5,1,True,0,5,0,defensive
Petrosian.pgn,Petrosian,white,"Ljubojevic, Ljubomir",Milan 3pl,Milan,1975.??.??,1975,1,"Petrosian, Tigran V","Ljubojevic, Ljubomir",2645.0,2615.0,1-0,white_win,win,A77,,59,29.5,14,2,2,0,True,True,8,2,True,0,6,0,defensive
Petrosian.pgn,Petrosian,white,"Karpov, Anatoly",Milan,Milan,1975.??.??,1975,1,"Petrosian, Tigran V","Karpov, Anatoly",2645.0,2705.0,1/2-1/2,draw,draw,E54,,57,28.5,22,0,2,0,True,True,11,0,True,0,11,0,defensive
Petrosian.pgn,Petrosian,white,"Karpov, Anatoly",Milan sf2,Milan,1975.??.??,1975,2,"Petrosian, Tigran V","Karpov, Anatoly",2645.0,2705.0,1/2-1/2,draw,draw,E18,,64,32.0,6,0,2,0,True,True,3,0,True,0,3,0,defensive
Petrosian.pgn,Petrosian,black,"Ljubojevic, Ljubomir",Milan 3pl,Milan,1975.??.??,1975,2,"Ljubojevic, Ljubomir","Petrosian, Tigran V",2615.0,2645.0,1/2-1/2,draw,draw,E36,,32,16.0,4,0,2,0,True,True,2,0,True,0,2,0,defensive
Petrosian.pgn,Petrosian,black,"Mariotti, Sergio",Milan,Milan,1975.??.??,1975,2,"Mariotti, Sergio","Petrosian, Tigran V",2495.0,2645.0,1/2-1/2,draw,draw,C03,,56,28.0,11,4,2,0,True,True,6,1,True,0,5,3,defensive
Petrosian.pgn,Petrosian,black,"Karpov, Anatoly",Milan sf2,Milan,1975.??.??,1975,3,"Karpov, Anatoly","Petrosian, Tigran V",2705.0,2645.0,1/2-1/2,draw,draw,A30,,56,28.0,14,1,2,0,True,True,7,0,True,0,7,1,defensive
Petrosian.pgn,Petrosian,white,"Ljubojevic, Ljubomir",Milan 3pl,Milan,1975.??.??,1975,3,"Petrosian, Tigran V","Ljubojevic, Ljubomir",2645.0,2615.0,1/2-1/2,draw,draw,C09,,53,26.5,15,1,2,0,True,True,8,0,True,0,7,1,defensive
Petrosian.pgn,Petrosian,white,"Portisch, Lajos",Milan,Milan,1975.??.??,1975,3,"Petrosian, Tigran V","Portisch, Lajos",2645.0,2635.0,1/2-1/2,draw,draw,A07,,54,27.0,12,0,2,0,True,True,6,0,True,0,6,0,defensive
Petrosian.pgn,Petrosian,white,"Smejkal, Jan",Milan,Milan,1975.??.??,1975,4,"Petrosian, Tigran V","Smejkal, Jan",2645.0,2600.0,1/2-1/2,draw,draw,A16,,58,29.0,4,1,2,0,True,True,2,1,True,0,2,0,defensive
Petrosian.pgn,Petrosian,white,"Karpov, Anatoly",Milan sf2,Milan,1975.??.??,1975,4,"Petrosian, Tigran V","Karpov, Anatoly",2645.0,2705.0,1/2-1/2,draw,draw,A29,,59,29.5,19,1,2,0,True,True,10,0,True,0,9,1,defensive
Petrosian.pgn,Petrosian,black,"Ljubojevic, Ljubomir",Milan 3pl,Milan,1975.??.??,1975,4,"Ljubojevic, Ljubomir","Petrosian, Tigran V",2615.0,2645.0,1-0,white_win,loss,A08,,93,46.5,17,6,2,0,True,True,8,5,True,0,9,1,defensive
Petrosian.pgn,Petrosian,black,"Ljubojevic, Ljubomir",Milan,Milan,1975.??.??,1975,5,"Ljubojevic, Ljubomir","Petrosian, Tigran V",2615.0,2645.0,1/2-1/2,draw,draw,C97,,56,28.0,9,1,2,0,True,True,5,1,True,0,4,0,defensive
Petrosian.pgn,Petrosian,white,"Ljubojevic, Ljubomir",Milan 3pl,Milan,1975.??.??,1975,5,"Petrosian, Tigran V","Ljubojevic, Ljubomir",2645.0,2615.0,1/2-1/2,draw,draw,D35,,32,16.0,4,0,2,0,True,True,2,0,True,0,2,0,defensive
Petrosian.pgn,Petrosian,white,"Unzicker, Wolfgang",Milan,Milan,1975.??.??,1975,6,"Petrosian, Tigran V","Unzicker, Wolfgang",2645.0,2535.0,1/2-1/2,draw,draw,E53,,42,21.0,6,1,2,0,True,True,3,0,True,0,3,1,defensive
Petrosian.pgn,Petrosian,black,"Ljubojevic, Ljubomir",Milan 3pl,Milan,1975.??.??,1975,6,"Ljubojevic, Ljubomir","Petrosian, Tigran V",2615.0,2645.0,1/2-1/2,draw,draw,A08,,34,17.0,2,0,2,0,True,True,1,0,True,0,1,0,defensive
Petrosian.pgn,Petrosian,black,"Browne, Walter S",Milan,Milan,1975.??.??,1975,7,"Browne, Walter S","Petrosian, Tigran V",2550.0,2645.0,1/2-1/2,draw,draw,B42,,41,20.5,7,0,2,0,True,True,3,0,True,0,4,0,defensive
Petrosian.pgn,Petrosian,white,"Gligoric, Svetozar",Milan,Milan,1975.??.??,1975,8,"Petrosian, Tigran V","Gligoric, Svetozar",2645.0,2575.0,1-0,white_win,win,E88,,77,38.5,17,1,2,0,True,True,9,1,True,0,8,0,defensive
Petrosian.pgn,Petrosian,black,"Tal, Mihail",Milan,Milan,1975.??.??,1975,9,"Tal, Mihail","Petrosian, Tigran V",2645.0,2645.0,1/2-1/2,draw,draw,C95,,50,25.0,2,0,2,0,True,True,1,0,True,0,1,0,defensive
Petrosian.pgn,Petrosian,white,"Andersson, Ulf",Milan,Milan,1975.??.??,1975,10,"Petrosian, Tigran V","Andersson, Ulf",2645.0,2565.0,1/2-1/2,draw,draw,A30,,40,20.0,2,0,2,0,True,True,1,0,True,0,1,0,defensive
Petrosian.pgn,Petrosian,black,"Larsen, Bent",Milan,Milan,1975.??.??,1975,11,"Larsen, Bent","Petrosian, Tigran V",2625.0,2645.0,0-1,black_win,win,A22,,78,39.0,16,3,2,0,True,True,8,2,True,0,8,1,defensive
Petrosian.pgn,Petrosian,black,"Spassky, Boris V",Moscow,Moscow,1975.??.??,1975,?,"Spassky, Boris V","Petrosian, Tigran V",2625.0,2645.0,1/2-1/2,draw,draw,D17,,37,18.5,10,1,1,0,False,True,5,1,True,0,5,0,defensive
Petrosian.pgn,Petrosian,black,"Forintos, Gyozo V",Moscow,Moscow,1975.??.??,1975,?,"Forintos, Gyozo V","Petrosian, Tigran V",2490.0,2645.0,1/2-1/2,draw,draw,D13,,21,10.5,2,0,2,0,True,True,1,0,True,0,1,0,defensive
Petrosian.pgn,Petrosian,black,"Vaganian, Rafael A",Moscow,Moscow,1975.??.??,1975,?,"Vaganian, Rafael A","Petrosian, Tigran V",2530.0,2645.0,1/2-1/2,draw,draw,A41,,37,18.5,2,0,2,0,True,True,1,0,True,0,1,0,defensive
Petrosian.pgn,Petrosian,black,"Geller, Efim P",Moscow,Moscow,1975.??.??,1975,?,"Geller, Efim P","Petrosian, Tigran V",2600.0,2645.0,1/2-1/2,draw,draw,E18,,25,12.5,7,0,2,0,True,True,3,0,True,0,4,0,defensive
Petrosian.pgn,Petrosian,black,"Kortschnoj, Viktor",Moscow,Moscow,1975.??.??,1975,?,"Kortschnoj, Viktor","Petrosian, Tigran V",2665.0,2645.0,1-0,white_win,loss,E07,,147,73.5,17,1,2,0,True,True,9,1,True,0,8,0,defensive
Petrosian.pgn,Petrosian,white,"Beliavsky, Alexander G",Moscow,Moscow,1975.??.??,1975,?,"Petrosian, Tigran V","Beliavsky, Alexander G",2645.0,2500.0,1/2-1/2,draw,draw,A04,,79,39.5,15,1,2,0,True,True,8,1,True,0,7,0,defensive
Petrosian.pgn,Petrosian,white,"Bohm, Hans",Moscow,Moscow,1975.??.??,1975,?,"Petrosian, Tigran V","Bohm, Hans",2645.0,2300.0,1-0,white_win,win,D18,,65,32.5,15,3,2,0,True,True,7,3,True,0,8,0,defensive
Petrosian.pgn,Petrosian,white,"Byrne, Robert E",Moscow,Moscow,1975.??.??,1975,?,"Petrosian, Tigran V","Byrne, Robert E",2645.0,2600.0,1-0,white_win,win,D37,,81,40.5,14,1,2,0,True,True,7,1,True,0,7,0,defensive
Petrosian.pgn,Petrosian,white,"Garcia Martinez, Silvino",Moscow,Moscow,1975.??.??,1975,?,"Petrosian, Tigran V","Garcia Martinez, Silvino",2645.0,2445.0,1-0,white_win,win,A30,,114,57.0,17,4,2,0,True,True,9,0,True,0,8,4,defensive
Petrosian.pgn,Petrosian,white,"Hort, Vlastimil",Moscow,Moscow,1975.??.??,1975,?,"Petrosian, Tigran V","Hort, Vlastimil",2645.0,2600.0,1/2-1/2,draw,draw,D94,,42,21.0,6,1,2,0,True,True,3,1,True,0,3,0,defensive
Petrosian.pgn,Petrosian,white,"Kholmov, Ratmir D",Moscow,Moscow,1975.??.??,1975,?,"Petrosian, Tigran V","Kholmov, Ratmir D",2645.0,2540.0,1/2-1/2,draw,draw,E55,,33,16.5,6,0,2,0,True,True,3,0,True,0,3,0,defensive
Petrosian.pgn,Petrosian,white,"Planinec, Albin",Moscow,Moscow,1975.??.??,1975,?,"Petrosian, Tigran V","Planinec, Albin",2645.0,2535.0,1/2-1/2,draw,draw,A50,,56,28.0,16,2,2,0,True,True,8,2,True,0,8,0,defensive
Petrosian.pgn,Petrosian,white,"Stean, Michael",Moscow,Moscow,1975.??.??,1975,?,"Petrosian, Tigran V","Stean, Michael",2645.0,2300.0,1-0,white_win,win,D86,,57,28.5,15,1,2,0,True,True,7,1,True,0,8,0,defensive
Petrosian.pgn,Petrosian,black,"Tal, Mihail",Moscow,Moscow,1975.??.??,1975,?,"Tal, Mihail","Petrosian, Tigran V",2645.0,2645.0,1/2-1/2,draw,draw,C94,,33,16.5,0,0,2,0,True,True,0,0,True,0,0,0,defensive
Petrosian.pgn,Petrosian,white,"Butnorius, Algimantas",URS-chT,Riga,1975.??.??,1975,?,"Petrosian, Tigran V","Butnorius, Algimantas",2645.0,2385.0,1-0,white_win,win,E45,,89,44.5,17,2,1,0,False,True,9,1,False,0,8,1,defensive
Petrosian.pgn,Petrosian,black,"Vaganian, Rafael A",URS-chT,Riga,1975.??.??,1975,?,"Vaganian, Rafael A","Petrosian, Tigran V",2530.0,2645.0,1-0,white_win,loss,D46,,59,29.5,11,1,2,0,True,True,5,0,True,0,6,1,defensive
Petrosian.pgn,Petrosian,black,"Tal, Mihail",URS-chT,Riga,1975.??.??,1975,?,"Tal, Mihail","Petrosian, Tigran V",2645.0,2645.0,1/2-1/2,draw,draw,A14,,38,19.0,2,0,2,0,True,True,1,0,True,0,1,0,defensive
Petrosian.pgn,Petrosian,black,"Spassky, Boris V",URS-chT,Riga,1975.??.??,1975,?,"Spassky, Boris V","Petrosian, Tigran V",2625.0,2645.0,1-0,white_win,loss,E54,,81,40.5,12,1,2,0,True,True,6,0,True,0,6,1,defensive
Petrosian.pgn,Petrosian,white,"Gurgenidze, Bukhuti",URS-chT,Riga,1975.??.??,1975,?,"Petrosian, Tigran V","Gurgenidze, Bukhuti",2645.0,2495.0,1-0,white_win,win,A41,,61,30.5,17,3,2,1,True,True,10,2,True,1,7,1,defensive
Petrosian.pgn,Petrosian,black,"Karpov, Anatoly",URS-chT,Riga,1975.??.??,1975,?,"Karpov, Anatoly","Petrosian, Tigran V",2705.0,2645.0,1/2-1/2,draw,draw,C85,,30,15.0,4,0,2,0,True,True,2,0,True,0,2,0,defensive
Petrosian.pgn,Petrosian,white,"Beliavsky, Alexander G",URS-chT,Riga,1975.??.??,1975,?,"Petrosian, Tigran V","Beliavsky, Alexander G",2645.0,2500.0,1/2-1/2,draw,draw,D77,,85,42.5,16,2,2,0,True,True,8,2,True,0,8,0,defensive
Petrosian.pgn,Petrosian,white,"Bagirov, Vladimir",URS-chT,Riga,1975.??.??,1975,?,"Petrosian, Tigran V","Bagirov, Vladimir",2645.0,2490.0,1/2-1/2,draw,draw,D47,,67,33.5,15,1,2,0,True,True,8,1,True,0,7,0,defensive
Petrosian.pgn,Petrosian,black,"Bronstein, David I",URS-ch43,Yerevan,1975.??.??,1975,?,"Bronstein, David I","Petrosian, Tigran V",2590.0,2645.0,1/2-1/2,draw,draw,C08,,60,30.0,10,2,2,0,True,True,5,0,True,0,5,2,defensive
Petrosian.pgn,Petrosian,black,"Dvorietzky, Mark I",URS-ch43,Yerevan,1975.??.??,1975,?,"Dvorietzky, Mark I","Petrosian, Tigran V",2495.0,2645.0,1/2-1/2,draw,draw,A18,,44,22.0,11,0,1,0,False,True,5,0,True,0,6,0,defensive
Petrosian.pgn,Petrosian,black,"Alburt, Lev O",URS-ch43,Yerevan,1975.??.??,1975,?,"Alburt, Lev O","Petrosian, Tigran V",2420.0,2645.0,1/2-1/2,draw,draw,D26,,30,15.0,9,1,0,0,False,False,5,1,False,0,4,0,defensive
Petrosian.pgn,Petrosian,black,"Geller, Efim P",URS-ch43,Yerevan,1975.??.??,1975,?,"Geller, Efim P","Petrosian, Tigran V",2600.0,2645.0,1/2-1/2,draw,draw,D55,,60,30.0,16,1,2,0,True,True,8,0,True,0,8,1,defensive
Petrosian.pgn,Petrosian,black,"Klovans, Janis",URS-ch43,Yerevan,1975.??.??,1975,?,"Klovans, Janis","Petrosian, Tigran V",2500.0,2645.0,0-1,black_win,win,C11,,120,60.0,20,10,2,0,True,True,10,1,True,0,10,9,defensive
Petrosian.pgn,Petrosian,white,"Balashov, Yuri S",URS-ch43,Yerevan,1975.??.??,1975,?,"Petrosian, Tigran V","Balashov, Yuri S",2645.0,2540.0,1/2-1/2,draw,draw,A30,,155,77.5,20,2,2,0,True,True,10,1,True,0,10,1,defensive
Petrosian.pgn,Petrosian,white,"Beliavsky, Alexander G",URS-ch43,Yerevan,1975.??.??,1975,?,"Petrosian, Tigran V","Beliavsky, Alexander G",2645.0,2500.0,1-0,white_win,win,B36,,83,41.5,21,1,2,0,True,True,12,1,True,0,9,0,defensive
Petrosian.pgn,Petrosian,white,"Dorfman, Josif D",URS-ch43,Yerevan,1975.??.??,1975,?,"Petrosian, Tigran V","Dorfman, Josif D",2645.0,2380.0,1-0,white_win,win,D46,,82,41.0,17,0,2,0,True,True,10,0,True,0,7,0,defensive
Petrosian.pgn,Petrosian,white,"Doroshkievich, Vladimir K",URS-ch43,Yerevan,1975.??.??,1975,?,"Petrosian, Tigran V","Doroshkievich, Vladimir K",2645.0,2425.0,1-0,white_win,win,A49,,83,41.5,11,2,2,0,True,True,7,2,True,0,4,0,defensive
Petrosian.pgn,Petrosian,white,"Furman, Semen Abramovich",URS-ch43,Yerevan,1975.??.??,1975,?,"Petrosian, Tigran V","Furman, Semen Abramovich",2645.0,2560.0,1/2-1/2,draw,draw,A12,,82,41.0,15,4,2,0,True,True,7,2,True,0,8,2,defensive
Petrosian.pgn,Petrosian,white,"Gulko, Boris F",URS-ch43,Yerevan,1975.??.??,1975,?,"Petrosian, Tigran V","Gulko, Boris F",2645.0,2480.0,1-0,white_win,win,E17,,189,94.5,25,36,2,0,True,True,13,12,True,0,12,24,defensive
Petrosian.pgn,Petrosian,white,"Polugaevsky, Lev",URS-ch43,Yerevan,1975.??.??,1975,?,"Petrosian, Tigran V","Polugaevsky, Lev",2645.0,2645.0,1/2-1/2,draw,draw,D60,,60,30.0,10,2,2,0,True,True,5,2,True,0,5,0,defensive
Petrosian.pgn,Petrosian,white,"Vaganian, Rafael A",URS-ch43,Yerevan,1975.??.??,1975,?,"Petrosian, Tigran V","Vaganian, Rafael A",2645.0,2530.0,1-0,white_win,win,A29,,47,23.5,12,0,1,0,True,False,7,0,True,0,5,0,defensive
Petrosian.pgn,Petrosian,black,"Romanishin, Oleg M",URS-ch43,Yerevan,1975.??.??,1975,?,"Romanishin, Oleg M","Petrosian, Tigran V",2485.0,2645.0,1-0,white_win,loss,A17,,59,29.5,12,0,2,0,True,True,5,0,True,0,7,0,defensive
Petrosian.pgn,Petrosian,black,"Tal, Mihail",URS-ch43,Yerevan,1975.??.??,1975,?,"Tal, Mihail","Petrosian, Tigran V",2645.0,2645.0,1/2-1/2,draw,draw,C97,,69,34.5,16,2,2,0,True,True,8,1,True,0,8,1,defensive
Petrosian.pgn,Petrosian,black,"Sanguineti, Raul",Biel Interzonal,Biel,1976.??.??,1976,1,"Sanguineti, Raul","Petrosian, Tigran V",2480.0,2635.0,0-1,black_win,win,A41,,74,37.0,17,2,2,0,True,True,9,2,True,0,8,0,defensive
Petrosian.pgn,Petrosian,black,"Tal, Mihail",Varese playoff,Biel,1976.??.??,1976,1,"Tal, Mihail","Petrosian, Tigran V",2615.0,2635.0,1/2-1/2,draw,draw,E11,,35,17.5,6,1,2,0,True,True,3,1,True,0,3,0,defensive
Petrosian.pgn,Petrosian,white,"Portisch, Lajos",Varese playoff,Biel,1976.??.??,1976,1,"Petrosian, Tigran V","Portisch, Lajos",2635.0,2625.0,1-0,white_win,win,A46,,97,48.5,17,0,2,0,True,True,9,0,True,0,8,0,defensive
Petrosian.pgn,Petrosian,black,"Portisch, Lajos",Varese playoff,Biel,1976.??.??,1976,2,"Portisch, Lajos","Petrosian, Tigran V",2625.0,2635.0,1/2-1/2,draw,draw,B06,,60,30.0,4,0,2,0,True,True,2,0,True,0,2,0,defensive
Petrosian.pgn,Petrosian,white,"Tal, Mihail",Varese playoff,Biel,1976.??.??,1976,2,"Petrosian, Tigran V","Tal, Mihail",2635.0,2615.0,1/2-1/2,draw,draw,E18,,35,17.5,10,1,2,0,True,True,5,0,True,0,5,1,defensive
Petrosian.pgn,Petrosian,white,"Rogoff, Kenneth",Biel Interzonal,Biel,1976.??.??,1976,2,"Petrosian, Tigran V","Rogoff, Kenneth",2635.0,2480.0,1/2-1/2,draw,draw,A29,,38,19.0,4,0,2,0,True,True,2,0,True,0,2,0,defensive
Petrosian.pgn,Petrosian,black,"Tal, Mihail",Varese playoff,Biel,1976.??.??,1976,3,"Tal, Mihail","Petrosian, Tigran V",2615.0,2625.0,1/2-1/2,draw,draw,C07,,40,20.0,10,0,2,0,True,True,5,0,True,0,5,0,defensive
Petrosian.pgn,Petrosian,black,"Gulko, Boris F",Biel Interzonal,Biel,1976.??.??,1976,3,"Gulko, Boris F","Petrosian, Tigran V",2530.0,2635.0,1/2-1/2,draw,draw,B36,,49,24.5,8,1,2,0,True,True,4,1,True,0,4,0,defensive
Petrosian.pgn,Petrosian,white,"Portisch, Lajos",Varese playoff,Biel,1976.??.??,1976,3,"Petrosian, Tigran V","Portisch, Lajos",2635.0,2625.0,1/2-1/2,draw,draw,E15,,22,11.0,2,1,2,0,True,True,1,0,True,0,1,1,defensive
Petrosian.pgn,Petrosian,white,"Tal, Mihail",Varese playoff,Biel,1976.??.??,1976,4,"Petrosian, Tigran V","Tal, Mihail",2635.0,2615.0,1/2-1/2,draw,draw,A26,,33,16.5,2,0,2,0,True,True,1,0,True,0,1,0,defensive
Petrosian.pgn,Petrosian,white,"Tal, Mihail",Biel Interzonal,Biel,1976.??.??,1976,4,"Petrosian, Tigran V","Tal, Mihail",2635.0,2615.0,1/2-1/2,draw,draw,E04,,35,17.5,10,0,2,0,True,True,5,0,True,0,5,0,defensive
Petrosian.pgn,Petrosian,black,"Portisch, Lajos",Varese playoff,Biel,1976.??.??,1976,4,"Portisch, Lajos","Petrosian, Tigran V",2625.0,2635.0,1/2-1/2,draw,draw,E18,,26,13.0,4,0,2,0,True,True,2,0,True,0,2,0,defensive
Petrosian.pgn,Petrosian,black,"Portisch, Lajos",Biel Interzonal,Biel,1976.??.??,1976,5,"Portisch, Lajos","Petrosian, Tigran V",2625.0,2635.0,1/2-1/2,draw,draw,E54,,120,60.0,20,6,2,0,True,True,10,5,True,0,10,1,defensive
Petrosian.pgn,Petrosian,white,"Lombard, Andre",Biel Interzonal,Biel,1976.??.??,1976,6,"Petrosian, Tigran V","Lombard, Andre",2635.0,2420.0,1-0,white_win,win,D43,,58,29.0,12,2,2,0,True,True,6,2,True,0,6,0,defensive
Petrosian.pgn,Petrosian,black,"Andersson, Ulf",Biel Interzonal,Biel,1976.??.??,1976,7,"Andersson, Ulf","Petrosian, Tigran V",2585.0,2635.0,1/2-1/2,draw,draw,E18,,23,11.5,4,0,2,0,True,True,2,0,True,0,2,0,defensive
Petrosian.pgn,Petrosian,white,"Sosonko, Gennadi",Biel Interzonal,Biel,1976.??.??,1976,8,"Petrosian, Tigran V","Sosonko, Gennadi",2635.0,2505.0,1-0,white_win,win,E48,,53,26.5,16,2,2,0,True,True,9,2,True,0,7,0,defensive
Petrosian.pgn,Petrosian,black,"Castro Rojas, Oscar Humberto",Biel Interzonal,Biel,1976.??.??,1976,9,"Castro Rojas, Oscar Humberto","Petrosian, Tigran V",2380.0,2635.0,1-0,white_win,loss,C00,,103,51.5,17,3,2,0,True,True,9,0,True,0,8,3,defensive
Petrosian.pgn,Petrosian,white,"Liberzon, Vladimir M",Biel Interzonal,Biel,1976.??.??,1976,10,"Petrosian, Tigran V","Liberzon, Vladimir M",2635.0,2540.0,1/2-1/2,draw,draw,D37,,50,25.0,6,0,2,0,True,True,3,0,True,0,3,0,defensive
Petrosian.pgn,Petrosian,black,"Csom, Istvan",Biel Interzonal,Biel,1976.??.??,1976,11,"Csom, Istvan","Petrosian, Tigran V",2490.0,2635.0,1/2-1/2,draw,draw,A14,,37,18.5,2,0,2,0,True,True,1,0,True,0,1,0,defensive
Petrosian.pgn,Petrosian,white,"Geller, Efim P",Biel Interzonal,Biel,1976.??.??,1976,12,"Petrosian, Tigran V","Geller, Efim P",2635.0,2620.0,1/2-1/2,draw,draw,E18,,32,16.0,4,0,2,0,True,True,2,0,True,0,2,0,defensive
Petrosian.pgn,Petrosian,black,"Smyslov, Vassily",Biel Interzonal,Biel,1976.??.??,1976,13,"Smyslov, Vassily","Petrosian, Tigran V",2580.0,2635.0,1/2-1/2,draw,draw,D27,,31,15.5,8,0,1,0,True,False,4,0,False,0,4,0,defensive
Petrosian.pgn,Petrosian,black,"Byrne, Robert E",Biel Interzonal,Biel,1976.??.??,1976,14,"Byrne, Robert E","Petrosian, Tigran V",2540.0,2635.0,1/2-1/2,draw,draw,C41,,33,16.5,8,0,2,0,True,True,4,0,True,0,4,0,defensive
Petrosian.pgn,Petrosian,white,"Larsen, Bent",Biel Interzonal,Biel,1976.??.??,1976,15,"Petrosian, Tigran V","Larsen, Bent",2635.0,2625.0,1-0,white_win,win,D60,,111,55.5,23,7,2,0,True,True,12,5,True,0,11,2,defensive
Petrosian.pgn,Petrosian,black,"Matanovic, Aleksandar",Biel Interzonal,Biel,1976.??.??,1976,16,"Matanovic, Aleksandar","Petrosian, Tigran V",2525.0,2635.0,1/2-1/2,draw,draw,B17,,35,17.5,6,0,2,0,True,True,3,0,True,0,3,0,defensive
Petrosian.pgn,Petrosian,white,"Smejkal, Jan",Biel Interzonal,Biel,1976.??.??,1976,17,"Petrosian, Tigran V","Smejkal, Jan",2635.0,2615.0,1/2-1/2,draw,draw,E65,,47,23.5,9,0,2,0,True,True,5,0,True,0,4,0,defensive
Petrosian.pgn,Petrosian,black,"Huebner, Robert",Biel Interzonal,Biel,1976.??.??,1976,18,"Huebner, Robert","Petrosian, Tigran V",2585.0,2635.0,0-1,black_win,win,B06,,82,41.0,17,5,2,0,True,True,8,1,True,0,9,4,defensive
Petrosian.pgn,Petrosian,white,"Diaz, Joaquin C",Biel Interzonal,Biel,1976.??.??,1976,19,"Petrosian, Tigran V","Diaz, Joaquin C",2635.0,2385.0,1-0,white_win,win,E85,,103,51.5,18,0,2,0,True,True,10,0,True,0,8,0,defensive
Petrosian.pgn,Petrosian,black,"Sherwin, James T",Lone Pine,Lone Pine,1976.??.??,1976,1,"Sherwin, James T","Petrosian, Tigran V",2200.0,2635.0,0-1,black_win,win,E14,,74,37.0,17,1,2,0,True,True,9,1,True,0,8,0,defensive
Petrosian.pgn,Petrosian,white,"Peters, John A",Lone Pine,Lone Pine,1976.??.??,1976,2,"Petrosian, Tigran V","Peters, John A",2635.0,2370.0,1-0,white_win,win,D41,,99,49.5,13,1,2,0,True,True,7,1,True,0,6,0,defensive
Petrosian.pgn,Petrosian,black,"Weinstein, Norman",Lone Pine,Lone Pine,1976.??.??,1976,3,"Weinstein, Norman","Petrosian, Tigran V",2430.0,2635.0,1/2-1/2,draw,draw,C07,,25,12.5,6,0,1,0,True,False,3,0,False,0,3,0,defensive
Petrosian.pgn,Petrosian,white,"Bisguier, Arthur Bernard",Lone Pine,Lone Pine,1976.??.??,1976,4,"Petrosian, Tigran V","Bisguier, Arthur Bernard",2635.0,2440.0,1-0,white_win,win,A28,,101,50.5,15,4,2,0,True,True,8,0,True,0,7,4,defensive
Petrosian.pgn,Petrosian,black,"Martz, William E",Lone Pine,Lone Pine,1976.??.??,1976,5,"Martz, William E","Petrosian, Tigran V",2410.0,2635.0,1/2-1/2,draw,draw,B38,,26,13.0,5,0,2,0,True,True,3,0,True,0,2,0,defensive
Petrosian.pgn,Petrosian,white,"Quinteros, Miguel A",Lone Pine,Lone Pine,1976.??.??,1976,6,"Petrosian, Tigran V","Quinteros, Miguel A",2635.0,2540.0,1-0,white_win,win,A77,,86,43.0,15,2,2,0,True,True,8,2,True,0,7,0,defensive
Petrosian.pgn,Petrosian,black,"Tseshkovsky, Vitaly",URS-ch44,Moscow,1976.??.??,1976,?,"Tseshkovsky, Vitaly","Petrosian, Tigran V",2550.0,2635.0,0-1,black_win,win,C16,,60,30.0,16,1,2,0,True,True,8,1,True,0,8,0,defensive
Petrosian.pgn,Petrosian,black,"Taimanov, Mark E",URS-ch44,Moscow,1976.??.??,1976,?,"Taimanov, Mark E","Petrosian, Tigran V",2540.0,2635.0,1/2-1/2,draw,draw,E18,,32,16.0,8,0,2,0,True,True,4,0,True,0,4,0,defensive
Petrosian.pgn,Petrosian,black,"Balashov, Yuri S",URS-ch44,Moscow,1976.??.??,1976,?,"Balashov, Yuri S","Petrosian, Tigran V",2545.0,2635.0,1/2-1/2,draw,draw,B15,,81,40.5,14,1,2,0,True,True,7,0,True,0,7,1,defensive
Petrosian.pgn,Petrosian,black,"Gulko, Boris F",URS-ch44,Moscow,1976.??.??,1976,?,"Gulko, Boris F","Petrosian, Tigran V",2530.0,2635.0,0-1,black_win,win,B94,,78,39.0,17,3,2,0,True,True,9,3,True,0,8,0,defensive
Petrosian.pgn,Petrosian,black,"Zakharov, Alexander V",URS-ch44,Moscow,1976.??.??,1976,?,"Zakharov, Alexander V","Petrosian, Tigran V",2435.0,2635.0,1/2-1/2,draw,draw,C07,,42,21.0,12,0,2,0,True,True,6,0,True,0,6,0,defensive
Petrosian.pgn,Petrosian,white,"Dorfman, Josif D",URS-ch44,Moscow,1976.??.??,1976,?,"Petrosian, Tigran V","Dorfman, Josif D",2635.0,2405.0,1/2-1/2,draw,draw,D43,,88,44.0,8,0,2,0,True,True,4,0,True,0,4,0,defensive
Petrosian.pgn,Petrosian,white,"Geller, Efim P",URS-ch44,Moscow,1976.??.??,1976,?,"Petrosian, Tigran V","Geller, Efim P",2635.0,2620.0,1/2-1/2,draw,draw,E89,,54,27.0,6,0,1,0,False,True,3,0,False,0,3,0,defensive
Petrosian.pgn,Petrosian,white,"Grigorian, Karen Ashotovich",URS-ch44,Moscow,1976.??.??,1976,?,"Petrosian, Tigran V","Grigorian, Karen Ashotovich",2635.0,2485.0,1/2-1/2,draw,draw,D41,,71,35.5,17,0,2,0,True,True,8,0,True,0,9,0,defensive
Petrosian.pgn,Petrosian,white,"Karpov, Anatoly",URS-ch44,Moscow,1976.??.??,1976,?,"Petrosian, Tigran V","Karpov, Anatoly",2635.0,2695.0,1/2-1/2,draw,draw,E19,,126,63.0,26,8,2,0,True,True,14,2,True,0,12,6,defensive
Petrosian.pgn,Petrosian,white,"Kupreichik, Viktor D",URS-ch44,Moscow,1976.??.??,1976,?,"Petrosian, Tigran V","Kupreichik, Viktor D",2635.0,2490.0,1-0,white_win,win,D13,,45,22.5,13,5,1,0,False,True,7,4,False,0,6,1,defensive
Petrosian.pgn,Petrosian,white,"Rashkovsky, Nukhim N",URS-ch44,Moscow,1976.??.??,1976,?,"Petrosian, Tigran V","Rashkovsky, Nukhim N",2635.0,2485.0,1-0,white_win,win,A77,,62,31.0,14,2,2,0,True,True,7,1,True,0,7,1,defensive
Petrosian.pgn,Petrosian,white,"Sveshnikov, Evgeny",URS-ch44,Moscow,1976.??.??,1976,?,"Petrosian, Tigran V","Sveshnikov, Evgeny",2635.0,2510.0,1-0,white_win,win,D14,,55,27.5,12,0,2,0,True,True,6,0,True,0,6,0,defensive
Petrosian.pgn,Petrosian,white,"Tal, Mihail",URS-ch44,Moscow,1976.??.??,1976,?,"Petrosian, Tigran V","Tal, Mihail",2635.0,2615.0,0-1,black_win,loss,A30,,56,28.0,12,0,2,0,True,True,6,0,True,0,6,0,defensive
Petrosian.pgn,Petrosian,white,"Vaganian, Rafael A",URS-ch44,Moscow,1976.??.??,1976,?,"Petrosian, Tigran V","Vaganian, Rafael A",2635.0,2550.0,0-1,black_win,loss,A34,,60,30.0,13,2,2,0,True,True,7,0,True,0,6,2,defensive
Petrosian.pgn,Petrosian,black,"Polugaevsky, Lev",URS-ch44,Moscow,1976.??.??,1976,?,"Polugaevsky, Lev","Petrosian, Tigran V",2635.0,2635.0,1/2-1/2,draw,draw,A28,,52,26.0,12,1,2,0,True,True,6,1,True,0,6,0,defensive
Petrosian.pgn,Petrosian,black,"Romanishin, Oleg M",URS-ch44,Moscow,1976.??.??,1976,?,"Romanishin, Oleg M","Petrosian, Tigran V",2560.0,2635.0,0-1,black_win,win,E60,,147,73.5,26,4,2,0,True,True,14,1,True,0,12,3,defensive
Petrosian.pgn,Petrosian,black,"Smyslov, Vassily",URS-ch44,Moscow,1976.??.??,1976,?,"Smyslov, Vassily","Petrosian, Tigran V",2580.0,2635.0,1/2-1/2,draw,draw,E18,,31,15.5,7,0,2,0,True,True,3,0,True,0,4,0,defensive
Petrosian.pgn,Petrosian,black,"Kortschnoj, Viktor",Candidats qf1,Ciocco,1977.??.??,1977,1,"Kortschnoj, Viktor","Petrosian, Tigran V",2645.0,2645.0,1/2-1/2,draw,draw,E05,,43,21.5,12,1,2,0,True,True,6,1,True,0,6,0,defensive
Petrosian.pgn,Petrosian,white,"Kortschnoj, Viktor",Candidats qf1,Ciocco,1977.??.??,1977,2,"Petrosian, Tigran V","Kortschnoj, Viktor",2645.0,2645.0,1/2-1/2,draw,draw,D41,,33,16.5,10,2,0,0,False,False,5,0,False,0,5,2,defensive
Petrosian.pgn,Petrosian,black,"Kortschnoj, Viktor",Candidats qf1,Ciocco,1977.??.??,1977,3,"Kortschnoj, Viktor","Petrosian, Tigran V",2645.0,2645.0,1/2-1/2,draw,draw,E05,,77,38.5,19,4,2,0,True,True,9,2,True,0,10,2,defensive
Petrosian.pgn,Petrosian,white,"Kortschnoj, Viktor",Candidats qf1,Ciocco,1977.??.??,1977,4,"Petrosian, Tigran V","Kortschnoj, Viktor",2645.0,2645.0,1/2-1/2,draw,draw,D41,,43,21.5,12,2,2,0,True,True,6,0,True,0,6,2,defensive
Petrosian.pgn,Petrosian,black,"Kortschnoj, Viktor",Candidats qf1,Ciocco,1977.??.??,1977,5,"Kortschnoj, Viktor","Petrosian, Tigran V",2645.0,2645.0,1-0,white_win,loss,A29,,141,70.5,24,11,2,0,True,True,12,8,True,0,12,3,defensive
Petrosian.pgn,Petrosian,white,"Kortschnoj, Viktor",Candidats qf1,Ciocco,1977.??.??,1977,6,"Petrosian, Tigran V","Kortschnoj, Viktor",2645.0,2645.0,1-0,white_win,win,D41,,73,36.5,16,3,2,0,True,True,9,1,True,0,7,2,defensive
Petrosian.pgn,Petrosian,black,"Kortschnoj, Viktor",Candidats qf1,Ciocco,1977.??.??,1977,7,"Kortschnoj, Viktor","Petrosian, Tigran V",2645.0,2645.0,1/2-1/2,draw,draw,D61,,49,24.5,10,0,2,0,True,True,5,0,True,0,5,0,defensive
Petrosian.pgn,Petrosian,white,"Kortschnoj, Viktor",Candidats qf1,Ciocco,1977.??.??,1977,8,"Petrosian, Tigran V","Kortschnoj, Viktor",2645.0,2645.0,0-1,black_win,loss,E15,,114,57.0,25,6,2,0,True,True,12,1,True,0,13,5,defensive
Petrosian.pgn,Petrosian,black,"Kortschnoj, Viktor",Candidats qf1,Ciocco,1977.??.??,1977,9,"Kortschnoj, Viktor","Petrosian, Tigran V",2645.0,2645.0,1/2-1/2,draw,draw,E05,,53,26.5,14,4,2,0,True,True,7,3,True,0,7,1,defensive
Petrosian.pgn,Petrosian,white,"Kortschnoj, Viktor",Candidats qf1,Ciocco,1977.??.??,1977,10,"Petrosian, Tigran V","Kortschnoj, Viktor",2645.0,2645.0,1/2-1/2,draw,draw,E19,,29,14.5,6,0,2,0,True,True,3,0,True,0,3,0,defensive
Petrosian.pgn,Petrosian,black,"Kortschnoj, Viktor",Candidats qf1,Ciocco,1977.??.??,1977,11,"Kortschnoj, Viktor","Petrosian, Tigran V",2645.0,2645.0,1/2-1/2,draw,draw,E17,,53,26.5,10,0,2,0,True,True,5,0,True,0,5,0,defensive
Petrosian.pgn,Petrosian,white,"Kortschnoj, Viktor",Candidats qf1,Ciocco,1977.??.??,1977,12,"Petrosian, Tigran V","Kortschnoj, Viktor",2645.0,2645.0,1/2-1/2,draw,draw,E14,,80,40.0,15,3,1,0,True,False,7,1,True,0,8,2,defensive
Petrosian.pgn,Petrosian,black,"Tisdall, Jonathan D",Hastings7778,Hastings,1977.??.??,1977,1,"Tisdall, Jonathan D","Petrosian, Tigran V",2375.0,2645.0,0-1,black_win,win,B82,,54,27.0,6,0,2,0,True,True,3,0,True,0,3,0,defensive
Petrosian.pgn,Petrosian,white,"Sveshnikov, Evgeny",Hastings7778,Hastings,1977.??.??,1977,2,"Petrosian, Tigran V","Sveshnikov, Evgeny",2645.0,2520.0,1/2-1/2,draw,draw,A13,,71,35.5,14,1,2,0,True,True,7,1,True,0,7,0,defensive
Petrosian.pgn,Petrosian,black,"Botterill, George Steven",Hastings7778,Hastings,1977.??.??,1977,3,"Botterill, George Steven","Petrosian, Tigran V",2350.0,2645.0,0-1,black_win,win,E46,,69,34.5,13,0,2,0,True,True,7,0,True,0,6,0,defensive
Petrosian.pgn,Petrosian,white,"Kagan, Shimon",Hastings7778,Hastings,1977.??.??,1977,4,"Petrosian, Tigran V","Kagan, Shimon",2645.0,2440.0,1/2-1/2,draw,draw,A41,,114,57.0,18,2,2,0,True,True,9,1,True,0,9,1,defensive
Petrosian.pgn,Petrosian,black,"Webb, Simon",Hastings7778,Hastings,1977.??.??,1977,5,"Webb, Simon","Petrosian, Tigran V",2430.0,2645.0,0-1,black_win,win,A11,,52,26.0,14,0,2,0,True,True,6,0,True,0,8,0,defensive
Petrosian.pgn,Petrosian,white,"Speelman, Jonathan S",Hastings7778,Hastings,1977.??.??,1977,7,"Petrosian, Tigran V","Speelman, Jonathan S",2645.0,2395.0,1/2-1/2,draw,draw,E69,,51,25.5,4,0,2,0,True,True,2,0,True,0,2,0,defensive
Petrosian.pgn,Petrosian,black,"Sax, Gyula",Hastings7778,Hastings,1977.??.??,1977,8,"Sax, Gyula","Petrosian, Tigran V",2565.0,2645.0,1/2-1/2,draw,draw,C02,,32,16.0,6,1,1,0,True,False,3,0,False,0,3,1,defensive
Petrosian.pgn,Petrosian,white,"Dzindzichashvili, Roman",Hastings7778,Hastings,1977.??.??,1977,9,"Petrosian, Tigran V","Dzindzichashvili, Roman",2645.0,2535.0,1/2-1/2,draw,draw,E19,,52,26.0,12,0,2,0,True,True,6,0,True,0,6,0,defensive
Petrosian.pgn,Petrosian,black,"Fedorowicz, John P",Hastings7778,Hastings,1977.??.??,1977,10,"Fedorowicz, John P","Petrosian, Tigran V",2440.0,2645.0,1/2-1/2,draw,draw,B81,,75,37.5,18,5,1,0,True,False,8,0,False,0,10,5,defensive
Petrosian.pgn,Petrosian,white,"Tarjan, James Edward",Hastings7778,Hastings,1977.??.??,1977,11,"Petrosian, Tigran V","Tarjan, James Edward",2645.0,2495.0,1-0,white_win,win,A16,,89,44.5,17,5,2,0,True,True,9,5,True,0,8,0,defensive
Petrosian.pgn,Petrosian,black,"Hort, Vlastimil",Hastings7778,Hastings,1977.??.??,1977,12,"Hort, Vlastimil","Petrosian, Tigran V",2620.0,2645.0,1/2-1/2,draw,draw,C01,,23,11.5,6,0,2,0,True,True,3,0,True,0,3,0,defensive
Petrosian.pgn,Petrosian,white,"Nunn, John DM",Hastings7778,Hastings,1977.??.??,1977,13,"Petrosian, Tigran V","Nunn, John DM",2645.0,2410.0,1-0,white_win,win,A61,,69,34.5,14,4,2,0,True,True,7,3,True,0,7,1,defensive
Petrosian.pgn,Petrosian,black,"Mestel, A Jonathan",Hastings7778,Hastings,1977.??.??,1977,14,"Mestel, A Jonathan","Petrosian, Tigran V",2420.0,2645.0,1/2-1/2,draw,draw,C01,,35,17.5,6,2,1,0,True,False,3,1,False,0,3,1,defensive
Petrosian.pgn,Petrosian,white,"Shamkovich, Leonid",Hastings7778,Hastings,1977.??.??,1977,15,"Petrosian, Tigran V","Shamkovich, Leonid",2645.0,2485.0,1/2-1/2,draw,draw,D14,,28,14.0,6,0,2,0,True,True,3,0,True,0,3,0,defensive
Petrosian.pgn,Petrosian,black,"Kuzmin, Gennadi P",URS-ch45,Leningrad,1977.??.??,1977,?,"Kuzmin, Gennadi P","Petrosian, Tigran V",2550.0,2645.0,1-0,white_win,loss,C10,,121,60.5,24,4,2,0,True,True,12,0,True,0,12,4,defensive
Petrosian.pgn,Petrosian,black,"Tal, Mihail",URS-ch45,Leningrad,1977.??.??,1977,?,"Tal, Mihail","Petrosian, Tigran V",,,1/2-1/2,draw,draw,C16,,81,40.5,14,11,1,0,True,False,7,0,False,0,7,11,defensive
Petrosian.pgn,Petrosian,black,"Sveshnikov, Evgeny",URS-ch45,Leningrad,1977.??.??,1977,?,"Sveshnikov, Evgeny","Petrosian, Tigran V",2520.0,2645.0,1/2-1/2,draw,draw,B22,,37,18.5,10,0,2,0,True,True,5,0,True,0,5,0,defensive
Petrosian.pgn,Petrosian,black,"Kochyev, Alexander",URS-ch45,Leningrad,1977.??.??,1977,?,"Kochyev, Alexander","Petrosian, Tigran V",2490.0,2645.0,1/2-1/2,draw,draw,D27,,25,12.5,6,0,1,0,True,False,3,0,False,0,3,0,defensive
Petrosian.pgn,Petrosian,black,"Dorfman, Josif D",URS-ch45,Leningrad,1977.??.??,1977,?,"Dorfman, Josif D","Petrosian, Tigran V",2455.0,2645.0,1/2-1/2,draw,draw,E11,,60,30.0,10,2,2,0,True,True,5,2,True,0,5,0,defensive
Petrosian.pgn,Petrosian,white,"Alburt, Lev O",URS-ch45,Leningrad,1977.??.??,1977,?,"Petrosian, Tigran V","Alburt, Lev O",2645.0,2505.0,1-0,white_win,win,A57,,73,36.5,13,0,2,0,True,True,6,0,True,0,7,0,defensive
Petrosian.pgn,Petrosian,black,"Romanishin, Oleg M",URS-ch45,Leningrad,1977.??.??,1977,?,"Romanishin, Oleg M","Petrosian, Tigran V",2595.0,2645.0,0-1,black_win,win,A15,,80,40.0,14,2,1,0,False,True,7,0,True,0,7,2,defensive
Petrosian.pgn,Petrosian,white,"Polugaevsky, Lev",URS-ch45,Leningrad,1977.??.??,1977,?,"Petrosian, Tigran V","Polugaevsky, Lev",2645.0,2620.0,1/2-1/2,draw,draw,A46,,71,35.5,20,3,2,0,True,True,10,2,True,0,10,1,defensive
Petrosian.pgn,Petrosian,white,"Grigorian, Karen Ashotovich",URS-ch45,Leningrad,1977.??.??,1977,?,"Petrosian, Tigran V","Grigorian, Karen Ashotovich",2645.0,2465.0,1-0,white_win,win,B14,,71,35.5,15,3,2,0,True,True,9,1,True,0,6,2,defensive
Petrosian.pgn,Petrosian,white,"Geller, Efim P",URS-ch45,Leningrad,1977.??.??,1977,?,"Petrosian, Tigran V","Geller, Efim P",2645.0,2590.0,1/2-1/2,draw,draw,D58,,37,18.5,10,0,2,0,True,True,5,0,True,0,5,0,defensive
Petrosian.pgn,Petrosian,white,"Balashov, Yuri S",URS-ch45,Leningrad,1977.??.??,1977,?,"Petrosian, Tigran V","Balashov, Yuri S",2645.0,2565.0,1-0,white_win,win,A17,,101,50.5,22,4,2,0,True,True,12,3,True,0,10,1,defensive
Petrosian.pgn,Petrosian,white,"Bagirov, Vladimir",URS-ch45,Leningrad,1977.??.??,1977,?,"Petrosian, Tigran V","Bagirov, Vladimir",2645.0,2480.0,1/2-1/2,draw,draw,D35,,44,22.0,4,0,2,0,True,True,2,0,True,0,2,0,defensive
Petrosian.pgn,Petrosian,black,"Gulko, Boris F",URS-ch45,Leningrad,1977.??.??,1977,?,"Gulko, Boris F","Petrosian, Tigran V",2585.0,2645.0,1/2-1/2,draw,draw,B06,,61,30.5,14,1,1,0,True,False,7,0,False,0,7,1,defensive
Petrosian.pgn,Petrosian,white,"Smyslov, Vassily",URS-ch45,Leningrad,1977.??.??,1977,?,"Petrosian, Tigran V","Smyslov, Vassily",2645.0,2595.0,1/2-1/2,draw,draw,E19,,46,23.0,8,1,2,0,True,True,4,0,True,0,4,1,defensive
Petrosian.pgn,Petrosian,white,"Tukmakov, Vladimir B",URS-ch45,Leningrad,1977.??.??,1977,?,"Petrosian, Tigran V","Tukmakov, Vladimir B",2645.0,2540.0,1/2-1/2,draw,draw,A48,,39,19.5,6,0,2,0,True,True,3,0,True,0,3,0,defensive
Petrosian.pgn,Petrosian,black,"Jansa, Vlastimil",EU-chT,Moscow,1977.??.??,1977,1,"Jansa, Vlastimil","Petrosian, Tigran V",2450.0,2645.0,1/2-1/2,draw,draw,C07,,65,32.5,15,3,2,0,True,True,7,1,True,0,8,2,defensive
Petrosian.pgn,Petrosian,white,"Gligoric, Svetozar",EU-chT,Moscow,1977.??.??,1977,2,"Petrosian, Tigran V","Gligoric, Svetozar",2645.0,2565.0,1-0,white_win,win,D91,,135,67.5,23,6,2,0,True,True,12,3,True,0,11,3,defensive
Petrosian.pgn,Petrosian,black,"Ciocaltea, Victor",EU-chT,Moscow,1977.??.??,1977,3,"Ciocaltea, Victor","Petrosian, Tigran V",2465.0,2645.0,1/2-1/2,draw,draw,C42,,24,12.0,4,1,1,0,True,False,2,1,False,0,2,0,defensive
Petrosian.pgn,Petrosian,white,"Ribli, Zoltan",EU-chT,Moscow,1977.??.??,1977,4,"Petrosian, Tigran V","Ribli, Zoltan",2645.0,2595.0,1/2-1/2,draw,draw,A34,,50,25.0,2,0,2,0,True,True,1,0,True,0,1,0,defensive
Petrosian.pgn,Petrosian,black,"Hartston, William R",EU-chT,Moscow,1977.??.??,1977,5,"Hartston, William R","Petrosian, Tigran V",2475.0,2645.0,1/2-1/2,draw,draw,C24,,76,38.0,17,6,2,0,True,True,9,5,True,0,8,1,defensive
Petrosian.pgn,Petrosian,black,"Radulov, Ivan",EU-chT,Moscow,1977.??.??,1977,7,"Radulov, Ivan","Petrosian, Tigran V",2500.0,2645.0,1/2-1/2,draw,draw,C07,,42,21.0,10,1,2,0,True,True,5,1,True,0,5,0,defensive
Petrosian.pgn,Petrosian,white,"Suba, Mihai",Sochi,Sochi,1977.??.??,1977,?,"Petrosian, Tigran V","Suba, Mihai",,2455.0,1-0,white_win,win,D61,,80,40.0,16,1,2,0,True,True,8,0,True,0,8,1,defensive
Petrosian.pgn,Petrosian,white,"Tal, Mihail",Sochi,Sochi,1977.??.??,1977,?,"Petrosian, Tigran V","Tal, Mihail",,2620.0,1/2-1/2,draw,draw,E18,,45,22.5,13,0,2,0,True,True,6,0,True,0,7,0,defensive
Petrosian.pgn,Petrosian,white,"Suetin, Alexey S",Sochi,Sochi,1977.??.??,1977,?,"Petrosian, Tigran V","Suetin, Alexey S",,2525.0,1/2-1/2,draw,draw,A07,,86,43.0,12,3,2,0,True,True,6,1,True,0,6,2,defensive
Petrosian.pgn,Petrosian,black,"Karner, Hillar",Sochi,Sochi,1977.??.??,1977,?,"Karner, Hillar","Petrosian, Tigran V",2380.0,,1/2-1/2,draw,draw,A42,,115,57.5,30,10,0,1,False,False,15,5,False,0,15,5,defensive
Petrosian.pgn,Petrosian,black,"Durao, Joaquim",Sochi,Sochi,1977.??.??,1977,?,"Durao, Joaquim","Petrosian, Tigran V",2305.0,,0-1,black_win,win,B93,,64,32.0,16,1,2,0,True,True,8,1,True,0,8,0,defensive
Petrosian.pgn,Petrosian,black,"Zhuravliov, Valerij",Sochi,Sochi,1977.??.??,1977,?,"Zhuravliov, Valerij","Petrosian, Tigran V",,,1/2-1/2,draw,draw,B06,,65,32.5,8,0,2,0,True,True,4,0,True,0,4,0,defensive
Petrosian.pgn,Petrosian,black,"Zaitsev, Igor A",Sochi,Sochi,1977.??.??,1977,?,"Zaitsev, Igor A","Petrosian, Tigran V",2495.0,,1/2-1/2,draw,draw,C02,,31,15.5,0,0,2,0,True,True,0,0,True,0,0,0,defensive
Petrosian.pgn,Petrosian,black,"Spassov, Liuben",Sochi,Sochi,1977.??.??,1977,?,"Spassov, Liuben","Petrosian, Tigran V",,,1/2-1/2,draw,draw,E91,,24,12.0,1,0,2,0,True,True,1,0,True,0,0,0,defensive
Petrosian.pgn,Petrosian,black,"Rashkovsky, Nukhim N",Sochi,Sochi,1977.??.??,1977,?,"Rashkovsky, Nukhim N","Petrosian, Tigran V",2510.0,,1/2-1/2,draw,draw,D27,,27,13.5,4,0,2,0,True,True,2,0,True,0,2,0,defensive
Petrosian.pgn,Petrosian,white,"Panchenko, Alexander N",Sochi,Sochi,1977.??.??,1977,?,"Petrosian, Tigran V","Panchenko, Alexander N",,,1/2-1/2,draw,draw,D02,,43,21.5,10,0,2,0,True,True,5,0,True,0,5,0,defensive
Petrosian.pgn,Petrosian,white,"Adorjan, Andras",Sochi,Sochi,1977.??.??,1977,?,"Petrosian, Tigran V","Adorjan, Andras",,2530.0,1/2-1/2,draw,draw,A10,,47,23.5,14,1,2,0,True,True,7,0,True,0,7,1,defensive
Petrosian.pgn,Petrosian,white,"Krogius, Nikolai V",Sochi,Sochi,1977.??.??,1977,?,"Petrosian, Tigran V","Krogius, Nikolai V",,2545.0,1/2-1/2,draw,draw,E07,,70,35.0,14,2,2,0,True,True,7,2,True,0,7,0,defensive
Petrosian.pgn,Petrosian,white,"Klaric, Zlatko",Sochi,Sochi,1977.??.??,1977,?,"Petrosian, Tigran V","Klaric, Zlatko",,2405.0,1-0,white_win,win,D10,,67,33.5,11,0,2,0,True,True,6,0,True,0,5,0,defensive
Petrosian.pgn,Petrosian,white,"Geller, Efim P",Sochi,Sochi,1977.??.??,1977,?,"Petrosian, Tigran V","Geller, Efim P",,2590.0,1/2-1/2,draw,draw,E92,,36,18.0,0,0,2,0,True,True,0,0,True,0,0,0,defensive
Petrosian.pgn,Petrosian,black,"Ftacnik, Lubomir",Sochi,Sochi,1977.??.??,1977,9,"Ftacnik, Lubomir","Petrosian, Tigran V",2360.0,2645.0,1/2-1/2,draw,draw,A36,,166,83.0,23,7,2,0,True,True,12,3,True,0,11,4,defensive
Petrosian.pgn,Petrosian,black,"Ribli, Zoltan",Buenos Aires ol (Men),Buenos Aires,1978.??.??,1978,?,"Ribli, Zoltan","Petrosian, Tigran V",2585.0,2620.0,1/2-1/2,draw,draw,A28,,84,42.0,17,2,2,0,True,True,9,2,True,0,8,0,defensive
Petrosian.pgn,Petrosian,white,"Stean, Michael",Buenos Aires ol (Men),Buenos Aires,1978.??.??,1978,?,"Petrosian, Tigran V","Stean, Michael",2620.0,2510.0,1/2-1/2,draw,draw,D78,,82,41.0,18,2,2,0,True,True,9,0,True,0,9,2,defensive
Petrosian.pgn,Petrosian,white,"Dzindzichashvili, Roman",Buenos Aires ol (Men),Buenos Aires,1978.??.??,1978,?,"Petrosian, Tigran V","Dzindzichashvili, Roman",2620.0,2550.0,1/2-1/2,draw,draw,D22,,69,34.5,14,3,0,0,False,False,7,0,False,0,7,3,defensive
Petrosian.pgn,Petrosian,black,"Rodriguez, Amador",Buenos Aires ol (Men),Buenos Aires,1978.??.??,1978,?,"Rodriguez, Amador","Petrosian, Tigran V",2470.0,2620.0,1/2-1/2,draw,draw,B04,,46,23.0,6,0,2,0,True,True,3,0,True,0,3,0,defensive
Petrosian.pgn,Petrosian,white,"Ciocaltea, Victor",Buenos Aires ol (Men),Buenos Aires,1978.??.??,1978,?,"Petrosian, Tigran V","Ciocaltea, Victor",2620.0,2455.0,1-0,white_win,win,E69,,83,41.5,13,0,2,0,True,True,7,0,True,0,6,0,defensive
Petrosian.pgn,Petrosian,white,"Browne, Walter S",Buenos Aires ol (Men),Buenos Aires,1978.??.??,1978,?,"Petrosian, Tigran V","Browne, Walter S",2620.0,2550.0,1-0,white_win,win,E14,,81,40.5,15,2,2,0,True,True,7,0,True,0,8,2,defensive
Petrosian.pgn,Petrosian,black,"Cooper, John Grantley",Buenos Aires ol (Men),Buenos Aires,1978.??.??,1978,?,"Cooper, John Grantley","Petrosian, Tigran V",2315.0,2620.0,0-1,black_win,win,E30,,98,49.0,23,8,1,0,True,False,13,4,False,0,10,4,defensive
Petrosian.pgn,Petrosian,black,"Biyiasas, Peter",Buenos Aires ol (Men),Buenos Aires,1978.??.??,1978,?,"Biyiasas, Peter","Petrosian, Tigran V",2450.0,2620.0,1/2-1/2,draw,draw,A08,,51,25.5,3,0,2,0,True,True,1,0,True,0,2,0,defensive
Petrosian.pgn,Petrosian,black,"Unzicker, Wolfgang",Buenos Aires ol (Men),Buenos Aires,1978.??.??,1978,?,"Unzicker, Wolfgang","Petrosian, Tigran V",2525.0,2620.0,1/2-1/2,draw,draw,C07,,28,14.0,6,0,2,0,True,True,3,0,True,0,3,0,defensive
Petrosian.pgn,Petrosian,white,"Bohm, Hans",Lone Pine op,Lone Pine,1978.??.??,1978,1,"Petrosian, Tigran V","Bohm, Hans",2620.0,2410.0,1-0,white_win,win,A40,,59,29.5,10,1,1,0,True,False,5,1,True,0,5,0,defensive
Petrosian.pgn,Petrosian,black,"Balinas, Rosendo Carrean",Lone Pine op,Lone Pine,1978.??.??,1978,2,"Balinas, Rosendo Carrean","Petrosian, Tigran V",2440.0,2620.0,1/2-1/2,draw,draw,C09,,49,24.5,6,0,2,0,True,True,3,0,True,0,3,0,defensive
Petrosian.pgn,Petrosian,white,"Bisguier, Arthur Bernard",Lone Pine op,Lone Pine,1978.??.??,1978,3,"Petrosian, Tigran V","Bisguier, Arthur Bernard",2620.0,2435.0,1/2-1/2,draw,draw,E44,,33,16.5,10,0,1,0,False,True,5,0,False,0,5,0,defensive
Petrosian.pgn,Petrosian,black,"Janosevic, Dragoljub",Lone Pine op,Lone Pine,1978.??.??,1978,4,"Janosevic, Dragoljub","Petrosian, Tigran V",2455.0,2620.0,0-1,black_win,win,B06,,66,33.0,12,3,2,0,True,True,6,1,True,0,6,2,defensive
Petrosian.pgn,Petrosian,white,"Peters, John A",Lone Pine op,Lone Pine,1978.??.??,1978,5,"Petrosian, Tigran V","Peters, John A",2620.0,2430.0,1/2-1/2,draw,draw,E14,,47,23.5,12,0,2,0,True,True,6,0,True,0,6,0,defensive
Petrosian.pgn,Petrosian,black,"Stean, Michael",Lone Pine op,Lone Pine,1978.??.??,1978,6,"Stean, Michael","Petrosian, Tigran V",2510.0,2620.0,1/2-1/2,draw,draw,A41,,65,32.5,18,5,1,0,True,False,9,1,False,0,9,4,defensive
Petrosian.pgn,Petrosian,black,"Portisch, Lajos",Lone Pine op,Lone Pine,1978.??.??,1978,7,"Portisch, Lajos","Petrosian, Tigran V",2630.0,2620.0,0-1,black_win,win,E52,,90,45.0,15,4,2,0,True,True,8,4,True,0,7,0,defensive
Petrosian.pgn,Petrosian,white,"Polugaevsky, Lev",Lone Pine op,Lone Pine,1978.??.??,1978,8,"Petrosian, Tigran V","Polugaevsky, Lev",2620.0,2620.0,1/2-1/2,draw,draw,E16,,84,42.0,14,1,2,0,True,True,7,0,True,0,7,1,defensive
Petrosian.pgn,Petrosian,black,"Benko, Pal C",Lone Pine op,Lone Pine,1978.??.??,1978,9,"Benko, Pal C","Petrosian, Tigran V",2485.0,2620.0,1/2-1/2,draw,draw,B22,,29,14.5,8,0,2,0,True,True,4,0,True,0,4,0,defensive
Petrosian.pgn,Petrosian,white,"Dvorietzky, Mark I",Vilnius,Vilnius,1978.??.??,1978,1,"Petrosian, Tigran V","Dvorietzky, Mark I",2620.0,2525.0,1/2-1/2,draw,draw,D38,,76,38.0,17,3,2,0,True,True,8,1,True,0,9,2,defensive
Petrosian.pgn,Petrosian,black,"Beliavsky, Alexander G",Vilnius,Vilnius,1978.??.??,1978,2,"Beliavsky, Alexander G","Petrosian, Tigran V",2545.0,2620.0,1-0,white_win,loss,E19,,77,38.5,11,0,2,0,True,True,4,0,True,0,7,0,defensive
Petrosian.pgn,Petrosian,white,"Csom, Istvan",Vilnius,Vilnius,1978.??.??,1978,3,"Petrosian, Tigran V","Csom, Istvan",2620.0,2510.0,1/2-1/2,draw,draw,A47,,31,15.5,2,0,2,0,True,True,1,0,True,0,1,0,defensive
Petrosian.pgn,Petrosian,black,"Piesina, Gintautas",Vilnius,Vilnius,1978.??.??,1978,4,"Piesina, Gintautas","Petrosian, Tigran V",2200.0,2620.0,0-1,black_win,win,A77,,85,42.5,17,1,2,0,True,True,9,1,True,0,8,0,defensive
Petrosian.pgn,Petrosian,white,"Mikenas, Vladas",Vilnius,Vilnius,1978.??.??,1978,5,"Petrosian, Tigran V","Mikenas, Vladas",2620.0,2205.0,1/2-1/2,draw,draw,D30,,150,75.0,21,9,2,0,True,True,11,4,True,0,10,5,defensive
Petrosian.pgn,Petrosian,black,"Lebredo, Gerardo",Vilnius,Vilnius,1978.??.??,1978,6,"Lebredo, Gerardo","Petrosian, Tigran V",2385.0,2620.0,0-1,black_win,win,A06,,66,33.0,13,2,2,0,True,True,6,1,True,0,7,1,defensive
Petrosian.pgn,Petrosian,white,"Chiburdanidze, Maia",Vilnius,Vilnius,1978.??.??,1978,7,"Petrosian, Tigran V","Chiburdanidze, Maia",2620.0,2340.0,1-0,white_win,win,E66,,69,34.5,14,1,2,0,True,True,7,0,True,0,7,1,defensive
Petrosian.pgn,Petrosian,black,"Lechtynsky, Jiri",Vilnius,Vilnius,1978.??.??,1978,8,"Lechtynsky, Jiri","Petrosian, Tigran V",2420.0,2620.0,1/2-1/2,draw,draw,B35,,25,12.5,4,0,2,0,True,True,2,0,True,0,2,0,defensive
Petrosian.pgn,Petrosian,white,"Gulko, Boris F",Vilnius,Vilnius,1978.??.??,1978,9,"Petrosian, Tigran V","Gulko, Boris F",2620.0,2575.0,1-0,white_win,win,D97,,79,39.5,16,4,2,0,True,True,9,4,True,0,7,0,defensive
Petrosian.pgn,Petrosian,black,"Reshevsky, Samuel Herman",Vilnius,Vilnius,1978.??.??,1978,10,"Reshevsky, Samuel Herman","Petrosian, Tigran V",2490.0,2620.0,1/2-1/2,draw,draw,E61,,41,20.5,2,0,2,0,True,True,1,0,True,0,1,0,defensive
Petrosian.pgn,Petrosian,white,"Dorfman, Josif D",Vilnius,Vilnius,1978.??.??,1978,11,"Petrosian, Tigran V","Dorfman, Josif D",2620.0,2550.0,1/2-1/2,draw,draw,A11,,38,19.0,2,2,2,0,True,True,1,0,True,0,1,2,defensive
Petrosian.pgn,Petrosian,black,"Tukmakov, Vladimir B",Vilnius,Vilnius,1978.??.??,1978,12,"Tukmakov, Vladimir B","Petrosian, Tigran V",2560.0,2620.0,1/2-1/2,draw,draw,D37,,68,34.0,5,0,2,0,True,True,2,0,True,0,3,0,defensive
Petrosian.pgn,Petrosian,white,"Espig, Lutz",Vilnius,Vilnius,1978.??.??,1978,13,"Petrosian, Tigran V","Espig, Lutz",2620.0,2470.0,1-0,white_win,win,A53,,79,39.5,16,1,2,0,True,True,8,0,True,0,8,1,defensive
Petrosian.pgn,Petrosian,white,"Kaiszauri, Konstanty",Vilnius,Vilnius,1978.??.??,1978,14,"Petrosian, Tigran V","Kaiszauri, Konstanty",2620.0,2420.0,1-0,white_win,win,A87,,63,31.5,8,2,2,0,True,True,4,0,True,0,4,2,defensive
Petrosian.pgn,Petrosian,black,"Damjanovic, Mato",Vilnius,Vilnius,1978.??.??,1978,15,"Damjanovic, Mato","Petrosian, Tigran V",2455.0,2620.0,1/2-1/2,draw,draw,B81,,33,16.5,4,0,1,0,True,False,2,0,False,0,2,0,defensive
Petrosian.pgn,Petrosian,black,"Bukic, Enver",Banja Luka,Banja Luka,1979.??.??,1979,?,"Bukic, Enver","Petrosian, Tigran V",2495.0,2610.0,0-1,black_win,win,D20,,126,63.0,22,1,2,0,True,True,11,0,True,0,11,1,defensive
Petrosian.pgn,Petrosian,black,"Andersson, Ulf",Banja Luka,Banja Luka,1979.??.??,1979,?,"Andersson, Ulf","Petrosian, Tigran V",2560.0,2610.0,1/2-1/2,draw,draw,D13,,25,12.5,2,1,2,0,True,True,1,1,True,0,1,0,defensive
Petrosian.pgn,Petrosian,black,"Kasparov, Gary",Banja Luka,Banja Luka,1979.??.??,1979,?,"Kasparov, Gary","Petrosian, Tigran V",,2610.0,1/2-1/2,draw,draw,C97,,45,22.5,6,1,2,0,True,True,3,1,True,0,3,0,defensive
Petrosian.pgn,Petrosian,white,"Vukic, Milan",Banja Luka,Banja Luka,1979.??.??,1979,?,"Petrosian, Tigran V","Vukic, Milan",2610.0,2485.0,1/2-1/2,draw,draw,E61,,133,66.5,18,4,2,0,True,True,8,1,True,0,10,3,defensive
Petrosian.pgn,Petrosian,white,"Smejkal, Jan",Banja Luka,Banja Luka,1979.??.??,1979,?,"Petrosian, Tigran V","Smejkal, Jan",2610.0,2550.0,1/2-1/2,draw,draw,A30,,70,35.0,20,1,2,0,True,True,10,0,True,0,10,1,defensive
Petrosian.pgn,Petrosian,white,"Sibarevic, Milenko",Banja Luka,Banja Luka,1979.??.??,1979,?,"Petrosian, Tigran V","Sibarevic, Milenko",2610.0,2355.0,1/2-1/2,draw,draw,B13,,90,45.0,10,0,2,0,True,True,5,0,True,0,5,0,defensive
Petrosian.pgn,Petrosian,white,"Matanovic, Aleksandar",Banja Luka,Banja Luka,1979.??.??,1979,?,"Petrosian, Tigran V","Matanovic, Aleksandar",2610.0,2495.0,1/2-1/2,draw,draw,E12,,51,25.5,10,1,2,0,True,True,5,0,True,0,5,1,defensive
Petrosian.pgn,Petrosian,white,"Kurajica, Bojan",Banja Luka,Banja Luka,1979.??.??,1979,?,"Petrosian, Tigran V","Kurajica, Bojan",2610.0,2515.0,1-0,white_win,win,E44,,105,52.5,25,11,2,0,True,True,12,5,True,0,13,6,defensive
Petrosian.pgn,Petrosian,white,"Knezevic, Milorad",Banja Luka,Banja Luka,1979.??.??,1979,?,"Petrosian, Tigran V","Knezevic, Milorad",2610.0,2500.0,1/2-1/2,draw,draw,A88,,78,39.0,10,1,2,0,True,True,5,0,True,0,5,1,defensive
Petrosian.pgn,Petrosian,white,"Hernandez, Roman",Banja Luka,Banja Luka,1979.??.??,1979,?,"Petrosian, Tigran V","Hernandez, Roman",2610.0,2500.0,1-0,white_win,win,A79,,83,41.5,12,1,2,0,True,True,6,1,True,0,6,0,defensive
Petrosian.pgn,Petrosian,black,"Marjanovic, Slavoljub",Banja Luka,Banja Luka,1979.??.??,1979,?,"Marjanovic, Slavoljub","Petrosian, Tigran V",2505.0,2610.0,1/2-1/2,draw,draw,C07,,29,14.5,6,0,2,0,True,True,3,0,True,0,3,0,defensive
Petrosian.pgn,Petrosian,black,"Garcia Gonzales, Guillermo",Banja Luka,Banja Luka,1979.??.??,1979,?,"Garcia Gonzales, Guillermo","Petrosian, Tigran V",,2610.0,1/2-1/2,draw,draw,E94,,55,27.5,10,2,2,0,True,True,5,2,True,0,5,0,defensive
Petrosian.pgn,Petrosian,white,"Miles, Anthony J",Clarin,Buenos Aires,1979.??.??,1979,1,"Petrosian, Tigran V","Miles, Anthony J",2610.0,2560.0,1/2-1/2,draw,draw,A36,,38,19.0,4,0,2,0,True,True,2,0,True,0,2,0,defensive
Petrosian.pgn,Petrosian,black,"Andersson, Ulf",Clarin,Buenos Aires,1979.??.??,1979,2,"Andersson, Ulf","Petrosian, Tigran V",2560.0,2610.0,1/2-1/2,draw,draw,D27,,38,19.0,7,1,2,0,True,True,4,1,True,0,3,0,defensive
Petrosian.pgn,Petrosian,white,"Ivkov, Borislav",Clarin,Buenos Aires,1979.??.??,1979,3,"Petrosian, Tigran V","Ivkov, Borislav",2610.0,2525.0,1/2-1/2,draw,draw,A32,,44,22.0,12,4,0,0,False,False,6,0,False,0,6,4,defensive
Petrosian.pgn,Petrosian,black,"Quinteros, Miguel A",Clarin,Buenos Aires,1979.??.??,1979,4,"Quinteros, Miguel A","Petrosian, Tigran V",2545.0,2610.0,1-0,white_win,loss,E09,,96,48.0,17,6,2,0,True,True,8,0,True,0,9,6,defensive
Petrosian.pgn,Petrosian,white,"Rubinetti, Jorge A",Clarin,Buenos Aires,1979.??.??,1979,5,"Petrosian, Tigran V","Rubinetti, Jorge A",2610.0,2430.0,1-0,white_win,win,A30,,81,40.5,14,0,2,1,True,True,7,0,True,1,7,0,defensive
Petrosian.pgn,Petrosian,black,"Larsen, Bent",Clarin,Buenos Aires,1979.??.??,1979,6,"Larsen, Bent","Petrosian, Tigran V",2620.0,2610.0,1-0,white_win,loss,A12,,129,64.5,19,2,2,0,True,True,9,1,True,0,10,1,defensive
Petrosian.pgn,Petrosian,white,"Najdorf, Miguel",Clarin,Buenos Aires,1979.??.??,1979,7,"Petrosian, Tigran V","Najdorf, Miguel",2610.0,2515.0,1/2-1/2,draw,draw,E49,,36,18.0,4,1,2,0,True,True,2,0,True,0,2,1,defensive
Petrosian.pgn,Petrosian,white,"Spassky, Boris V",Clarin,Buenos Aires,1979.??.??,1979,8,"Petrosian, Tigran V","Spassky, Boris V",2610.0,2640.0,1/2-1/2,draw,draw,D37,,38,19.0,7,0,2,0,True,True,4,0,True,0,3,0,defensive
Petrosian.pgn,Petrosian,black,"Tempone, Marcelo",Clarin,Buenos Aires,1979.??.??,1979,9,"Tempone, Marcelo","Petrosian, Tigran V",,2610.0,1-0,white_win,loss,A13,,125,62.5,18,5,2,1,True,True,10,2,True,0,8,3,defensive
Petrosian.pgn,Petrosian,white,"Lombardy, William James",Clarin,Buenos Aires,1979.??.??,1979,10,"Petrosian, Tigran V","Lombardy, William James",2610.0,2520.0,1/2-1/2,draw,draw,E41,,85,42.5,8,1,0,0,False,False,4,0,False,0,4,1,defensive
Petrosian.pgn,Petrosian,black,"Panno, Oscar",Clarin,Buenos Aires,1979.??.??,1979,11,"Panno, Oscar","Petrosian, Tigran V",2545.0,2610.0,0-1,black_win,win,E17,,86,43.0,19,5,2,0,True,True,10,2,True,0,9,3,defensive
Petrosian.pgn,Petrosian,white,"Gheorghiu, Florin",Clarin,Buenos Aires,1979.??.??,1979,12,"Petrosian, Tigran V","Gheorghiu, Florin",2610.0,2540.0,1/2-1/2,draw,draw,A43,,26,13.0,2,0,1,0,True,False,1,0,True,0,1,0,defensive
Petrosian.pgn,Petrosian,black,"Franco Ocampo, Zenon",Clarin,Buenos Aires,1979.??.??,1979,13,"Franco Ocampo, Zenon","Petrosian, Tigran V",2360.0,2610.0,1/2-1/2,draw,draw,C15,,31,15.5,4,1,2,0,True,True,2,1,True,0,2,0,defensive
Petrosian.pgn,Petrosian,white,"Smejkal, Jan",Rio de Janeiro Interzonal,Rio de Janeiro,1979.??.??,1979,1,"Petrosian, Tigran V","Smejkal, Jan",2610.0,2560.0,1/2-1/2,draw,draw,A34,,30,15.0,6,1,2,0,True,True,3,1,True,0,3,0,defensive
Petrosian.pgn,Petrosian,black,"Sax, Gyula",Rio de Janeiro Interzonal,Rio de Janeiro,1979.??.??,1979,2,"Sax, Gyula","Petrosian, Tigran V",2590.0,2610.0,0-1,black_win,win,C08,,74,37.0,18,4,2,0,True,True,10,1,True,0,8,3,defensive
Petrosian.pgn,Petrosian,white,"Vaganian, Rafael A",Rio de Janeiro Interzonal,Rio de Janeiro,1979.??.??,1979,3,"Petrosian, Tigran V","Vaganian, Rafael A",2610.0,2570.0,1/2-1/2,draw,draw,D59,,24,12.0,6,0,1,0,False,True,3,0,False,0,3,0,defensive
Petrosian.pgn,Petrosian,black,"Timman, Jan H",Rio de Janeiro Interzonal,Rio de Janeiro,1979.??.??,1979,4,"Timman, Jan H","Petrosian, Tigran V",2625.0,2610.0,1/2-1/2,draw,draw,E81,,44,22.0,8,0,2,0,True,True,4,0,True,0,4,0,defensive
Petrosian.pgn,Petrosian,white,"Garcia Gonzales, Guillermo",Rio de Janeiro Interzonal,Rio de Janeiro,1979.??.??,1979,5,"Petrosian, Tigran V","Garcia Gonzales, Guillermo",2610.0,2490.0,1-0,white_win,win,E91,,136,68.0,24,10,2,0,True,True,12,10,True,0,12,0,defensive
Petrosian.pgn,Petrosian,black,"Sunye Neto, Jaime",Rio de Janeiro Interzonal,Rio de Janeiro,1979.??.??,1979,6,"Sunye Neto, Jaime","Petrosian, Tigran V",2375.0,2610.0,1/2-1/2,draw,draw,E61,,33,16.5,1,0,2,0,True,True,0,0,True,0,1,0,defensive
Petrosian.pgn,Petrosian,white,"Harandi, Khosro",Rio de Janeiro Interzonal,Rio de Janeiro,1979.??.??,1979,7,"Petrosian, Tigran V","Harandi, Khosro",2610.0,2410.0,1-0,white_win,win,E12,,49,24.5,12,0,1,0,False,True,6,0,False,0,6,0,defensive
Petrosian.pgn,Petrosian,black,"Balashov, Yuri S",Rio de Janeiro Interzonal,Rio de Janeiro,1979.??.??,1979,8,"Balashov, Yuri S","Petrosian, Tigran V",2600.0,2610.0,1/2-1/2,draw,draw,C16,,24,12.0,4,1,0,0,False,False,2,1,False,0,2,0,defensive
Petrosian.pgn,Petrosian,black,"Hebert, Jean",Rio de Janeiro Interzonal,Rio de Janeiro,1979.??.??,1979,11,"Hebert, Jean","Petrosian, Tigran V",2365.0,2610.0,1/2-1/2,draw,draw,B06,,37,18.5,2,1,1,0,True,False,1,0,False,0,1,1,defensive
Petrosian.pgn,Petrosian,white,"Portisch, Lajos",Rio de Janeiro Interzonal,Rio de Janeiro,1979.??.??,1979,12,"Petrosian, Tigran V","Portisch, Lajos",2610.0,2640.0,1/2-1/2,draw,draw,D27,,43,21.5,6,0,2,0,True,True,3,0,True,0,3,0,defensive
Petrosian.pgn,Petrosian,black,"Velimirovic, Dragoljub",Rio de Janeiro Interzonal,Rio de Janeiro,1979.??.??,1979,13,"Velimirovic, Dragoljub","Petrosian, Tigran V",2515.0,2610.0,1/2-1/2,draw,draw,C97,,59,29.5,8,0,2,0,True,True,4,0,True,0,4,0,defensive
Petrosian.pgn,Petrosian,white,"Bronstein, Luis",Rio de Janeiro Interzonal,Rio de Janeiro,1979.??.??,1979,14,"Petrosian, Tigran V","Bronstein, Luis",2610.0,2420.0,1-0,white_win,win,D97,,55,27.5,8,1,2,0,True,True,5,1,True,0,3,0,defensive
Petrosian.pgn,Petrosian,black,"Kagan, Shimon",Rio de Janeiro Interzonal,Rio de Janeiro,1979.??.??,1979,15,"Kagan, Shimon","Petrosian, Tigran V",2445.0,2610.0,0-1,black_win,win,B81,,60,30.0,10,0,2,0,True,True,5,0,True,0,5,0,defensive
Petrosian.pgn,Petrosian,white,"Shamkovich, Leonid",Rio de Janeiro Interzonal,Rio de Janeiro,1979.??.??,1979,16,"Petrosian, Tigran V","Shamkovich, Leonid",2610.0,2495.0,1/2-1/2,draw,draw,A04,,82,41.0,8,1,2,0,True,True,4,1,True,0,4,0,defensive
Petrosian.pgn,Petrosian,black,"Torre, Eugenio",Rio de Janeiro Interzonal,Rio de Janeiro,1979.??.??,1979,17,"Torre, Eugenio","Petrosian, Tigran V",2520.0,2610.0,1/2-1/2,draw,draw,C99,,35,17.5,2,0,2,0,True,True,1,0,True,0,1,0,defensive
Petrosian.pgn,Petrosian,white,"Huebner, Robert",Rio de Janeiro Interzonal,Rio de Janeiro,1979.??.??,1979,18,"Petrosian, Tigran V","Huebner, Robert",2610.0,2595.0,1/2-1/2,draw,draw,D54,,50,25.0,6,0,2,0,True,True,3,0,True,0,3,0,defensive
Petrosian.pgn,Petrosian,black,"Ivkov, Borislav",Rio de Janeiro Interzonal,Rio de Janeiro,1979.??.??,1979,19,"Ivkov, Borislav","Petrosian, Tigran V",2525.0,2610.0,0-1,black_win,win,E81,,84,42.0,21,1,1,0,False,True,11,1,True,0,10,0,defensive
Petrosian.pgn,Petrosian,black,"Vaganian, Rafael A",Tallinn,Tallinn,1979.??.??,1979,1,"Vaganian, Rafael A","Petrosian, Tigran V",2570.0,2610.0,1/2-1/2,draw,draw,A11,,28,14.0,5,0,2,0,True,True,3,0,True,0,2,0,defensive
Petrosian.pgn,Petrosian,white,"Bronstein, David I",Tallinn,Tallinn,1979.??.??,1979,2,"Petrosian, Tigran V","Bronstein, David I",2610.0,2555.0,1-0,white_win,win,E48,,79,39.5,17,4,2,0,True,True,9,3,True,0,8,1,defensive
Petrosian.pgn,Petrosian,black,"Christiansen, Larry Mark",Tallinn,Tallinn,1979.??.??,1979,3,"Christiansen, Larry Mark","Petrosian, Tigran V",2475.0,2610.0,1/2-1/2,draw,draw,D55,,76,38.0,19,4,2,0,True,True,10,2,True,0,9,2,defensive
Petrosian.pgn,Petrosian,white,"Nei, Iivo",Tallinn,Tallinn,1979.??.??,1979,5,"Petrosian, Tigran V","Nei, Iivo",2610.0,2500.0,1-0,white_win,win,D30,,81,40.5,16,0,2,0,True,True,8,0,True,0,8,0,defensive
Petrosian.pgn,Petrosian,black,"Zilberstein, Valery I",Tallinn,Tallinn,1979.??.??,1979,6,"Zilberstein, Valery I","Petrosian, Tigran V",2455.0,2610.0,1/2-1/2,draw,draw,E95,,77,38.5,15,0,2,0,True,True,7,0,True,0,8,0,defensive
Petrosian.pgn,Petrosian,white,"Veingold, Aleksandr",Tallinn,Tallinn,1979.??.??,1979,7,"Petrosian, Tigran V","Veingold, Aleksandr",2610.0,2370.0,1-0,white_win,win,E66,,88,44.0,23,4,2,0,True,True,12,4,True,0,11,0,defensive
Petrosian.pgn,Petrosian,black,"Hartston, William R",Tallinn,Tallinn,1979.??.??,1979,8,"Hartston, William R","Petrosian, Tigran V",2485.0,2610.0,1/2-1/2,draw,draw,C24,,23,11.5,6,0,2,0,True,True,3,0,True,0,3,0,defensive
Petrosian.pgn,Petrosian,white,"Rantanen, Yrjo A",Tallinn,Tallinn,1979.??.??,1979,9,"Petrosian, Tigran V","Rantanen, Yrjo A",2610.0,2460.0,1-0,white_win,win,A98,,37,18.5,9,2,2,0,True,True,5,2,True,0,4,0,defensive
Petrosian.pgn,Petrosian,black,"Ivanovic, Bozidar",Tallinn,Tallinn,1979.??.??,1979,10,"Ivanovic, Bozidar","Petrosian, Tigran V",2460.0,2610.0,0-1,black_win,win,C45,,92,46.0,15,3,2,0,True,True,8,2,True,0,7,1,defensive
Petrosian.pgn,Petrosian,white,"Tal, Mihail",Tallinn,Tallinn,1979.??.??,1979,11,"Petrosian, Tigran V","Tal, Mihail",2610.0,2615.0,1/2-1/2,draw,draw,D59,,72,36.0,16,4,2,0,True,True,8,2,True,0,8,2,defensive
Petrosian.pgn,Petrosian,black,"Vooremaa, Andres",Tallinn,Tallinn,1979.??.??,1979,12,"Vooremaa, Andres","Petrosian, Tigran V",2395.0,2610.0,1/2-1/2,draw,draw,B40,,38,19.0,8,2,1,0,True,False,4,0,False,0,4,2,defensive
Petrosian.pgn,Petrosian,white,"Rytov, Boris",Tallinn,Tallinn,1979.??.??,1979,13,"Petrosian, Tigran V","Rytov, Boris",2610.0,2400.0,1-0,white_win,win,B38,,78,39.0,11,1,2,0,True,True,6,1,True,0,5,0,defensive
Petrosian.pgn,Petrosian,black,"Knaak, Rainer",Tallinn,Tallinn,1979.??.??,1979,14,"Knaak, Rainer","Petrosian, Tigran V",2565.0,2610.0,1/2-1/2,draw,draw,E52,,87,43.5,20,2,2,0,True,True,11,0,True,0,9,2,defensive
Petrosian.pgn,Petrosian,white,"Vilela, Jose Luis",Tallinn,Tallinn,1979.??.??,1979,15,"Petrosian, Tigran V","Vilela, Jose Luis",2610.0,2480.0,1-0,white_win,win,A50,,57,28.5,12,1,2,0,True,True,6,1,True,0,6,0,defensive
Petrosian.pgn,Petrosian,black,"Lechtynsky, Jiri",Tallinn,Tallinn,1979.??.??,1979,16,"Lechtynsky, Jiri","Petrosian, Tigran V",2415.0,2610.0,1/2-1/2,draw,draw,B85,,35,17.5,4,0,2,0,True,True,2,0,True,0,2,0,defensive
Petrosian.pgn,Petrosian,white,"Sax, Gyula",Tallinn,Tallinn,1979.??.??,1979,17,"Petrosian, Tigran V","Sax, Gyula",2610.0,2590.0,1-0,white_win,win,B08,,85,42.5,14,1,2,0,True,True,7,1,True,0,7,0,defensive
Petrosian.pgn,Petrosian,black,"Romanishin, Oleg M",URS Spartakiad,URS,1979.??.??,1979,?,"Romanishin, Oleg M","Petrosian, Tigran V",2560.0,2610.0,1-0,white_win,loss,B17,,81,40.5,16,5,2,0,True,True,8,1,True,0,8,4,defensive
Petrosian.pgn,Petrosian,white,"Spassky, Boris V",URS Spartakiad,URS,1979.??.??,1979,?,"Petrosian, Tigran V","Spassky, Boris V",2610.0,2640.0,1/2-1/2,draw,draw,D55,,39,19.5,10,1,2,0,True,True,5,1,True,0,5,0,defensive
Petrosian.pgn,Petrosian,black,"Kupreichik, Viktor D",URS Spartakiad,URS,1979.??.??,1979,?,"Kupreichik, Viktor D","Petrosian, Tigran V",2365.0,2610.0,1/2-1/2,draw,draw,C02,,81,40.5,17,2,2,0,True,True,8,0,True,0,9,2,defensive
Petrosian.pgn,Petrosian,black,"Giorgadze, Tamaz",URS Spartakiad,URS,1979.??.??,1979,?,"Giorgadze, Tamaz","Petrosian, Tigran V",2535.0,2610.0,0-1,black_win,win,A11,,152,76.0,25,22,2,0,True,True,13,9,True,0,12,13,defensive
Petrosian.pgn,Petrosian,black,"Dzuban, Oleg I",URS Spartakiad,URS,1979.??.??,1979,?,"Dzuban, Oleg I","Petrosian, Tigran V",2440.0,2610.0,1/2-1/2,draw,draw,A30,,61,30.5,10,1,2,0,True,True,5,1,True,0,5,0,defensive
Petrosian.pgn,Petrosian,black,"Lutikov, Anatoly S",URS Spartakiad,URS,1979.??.??,1979,?,"Lutikov, Anatoly S","Petrosian, Tigran V",2515.0,2610.0,0-1,black_win,win,C15,,104,52.0,25,11,1,0,True,False,13,3,False,0,12,8,defensive
Petrosian.pgn,Petrosian,white,"Ivkov, Borislav",JUG-URS,URS,1979.??.??,1979,?,"Petrosian, Tigran V","Ivkov, Borislav",2610.0,2525.0,1/2-1/2,draw,draw,C89,,60,30.0,13,0,2,0,True,True,6,0,True,0,7,0,defensive
Petrosian.pgn,Petrosian,white,"Ivkov, Borislav",JUG-URS,URS,1979.??.??,1979,?,"Petrosian, Tigran V","Ivkov, Borislav",2610.0,2525.0,1-0,white_win,win,D30,,69,34.5,15,1,2,0,True,True,8,1,True,0,7,0,defensive
Petrosian.pgn,Petrosian,black,"Ivkov, Borislav",JUG-URS,URS,1979.??.??,1979,?,"Ivkov, Borislav","Petrosian, Tigran V",2525.0,2610.0,1/2-1/2,draw,draw,E61,,89,44.5,14,2,2,0,True,True,8,1,True,0,6,1,defensive
Petrosian.pgn,Petrosian,black,"Ivkov, Borislav",JUG-URS,URS,1979.??.??,1979,?,"Ivkov, Borislav","Petrosian, Tigran V",2525.0,2610.0,1/2-1/2,draw,draw,E18,,64,32.0,10,0,2,0,True,True,5,0,True,0,5,0,defensive
Petrosian.pgn,Petrosian,white,"Minic, Dragoljub",Barcelona,Barcelona,1980.??.??,1980,?,"Petrosian, Tigran V","Minic, Dragoljub",2615.0,2405.0,1/2-1/2,draw,draw,A55,,156,78.0,24,14,2,0,True,True,12,10,True,0,12,4,defensive
Petrosian.pgn,Petrosian,black,"Vukovic, Sava",Barcelona,Barcelona,1980.??.??,1980,?,"Vukovic, Sava","Petrosian, Tigran V",,2615.0,0-1,black_win,win,A66,,92,46.0,18,7,1,0,True,False,10,4,False,0,8,3,defensive
Petrosian.pgn,Petrosian,white,"Ivanovic, Bozidar",Barcelona,Barcelona,1980.??.??,1980,?,"Petrosian, Tigran V","Ivanovic, Bozidar",2615.0,2440.0,1-0,white_win,win,D32,,245,122.5,27,23,2,0,True,True,14,15,True,0,13,8,defensive
Petrosian.pgn,Petrosian,white,"Sosonko, Gennadi",Las Palmas,Las Palmas,1980.??.??,1980,?,"Petrosian, Tigran V","Sosonko, Gennadi",2615.0,2545.0,1-0,white_win,win,D02,,99,49.5,22,10,2,0,True,True,11,4,True,0,11,6,defensive
Petrosian.pgn,Petrosian,black,"Stean, Michael",EU-chT,Skara,1980.??.??,1980,1,"Stean, Michael","Petrosian, Tigran V",2530.0,2615.0,1/2-1/2,draw,draw,B08,,73,36.5,12,2,2,0,True,True,6,0,True,0,6,2,defensive
Petrosian.pgn,Petrosian,white,"Schneider, Lars Ake",EU-chT,Skara,1980.??.??,1980,3,"Petrosian, Tigran V","Schneider, Lars Ake",2615.0,2450.0,1/2-1/2,draw,draw,E45,,52,26.0,6,1,2,0,True,True,3,0,True,0,3,1,defensive
Petrosian.pgn,Petrosian,black,"Tringov, Georgi P",EU-chT,Skara,1980.??.??,1980,4,"Tringov, Georgi P","Petrosian, Tigran V",2455.0,2615.0,1/2-1/2,draw,draw,C11,,45,22.5,10,1,2,0,True,True,5,1,True,0,5,0,defensive
Petrosian.pgn,Petrosian,black,"Smejkal, Jan",EU-chT,Skara,1980.??.??,1980,5,"Smejkal, Jan","Petrosian, Tigran V",2565.0,2615.0,1/2-1/2,draw,draw,B24,,66,33.0,2,0,2,0,True,True,1,0,True,0,1,0,defensive
Petrosian.pgn,Petrosian,black,"Gruenfeld, Yehuda",EU-chT,Skara,1980.??.??,1980,6,"Gruenfeld, Yehuda","Petrosian, Tigran V",2455.0,2615.0,1/2-1/2,draw,draw,C08,,27,13.5,6,2,2,0,True,True,3,0,True,0,3,2,defensive
Petrosian.pgn,Petrosian,black,"Kortschnoj, Viktor",Candidats qf4,Velden,1980.??.??,1980,1,"Kortschnoj, Viktor","Petrosian, Tigran V",2695.0,2615.0,1/2-1/2,draw,draw,D94,,118,59.0,23,1,2,0,True,True,11,0,True,0,12,1,defensive
Petrosian.pgn,Petrosian,white,"Kortschnoj, Viktor",Candidats qf4,Velden,1980.??.??,1980,2,"Petrosian, Tigran V","Kortschnoj, Viktor",2615.0,2695.0,1/2-1/2,draw,draw,E46,,32,16.0,8,0,2,0,True,True,4,0,True,0,4,0,defensive
Petrosian.pgn,Petrosian,black,"Kortschnoj, Viktor",Candidats qf4,Velden,1980.??.??,1980,3,"Kortschnoj, Viktor","Petrosian, Tigran V",2695.0,2615.0,1/2-1/2,draw,draw,D46,,101,50.5,16,2,2,0,True,True,8,0,True,0,8,2,defensive
Petrosian.pgn,Petrosian,white,"Kortschnoj, Viktor",Candidats qf4,Velden,1980.??.??,1980,4,"Petrosian, Tigran V","Kortschnoj, Viktor",2615.0,2695.0,1/2-1/2,draw,draw,E49,,90,45.0,12,1,2,0,True,True,6,1,True,0,6,0,defensive
Petrosian.pgn,Petrosian,black,"Kortschnoj, Viktor",Candidats qf4,Velden,1980.??.??,1980,5,"Kortschnoj, Viktor","Petrosian, Tigran V",2695.0,2615.0,1-0,white_win,loss,E12,,91,45.5,15,0,2,0,True,True,9,0,True,0,6,0,defensive
Petrosian.pgn,Petrosian,white,"Kortschnoj, Viktor",Candidats qf4,Velden,1980.??.??,1980,6,"Petrosian, Tigran V","Kortschnoj, Viktor",2615.0,2695.0,1/2-1/2,draw,draw,E12,,76,38.0,24,2,2,0,True,True,12,0,True,0,12,2,defensive
Petrosian.pgn,Petrosian,black,"Kortschnoj, Viktor",Candidats qf4,Velden,1980.??.??,1980,7,"Kortschnoj, Viktor","Petrosian, Tigran V",2695.0,2615.0,1/2-1/2,draw,draw,A11,,75,37.5,10,2,2,0,True,True,5,1,True,0,5,1,defensive
Petrosian.pgn,Petrosian,white,"Kortschnoj, Viktor",Candidats qf4,Velden,1980.??.??,1980,8,"Petrosian, Tigran V","Kortschnoj, Viktor",2615.0,2695.0,1/2-1/2,draw,draw,E12,,39,19.5,8,0,2,0,True,True,4,0,True,0,4,0,defensive
Petrosian.pgn,Petrosian,black,"Kortschnoj, Viktor",Candidats qf4,Velden,1980.??.??,1980,9,"Kortschnoj, Viktor","Petrosian, Tigran V",2695.0,2615.0,1-0,white_win,loss,D35,,87,43.5,14,1,2,0,True,True,6,0,True,0,8,1,defensive
Petrosian.pgn,Petrosian,black,"Bukic, Enver",Vrbas,Vrbas,1980.??.??,1980,?,"Bukic, Enver","Petrosian, Tigran V",2500.0,2615.0,1/2-1/2,draw,draw,E15,,46,23.0,3,1,2,0,True,True,2,1,True,0,1,0,defensive
Petrosian.pgn,Petrosian,black,"Adorjan, Andras",Vrbas,Vrbas,1980.??.??,1980,?,"Adorjan, Andras","Petrosian, Tigran V",2550.0,2615.0,1/2-1/2,draw,draw,C95,,42,21.0,2,0,2,0,True,True,1,0,True,0,1,0,defensive
Petrosian.pgn,Petrosian,white,"Ivanovic, Bozidar",Vrbas,Vrbas,1980.??.??,1980,?,"Petrosian, Tigran V","Ivanovic, Bozidar",2615.0,2440.0,1/2-1/2,draw,draw,E05,,75,37.5,20,0,2,0,True,True,10,0,True,0,10,0,defensive
Petrosian.pgn,Petrosian,black,"Gligoric, Svetozar",Vrbas,Vrbas,1980.??.??,1980,?,"Gligoric, Svetozar","Petrosian, Tigran V",2565.0,2615.0,1/2-1/2,draw,draw,D27,,29,14.5,4,0,2,0,True,True,2,0,True,0,2,0,defensive
Petrosian.pgn,Petrosian,white,"Ivkov, Borislav",Vrbas,Vrbas,1980.??.??,1980,?,"Petrosian, Tigran V","Ivkov, Borislav",2615.0,2530.0,1/2-1/2,draw,draw,D55,,95,47.5,18,2,2,0,True,True,9,2,True,0,9,0,defensive
Petrosian.pgn,Petrosian,white,"Popovic, Petar",Vrbas,Vrbas,1980.??.??,1980,?,"Petrosian, Tigran V","Popovic, Petar",2615.0,2490.0,1-0,white_win,win,A16,,93,46.5,18,12,2,0,True,True,10,3,True,0,8,9,defensive
Petrosian.pgn,Petrosian,white,"Sax, Gyula",Vrbas,Vrbas,1980.??.??,1980,?,"Petrosian, Tigran V","Sax, Gyula",2615.0,2570.0,1/2-1/2,draw,draw,A26,,41,20.5,4,0,2,0,True,True,2,0,True,0,2,0,defensive
Petrosian.pgn,Petrosian,white,"Velimirovic, Dragoljub",Vrbas,Vrbas,1980.??.??,1980,?,"Petrosian, Tigran V","Velimirovic, Dragoljub",2615.0,2515.0,1-0,white_win,win,E92,,85,42.5,20,4,2,0,True,True,11,1,True,0,9,3,defensive
Petrosian.pgn,Petrosian,black,"Jussupow, Artur",Vrbas,Vrbas,1980.??.??,1980,?,"Jussupow, Artur","Petrosian, Tigran V",2485.0,2615.0,1/2-1/2,draw,draw,A29,,81,40.5,14,0,2,0,True,True,7,0,True,0,7,0,defensive
Petrosian.pgn,Petrosian,black,"Kurajica, Bojan",Vrbas,Vrbas,1980.??.??,1980,?,"Kurajica, Bojan","Petrosian, Tigran V",2505.0,2615.0,1/2-1/2,draw,draw,B52,,31,15.5,10,2,2,0,True,True,5,0,True,0,5,2,defensive
Petrosian.pgn,Petrosian,black,"Miles, Anthony J",Vrbas,Vrbas,1980.??.??,1980,?,"Miles, Anthony J","Petrosian, Tigran V",2545.0,2615.0,1/2-1/2,draw,draw,A14,,50,25.0,5,0,2,0,True,True,3,0,True,0,2,0,defensive
Petrosian.pgn,Petrosian,black,"Dolmatov, Sergey",Moscow-4teams,Moscow,1981.??.??,1981,?,"Dolmatov, Sergey","Petrosian, Tigran V",2545.0,2585.0,1-0,white_win,loss,B04,,79,39.5,17,0,2,0,True,True,8,0,True,0,9,0,defensive
Petrosian.pgn,Petrosian,black,"Polugaevsky, Lev",Moscow,Moscow,1981.??.??,1981,?,"Polugaevsky, Lev","Petrosian, Tigran V",2620.0,2585.0,1-0,white_win,loss,E12,,91,45.5,18,10,2,0,True,True,9,0,True,0,9,10,defensive
Petrosian.pgn,Petrosian,white,"Smejkal, Jan",Moscow,Moscow,1981.??.??,1981,?,"Petrosian, Tigran V","Smejkal, Jan",2585.0,2535.0,1/2-1/2,draw,draw,D03,,70,35.0,12,0,2,0,True,True,6,0,True,0,6,0,defensive
Petrosian.pgn,Petrosian,white,"Torre, Eugenio",Moscow,Moscow,1981.??.??,1981,?,"Petrosian, Tigran V","Torre, Eugenio",2585.0,2550.0,1/2-1/2,draw,draw,D47,,68,34.0,16,5,1,0,False,True,7,1,False,0,9,4,defensive
Petrosian.pgn,Petrosian,white,"Balashov, Yuri S",Moscow,Moscow,1981.??.??,1981,?,"Petrosian, Tigran V","Balashov, Yuri S",2585.0,2600.0,1/2-1/2,draw,draw,E19,,50,25.0,12,0,2,0,True,True,6,0,True,0,6,0,defensive
Petrosian.pgn,Petrosian,white,"Karpov, Anatoly",Moscow,Moscow,1981.??.??,1981,?,"Petrosian, Tigran V","Karpov, Anatoly",2585.0,2690.0,1/2-1/2,draw,draw,D30,,72,36.0,18,2,1,0,False,True,10,0,False,0,8,2,defensive
Petrosian.pgn,Petrosian,white,"Gheorghiu, Florin",Moscow,Moscow,1981.??.??,1981,?,"Petrosian, Tigran V","Gheorghiu, Florin",2585.0,2605.0,1/2-1/2,draw,draw,E49,,38,19.0,8,1,2,0,True,True,4,0,True,0,4,1,defensive
Petrosian.pgn,Petrosian,black,"Kasparov, Gary",Moscow,Moscow,1981.??.??,1981,?,"Kasparov, Gary","Petrosian, Tigran V",2625.0,2585.0,0-1,black_win,win,E12,,84,42.0,13,6,2,0,True,True,7,2,True,0,6,4,defensive
Petrosian.pgn,Petrosian,white,"Andersson, Ulf",Moscow,Moscow,1981.??.??,1981,?,"Petrosian, Tigran V","Andersson, Ulf",2585.0,2610.0,1/2-1/2,draw,draw,E04,,35,17.5,11,2,2,0,True,True,6,2,True,0,5,0,defensive
Petrosian.pgn,Petrosian,black,"Geller, Efim P",Moscow,Moscow,1981.??.??,1981,?,"Geller, Efim P","Petrosian, Tigran V",2615.0,2585.0,1/2-1/2,draw,draw,B06,,83,41.5,21,4,2,0,True,True,11,2,True,0,10,2,defensive
Petrosian.pgn,Petrosian,black,"Beliavsky, Alexander G",Moscow,Moscow,1981.??.??,1981,?,"Beliavsky, Alexander G","Petrosian, Tigran V",2620.0,2585.0,1-0,white_win,loss,C16,,153,76.5,20,6,1,0,True,False,10,2,False,0,10,4,defensive
Petrosian.pgn,Petrosian,black,"Portisch, Lajos",Moscow,Moscow,1981.??.??,1981,?,"Portisch, Lajos","Petrosian, Tigran V",2650.0,2585.0,1/2-1/2,draw,draw,E14,,39,19.5,6,0,2,0,True,True,3,0,True,0,3,0,defensive
Petrosian.pgn,Petrosian,black,"Smyslov, Vassily",Moscow,Moscow,1981.??.??,1981,?,"Smyslov, Vassily","Petrosian, Tigran V",2545.0,2585.0,1/2-1/2,draw,draw,A49,,36,18.0,6,0,2,0,True,True,3,0,True,0,3,0,defensive
Petrosian.pgn,Petrosian,black,"Timman, Jan H",Moscow,Moscow,1981.??.??,1981,?,"Timman, Jan H","Petrosian, Tigran V",2620.0,2585.0,1/2-1/2,draw,draw,E12,,66,33.0,20,3,1,0,True,False,10,0,False,0,10,3,defensive
Petrosian.pgn,Petrosian,black,"Vasiukov, Evgeni",Moscow-4teams,Moscow,1981.??.??,1981,?,"Vasiukov, Evgeni","Petrosian, Tigran V",2545.0,2585.0,1/2-1/2,draw,draw,C00,,83,41.5,9,0,2,0,True,True,4,0,True,0,5,0,defensive
Petrosian.pgn,Petrosian,white,"Vasiukov, Evgeni",Moscow-4teams,Moscow,1981.??.??,1981,?,"Petrosian, Tigran V","Vasiukov, Evgeni",2585.0,2545.0,1/2-1/2,draw,draw,A11,,106,53.0,16,0,2,0,True,True,8,0,True,0,8,0,defensive
Petrosian.pgn,Petrosian,white,"Kuzmin, Gennadi P",Moscow-4teams,Moscow,1981.??.??,1981,?,"Petrosian, Tigran V","Kuzmin, Gennadi P",2585.0,2545.0,1/2-1/2,draw,draw,A29,,42,21.0,4,1,2,0,True,True,2,1,True,0,2,0,defensive
Petrosian.pgn,Petrosian,white,"Dolmatov, Sergey",Moscow-4teams,Moscow,1981.??.??,1981,?,"Petrosian, Tigran V","Dolmatov, Sergey",2585.0,2545.0,1-0,white_win,win,A30,,79,39.5,15,4,2,0,True,True,7,0,True,0,8,4,defensive
Petrosian.pgn,Petrosian,black,"Kuzmin, Gennadi P",Moscow-4teams,Moscow,1981.??.??,1981,?,"Kuzmin, Gennadi P","Petrosian, Tigran V",2545.0,2585.0,1/2-1/2,draw,draw,C15,,55,27.5,11,1,0,0,False,False,6,1,False,0,5,0,defensive
Petrosian.pgn,Petrosian,black,"Spassky, Boris V",Tilburg,Tilburg,1981.??.??,1981,?,"Spassky, Boris V","Petrosian, Tigran V",2630.0,2585.0,1/2-1/2,draw,draw,C16,,27,13.5,4,1,0,0,False,False,2,1,False,0,2,0,defensive
Petrosian.pgn,Petrosian,black,"Ljubojevic, Ljubomir",Tilburg,Tilburg,1981.??.??,1981,?,"Ljubojevic, Ljubomir","Petrosian, Tigran V",2590.0,2585.0,1/2-1/2,draw,draw,C42,,35,17.5,10,1,2,0,True,True,5,0,True,0,5,1,defensive
Petrosian.pgn,Petrosian,white,"Beliavsky, Alexander G",Tilburg,Tilburg,1981.??.??,1981,?,"Petrosian, Tigran V","Beliavsky, Alexander G",2585.0,2615.0,1/2-1/2,draw,draw,A05,,20,10.0,2,0,1,0,True,False,1,0,True,0,1,0,defensive
Petrosian.pgn,Petrosian,white,"Larsen, Bent",Tilburg,Tilburg,1981.??.??,1981,?,"Petrosian, Tigran V","Larsen, Bent",2585.0,2610.0,1/2-1/2,draw,draw,E39,,144,72.0,22,7,2,0,True,True,11,3,True,0,11,4,defensive
Petrosian.pgn,Petrosian,white,"Miles, Anthony J",Tilburg,Tilburg,1981.??.??,1981,?,"Petrosian, Tigran V","Miles, Anthony J",2585.0,2565.0,1-0,white_win,win,E48,,130,65.0,16,1,2,0,True,True,8,1,True,0,8,0,defensive
Petrosian.pgn,Petrosian,white,"Portisch, Lajos",Tilburg,Tilburg,1981.??.??,1981,?,"Petrosian, Tigran V","Portisch, Lajos",2585.0,2620.0,1/2-1/2,draw,draw,E19,,26,13.0,2,0,2,0,True,True,1,0,True,0,1,0,defensive
Petrosian.pgn,Petrosian,white,"Sosonko, Gennadi",Tilburg,Tilburg,1981.??.??,1981,?,"Petrosian, Tigran V","Sosonko, Gennadi",2585.0,2585.0,1-0,white_win,win,A01,,89,44.5,17,2,2,0,True,True,10,1,True,0,7,1,defensive
Petrosian.pgn,Petrosian,black,"Timman, Jan H",Tilburg,Tilburg,1981.??.??,1981,?,"Timman, Jan H","Petrosian, Tigran V",2630.0,2585.0,1/2-1/2,draw,draw,C16,,61,30.5,10,0,2,0,True,True,5,0,True,0,5,0,defensive
Petrosian.pgn,Petrosian,black,"Kasparov, Gary",Tilburg,Tilburg,1981.??.??,1981,?,"Kasparov, Gary","Petrosian, Tigran V",2630.0,2585.0,0-1,black_win,win,D22,,83,41.5,14,2,2,0,True,True,8,0,True,0,6,2,defensive
Petrosian.pgn,Petrosian,black,"Huebner, Robert",Tilburg,Tilburg,1981.??.??,1981,?,"Huebner, Robert","Petrosian, Tigran V",2640.0,2585.0,1/2-1/2,draw,draw,C42,,40,20.0,8,1,2,0,True,True,4,0,True,0,4,1,defensive
Petrosian.pgn,Petrosian,black,"Andersson, Ulf",Tilburg,Tilburg,1981.??.??,1981,?,"Andersson, Ulf","Petrosian, Tigran V",2600.0,2585.0,1/2-1/2,draw,draw,E19,,23,11.5,2,0,2,0,True,True,1,0,True,0,1,0,defensive
Petrosian.pgn,Petrosian,white,"Velickovic, Sasa",Vrsac,Vrsac,1981.??.??,1981,1,"Petrosian, Tigran V","Velickovic, Sasa",2585.0,2410.0,1-0,white_win,win,E70,,109,54.5,21,1,2,0,True,True,11,1,True,0,10,0,defensive
Petrosian.pgn,Petrosian,black,"Sax, Gyula",Vrsac,Vrsac,1981.??.??,1981,2,"Sax, Gyula","Petrosian, Tigran V",2550.0,2585.0,1/2-1/2,draw,draw,C00,,20,10.0,0,0,2,0,True,True,0,0,True,0,0,0,defensive
Petrosian.pgn,Petrosian,white,"Rajkovic, Dusan",Vrsac,Vrsac,1981.??.??,1981,3,"Petrosian, Tigran V","Rajkovic, Dusan",2585.0,2470.0,1/2-1/2,draw,draw,A77,,94,47.0,21,1,2,0,True,True,11,0,True,0,10,1,defensive
Petrosian.pgn,Petrosian,black,"Matulovic, Milan",Vrsac,Vrsac,1981.??.??,1981,4,"Matulovic, Milan","Petrosian, Tigran V",2495.0,2585.0,0-1,black_win,win,B19,,84,42.0,19,6,2,0,True,True,10,0,True,0,9,6,defensive
Petrosian.pgn,Petrosian,white,"Cebalo, Miso",Vrsac,Vrsac,1981.??.??,1981,5,"Petrosian, Tigran V","Cebalo, Miso",2585.0,2500.0,1/2-1/2,draw,draw,E41,,32,16.0,2,1,1,0,False,True,1,0,False,0,1,1,defensive
Petrosian.pgn,Petrosian,black,"Simic, Sinisa",Vrsac,Vrsac,1981.??.??,1981,6,"Simic, Sinisa","Petrosian, Tigran V",2200.0,2585.0,0-1,black_win,win,B84,,90,45.0,19,0,2,0,True,True,10,0,True,0,9,0,defensive
Petrosian.pgn,Petrosian,white,"Chandler, Murray G",Vrsac,Vrsac,1981.??.??,1981,7,"Petrosian, Tigran V","Chandler, Murray G",2585.0,2530.0,1/2-1/2,draw,draw,B14,,27,13.5,5,0,1,0,False,True,3,0,False,0,2,0,defensive
Petrosian.pgn,Petrosian,black,"Ftacnik, Lubomir",Vrsac,Vrsac,1981.??.??,1981,8,"Ftacnik, Lubomir","Petrosian, Tigran V",2525.0,2585.0,1/2-1/2,draw,draw,D94,,31,15.5,2,0,2,0,True,True,1,0,True,0,1,0,defensive
Petrosian.pgn,Petrosian,white,"Kapelan, Milorad",Vrsac,Vrsac,1981.??.??,1981,9,"Petrosian, Tigran V","Kapelan, Milorad",2585.0,2305.0,1/2-1/2,draw,draw,D37,,125,62.5,19,9,1,0,False,True,10,0,False,0,9,9,defensive
Petrosian.pgn,Petrosian,black,"Smejkal, Jan",Vrsac,Vrsac,1981.??.??,1981,10,"Smejkal, Jan","Petrosian, Tigran V",2540.0,2585.0,1-0,white_win,loss,E68,,83,41.5,20,0,2,0,True,True,10,0,True,0,10,0,defensive
Petrosian.pgn,Petrosian,white,"Kurajica, Bojan",Vrsac,Vrsac,1981.??.??,1981,11,"Petrosian, Tigran V","Kurajica, Bojan",2585.0,2500.0,1-0,white_win,win,A17,,79,39.5,12,0,2,0,True,True,6,0,True,0,6,0,defensive
Petrosian.pgn,Petrosian,white,"Velimirovic, Dragoljub",Vrsac,Vrsac,1981.??.??,1981,12,"Petrosian, Tigran V","Velimirovic, Dragoljub",2585.0,2520.0,1-0,white_win,win,A17,,147,73.5,22,9,2,0,True,True,12,6,True,0,10,3,defensive
Petrosian.pgn,Petrosian,black,"Nikolic, Predrag",Vrsac,Vrsac,1981.??.??,1981,13,"Nikolic, Predrag","Petrosian, Tigran V",2510.0,2585.0,1/2-1/2,draw,draw,D27,,49,24.5,4,0,2,0,True,True,2,0,True,0,2,0,defensive
Petrosian.pgn,Petrosian,black,"Campora, Daniel H",Vrsac,Vrsac,1981.??.??,1981,15,"Campora, Daniel H","Petrosian, Tigran V",2490.0,2585.0,0-1,black_win,win,C15,,70,35.0,19,4,2,0,True,True,10,3,True,0,9,1,defensive
Petrosian.pgn,Petrosian,black,"Larsen, Bent",Bugojno,Bugojno,1982.??.??,1982,?,"Larsen, Bent","Petrosian, Tigran V",2555.0,2605.0,1/2-1/2,draw,draw,D94,,90,45.0,17,0,2,0,True,True,9,0,True,0,8,0,defensive
Petrosian.pgn,Petrosian,black,"Ljubojevic, Ljubomir",Bugojno,Bugojno,1982.??.??,1982,?,"Ljubojevic, Ljubomir","Petrosian, Tigran V",2645.0,2605.0,1/2-1/2,draw,draw,D13,,31,15.5,4,0,2,0,True,True,2,0,True,0,2,0,defensive
Petrosian.pgn,Petrosian,white,"Ivanovic, Bozidar",Bugojno,Bugojno,1982.??.??,1982,?,"Petrosian, Tigran V","Ivanovic, Bozidar",2605.0,2480.0,1/2-1/2,draw,draw,D58,,82,41.0,14,0,2,0,True,True,7,0,True,0,7,0,defensive
Petrosian.pgn,Petrosian,white,"Andersson, Ulf",Bugojno,Bugojno,1982.??.??,1982,?,"Petrosian, Tigran V","Andersson, Ulf",2605.0,2635.0,1/2-1/2,draw,draw,E12,,54,27.0,12,3,2,0,True,True,6,3,True,0,6,0,defensive
Petrosian.pgn,Petrosian,white,"Najdorf, Miguel",Bugojno,Bugojno,1982.??.??,1982,?,"Petrosian, Tigran V","Najdorf, Miguel",2605.0,2515.0,1/2-1/2,draw,draw,E05,,58,29.0,10,0,2,0,True,True,5,0,True,0,5,0,defensive
Petrosian.pgn,Petrosian,white,"Ivkov, Borislav",Bugojno,Bugojno,1982.??.??,1982,?,"Petrosian, Tigran V","Ivkov, Borislav",2605.0,2475.0,1-0,white_win,win,A42,,98,49.0,17,2,1,0,False,True,9,2,False,0,8,0,defensive
Petrosian.pgn,Petrosian,white,"Kavalek, Lubomir",Bugojno,Bugojno,1982.??.??,1982,?,"Petrosian, Tigran V","Kavalek, Lubomir",2605.0,2560.0,1/2-1/2,draw,draw,D61,,82,41.0,14,0,2,0,True,True,7,0,True,0,7,0,defensive
Petrosian.pgn,Petrosian,white,"Spassky, Boris V",Bugojno,Bugojno,1982.??.??,1982,?,"Petrosian, Tigran V","Spassky, Boris V",2605.0,2605.0,1/2-1/2,draw,draw,E07,,25,12.5,5,0,2,0,True,True,3,0,True,0,2,0,defensive
Petrosian.pgn,Petrosian,white,"Timman, Jan H",Bugojno,Bugojno,1982.??.??,1982,?,"Petrosian, Tigran V","Timman, Jan H",2605.0,2605.0,1-0,white_win,win,E46,,80,40.0,18,1,2,0,True,True,10,1,True,0,8,0,defensive
Petrosian.pgn,Petrosian,black,"Gligoric, Svetozar",Bugojno,Bugojno,1982.??.??,1982,?,"Gligoric, Svetozar","Petrosian, Tigran V",2510.0,2605.0,1/2-1/2,draw,draw,E52,,65,32.5,8,1,2,0,True,True,4,1,True,0,4,0,defensive
Petrosian.pgn,Petrosian,black,"Huebner, Robert",Bugojno,Bugojno,1982.??.??,1982,?,"Huebner, Robert","Petrosian, Tigran V",2620.0,2605.0,1/2-1/2,draw,draw,C07,,36,18.0,6,0,2,0,True,True,3,0,True,0,3,0,defensive
Petrosian.pgn,Petrosian,black,"Polugaevsky, Lev",Bugojno,Bugojno,1982.??.??,1982,?,"Polugaevsky, Lev","Petrosian, Tigran V",2625.0,2605.0,1/2-1/2,draw,draw,E19,,26,13.0,4,0,2,0,True,True,2,0,True,0,2,0,defensive
Petrosian.pgn,Petrosian,black,"Kasparov, Gary",Bugojno,Bugojno,1982.??.??,1982,?,"Kasparov, Gary","Petrosian, Tigran V",2630.0,2585.0,1-0,white_win,loss,E11,,47,23.5,8,2,2,0,True,True,4,2,True,0,4,0,defensive
Petrosian.pgn,Petrosian,black,"Tukmakov, Vladimir B",Las Palmas Interzonal,Las Palmas,1982.??.??,1982,1,"Tukmakov, Vladimir B","Petrosian, Tigran V",2555.0,2605.0,1-0,white_win,loss,E18,,65,32.5,11,1,2,0,True,True,6,0,True,0,5,1,defensive
Petrosian.pgn,Petrosian,black,"Timman, Jan H",Las Palmas Interzonal,Las Palmas,1982.??.??,1982,2,"Timman, Jan H","Petrosian, Tigran V",2600.0,2605.0,0-1,black_win,win,D16,,42,21.0,11,2,0,0,False,False,6,2,False,0,5,0,defensive
Petrosian.pgn,Petrosian,white,"Larsen, Bent",Las Palmas Interzonal,Las Palmas,1982.??.??,1982,3,"Petrosian, Tigran V","Larsen, Bent",2605.0,2595.0,1/2-1/2,draw,draw,E16,,46,23.0,5,1,2,0,True,True,2,0,True,0,3,1,defensive
Petrosian.pgn,Petrosian,black,"Smyslov, Vassily",Las Palmas Interzonal,Las Palmas,1982.??.??,1982,4,"Smyslov, Vassily","Petrosian, Tigran V",2565.0,2605.0,1/2-1/2,draw,draw,D27,,26,13.0,8,0,1,0,True,False,4,0,False,0,4,0,defensive
Petrosian.pgn,Petrosian,white,"Psakhis, Lev",Las Palmas Interzonal,Las Palmas,1982.??.??,1982,5,"Petrosian, Tigran V","Psakhis, Lev",2605.0,2615.0,1-0,white_win,win,A34,,68,34.0,14,1,2,0,True,True,7,1,True,0,7,0,defensive
Petrosian.pgn,Petrosian,black,"Mestel, A Jonathan",Las Palmas Interzonal,Las Palmas,1982.??.??,1982,6,"Mestel, A Jonathan","Petrosian, Tigran V",2540.0,2605.0,1/2-1/2,draw,draw,C07,,208,104.0,27,23,1,0,True,False,13,9,False,0,14,14,defensive
Petrosian.pgn,Petrosian,white,"Sunye Neto, Jaime",Las Palmas Interzonal,Las Palmas,1982.??.??,1982,7,"Petrosian, Tigran V","Sunye Neto, Jaime",2605.0,2500.0,1/2-1/2,draw,draw,A06,,37,18.5,4,0,2,0,True,True,2,0,True,0,2,0,defensive
Petrosian.pgn,Petrosian,black,"Browne, Walter S",Las Palmas Interzonal,Las Palmas,1982.??.??,1982,8,"Browne, Walter S","Petrosian, Tigran V",2590.0,2605.0,1/2-1/2,draw,draw,D20,,81,40.5,21,1,2,0,True,True,10,1,True,0,11,0,defensive
Petrosian.pgn,Petrosian,white,"Pinter, Jozsef",Las Palmas Interzonal,Las Palmas,1982.??.??,1982,9,"Petrosian, Tigran V","Pinter, Jozsef",2605.0,2550.0,1/2-1/2,draw,draw,A30,,96,48.0,20,5,1,0,False,True,10,2,False,0,10,3,defensive
Petrosian.pgn,Petrosian,black,"Ribli, Zoltan",Las Palmas Interzonal,Las Palmas,1982.??.??,1982,10,"Ribli, Zoltan","Petrosian, Tigran V",2580.0,2605.0,1/2-1/2,draw,draw,E13,,35,17.5,4,2,0,0,False,False,2,2,False,0,2,0,defensive
Petrosian.pgn,Petrosian,white,"Bouaziz, Slim",Las Palmas Interzonal,Las Palmas,1982.??.??,1982,11,"Petrosian, Tigran V","Bouaziz, Slim",2605.0,2360.0,1-0,white_win,win,B06,,49,24.5,10,1,0,0,False,False,5,1,False,0,5,0,defensive
Petrosian.pgn,Petrosian,black,"Suba, Mihai",Las Palmas Interzonal,Las Palmas,1982.??.??,1982,12,"Suba, Mihai","Petrosian, Tigran V",2525.0,2605.0,1/2-1/2,draw,draw,B14,,51,25.5,4,0,2,0,True,True,2,0,True,0,2,0,defensive
Petrosian.pgn,Petrosian,white,"Karlsson, Lars",Las Palmas Interzonal,Las Palmas,1982.??.??,1982,13,"Petrosian, Tigran V","Karlsson, Lars",2605.0,2505.0,1/2-1/2,draw,draw,E16,,80,40.0,14,1,2,0,True,True,7,0,True,0,7,1,defensive
Petrosian.pgn,Petrosian,black,"Larsen, Bent",Tilburg,Tilburg,1982.??.??,1982,?,"Larsen, Bent","Petrosian, Tigran V",2595.0,2605.0,1/2-1/2,draw,draw,D41,,84,42.0,23,2,2,0,True,True,11,2,True,0,12,0,defensive
Petrosian.pgn,Petrosian,black,"Nunn, John DM",Tilburg,Tilburg,1982.??.??,1982,?,"Nunn, John DM","Petrosian, Tigran V",2565.0,2605.0,1-0,white_win,loss,B10,,39,19.5,8,0,2,0,True,True,4,0,True,0,4,0,defensive
Petrosian.pgn,Petrosian,white,"Andersson, Ulf",Tilburg,Tilburg,1982.??.??,1982,?,"Petrosian, Tigran V","Andersson, Ulf",2605.0,2610.0,1/2-1/2,draw,draw,E11,,40,20.0,8,1,2,0,True,True,4,0,True,0,4,1,defensive
Petrosian.pgn,Petrosian,black,"Karpov, Anatoly",Tilburg,Tilburg,1982.??.??,1982,?,"Karpov, Anatoly","Petrosian, Tigran V",2700.0,2605.0,1-0,white_win,loss,B17,,83,41.5,11,0,2,0,True,True,5,0,True,0,6,0,defensive
Petrosian.pgn,Petrosian,white,"Browne, Walter S",Tilburg,Tilburg,1982.??.??,1982,?,"Petrosian, Tigran V","Browne, Walter S",2605.0,2590.0,1-0,white_win,win,E52,,83,41.5,11,1,2,0,True,True,6,0,True,0,5,1,defensive
Petrosian.pgn,Petrosian,white,"Sosonko, Gennadi",Tilburg,Tilburg,1982.??.??,1982,?,"Petrosian, Tigran V","Sosonko, Gennadi",2605.0,2575.0,1-0,white_win,win,E12,,67,33.5,14,4,2,0,True,True,7,3,True,0,7,1,defensive
Petrosian.pgn,Petrosian,white,"Timman, Jan H",Tilburg,Tilburg,1982.??.??,1982,?,"Petrosian, Tigran V","Timman, Jan H",2605.0,2600.0,1/2-1/2,draw,draw,E15,,57,28.5,6,1,2,0,True,True,3,0,True,0,3,1,defensive
Petrosian.pgn,Petrosian,white,"Huebner, Robert",Tilburg,Tilburg,1982.??.??,1982,?,"Petrosian, Tigran V","Huebner, Robert",2605.0,2630.0,1/2-1/2,draw,draw,A28,,52,26.0,13,0,2,0,True,True,6,0,True,0,7,0,defensive
Petrosian.pgn,Petrosian,white,"Torre, Eugenio",Tilburg,Tilburg,1982.??.??,1982,?,"Petrosian, Tigran V","Torre, Eugenio",2605.0,2535.0,1/2-1/2,draw,draw,E70,,64,32.0,18,2,2,0,True,True,9,1,True,0,9,1,defensive
Petrosian.pgn,Petrosian,black,"Portisch, Lajos",Tilburg,Tilburg,1982.??.??,1982,?,"Portisch, Lajos","Petrosian, Tigran V",2625.0,2605.0,0-1,black_win,win,A25,,110,55.0,22,10,1,0,True,False,12,8,False,0,10,2,defensive
Petrosian.pgn,Petrosian,black,"Smyslov, Vassily",Tilburg,Tilburg,1982.??.??,1982,?,"Smyslov, Vassily","Petrosian, Tigran V",2565.0,2605.0,1/2-1/2,draw,draw,E18,,22,11.0,4,0,2,0,True,True,2,0,True,0,2,0,defensive
Petrosian.pgn,Petrosian,white,"Karpov, Anatoly",URS-ch50,Moscow,1983.??.??,1983,?,"Petrosian, Tigran V","Karpov, Anatoly",2605.0,2710.0,1/2-1/2,draw,draw,D58,,56,28.0,12,0,2,0,True,True,6,0,True,0,6,0,defensive
Petrosian.pgn,Petrosian,black,"Geller, Efim P",URS-ch50,Moscow,1983.??.??,1983,?,"Geller, Efim P","Petrosian, Tigran V",2575.0,2605.0,1/2-1/2,draw,draw,C08,,31,15.5,6,2,2,0,True,True,3,0,True,0,3,2,defensive
Petrosian.pgn,Petrosian,black,"Azmaiparashvili, Zurab",URS-ch50,Moscow,1983.??.??,1983,?,"Azmaiparashvili, Zurab","Petrosian, Tigran V",2455.0,2605.0,1/2-1/2,draw,draw,D20,,22,11.0,8,1,1,0,False,True,4,0,True,0,4,1,defensive
Petrosian.pgn,Petrosian,black,"Vaganian, Rafael A",URS-ch50,Moscow,1983.??.??,1983,?,"Vaganian, Rafael A","Petrosian, Tigran V",2550.0,2605.0,1/2-1/2,draw,draw,A30,,92,46.0,18,2,2,0,True,True,8,1,True,0,10,1,defensive
Petrosian.pgn,Petrosian,black,"Tukmakov, Vladimir B",URS-ch50,Moscow,1983.??.??,1983,?,"Tukmakov, Vladimir B","Petrosian, Tigran V",2580.0,2605.0,1/2-1/2,draw,draw,A25,,32,16.0,4,0,2,0,True,True,2,0,True,0,2,0,defensive
Petrosian.pgn,Petrosian,black,"Tal, Mihail",URS-ch50,Moscow,1983.??.??,1983,?,"Tal, Mihail","Petrosian, Tigran V",2620.0,2605.0,1/2-1/2,draw,draw,C18,,56,28.0,11,3,1,0,True,False,6,1,False,0,5,2,defensive
Petrosian.pgn,Petrosian,white,"Razuvaev, Yuri S",URS-ch50,Moscow,1983.??.??,1983,?,"Petrosian, Tigran V","Razuvaev, Yuri S",2605.0,2520.0,0-1,black_win,loss,E14,,88,44.0,20,3,2,0,True,True,10,1,True,0,10,2,defensive
Petrosian.pgn,Petrosian,white,"Romanishin, Oleg M",URS-ch50,Moscow,1983.??.??,1983,?,"Petrosian, Tigran V","Romanishin, Oleg M",2605.0,2585.0,0-1,black_win,loss,A29,,104,52.0,20,3,2,0,True,True,9,0,True,0,11,3,defensive
Petrosian.pgn,Petrosian,black,"Polugaevsky, Lev",URS-ch50,Moscow,1983.??.??,1983,?,"Polugaevsky, Lev","Petrosian, Tigran V",2625.0,2605.0,0-1,black_win,win,A42,,48,24.0,10,0,2,0,True,True,5,0,True,0,5,0,defensive
Petrosian.pgn,Petrosian,white,"Psakhis, Lev",URS-ch50,Moscow,1983.??.??,1983,?,"Petrosian, Tigran V","Psakhis, Lev",2605.0,2580.0,1/2-1/2,draw,draw,A29,,82,41.0,14,2,2,0,True,True,7,1,True,0,7,1,defensive
Petrosian.pgn,Petrosian,black,"Malaniuk, Vladimir P",URS-ch50,Moscow,1983.??.??,1983,?,"Malaniuk, Vladimir P","Petrosian, Tigran V",2460.0,2605.0,1/2-1/2,draw,draw,C01,,50,25.0,12,1,1,0,True,False,6,0,False,0,6,1,defensive
Petrosian.pgn,Petrosian,white,"Lerner, Konstantin Z",URS-ch50,Moscow,1983.??.??,1983,?,"Petrosian, Tigran V","Lerner, Konstantin Z",2605.0,2525.0,1/2-1/2,draw,draw,D53,,177,88.5,25,26,2,0,True,True,12,17,True,0,13,9,defensive
Petrosian.pgn,Petrosian,black,"Jussupow, Artur",URS-ch50,Moscow,1983.??.??,1983,?,"Jussupow, Artur","Petrosian, Tigran V",2565.0,2605.0,1/2-1/2,draw,draw,E11,,83,41.5,21,5,2,0,True,True,11,5,True,0,10,0,defensive
Petrosian.pgn,Petrosian,white,"Beliavsky, Alexander G",URS-ch50,Moscow,1983.??.??,1983,?,"Petrosian, Tigran V","Beliavsky, Alexander G",2605.0,2570.0,1-0,white_win,win,D36,,82,41.0,21,4,2,0,True,True,11,4,True,0,10,0,defensive
Petrosian.pgn,Petrosian,white,"Balashov, Yuri S",URS-ch50,Moscow,1983.??.??,1983,?,"Petrosian, Tigran V","Balashov, Yuri S",2605.0,2540.0,1/2-1/2,draw,draw,A16,,43,21.5,7,0,2,0,True,True,4,0,True,0,3,0,defensive
Petrosian.pgn,Petrosian,white,"Agzamov, Georgy",URS-ch50,Moscow,1983.??.??,1983,?,"Petrosian, Tigran V","Agzamov, Georgy",2605.0,2535.0,1/2-1/2,draw,draw,E11,,72,36.0,4,1,2,0,True,True,2,0,True,0,2,1,defensive
Petrosian.pgn,Petrosian,white,"Timman, Jan H",Niksic,Niksic,1983.??.??,1983,1,"Petrosian, Tigran V","Timman, Jan H",2580.0,2605.0,1/2-1/2,draw,draw,A28,,56,28.0,16,0,2,0,True,True,8,0,True,0,8,0,defensive
Petrosian.pgn,Petrosian,black,"Kasparov, Gary",Niksic,Niksic,1983.??.??,1983,2,"Kasparov, Gary","Petrosian, Tigran V",2690.0,2580.0,1-0,white_win,loss,A93,,101,50.5,20,7,2,0,True,True,10,4,True,0,10,3,defensive
Petrosian.pgn,Petrosian,white,"Gligoric, Svetozar",Niksic,Niksic,1983.??.??,1983,3,"Petrosian, Tigran V","Gligoric, Svetozar",2580.0,2505.0,1/2-1/2,draw,draw,D03,,88,44.0,20,4,2,0,True,True,10,3,True,0,10,1,defensive
Petrosian.pgn,Petrosian,black,"Seirawan, Yasser",Niksic,Niksic,1983.??.??,1983,4,"Seirawan, Yasser","Petrosian, Tigran V",2605.0,2580.0,1/2-1/2,draw,draw,E32,,41,20.5,8,0,2,0,True,True,4,0,True,0,4,0,defensive
Petrosian.pgn,Petrosian,white,"Sax, Gyula",Niksic,Niksic,1983.??.??,1983,6,"Petrosian, Tigran V","Sax, Gyula",2580.0,2570.0,1/2-1/2,draw,draw,E10,,72,36.0,13,2,2,0,True,True,7,0,True,0,6,2,defensive
Petrosian.pgn,Petrosian,black,"Portisch, Lajos",Niksic,Niksic,1983.??.??,1983,7,"Portisch, Lajos","Petrosian, Tigran V",2600.0,2580.0,1-0,white_win,loss,A29,,95,47.5,16,4,2,0,True,True,8,1,True,0,8,3,defensive
Petrosian.pgn,Petrosian,white,"Ljubojevic, Ljubomir",Niksic,Niksic,1983.??.??,1983,8,"Petrosian, Tigran V","Ljubojevic, Ljubomir",2580.0,2645.0,1-0,white_win,win,E49,,55,27.5,15,1,2,0,True,True,7,1,True,0,8,0,defensive
Petrosian.pgn,Petrosian,black,"Ivanovic, Bozidar",Niksic,Niksic,1983.??.??,1983,9,"Ivanovic, Bozidar","Petrosian, Tigran V",2515.0,2580.0,1/2-1/2,draw,draw,A08,,47,23.5,4,0,2,0,True,True,2,0,True,0,2,0,defensive
Petrosian.pgn,Petrosian,white,"Larsen, Bent",Niksic,Niksic,1983.??.??,1983,10,"Petrosian, Tigran V","Larsen, Bent",2580.0,2565.0,1/2-1/2,draw,draw,E32,,90,45.0,24,8,2,0,True,True,12,0,True,0,12,8,defensive
Petrosian.pgn,Petrosian,black,"Spassky, Boris V",Niksic,Niksic,1983.??.??,1983,11,"Spassky, Boris V","Petrosian, Tigran V",2605.0,2580.0,1/2-1/2,draw,draw,C11,,27,13.5,10,1,2,0,True,True,5,0,True,0,5,1,defensive
Petrosian.pgn,Petrosian,white,"Nikolic, Predrag",Niksic,Niksic,1983.??.??,1983,12,"Petrosian, Tigran V","Nikolic, Predrag",2580.0,2540.0,1/2-1/2,draw,draw,E12,,58,29.0,15,3,2,0,True,True,8,1,True,0,7,2,defensive
Petrosian.pgn,Petrosian,black,"Tal, Mihail",Niksic,Niksic,1983.??.??,1983,13,"Tal, Mihail","Petrosian, Tigran V",2620.0,2580.0,1/2-1/2,draw,draw,C07,,37,18.5,10,0,2,0,True,True,5,0,True,0,5,0,defensive
Petrosian.pgn,Petrosian,white,"Miles, Anthony J",Niksic,Niksic,1983.??.??,1983,14,"Petrosian, Tigran V","Miles, Anthony J",2580.0,2585.0,1/2-1/2,draw,draw,D05,,32,16.0,2,0,2,0,True,True,1,0,True,0,1,0,defensive
Petrosian.pgn,Petrosian,black,"Andersson, Ulf",Niksic,Niksic,1983.??.??,1983,15,"Andersson, Ulf","Petrosian, Tigran V",2640.0,2580.0,1-0,white_win,loss,A41,,115,57.5,20,2,2,0,True,True,10,0,True,0,10,2,defensive
Petrosian.pgn,Petrosian,white,"Radulov, Ivan",EU-chT Plovdiv,Plovdiv,1983.??.??,1983,1,"Petrosian, Tigran V","Radulov, Ivan",2605.0,2495.0,1-0,white_win,win,D20,,81,40.5,19,1,2,0,True,True,10,0,True,0,9,1,defensive
Petrosian.pgn,Petrosian,black,"Lobron, Eric",EU-chT Plovdiv,Plovdiv,1983.??.??,1983,3,"Lobron, Eric","Petrosian, Tigran V",2515.0,2605.0,0-1,black_win,win,C07,,80,40.0,16,2,2,0,True,True,9,1,True,0,7,1,defensive
Petrosian.pgn,Petrosian,black,"Jakobsen, Ole",EU-chT Plovdiv,Plovdiv,1983.??.??,1983,4,"Jakobsen, Ole","Petrosian, Tigran V",2445.0,2605.0,1/2-1/2,draw,draw,D04,,143,71.5,27,7,2,0,True,True,14,3,True,0,13,4,defensive
Petrosian.pgn,Petrosian,white,"Nikolic, Predrag",EU-chT Plovdiv,Plovdiv,1983.??.??,1983,5,"Petrosian, Tigran V","Nikolic, Predrag",2605.0,2490.0,1/2-1/2,draw,draw,A90,,46,23.0,6,0,2,0,True,True,3,0,True,0,3,0,defensive
Petrosian.pgn,Petrosian,black,"Jansa, Vlastimil",Keres mem,Tallinn,1983.??.??,1983,1,"Jansa, Vlastimil","Petrosian, Tigran V",2440.0,2605.0,1/2-1/2,draw,draw,B12,,37,18.5,10,0,2,0,True,True,5,0,True,0,5,0,defensive
Petrosian.pgn,Petrosian,white,"Veingold, Aleksandr",Keres mem,Tallinn,1983.??.??,1983,2,"Petrosian, Tigran V","Veingold, Aleksandr",2605.0,2430.0,1-0,white_win,win,E14,,45,22.5,10,0,2,0,True,True,5,0,True,0,5,0,defensive
Petrosian.pgn,Petrosian,black,"Tal, Mihail",Keres mem,Tallinn,1983.??.??,1983,3,"Tal, Mihail","Petrosian, Tigran V",2620.0,2605.0,1/2-1/2,draw,draw,C09,,28,14.0,8,0,2,0,True,True,4,0,True,0,4,0,defensive
Petrosian.pgn,Petrosian,white,"Boensch, Uwe",Keres mem,Tallinn,1983.??.??,1983,4,"Petrosian, Tigran V","Boensch, Uwe",2605.0,2450.0,1/2-1/2,draw,draw,A77,,80,40.0,17,1,2,0,True,True,9,0,True,0,8,1,defensive
Petrosian.pgn,Petrosian,black,"Suba, Mihai",Keres mem,Tallinn,1983.??.??,1983,5,"Suba, Mihai","Petrosian, Tigran V",2535.0,2605.0,1/2-1/2,draw,draw,B14,,55,27.5,16,0,2,0,True,True,7,0,True,0,9,0,defensive
Petrosian.pgn,Petrosian,white,"Psakhis, Lev",Keres mem,Tallinn,1983.??.??,1983,6,"Petrosian, Tigran V","Psakhis, Lev",2605.0,2580.0,1/2-1/2,draw,draw,E39,,29,14.5,2,0,2,0,True,True,1,0,True,0,1,0,defensive
Petrosian.pgn,Petrosian,black,"Ehlvest, Jaan",Keres mem,Tallinn,1983.??.??,1983,7,"Ehlvest, Jaan","Petrosian, Tigran V",2460.0,2605.0,1/2-1/2,draw,draw,D17,,39,19.5,14,5,0,0,False,False,8,1,False,0,6,4,defensive
Petrosian.pgn,Petrosian,white,"Oll, Lembit",Keres mem,Tallinn,1983.??.??,1983,8,"Petrosian, Tigran V","Oll, Lembit",2605.0,2365.0,1/2-1/2,draw,draw,A34,,28,14.0,6,0,1,0,False,True,3,0,False,0,3,0,defensive
Petrosian.pgn,Petrosian,black,"Vaganian, Rafael A",Keres mem,Tallinn,1983.??.??,1983,9,"Vaganian, Rafael A","Petrosian, Tigran V",2550.0,2605.0,1/2-1/2,draw,draw,E19,,35,17.5,4,0,2,0,True,True,2,0,True,0,2,0,defensive
Petrosian.pgn,Petrosian,white,"Szekely, Peter",Keres mem,Tallinn,1983.??.??,1983,10,"Petrosian, Tigran V","Szekely, Peter",2605.0,2435.0,1/2-1/2,draw,draw,E70,,84,42.0,4,0,2,0,True,True,2,0,True,0,2,0,defensive
Petrosian.pgn,Petrosian,black,"Abramovic, Bosko",Keres mem,Tallinn,1983.??.??,1983,11,"Abramovic, Bosko","Petrosian, Tigran V",2475.0,2605.0,1/2-1/2,draw,draw,C19,,44,22.0,6,2,2,0,True,True,3,1,True,0,3,1,defensive
Petrosian.pgn,Petrosian,black,"Schussler, Harry",Keres mem,Tallinn,1983.??.??,1983,12,"Schussler, Harry","Petrosian, Tigran V",2485.0,2605.0,1/2-1/2,draw,draw,A65,,47,23.5,14,1,2,0,True,True,7,1,True,0,7,0,defensive
Petrosian.pgn,Petrosian,white,"Karner, Hillar",Keres mem,Tallinn,1983.??.??,1983,13,"Petrosian, Tigran V","Karner, Hillar",2605.0,2405.0,1-0,white_win,win,E80,,79,39.5,19,2,1,0,True,False,10,2,True,0,9,0,defensive
Petrosian.pgn,Petrosian,black,"Arnason, Jon L",Keres mem,Tallinn,1983.??.??,1983,14,"Arnason, Jon L","Petrosian, Tigran V",2460.0,2605.0,1/2-1/2,draw,draw,C11,,92,46.0,16,1,2,0,True,True,8,1,True,0,8,0,defensive
Petrosian.pgn,Petrosian,white,"Nei, Iivo",Keres mem,Tallinn,1983.??.??,1983,15,"Petrosian, Tigran V","Nei, Iivo",2605.0,2495.0,1-0,white_win,win,E51,,57,28.5,10,2,2,0,True,True,6,2,True,0,4,0,defensive
