source_file,main_player,player_color,opponent,event,site,date,year,round,white,black,white_elo,black_elo,result,result_label,player_result,eco,opening,num_plies,num_moves,captures,checks,castles,promotions,white_castled,black_castled,player_captures,player_checks,player_castled,player_promotions,opponent_captures,opponent_checks,style
Tal.pgn,Tal,black,"Klasup, Karlis",LAT-ch,LAT,1952.??.??,1952,?,"Klasup, Karlis","Tal, Mihail",,,0-1,black_win,win,D46,,60,30.0,16,5,2,0,True,True,8,2,True,0,8,3,tactical
Tal.pgn,Tal,white,"Klasup, Karlis",Riga-ch,Riga,1952.??.??,1952,?,"Tal, Mihail","Klasup, Karlis",,,1-0,white_win,win,A82,,127,63.5,25,15,2,0,True,True,14,12,True,0,11,3,tactical
Tal.pgn,Tal,black,"Mileika, Janis",Riga-ch,Riga,1952.??.??,1952,?,"Mileika, Janis","Tal, Mihail",,,1/2-1/2,draw,draw,D44,,82,41.0,24,3,2,0,True,True,12,0,True,0,12,3,tactical
Tal.pgn,Tal,white,"Segal, Alexandru Sorin",Riga-ch sf,Riga,1952.??.??,1952,?,"Tal, Mihail","Segal, Alexandru Sorin",,,1-0,white_win,win,B07,,59,29.5,14,2,2,0,True,True,7,2,True,0,7,0,tactical
Tal.pgn,Tal,white,Lozov,Riga-ch,Riga,1952.??.??,1952,?,"Tal, Mihail",Lozov,,,1-0,white_win,win,E18,,45,22.5,9,4,2,0,True,True,5,4,True,0,4,0,tactical
Tal.pgn,Tal,black,"Pasman, M.",Riga-ch,Riga,1952.??.??,1952,?,"Pasman, M.","Tal, Mihail",,,1-0,white_win,loss,E92,,128,64.0,23,11,1,0,False,True,11,3,True,0,12,8,tactical
Tal.pgn,Tal,black,"Klevitzki, Yehezkel",Riga-ch sf,Riga,1952.??.??,1952,?,"Klevitzki, Yehezkel","Tal, Mihail",,,0-1,black_win,win,B28,,74,37.0,16,2,2,0,True,True,9,2,True,0,7,0,tactical
Tal.pgn,Tal,white,"Segal, Alexandru Sorin",Riga tt,Riga,1952.??.??,1952,?,"Tal, Mihail","Segal, Alexandru Sorin",,,1-0,white_win,win,A96,,43,21.5,7,1,2,0,True,True,3,1,True,0,4,0,tactical
Tal.pgn,Tal,white,Birjanis,Riga-ch sf,Riga,1952.??.??,1952,?,"Tal, Mihail",Birjanis,,,1-0,white_win,win,D53,,47,23.5,10,1,2,0,True,True,5,1,True,0,5,0,tactical
Tal.pgn,Tal,white,"Zaid, Leonid D",Riga-ch,Riga,1952.??.??,1952,?,"Tal, Mihail","Zaid, Leonid D",,,1-0,white_win,win,D07,,95,47.5,20,6,2,0,True,True,10,1,True,0,10,5,tactical
Tal.pgn,Tal,white,"Rozenberg, S.",LAT-ch sf,LAT,1953.??.??,1953,?,"Tal, Mihail","Rozenberg, S.",,,1-0,white_win,win,B15,,75,37.5,20,7,1,0,False,True,9,1,False,0,11,6,tactical
Tal.pgn,Tal,black,Gradus,LAT-ch,LAT,1953.??.??,1953,?,Gradus,"Tal, Mihail",,,0-1,black_win,win,E69,,42,21.0,13,0,2,0,True,True,7,0,True,0,6,0,tactical
Tal.pgn,Tal,black,"Mileika, Janis",LAT-ch,LAT,1953.??.??,1953,?,"Mileika, Janis","Tal, Mihail",,,0-1,black_win,win,A60,,46,23.0,9,1,2,0,True,True,5,1,True,0,4,0,tactical
Tal.pgn,Tal,black,"Solmanis, Zigfrids",LAT-ch,LAT,1953.??.??,1953,?,"Solmanis, Zigfrids","Tal, Mihail",,,0-1,black_win,win,E61,,92,46.0,19,7,2,0,True,True,10,2,True,0,9,5,tactical
Tal.pgn,Tal,white,Erepov,LAT-ch,LAT,1953.??.??,1953,?,"Tal, Mihail",Erepov,,,1-0,white_win,win,C18,,93,46.5,20,2,0,0,False,False,10,1,False,0,10,1,tactical
Tal.pgn,Tal,white,"Kampenuss, P.",LAT-ch,LAT,1953.??.??,1953,?,"Tal, Mihail","Kampenuss, P.",,,1-0,white_win,win,C67,,73,36.5,15,8,2,0,True,True,8,7,True,0,7,1,tactical
Tal.pgn,Tal,white,"Pasman, M.",LAT-ch,LAT,1953.??.??,1953,?,"Tal, Mihail","Pasman, M.",,,1-0,white_win,win,B93,,82,41.0,19,10,2,1,True,True,10,10,True,1,9,0,tactical
Tal.pgn,Tal,black,Balinsh,LAT-ch,LAT,1953.??.??,1953,?,Balinsh,"Tal, Mihail",,,0-1,black_win,win,A96,,68,34.0,10,1,2,0,True,True,5,0,True,0,5,1,tactical
Tal.pgn,Tal,black,"Mileika, Janis",LAT-ch sf,LAT,1953.??.??,1953,?,"Mileika, Janis","Tal, Mihail",,,0-1,black_win,win,E40,,86,43.0,16,4,2,0,True,True,9,0,True,0,7,4,tactical
Tal.pgn,Tal,black,"Kliavinsh, Janis",LAT-ch,LAT,1953.??.??,1953,?,"Kliavinsh, Janis","Tal, Mihail",,,1/2-1/2,draw,draw,E25,,62,31.0,16,9,1,0,False,True,8,5,True,0,8,4,tactical
Tal.pgn,Tal,white,Pigit,LAT-ch sf,LAT,1953.??.??,1953,?,"Tal, Mihail",Pigit,,,0-1,black_win,loss,B62,,38,19.0,15,5,0,0,False,False,8,3,False,0,7,2,tactical
Tal.pgn,Tal,white,"Darznieks, Artur",LAT-ch sf,LAT,1953.??.??,1953,?,"Tal, Mihail","Darznieks, Artur",,,1-0,white_win,win,D94,,87,43.5,22,2,2,0,True,True,12,2,True,0,10,0,tactical
Tal.pgn,Tal,white,"Aronin, Lev Solomonovich",URS-chT,Leningrad,1953.??.??,1953,?,"Tal, Mihail","Aronin, Lev Solomonovich",,,0-1,black_win,loss,B10,,48,24.0,14,10,1,0,True,False,8,10,True,0,6,0,tactical
Tal.pgn,Tal,white,Paradniek,LAT-ch,LAT,1954.??.??,1954,?,"Tal, Mihail",Paradniek,,,1-0,white_win,win,D68,,116,58.0,19,2,2,0,True,True,10,2,True,0,9,0,tactical
Tal.pgn,Tal,white,"Larichev, S.",LAT-ch,LAT,1954.??.??,1954,?,"Tal, Mihail","Larichev, S.",,,1-0,white_win,win,E24,,53,26.5,12,1,2,0,True,True,5,0,True,0,7,1,tactical
Tal.pgn,Tal,white,"Gipslis, Aivars",LAT-ch,LAT,1954.??.??,1954,?,"Tal, Mihail","Gipslis, Aivars",,,1/2-1/2,draw,draw,A34,,117,58.5,25,11,2,0,True,True,13,7,True,0,12,4,tactical
Tal.pgn,Tal,white,Balinsh,LAT-ch,LAT,1954.??.??,1954,?,"Tal, Mihail",Balinsh,,,1-0,white_win,win,B08,,69,34.5,19,3,2,0,True,True,9,3,True,0,10,0,tactical
Tal.pgn,Tal,white,Akmentin,LAT-ch,LAT,1954.??.??,1954,?,"Tal, Mihail",Akmentin,,,1-0,white_win,win,D22,,69,34.5,17,8,1,0,False,True,9,3,False,0,8,5,tactical
Tal.pgn,Tal,black,"Bannik, Anatoly",LAT-ch,LAT,1954.??.??,1954,?,"Bannik, Anatoly","Tal, Mihail",,,0-1,black_win,win,A08,,50,25.0,5,4,2,0,True,True,2,4,True,0,3,0,tactical
Tal.pgn,Tal,black,"Skuja, Roberts",LAT-ch,LAT,1954.??.??,1954,?,"Skuja, Roberts","Tal, Mihail",,,1/2-1/2,draw,draw,B91,,129,64.5,27,2,2,1,True,True,13,0,True,1,14,2,tactical
Tal.pgn,Tal,black,"Prieditic, G.",LAT-ch,LAT,1954.??.??,1954,?,"Prieditic, G.","Tal, Mihail",,,0-1,black_win,win,E97,,92,46.0,16,3,2,0,True,True,8,3,True,0,8,0,tactical
Tal.pgn,Tal,black,"Pasman, M.",LAT-ch,LAT,1954.??.??,1954,?,"Pasman, M.","Tal, Mihail",,,0-1,black_win,win,E59,,66,33.0,17,2,2,0,True,True,9,1,True,0,8,1,tactical
Tal.pgn,Tal,black,Niebult,LAT-ch,LAT,1954.??.??,1954,?,Niebult,"Tal, Mihail",,,0-1,black_win,win,E92,,58,29.0,11,6,2,0,True,True,7,6,True,0,4,0,tactical
Tal.pgn,Tal,black,"Kliavinsh, Janis",LAT-ch,LAT,1954.??.??,1954,?,"Kliavinsh, Janis","Tal, Mihail",,,1-0,white_win,loss,B71,,43,21.5,13,5,1,0,True,False,5,1,False,0,8,4,tactical
Tal.pgn,Tal,black,"Darznieks, Artur",LAT-ch,LAT,1954.??.??,1954,?,"Darznieks, Artur","Tal, Mihail",,,0-1,black_win,win,D41,,98,49.0,15,7,2,0,True,True,9,5,True,0,6,2,tactical
Tal.pgn,Tal,black,"Melik, Paschaian",URS-chTJ,Leningrad,1954.??.??,1954,?,"Melik, Paschaian","Tal, Mihail",,,0-1,black_win,win,C50,,58,29.0,13,2,2,0,True,True,6,1,True,0,7,1,tactical
Tal.pgn,Tal,black,"Gufeld, Eduard",URS-chTJ,Leningrad,1954.??.??,1954,?,"Gufeld, Eduard","Tal, Mihail",,,0-1,black_win,win,C85,,50,25.0,11,0,2,0,True,True,6,0,True,0,5,0,tactical
Tal.pgn,Tal,white,"Etruk, Rein T",URS-chTJ,Leningrad,1954.??.??,1954,?,"Tal, Mihail","Etruk, Rein T",,,1-0,white_win,win,E25,,79,39.5,23,5,0,0,False,False,12,1,False,0,11,4,tactical
Tal.pgn,Tal,white,"Spassky, Boris V",URS-chTJ,Leningrad,1954.??.??,1954,?,"Tal, Mihail","Spassky, Boris V",,,0-1,black_win,loss,A61,,90,45.0,21,7,2,1,True,True,11,3,True,0,10,4,tactical
Tal.pgn,Tal,white,"Visockis, Janis",URS-chTJ,Leningrad,1954.??.??,1954,?,"Tal, Mihail","Visockis, Janis",,,1-0,white_win,win,E87,,81,40.5,19,2,2,0,True,True,10,1,True,0,9,1,tactical
Tal.pgn,Tal,black,"Vinokurov, Andrei",URS-chTJ,Leningrad,1954.??.??,1954,?,"Vinokurov, Andrei","Tal, Mihail",,,0-1,black_win,win,B59,,66,33.0,14,2,2,0,True,True,8,2,True,0,6,0,tactical
Tal.pgn,Tal,white,"Aronin, Lev Solomonovich",URS-chTJ Coop,Riga,1954.??.??,1954,?,"Tal, Mihail","Aronin, Lev Solomonovich",,,0-1,black_win,loss,B10,,82,41.0,22,12,1,0,True,False,10,11,True,0,12,1,tactical
Tal.pgn,Tal,black,"Kortschnoj, Viktor",URS-chTJ Coop,Riga,1954.??.??,1954,?,"Kortschnoj, Viktor","Tal, Mihail",,,1/2-1/2,draw,draw,E06,,63,31.5,20,0,2,0,True,True,10,0,True,0,10,0,tactical
Tal.pgn,Tal,black,"Lisitsin, Georgy",URS-chTJ Coop,Riga,1954.??.??,1954,?,"Lisitsin, Georgy","Tal, Mihail",,,1-0,white_win,loss,E67,,145,72.5,28,13,2,0,True,True,14,4,True,0,14,9,tactical
Tal.pgn,Tal,black,"Suetin, Alexey S",URS-chTJ Coop,Riga,1954.??.??,1954,?,"Suetin, Alexey S","Tal, Mihail",,,1/2-1/2,draw,draw,B57,,112,56.0,22,3,2,0,True,True,11,0,True,0,11,3,tactical
Tal.pgn,Tal,white,"Semenikhin, V.",Riga-ch,Riga,1954.??.??,1954,?,"Tal, Mihail","Semenikhin, V.",,,1-0,white_win,win,A21,,41,20.5,6,3,2,0,True,True,3,3,True,0,3,0,tactical
Tal.pgn,Tal,white,"Mileika, Janis",Riga-ch,Riga,1954.??.??,1954,?,"Tal, Mihail","Mileika, Janis",,,1-0,white_win,win,B56,,91,45.5,27,6,2,0,True,True,14,4,True,0,13,2,tactical
Tal.pgn,Tal,white,"Liepins, L.",Riga-ch,Riga,1954.??.??,1954,?,"Tal, Mihail","Liepins, L.",,,1-0,white_win,win,A17,,137,68.5,26,6,1,0,True,False,13,6,True,0,13,0,tactical
Tal.pgn,Tal,white,"Koblencs, Aleksandrs",Riga-ch,Riga,1954.??.??,1954,?,"Tal, Mihail","Koblencs, Aleksandrs",,,1-0,white_win,win,C17,,81,40.5,18,2,2,0,True,True,10,1,True,0,8,1,tactical
Tal.pgn,Tal,white,"Klovans, Janis",Riga-ch,Riga,1954.??.??,1954,?,"Tal, Mihail","Klovans, Janis",,,1/2-1/2,draw,draw,C79,,99,49.5,28,6,2,0,True,True,14,5,True,0,14,1,tactical
Tal.pgn,Tal,white,"Kliavinsh, Janis",Riga-ch,Riga,1954.??.??,1954,?,"Tal, Mihail","Kliavinsh, Janis",,,1-0,white_win,win,A46,,61,30.5,11,2,2,0,True,True,6,2,True,0,5,0,tactical
Tal.pgn,Tal,white,"Gipslis, Aivars",Riga-ch,Riga,1954.??.??,1954,?,"Tal, Mihail","Gipslis, Aivars",,,1/2-1/2,draw,draw,A34,,117,58.5,25,11,2,0,True,True,13,7,True,0,12,4,tactical
Tal.pgn,Tal,black,"Mileika, Janis",Riga-ch,Riga,1954.??.??,1954,?,"Mileika, Janis","Tal, Mihail",,,0-1,black_win,win,A65,,82,41.0,20,6,2,0,True,True,10,0,True,0,10,6,tactical
Tal.pgn,Tal,black,"Klasup, Karlis",Riga-ch,Riga,1954.??.??,1954,?,"Klasup, Karlis","Tal, Mihail",,,0-1,black_win,win,A85,,112,56.0,21,13,2,0,True,True,10,8,True,0,11,5,tactical
Tal.pgn,Tal,black,"Gipslis, Aivars",Riga-ch,Riga,1954.??.??,1954,?,"Gipslis, Aivars","Tal, Mihail",,,1/2-1/2,draw,draw,B22,,44,22.0,12,4,2,0,True,True,6,1,True,0,6,3,tactical
Tal.pgn,Tal,black,"Aleksandrov, Aleksej",Riga-ch,Riga,1954.??.??,1954,?,"Aleksandrov, Aleksej","Tal, Mihail",,,1-0,white_win,loss,C90,,95,47.5,17,9,2,0,True,True,7,0,True,0,10,9,tactical
Tal.pgn,Tal,black,Akmentin,Riga-ch,Riga,1954.??.??,1954,?,Akmentin,"Tal, Mihail",,,0-1,black_win,win,C41,,80,40.0,20,6,2,0,True,True,10,0,True,0,10,6,tactical
Tal.pgn,Tal,black,"Aarland, Stein",Riga-ch,Riga,1954.??.??,1954,?,"Aarland, Stein","Tal, Mihail",,,1/2-1/2,draw,draw,D93,,54,27.0,10,0,2,0,True,True,5,0,True,0,5,0,tactical
Tal.pgn,Tal,black,"Chistiakov, Alexander Nikolaevi",URS-chTJ Coop,Riga,1954.??.??,1954,?,"Chistiakov, Alexander Nikolaevi","Tal, Mihail",,,1/2-1/2,draw,draw,B70,,60,30.0,12,1,2,0,True,True,6,1,True,0,6,0,tactical
Tal.pgn,Tal,white,"Averbakh, Yuri L",URS-chTJ Coop,Riga,1954.??.??,1954,?,"Tal, Mihail","Averbakh, Yuri L",,,1-0,white_win,win,C47,,80,40.0,22,11,1,0,False,True,10,3,False,0,12,8,tactical
Tal.pgn,Tal,white,"Petrosian, Tigran V",URS-chTJ Coop,Riga,1954.??.??,1954,?,"Tal, Mihail","Petrosian, Tigran V",,,1/2-1/2,draw,draw,B95,,54,27.0,6,0,1,0,True,False,3,0,True,0,3,0,tactical
Tal.pgn,Tal,white,"Taimanov, Mark E",URS-chTJ Coop,Riga,1954.??.??,1954,?,"Tal, Mihail","Taimanov, Mark E",2560.0,2560.0,0-1,black_win,loss,C16,,106,53.0,18,11,2,0,True,True,9,5,True,0,9,6,tactical
Tal.pgn,Tal,white,"Vasiukov, Evgeni",URS-chTJ Coop,Riga,1954.??.??,1954,?,"Tal, Mihail","Vasiukov, Evgeni",,,1/2-1/2,draw,draw,A54,,176,88.0,27,15,2,2,True,True,13,9,True,1,14,6,tactical
Tal.pgn,Tal,white,"Saigin, Vladimir",Riga m,Riga,1954.??.??,1954,1,"Tal, Mihail","Saigin, Vladimir",,,1/2-1/2,draw,draw,C47,,74,37.0,19,11,2,0,True,True,9,10,True,0,10,1,tactical
Tal.pgn,Tal,white,"Saigin, Vladimir",Riga m,Riga,1954.??.??,1954,3,"Tal, Mihail","Saigin, Vladimir",,,1-0,white_win,win,B93,,35,17.5,8,0,2,0,True,True,4,0,True,0,4,0,tactical
Tal.pgn,Tal,black,"Saigin, Vladimir",Riga m,Riga,1954.??.??,1954,8,"Saigin, Vladimir","Tal, Mihail",,,0-1,black_win,win,E01,,64,32.0,12,1,2,0,True,True,6,1,True,0,6,0,tactical
Tal.pgn,Tal,black,"Saigin, Vladimir",Riga m,Riga,1954.??.??,1954,10,"Saigin, Vladimir","Tal, Mihail",,,1/2-1/2,draw,draw,A61,,93,46.5,21,2,2,1,True,True,10,2,True,1,11,0,tactical
Tal.pgn,Tal,white,"Keres, Paul",Tallinn m,Tallinn,1954.??.??,1954,?,"Tal, Mihail","Keres, Paul",,,0-1,black_win,loss,E92,,86,43.0,20,6,2,0,True,True,9,4,True,0,11,2,tactical
Tal.pgn,Tal,black,"Keres, Paul",Tallinn m,Tallinn,1954.??.??,1954,?,"Keres, Paul","Tal, Mihail",,,1/2-1/2,draw,draw,A61,,75,37.5,14,0,2,0,True,True,7,0,True,0,7,0,tactical
Tal.pgn,Tal,black,"Kliavinsh, Janis",LAT-ch,?,1955.??.??,1955,?,"Kliavinsh, Janis","Tal, Mihail",,,0-1,black_win,win,B95,,90,45.0,15,3,1,0,True,False,7,2,False,0,8,1,tactical
Tal.pgn,Tal,white,"Klasup, Karlis",LAT-ch,?,1955.??.??,1955,?,"Tal, Mihail","Klasup, Karlis",,,0-1,black_win,loss,E41,,189,94.5,25,18,2,0,True,True,12,7,True,0,13,11,tactical
Tal.pgn,Tal,white,"Skuja, Roberts",LAT-ch,?,1955.??.??,1955,?,"Tal, Mihail","Skuja, Roberts",,,1-0,white_win,win,E68,,85,42.5,21,10,2,2,True,True,11,9,True,1,10,1,tactical
Tal.pgn,Tal,black,"Boleslavsky, Isaak",URS-ch sf,Riga,1955.??.??,1955,?,"Boleslavsky, Isaak","Tal, Mihail",,,1/2-1/2,draw,draw,B70,,40,20.0,8,1,1,0,True,False,4,1,False,0,4,0,tactical
Tal.pgn,Tal,black,"Borisenko, Georgy K",URS-ch sf,Riga,1955.??.??,1955,?,"Borisenko, Georgy K","Tal, Mihail",,,1-0,white_win,loss,A61,,81,40.5,14,1,2,1,True,True,7,0,True,0,7,1,tactical
Tal.pgn,Tal,black,"Bannik, Anatoly",URS-ch sf,Riga,1955.??.??,1955,?,"Bannik, Anatoly","Tal, Mihail",,,0-1,black_win,win,E65,,62,31.0,17,8,2,0,True,True,9,8,True,0,8,0,tactical
Tal.pgn,Tal,black,"Chukaev, Egor",URS-ch sf,Riga,1955.??.??,1955,?,"Chukaev, Egor","Tal, Mihail",,,0-1,black_win,win,E92,,100,50.0,14,4,2,0,True,True,7,3,True,0,7,1,tactical
Tal.pgn,Tal,black,Hanov,URS-ch sf,Riga,1955.??.??,1955,?,Hanov,"Tal, Mihail",,,0-1,black_win,win,B25,,123,61.5,21,6,2,0,True,True,10,5,True,0,11,1,tactical
Tal.pgn,Tal,black,"Lebedev, Sergey",URS-ch sf,Riga,1955.??.??,1955,?,"Lebedev, Sergey","Tal, Mihail",,,0-1,black_win,win,A61,,87,43.5,16,1,2,0,True,True,7,0,True,0,9,1,tactical
Tal.pgn,Tal,black,"Nei, Iivo",URS-ch sf,Riga,1955.??.??,1955,?,"Nei, Iivo","Tal, Mihail",,,1/2-1/2,draw,draw,B64,,92,46.0,22,4,2,0,True,True,11,3,True,0,11,1,tactical
Tal.pgn,Tal,black,"Rovner, Dmitry Osipovich",URS-ch sf,Riga,1955.??.??,1955,?,"Rovner, Dmitry Osipovich","Tal, Mihail",,,0-1,black_win,win,C06,,52,26.0,13,1,2,0,True,True,8,1,True,0,5,0,tactical
Tal.pgn,Tal,white,"Furman, Semen Abramovich",URS-ch sf,Riga,1955.??.??,1955,?,"Tal, Mihail","Furman, Semen Abramovich",,,1-0,white_win,win,B67,,71,35.5,16,1,1,0,True,False,9,1,True,0,7,0,tactical
Tal.pgn,Tal,white,"Gipslis, Aivars",URS-ch sf,Riga,1955.??.??,1955,?,"Tal, Mihail","Gipslis, Aivars",,,1-0,white_win,win,C15,,99,49.5,25,5,1,0,True,False,13,4,True,0,12,1,tactical
Tal.pgn,Tal,white,"Ilivitzki, Georgi A",URS-ch sf,Riga,1955.??.??,1955,?,"Tal, Mihail","Ilivitzki, Georgi A",,,1/2-1/2,draw,draw,B18,,46,23.0,15,4,0,0,False,False,7,2,False,0,8,2,tactical
Tal.pgn,Tal,white,"Kortschnoj, Viktor",URS-ch sf,Riga,1955.??.??,1955,?,"Tal, Mihail","Kortschnoj, Viktor",,,0-1,black_win,loss,C83,,66,33.0,14,3,2,0,True,True,6,2,True,0,8,1,tactical
Tal.pgn,Tal,white,"Shamkovich, Leonid",URS-ch sf,Riga,1955.??.??,1955,?,"Tal, Mihail","Shamkovich, Leonid",,,1-0,white_win,win,B33,,93,46.5,25,4,2,0,True,True,14,2,True,0,11,2,tactical
Tal.pgn,Tal,white,"Shiyanovsky, Vladislav",URS-ch sf,Riga,1955.??.??,1955,?,"Tal, Mihail","Shiyanovsky, Vladislav",,,1-0,white_win,win,B03,,87,43.5,20,4,2,0,True,True,10,3,True,0,10,1,tactical
Tal.pgn,Tal,white,"Soloviev, Vladimir A",URS-ch sf,Riga,1955.??.??,1955,?,"Tal, Mihail","Soloviev, Vladimir A",,,1-0,white_win,win,E86,,105,52.5,15,4,2,0,True,True,8,4,True,0,7,0,tactical
Tal.pgn,Tal,white,"Zhuravliov, Valerij",URS-ch sf,Riga,1955.??.??,1955,?,"Tal, Mihail","Zhuravliov, Valerij",,,1/2-1/2,draw,draw,C95,,54,27.0,14,1,2,0,True,True,7,0,True,0,7,1,tactical
Tal.pgn,Tal,black,"Krimer, Y.",URS-ch sf,Vilnius,1955.??.??,1955,?,"Krimer, Y.","Tal, Mihail",,,0-1,black_win,win,B95,,80,40.0,23,4,1,0,True,False,12,2,False,0,11,2,tactical
Tal.pgn,Tal,white,"Randviir, Juri",URS-ch sf,Vilnius,1955.??.??,1955,?,"Tal, Mihail","Randviir, Juri",,,1/2-1/2,draw,draw,D10,,50,25.0,13,3,1,0,True,False,7,2,True,0,6,1,tactical
Tal.pgn,Tal,white,"Sokolsky, Alexey",URS-ch sf,Vilnius,1955.??.??,1955,?,"Tal, Mihail","Sokolsky, Alexey",,,1/2-1/2,draw,draw,C02,,89,44.5,19,3,2,0,True,True,10,1,True,0,9,2,tactical
Tal.pgn,Tal,black,"Renter, Raul",URS-ch sf,Vilnius,1955.??.??,1955,?,"Renter, Raul","Tal, Mihail",,,1/2-1/2,draw,draw,B57,,115,57.5,24,8,2,0,True,True,12,5,True,0,12,3,tactical
Tal.pgn,Tal,black,Zhdanov,URS-ch sf,Vilnius,1955.??.??,1955,?,Zhdanov,"Tal, Mihail",,,0-1,black_win,win,A32,,56,28.0,12,1,2,0,True,True,6,1,True,0,6,0,tactical
Tal.pgn,Tal,white,"Kholmov, Ratmir D",URS-ch sf,Vilnius,1955.??.??,1955,?,"Tal, Mihail","Kholmov, Ratmir D",,,1/2-1/2,draw,draw,C85,,56,28.0,10,1,2,0,True,True,5,0,True,0,5,1,tactical
Tal.pgn,Tal,black,"Lein, Anatoly",URS-ch sf,Vilnius,1955.??.??,1955,?,"Lein, Anatoly","Tal, Mihail",,,1-0,white_win,loss,B68,,183,91.5,28,26,2,2,True,True,14,4,True,1,14,22,tactical
Tal.pgn,Tal,black,"Ostrauskas, A.",URS-ch sf,Vilnius,1955.??.??,1955,?,"Ostrauskas, A.","Tal, Mihail",,,0-1,black_win,win,C86,,78,39.0,17,7,2,0,True,True,8,6,True,0,9,1,tactical
Tal.pgn,Tal,black,"Klasup, Karlis",URS-ch sf,Vilnius,1955.??.??,1955,?,"Klasup, Karlis","Tal, Mihail",,,0-1,black_win,win,E67,,80,40.0,17,5,2,0,True,True,9,4,True,0,8,1,tactical
Tal.pgn,Tal,black,"Gipslis, Aivars",URS-ch sf,Vilnius,1955.??.??,1955,?,"Gipslis, Aivars","Tal, Mihail",,,0-1,black_win,win,B22,,114,57.0,25,12,2,2,True,True,12,7,True,1,13,5,tactical
Tal.pgn,Tal,white,"Kliavinsh, Janis",URS-ch sf,Vilnius,1955.??.??,1955,?,"Tal, Mihail","Kliavinsh, Janis",,,1-0,white_win,win,D45,,97,48.5,19,4,2,0,True,True,9,1,True,0,10,3,tactical
Tal.pgn,Tal,black,"Arulaid, Alexander",URS-ch sf,Vilnius,1955.??.??,1955,?,"Arulaid, Alexander","Tal, Mihail",,,1/2-1/2,draw,draw,C06,,81,40.5,20,2,2,0,True,True,9,1,True,0,11,1,tactical
Tal.pgn,Tal,white,"Nei, Iivo",URS-ch sf,Vilnius,1955.??.??,1955,?,"Tal, Mihail","Nei, Iivo",,,1/2-1/2,draw,draw,C16,,63,31.5,14,3,2,0,True,True,7,2,True,0,7,1,tactical
Tal.pgn,Tal,white,"Kholmov, Ratmir D",URS-ch23,Leningrad,1956.??.??,1956,?,"Tal, Mihail","Kholmov, Ratmir D",,,1/2-1/2,draw,draw,C97,,72,36.0,18,0,2,0,True,True,9,0,True,0,9,0,tactical
Tal.pgn,Tal,white,"Polugaevsky, Lev",URS-ch23,Leningrad,1956.??.??,1956,?,"Tal, Mihail","Polugaevsky, Lev",,,1/2-1/2,draw,draw,B66,,96,48.0,24,1,1,0,True,False,12,0,True,0,12,1,tactical
Tal.pgn,Tal,white,"Bannik, Anatoly",URS-ch23,Leningrad,1956.??.??,1956,?,"Tal, Mihail","Bannik, Anatoly",,,1-0,white_win,win,C75,,99,49.5,16,8,1,0,True,False,8,6,True,0,8,2,tactical
Tal.pgn,Tal,white,"Lisitsin, Georgy",URS-ch23,Leningrad,1956.??.??,1956,?,"Tal, Mihail","Lisitsin, Georgy",,,1-0,white_win,win,B71,,107,53.5,24,6,2,0,True,True,13,2,True,0,11,4,tactical
Tal.pgn,Tal,white,"Tolush, Alexander V",URS-ch23,Leningrad,1956.??.??,1956,?,"Tal, Mihail","Tolush, Alexander V",,,1-0,white_win,win,B97,,61,30.5,18,9,0,0,False,False,10,6,False,0,8,3,tactical
Tal.pgn,Tal,black,"Kortschnoj, Viktor",URS-ch23,Leningrad,1956.??.??,1956,?,"Kortschnoj, Viktor","Tal, Mihail",,,1/2-1/2,draw,draw,A19,,264,132.0,27,34,2,0,True,True,13,18,True,0,14,16,tactical
Tal.pgn,Tal,white,"Taimanov, Mark E",URS-ch23,Leningrad,1956.??.??,1956,?,"Tal, Mihail","Taimanov, Mark E",,,1/2-1/2,draw,draw,B28,,114,57.0,25,14,2,0,True,True,12,5,True,0,13,9,tactical
Tal.pgn,Tal,white,"Simagin, Vladimir",URS-ch23,Leningrad,1956.??.??,1956,?,"Tal, Mihail","Simagin, Vladimir",,,1-0,white_win,win,B07,,89,44.5,21,20,1,0,True,False,12,18,True,0,9,2,tactical
Tal.pgn,Tal,white,"Ragozin, Viacheslav",URS-ch23,Leningrad,1956.??.??,1956,?,"Tal, Mihail","Ragozin, Viacheslav",,,1-0,white_win,win,D92,,159,79.5,29,3,2,0,True,True,15,2,True,0,14,1,tactical
Tal.pgn,Tal,black,"Zurakhov, Vladlen Y",URS-ch23,Leningrad,1956.??.??,1956,?,"Zurakhov, Vladlen Y","Tal, Mihail",,,1-0,white_win,loss,B64,,115,57.5,24,5,2,0,True,True,11,4,True,0,13,1,tactical
Tal.pgn,Tal,black,"Spassky, Boris V",URS-ch23,Leningrad,1956.??.??,1956,?,"Spassky, Boris V","Tal, Mihail",,,1-0,white_win,loss,E80,,75,37.5,22,3,2,0,True,True,10,0,True,0,12,3,tactical
Tal.pgn,Tal,black,"Antoshin, Vladimir S",URS-ch23,Leningrad,1956.??.??,1956,?,"Antoshin, Vladimir S","Tal, Mihail",,,1/2-1/2,draw,draw,A61,,84,42.0,21,1,2,0,True,True,10,0,True,0,11,1,tactical
Tal.pgn,Tal,black,"Averbakh, Yuri L",URS-ch23,Leningrad,1956.??.??,1956,?,"Averbakh, Yuri L","Tal, Mihail",,,1/2-1/2,draw,draw,E66,,77,38.5,14,0,2,0,True,True,7,0,True,0,7,0,tactical
Tal.pgn,Tal,black,"Boleslavsky, Isaak",URS-ch23,Leningrad,1956.??.??,1956,?,"Boleslavsky, Isaak","Tal, Mihail",,,1/2-1/2,draw,draw,A60,,61,30.5,12,0,2,0,True,True,6,0,True,0,6,0,tactical
Tal.pgn,Tal,black,"Borisenko, Georgy K",URS-ch23,Leningrad,1956.??.??,1956,?,"Borisenko, Georgy K","Tal, Mihail",,,1/2-1/2,draw,draw,E55,,112,56.0,27,5,2,3,True,True,14,3,True,2,13,2,tactical
Tal.pgn,Tal,black,"Byvshev, Vasily Mikhailovich",URS-ch23,Leningrad,1956.??.??,1956,?,"Byvshev, Vasily Mikhailovich","Tal, Mihail",,,1/2-1/2,draw,draw,B64,,86,43.0,19,8,2,0,True,True,8,2,True,0,11,6,tactical
Tal.pgn,Tal,black,"Khasin, Abram",URS-ch23,Leningrad,1956.??.??,1956,?,"Khasin, Abram","Tal, Mihail",,,0-1,black_win,win,B88,,72,36.0,17,2,2,0,True,True,9,1,True,0,8,1,tactical
Tal.pgn,Tal,white,"Koblencs, Aleksandrs",URS-ch sf,Tbilisi,1956.??.??,1956,?,"Tal, Mihail","Koblencs, Aleksandrs",,,1/2-1/2,draw,draw,D46,,53,26.5,16,2,2,0,True,True,8,0,True,0,8,2,tactical
Tal.pgn,Tal,white,"Kasparian, Genrikh",URS-ch sf,Tbilisi,1956.??.??,1956,?,"Tal, Mihail","Kasparian, Genrikh",,,1-0,white_win,win,B12,,173,86.5,24,22,1,2,True,False,12,14,True,1,12,8,tactical
Tal.pgn,Tal,white,"Giorgadze, Tamaz",URS-ch sf,Tbilisi,1956.??.??,1956,?,"Tal, Mihail","Giorgadze, Tamaz",,,1-0,white_win,win,E87,,49,24.5,8,0,2,0,True,True,5,0,True,0,3,0,tactical
Tal.pgn,Tal,white,"Antoshin, Vladimir S",URS-ch sf,Tbilisi,1956.??.??,1956,?,"Tal, Mihail","Antoshin, Vladimir S",,,1/2-1/2,draw,draw,C47,,55,27.5,12,1,2,0,True,True,6,1,True,0,6,0,tactical
Tal.pgn,Tal,black,"Polugaevsky, Lev",URS-ch sf,Tbilisi,1956.??.??,1956,?,"Polugaevsky, Lev","Tal, Mihail",,,1/2-1/2,draw,draw,D40,,96,48.0,23,3,2,0,True,True,11,2,True,0,12,1,tactical
Tal.pgn,Tal,white,"Sakharov, Yury N",URS-ch sf,Tbilisi,1956.??.??,1956,?,"Tal, Mihail","Sakharov, Yury N",,,1/2-1/2,draw,draw,D45,,78,39.0,18,3,2,0,True,True,9,0,True,0,9,3,tactical
Tal.pgn,Tal,white,"Kotkov, Yuri M",URS-ch sf,Tbilisi,1956.??.??,1956,?,"Tal, Mihail","Kotkov, Yuri M",,,1/2-1/2,draw,draw,E73,,100,50.0,22,6,1,1,True,False,11,3,True,1,11,3,tactical
Tal.pgn,Tal,white,"Krogius, Nikolai V",URS-ch sf,Tbilisi,1956.??.??,1956,?,"Tal, Mihail","Krogius, Nikolai V",,,1-0,white_win,win,D53,,123,61.5,27,7,2,0,True,True,14,0,True,0,13,7,tactical
Tal.pgn,Tal,white,"Petrosian, Tigran V",URS-ch sf,Tbilisi,1956.??.??,1956,?,"Tal, Mihail","Petrosian, Tigran V",,,1/2-1/2,draw,draw,C02,,52,26.0,6,0,2,0,True,True,3,0,True,0,3,0,tactical
Tal.pgn,Tal,white,"Yukhtman, Jacob",URS-ch sf,Tbilisi,1956.??.??,1956,?,"Tal, Mihail","Yukhtman, Jacob",,,1-0,white_win,win,B94,,85,42.5,23,7,2,0,True,True,12,3,True,0,11,4,tactical
Tal.pgn,Tal,white,"Zurakhov, Vladlen Y",URS-ch sf,Tbilisi,1956.??.??,1956,?,"Tal, Mihail","Zurakhov, Vladlen Y",,,0-1,black_win,loss,C47,,78,39.0,22,4,2,0,True,True,11,1,True,0,11,3,tactical
Tal.pgn,Tal,black,"Khalilbeili, Sultan",URS-ch sf,Tbilisi,1956.??.??,1956,?,"Khalilbeili, Sultan","Tal, Mihail",,,0-1,black_win,win,E81,,112,56.0,24,1,1,0,False,True,13,0,True,0,11,1,tactical
Tal.pgn,Tal,black,"Buslaev, Aleksander",URS-ch sf,Tbilisi,1956.??.??,1956,?,"Buslaev, Aleksander","Tal, Mihail",,,1-0,white_win,loss,A64,,141,70.5,22,9,2,0,True,True,10,8,True,0,12,1,tactical
Tal.pgn,Tal,black,"Chukaev, Egor",URS-ch sf,Tbilisi,1956.??.??,1956,?,"Chukaev, Egor","Tal, Mihail",,,0-1,black_win,win,E75,,54,27.0,13,5,2,0,True,True,8,4,True,0,5,1,tactical
Tal.pgn,Tal,black,"Gurgenidze, Bukhuti",URS-ch sf,Tbilisi,1956.??.??,1956,?,"Gurgenidze, Bukhuti","Tal, Mihail",,,1/2-1/2,draw,draw,C16,,84,42.0,19,7,2,0,True,True,9,0,True,0,10,7,tactical
Tal.pgn,Tal,black,"Kortschnoj, Viktor",URS-ch sf,Tbilisi,1956.??.??,1956,?,"Kortschnoj, Viktor","Tal, Mihail",,,1/2-1/2,draw,draw,E81,,146,73.0,22,4,1,0,False,True,11,3,True,0,11,1,tactical
Tal.pgn,Tal,black,"Gufeld, Eduard",URS-ch sf,Tbilisi,1956.??.??,1956,4,"Gufeld, Eduard","Tal, Mihail",,,1/2-1/2,draw,draw,B43,,117,58.5,25,5,2,0,True,True,12,3,True,0,13,2,tactical
Tal.pgn,Tal,black,"Furman, Semen Abramovich",URS-ch sf,Tbilisi,1956.??.??,1956,6,"Furman, Semen Abramovich","Tal, Mihail",,,1/2-1/2,draw,draw,E56,,27,13.5,8,0,2,0,True,True,4,0,True,0,4,0,tactical
Tal.pgn,Tal,black,"Voronkov, Boris",URS-ch sf,Tbilisi,1956.??.??,1956,8,"Voronkov, Boris","Tal, Mihail",,,1/2-1/2,draw,draw,E75,,41,20.5,8,0,2,0,True,True,4,0,True,0,4,0,tactical
Tal.pgn,Tal,black,"Szukszta, Janusz",WchT U26,Upsala,1956.??.??,1956,?,"Szukszta, Janusz","Tal, Mihail",,,0-1,black_win,win,E86,,40,20.0,14,5,1,0,False,True,7,5,True,0,7,0,tactical
Tal.pgn,Tal,white,"Ivkov, Borislav",WchT U26,Upsala,1956.??.??,1956,?,"Tal, Mihail","Ivkov, Borislav",,,1-0,white_win,win,C97,,65,32.5,11,0,2,0,True,True,6,0,True,0,5,0,tactical
Tal.pgn,Tal,white,"Kolarov, Atanas S",WchT U26,Upsala,1956.??.??,1956,?,"Tal, Mihail","Kolarov, Atanas S",,,1-0,white_win,win,C92,,79,39.5,21,2,2,0,True,True,11,0,True,0,10,2,tactical
Tal.pgn,Tal,white,Moran,WchT U26,Upsala,1956.??.??,1956,?,"Tal, Mihail",Moran,,,1-0,white_win,win,A56,,63,31.5,18,4,2,0,True,True,9,2,True,0,9,2,tactical
Tal.pgn,Tal,white,"Barda, Olaf",WchT U26,Upsala,1956.??.??,1956,?,"Tal, Mihail","Barda, Olaf",,,1-0,white_win,win,B67,,95,47.5,22,5,2,0,True,True,12,5,True,0,10,0,tactical
Tal.pgn,Tal,white,Mogrev,WchT U26,Upsala,1956.??.??,1956,?,"Tal, Mihail",Mogrev,,,1-0,white_win,win,E87,,41,20.5,7,1,2,0,True,True,4,1,True,0,3,0,tactical
Tal.pgn,Tal,black,"Gurgenidze, Bukhuti",URS-ch24,Moscow,1957.??.??,1957,1,"Gurgenidze, Bukhuti","Tal, Mihail",,,0-1,black_win,win,A78,,54,27.0,13,3,2,0,True,True,8,2,True,0,5,1,tactical
Tal.pgn,Tal,black,"Aronson, Lev Abramovich",URS-ch24,Moscow,1957.??.??,1957,1,"Aronson, Lev Abramovich","Tal, Mihail",,,0-1,black_win,win,A97,,72,36.0,14,2,2,0,True,True,7,1,True,0,7,1,tactical
Tal.pgn,Tal,black,"Taimanov, Mark E",URS-ch24,Moscow,1957.??.??,1957,2,"Taimanov, Mark E","Tal, Mihail",,,0-1,black_win,win,E56,,62,31.0,15,5,2,0,True,True,8,4,True,0,7,1,tactical
Tal.pgn,Tal,white,"Bronstein, David I",URS-ch24,Moscow,1957.??.??,1957,3,"Tal, Mihail","Bronstein, David I",,,1-0,white_win,win,D90,,91,45.5,22,3,2,0,True,True,11,1,True,0,11,2,tactical
Tal.pgn,Tal,black,"Bannik, Anatoly",URS-ch24,Moscow,1957.??.??,1957,4,"Bannik, Anatoly","Tal, Mihail",,,0-1,black_win,win,E63,,90,45.0,21,9,2,0,True,True,11,8,True,0,10,1,tactical
Tal.pgn,Tal,white,"Kortschnoj, Viktor",URS-ch24,Moscow,1957.??.??,1957,5,"Tal, Mihail","Kortschnoj, Viktor",,,1/2-1/2,draw,draw,C10,,82,41.0,12,0,2,0,True,True,6,0,True,0,6,0,tactical
Tal.pgn,Tal,black,"Nezhmetdinov, Rashid",URS-ch24,Moscow,1957.??.??,1957,6,"Nezhmetdinov, Rashid","Tal, Mihail",,,1-0,white_win,loss,C17,,63,31.5,15,3,2,0,True,True,6,0,True,0,9,3,tactical
Tal.pgn,Tal,white,"Antoshin, Vladimir S",URS-ch24,Moscow,1957.??.??,1957,7,"Tal, Mihail","Antoshin, Vladimir S",,,1/2-1/2,draw,draw,C92,,80,40.0,20,4,2,0,True,True,10,4,True,0,10,0,tactical
Tal.pgn,Tal,black,"Mikenas, Vladas",URS-ch24,Moscow,1957.??.??,1957,8,"Mikenas, Vladas","Tal, Mihail",,,1/2-1/2,draw,draw,B47,,81,40.5,20,3,2,0,True,True,10,2,True,0,10,1,tactical
Tal.pgn,Tal,white,"Spassky, Boris V",URS-ch24,Moscow,1957.??.??,1957,9,"Tal, Mihail","Spassky, Boris V",,,1/2-1/2,draw,draw,C63,,61,30.5,15,1,2,0,True,True,8,0,True,0,7,1,tactical
Tal.pgn,Tal,black,"Khasin, Abram",URS-ch24,Moscow,1957.??.??,1957,10,"Khasin, Abram","Tal, Mihail",,,1/2-1/2,draw,draw,E63,,82,41.0,19,7,2,0,True,True,9,1,True,0,10,6,tactical
Tal.pgn,Tal,white,"Furman, Semen Abramovich",URS-ch24,Moscow,1957.??.??,1957,11,"Tal, Mihail","Furman, Semen Abramovich",,,1/2-1/2,draw,draw,B43,,82,41.0,23,3,2,0,True,True,12,2,True,0,11,1,tactical
Tal.pgn,Tal,black,"Boleslavsky, Isaak",URS-ch24,Moscow,1957.??.??,1957,12,"Boleslavsky, Isaak","Tal, Mihail",,,1-0,white_win,loss,C97,,185,92.5,25,38,2,1,True,True,12,29,True,0,13,9,tactical
Tal.pgn,Tal,white,"Petrosian, Tigran V",URS-ch24,Moscow,1957.??.??,1957,13,"Tal, Mihail","Petrosian, Tigran V",,,1-0,white_win,win,C18,,101,50.5,22,7,0,2,False,False,14,3,False,1,8,4,tactical
Tal.pgn,Tal,black,"Stoliar, Efim Samoilovich",URS-ch24,Moscow,1957.??.??,1957,14,"Stoliar, Efim Samoilovich","Tal, Mihail",,,1/2-1/2,draw,draw,B41,,87,43.5,21,2,2,0,True,True,10,0,True,0,11,2,tactical
Tal.pgn,Tal,white,"Klaman, Konstantin",URS-ch24,Moscow,1957.??.??,1957,15,"Tal, Mihail","Klaman, Konstantin",,,1-0,white_win,win,B61,,67,33.5,14,5,1,0,True,False,8,5,True,0,6,0,tactical
Tal.pgn,Tal,black,"Keres, Paul",URS-ch24,Moscow,1957.??.??,1957,16,"Keres, Paul","Tal, Mihail",,,0-1,black_win,win,B14,,88,44.0,24,1,2,0,True,True,13,1,True,0,11,0,tactical
Tal.pgn,Tal,white,"Aronin, Lev Solomonovich",URS-ch24,Moscow,1957.??.??,1957,17,"Tal, Mihail","Aronin, Lev Solomonovich",,,1/2-1/2,draw,draw,D40,,72,36.0,21,0,2,0,True,True,10,0,True,0,11,0,tactical
Tal.pgn,Tal,white,"Tarasov, Vitaly Georgievich",URS-ch24,Moscow,1957.??.??,1957,19,"Tal, Mihail","Tarasov, Vitaly Georgievich",,,1/2-1/2,draw,draw,D54,,61,30.5,17,1,2,0,True,True,8,1,True,0,9,0,tactical
Tal.pgn,Tal,black,"Kholmov, Ratmir D",URS-ch24,Moscow,1957.??.??,1957,20,"Kholmov, Ratmir D","Tal, Mihail",,,1/2-1/2,draw,draw,D32,,70,35.0,14,2,2,0,True,True,7,1,True,0,7,1,tactical
Tal.pgn,Tal,white,"Tolush, Alexander V",URS-ch24,Moscow,1957.??.??,1957,21,"Tal, Mihail","Tolush, Alexander V",,,1-0,white_win,win,E81,,83,41.5,18,3,2,0,True,True,9,3,True,0,9,0,tactical
Tal.pgn,Tal,white,"Larsen, Bent",WchT U26,Reykjavik,1957.??.??,1957,?,"Tal, Mihail","Larsen, Bent",,,1-0,white_win,win,B96,,49,24.5,11,0,2,0,True,True,6,0,True,0,5,0,tactical
Tal.pgn,Tal,white,"Kolarov, Atanas S",WchT U26,Reykjavik,1957.??.??,1957,?,"Tal, Mihail","Kolarov, Atanas S",,,1-0,white_win,win,B94,,55,27.5,18,5,1,0,True,False,10,4,True,0,8,1,tactical
Tal.pgn,Tal,white,Friori,WchT U26,Reykjavik,1957.??.??,1957,?,"Tal, Mihail",Friori,,,1/2-1/2,draw,draw,C47,,46,23.0,13,1,2,0,True,True,6,0,True,0,7,1,tactical
Tal.pgn,Tal,black,"Benko, Pal C",WchT U26,Reykjavik,1957.??.??,1957,?,"Benko, Pal C","Tal, Mihail",,,0-1,black_win,win,A20,,110,55.0,21,7,1,0,False,True,12,7,True,0,9,0,tactical
Tal.pgn,Tal,white,"Filip, Miroslav",WchT U26,Reykjavik,1957.??.??,1957,?,"Tal, Mihail","Filip, Miroslav",,,1/2-1/2,draw,draw,C98,,52,26.0,6,0,2,0,True,True,3,0,True,0,3,0,tactical
Tal.pgn,Tal,white,"Persitz, Raaphi",WchT U26,Reykjavik,1957.??.??,1957,?,"Tal, Mihail","Persitz, Raaphi",,,1-0,white_win,win,E79,,107,53.5,22,4,2,0,True,True,12,2,True,0,10,2,tactical
Tal.pgn,Tal,white,"Dittmann, Sieghart",WchT U26,Reykjavik,1957.??.??,1957,?,"Tal, Mihail","Dittmann, Sieghart",,,1-0,white_win,win,E87,,71,35.5,16,3,2,0,True,True,7,0,True,0,9,3,tactical
Tal.pgn,Tal,black,Rannanjarvi,WchT U26,Reykjavik,1957.??.??,1957,?,Rannanjarvi,"Tal, Mihail",,,0-1,black_win,win,A46,,34,17.0,12,0,1,0,True,False,7,0,False,0,5,0,tactical
Tal.pgn,Tal,black,"Lombardy, William James",WchT U26,Reykjavik,1957.??.??,1957,?,"Lombardy, William James","Tal, Mihail",,,1/2-1/2,draw,draw,A04,,31,15.5,6,0,2,0,True,True,3,0,True,0,3,0,tactical
Tal.pgn,Tal,black,"Mititelu, Gheorghe",WchT U26,Reykjavik,1957.??.??,1957,?,"Mititelu, Gheorghe","Tal, Mihail",,,0-1,black_win,win,A70,,96,48.0,17,3,2,0,True,True,8,1,True,0,9,2,tactical
Tal.pgn,Tal,white,"Koblencs, Aleksandrs",Riga,Riga,1957.??.??,1957,?,"Tal, Mihail","Koblencs, Aleksandrs",,,1-0,white_win,win,B63,,73,36.5,13,4,2,0,True,True,6,3,True,0,7,1,tactical
Tal.pgn,Tal,black,"Zita, Frantisek",EU-chT,Vienna,1957.??.??,1957,1,"Zita, Frantisek","Tal, Mihail",,,1/2-1/2,draw,draw,A06,,93,46.5,16,10,2,0,True,True,8,1,True,0,8,9,tactical
Tal.pgn,Tal,white,"Teschner, Rudolf",EU-chT,Vienna,1957.??.??,1957,2,"Tal, Mihail","Teschner, Rudolf",,,1-0,white_win,win,C84,,49,24.5,8,1,1,0,True,False,3,0,True,0,5,1,tactical
Tal.pgn,Tal,white,"Kozma, Julius",EU-chT,Vienna,1957.??.??,1957,4,"Tal, Mihail","Kozma, Julius",,,0-1,black_win,loss,D40,,64,32.0,17,7,2,0,True,True,8,5,True,0,9,2,tactical
Tal.pgn,Tal,black,"Teschner, Rudolf",EU-chT,Vienna,1957.??.??,1957,5,"Teschner, Rudolf","Tal, Mihail",,,0-1,black_win,win,B70,,74,37.0,16,3,2,1,True,True,8,2,True,1,8,1,tactical
Tal.pgn,Tal,black,"Ivkov, Borislav",EU-chT,Vienna,1957.??.??,1957,6,"Ivkov, Borislav","Tal, Mihail",,,1/2-1/2,draw,draw,B41,,25,12.5,8,2,0,0,False,False,4,2,False,0,4,0,tactical
Tal.pgn,Tal,black,"Klasup, Karlis",LAT-ch,Latvia,1958.??.??,1958,?,"Klasup, Karlis","Tal, Mihail",,,0-1,black_win,win,E69,,102,51.0,20,2,2,0,True,True,10,2,True,0,10,0,tactical
Tal.pgn,Tal,black,"Gipslis, Aivars",LAT-ch,Latvia,1958.??.??,1958,?,"Gipslis, Aivars","Tal, Mihail",,,1-0,white_win,loss,B67,,105,52.5,23,5,2,0,True,True,11,1,True,0,12,4,tactical
Tal.pgn,Tal,black,"Zilber, Israel",LAT-ch,Latvia,1958.??.??,1958,?,"Zilber, Israel","Tal, Mihail",,,1-0,white_win,loss,E69,,107,53.5,26,9,2,0,True,True,13,2,True,0,13,7,tactical
Tal.pgn,Tal,white,"Vilup, Arvid",LAT-ch,Latvia,1958.??.??,1958,?,"Tal, Mihail","Vilup, Arvid",,,1/2-1/2,draw,draw,E47,,70,35.0,19,6,2,0,True,True,9,1,True,0,10,5,tactical
Tal.pgn,Tal,white,"Kampenuss, P.",LAT-ch,Latvia,1958.??.??,1958,?,"Tal, Mihail","Kampenuss, P.",,,1-0,white_win,win,B07,,41,20.5,9,1,1,0,False,True,4,1,False,0,5,0,tactical
Tal.pgn,Tal,black,"Peterson, Andrey",LAT-ch,Latvia,1958.??.??,1958,?,"Peterson, Andrey","Tal, Mihail",,,0-1,black_win,win,A23,,52,26.0,10,1,1,0,False,True,5,1,True,0,5,0,tactical
Tal.pgn,Tal,black,Mieses,LAT-ch,Latvia,1958.??.??,1958,?,Mieses,"Tal, Mihail",,,0-1,black_win,win,C00,,128,64.0,16,8,2,0,True,True,7,8,True,0,9,0,tactical
Tal.pgn,Tal,black,"Kliavinsh, Janis",LAT-ch,Latvia,1958.??.??,1958,?,"Kliavinsh, Janis","Tal, Mihail",,,0-1,black_win,win,B87,,46,23.0,10,0,2,0,True,True,5,0,True,0,5,0,tactical
Tal.pgn,Tal,white,"Skuja, Roberts",LAT-ch,Latvia,1958.??.??,1958,?,"Tal, Mihail","Skuja, Roberts",,,1-0,white_win,win,B01,,53,26.5,12,4,2,0,True,True,7,4,True,0,5,0,tactical
Tal.pgn,Tal,white,Luzkan,LAT-ch,Latvia,1958.??.??,1958,?,"Tal, Mihail",Luzkan,,,1-0,white_win,win,E73,,56,28.0,13,1,2,0,True,True,6,1,True,0,7,0,tactical
Tal.pgn,Tal,white,"Mileika, Janis",LAT-ch,Latvia,1958.??.??,1958,?,"Tal, Mihail","Mileika, Janis",,,1-0,white_win,win,B43,,93,46.5,22,7,2,0,True,True,10,4,True,0,12,3,tactical
Tal.pgn,Tal,white,"Darga, Klaus",Munich olm fin-A,Munich,1958.??.??,1958,2,"Tal, Mihail","Darga, Klaus",,,1-0,white_win,win,C92,,69,34.5,17,3,2,0,True,True,9,3,True,0,8,0,tactical
Tal.pgn,Tal,black,"Beni, Alfred",Munich olm prel,Munich,1958.??.??,1958,2,"Beni, Alfred","Tal, Mihail",,,0-1,black_win,win,A34,,76,38.0,12,4,2,0,True,True,5,3,True,0,7,1,tactical
Tal.pgn,Tal,white,"Tringov, Georgi P",Munich olm fin-A,Munich,1958.??.??,1958,3,"Tal, Mihail","Tringov, Georgi P",,,1-0,white_win,win,B96,,39,19.5,12,3,0,0,False,False,6,2,False,0,6,1,tactical
Tal.pgn,Tal,white,"Milev, Zdravko",Munich olm prel,Munich,1958.??.??,1958,3,"Tal, Mihail","Milev, Zdravko",,,1-0,white_win,win,D41,,43,21.5,14,1,1,0,True,False,7,1,True,0,7,0,tactical
Tal.pgn,Tal,black,"Laco, Giuseppe",Munich olm prel,Munich,1958.??.??,1958,4,"Laco, Giuseppe","Tal, Mihail",,,0-1,black_win,win,A22,,82,41.0,20,7,2,0,True,True,10,3,True,0,10,4,tactical
Tal.pgn,Tal,white,"Trifunovic, Petar",Munich olm fin-A,Munich,1958.??.??,1958,4,"Tal, Mihail","Trifunovic, Petar",,,1/2-1/2,draw,draw,D45,,76,38.0,18,2,2,0,True,True,9,0,True,0,9,2,tactical
Tal.pgn,Tal,black,"Fichtl, Jiri",Munich olm fin-A,Munich,1958.??.??,1958,5,"Fichtl, Jiri","Tal, Mihail",,,0-1,black_win,win,B96,,168,84.0,26,32,1,2,False,True,14,22,True,1,12,10,tactical
Tal.pgn,Tal,white,"Russell, M.",Munich olm prel,Munich,1958.??.??,1958,6,"Tal, Mihail","Russell, M.",,,1-0,white_win,win,C44,,51,25.5,14,1,1,0,True,False,8,1,True,0,6,0,tactical
Tal.pgn,Tal,white,"Sanguineti, Raul",Munich olm fin-A,Munich,1958.??.??,1958,7,"Tal, Mihail","Sanguineti, Raul",,,1/2-1/2,draw,draw,C97,,73,36.5,15,0,2,0,True,True,8,0,True,0,7,0,tactical
Tal.pgn,Tal,white,"Enevoldsen, Jens",Munich olm prel,Munich,1958.??.??,1958,7,"Tal, Mihail","Enevoldsen, Jens",,,1/2-1/2,draw,draw,C87,,58,29.0,15,0,2,0,True,True,7,0,True,0,8,0,tactical
Tal.pgn,Tal,white,"Golombek, Harry",Munich olm fin-A,Munich,1958.??.??,1958,8,"Tal, Mihail","Golombek, Harry",,,1-0,white_win,win,B12,,69,34.5,13,5,1,0,True,False,6,5,True,0,7,0,tactical
Tal.pgn,Tal,black,"Reissmann, Paul",Munich olm prel,Munich,1958.??.??,1958,8,"Reissmann, Paul","Tal, Mihail",,,0-1,black_win,win,B43,,106,53.0,16,4,2,0,True,True,8,3,True,0,8,1,tactical
Tal.pgn,Tal,black,"Bertholdt, D.",Munich olm fin-A,Munich,1958.??.??,1958,9,"Bertholdt, D.","Tal, Mihail",,,0-1,black_win,win,E79,,94,47.0,22,8,1,0,False,True,11,5,True,0,11,3,tactical
Tal.pgn,Tal,black,"Lokvenc, Josef",Munich olm fin-A,Munich,1958.??.??,1958,10,"Lokvenc, Josef","Tal, Mihail",,,0-1,black_win,win,B94,,82,41.0,13,4,1,0,True,False,6,1,False,0,7,3,tactical
Tal.pgn,Tal,black,"Walther, Edgar",Munich olm fin-A,Munich,1958.??.??,1958,11,"Walther, Edgar","Tal, Mihail",,,0-1,black_win,win,B20,,66,33.0,21,4,2,0,True,True,11,3,True,0,10,1,tactical
Tal.pgn,Tal,white,"De Greiff, Boris",Portoroz Interzonal,Portoroz,1958.??.??,1958,1,"Tal, Mihail","De Greiff, Boris",,,1-0,white_win,win,E14,,57,28.5,12,2,2,0,True,True,6,2,True,0,6,0,tactical
Tal.pgn,Tal,black,"Szabo, Laszlo",Portoroz Interzonal,Portoroz,1958.??.??,1958,2,"Szabo, Laszlo","Tal, Mihail",,,0-1,black_win,win,B52,,98,49.0,17,12,2,0,True,True,10,10,True,0,7,2,tactical
Tal.pgn,Tal,white,"Pachman, Ludek",Portoroz Interzonal,Portoroz,1958.??.??,1958,3,"Tal, Mihail","Pachman, Ludek",,,1/2-1/2,draw,draw,C11,,100,50.0,24,8,2,0,True,True,12,5,True,0,12,3,tactical
Tal.pgn,Tal,black,"Matanovic, Aleksandar",Portoroz Interzonal,Portoroz,1958.??.??,1958,4,"Matanovic, Aleksandar","Tal, Mihail",,,1-0,white_win,loss,B94,,113,56.5,23,6,2,0,True,True,11,2,True,0,12,4,tactical
Tal.pgn,Tal,white,"Filip, Miroslav",Portoroz Interzonal,Portoroz,1958.??.??,1958,5,"Tal, Mihail","Filip, Miroslav",,,1-0,white_win,win,C98,,75,37.5,14,1,2,0,True,True,7,1,True,0,7,0,tactical
Tal.pgn,Tal,black,"Cardoso, Radolfo Tan",Portoroz Interzonal,Portoroz,1958.??.??,1958,6,"Cardoso, Radolfo Tan","Tal, Mihail",,,1/2-1/2,draw,draw,B36,,87,43.5,18,1,2,0,True,True,9,0,True,0,9,1,tactical
Tal.pgn,Tal,white,"Gligoric, Svetozar",Portoroz Interzonal,Portoroz,1958.??.??,1958,7,"Tal, Mihail","Gligoric, Svetozar",,,1/2-1/2,draw,draw,E88,,61,30.5,11,3,2,0,True,True,5,1,True,0,6,2,tactical
Tal.pgn,Tal,black,"Neikirkh, Oleg",Portoroz Interzonal,Portoroz,1958.??.??,1958,8,"Neikirkh, Oleg","Tal, Mihail",,,1/2-1/2,draw,draw,E93,,54,27.0,8,0,2,0,True,True,4,0,True,0,4,0,tactical
Tal.pgn,Tal,white,"Fuster, Geza",Portoroz Interzonal,Portoroz,1958.??.??,1958,9,"Tal, Mihail","Fuster, Geza",,,1-0,white_win,win,B17,,53,26.5,15,5,1,0,True,False,8,5,True,0,7,0,tactical
Tal.pgn,Tal,black,"Rossetto, Hector",Portoroz Interzonal,Portoroz,1958.??.??,1958,10,"Rossetto, Hector","Tal, Mihail",,,0-1,black_win,win,E66,,78,39.0,15,4,2,0,True,True,7,4,True,0,8,0,tactical
Tal.pgn,Tal,white,"Benko, Pal C",Portoroz Interzonal,Portoroz,1958.??.??,1958,11,"Tal, Mihail","Benko, Pal C",,,1-0,white_win,win,B34,,99,49.5,25,8,2,0,True,True,13,5,True,0,12,3,tactical
Tal.pgn,Tal,black,"Fischer, Robert James",Portoroz Interzonal,Portoroz,1958.??.??,1958,12,"Fischer, Robert James","Tal, Mihail",,,1/2-1/2,draw,draw,C92,,81,40.5,16,7,2,0,True,True,8,0,True,0,8,7,tactical
Tal.pgn,Tal,white,"Bronstein, David I",Portoroz Interzonal,Portoroz,1958.??.??,1958,13,"Tal, Mihail","Bronstein, David I",,,1/2-1/2,draw,draw,E46,,37,18.5,10,0,2,0,True,True,5,0,True,0,5,0,tactical
Tal.pgn,Tal,black,"Averbakh, Yuri L",Portoroz Interzonal,Portoroz,1958.??.??,1958,14,"Averbakh, Yuri L","Tal, Mihail",,,1/2-1/2,draw,draw,A71,,38,19.0,4,0,2,0,True,True,2,0,True,0,2,0,tactical
Tal.pgn,Tal,white,"Larsen, Bent",Portoroz Interzonal,Portoroz,1958.??.??,1958,15,"Tal, Mihail","Larsen, Bent",,,1-0,white_win,win,B94,,47,23.5,9,2,2,0,True,True,5,2,True,0,4,0,tactical
Tal.pgn,Tal,black,"Sanguineti, Raul",Portoroz Interzonal,Portoroz,1958.??.??,1958,16,"Sanguineti, Raul","Tal, Mihail",,,1/2-1/2,draw,draw,B22,,39,19.5,12,2,2,0,True,True,6,0,True,0,6,2,tactical
Tal.pgn,Tal,white,"Panno, Oscar",Portoroz Interzonal,Portoroz,1958.??.??,1958,17,"Tal, Mihail","Panno, Oscar",,,1-0,white_win,win,C92,,113,56.5,22,18,2,0,True,True,11,15,True,0,11,3,tactical
Tal.pgn,Tal,black,"Olafsson, Fridrik",Portoroz Interzonal,Portoroz,1958.??.??,1958,18,"Olafsson, Fridrik","Tal, Mihail",,,1/2-1/2,draw,draw,A30,,110,55.0,28,11,2,0,True,True,14,4,True,0,14,7,tactical
Tal.pgn,Tal,white,"Petrosian, Tigran V",Portoroz Interzonal,Portoroz,1958.??.??,1958,20,"Tal, Mihail","Petrosian, Tigran V",,,1/2-1/2,draw,draw,E79,,44,22.0,14,2,1,0,False,True,7,0,False,0,7,2,tactical
Tal.pgn,Tal,black,"Sherwin, James T",Portoroz Interzonal,Portoroz,1958.??.??,1958,21,"Sherwin, James T","Tal, Mihail",,,1/2-1/2,draw,draw,E95,,79,39.5,16,0,2,0,True,True,8,0,True,0,8,0,tactical
Tal.pgn,Tal,black,"Averbakh, Yuri L",URS-ch25,Riga,1958.??.??,1958,?,"Averbakh, Yuri L","Tal, Mihail",,,0-1,black_win,win,A76,,70,35.0,15,1,2,0,True,True,8,0,True,0,7,1,tactical
Tal.pgn,Tal,black,"Bannik, Anatoly",URS-ch25,Riga,1958.??.??,1958,?,"Bannik, Anatoly","Tal, Mihail",,,1-0,white_win,loss,C19,,103,51.5,17,7,2,0,True,True,7,1,True,0,10,6,tactical
Tal.pgn,Tal,black,"Bronstein, David I",URS-ch25,Riga,1958.??.??,1958,?,"Bronstein, David I","Tal, Mihail",,,1/2-1/2,draw,draw,B49,,60,30.0,20,0,2,0,True,True,10,0,True,0,10,0,tactical
Tal.pgn,Tal,black,"Krogius, Nikolai V",URS-ch25,Riga,1958.??.??,1958,?,"Krogius, Nikolai V","Tal, Mihail",,,1/2-1/2,draw,draw,B45,,101,50.5,20,5,2,0,True,True,10,2,True,0,10,3,tactical
Tal.pgn,Tal,black,"Polugaevsky, Lev",URS-ch25,Riga,1958.??.??,1958,?,"Polugaevsky, Lev","Tal, Mihail",,,1/2-1/2,draw,draw,E46,,133,66.5,23,9,2,0,True,True,11,4,True,0,12,5,tactical
Tal.pgn,Tal,black,"Spassky, Boris V",URS-ch25,Riga,1958.??.??,1958,?,"Spassky, Boris V","Tal, Mihail",,,0-1,black_win,win,E26,,146,73.0,18,23,2,2,True,True,9,7,True,1,9,16,tactical
Tal.pgn,Tal,white,"Boleslavsky, Isaak",URS-ch25,Riga,1958.??.??,1958,?,"Tal, Mihail","Boleslavsky, Isaak",,,0-1,black_win,loss,E87,,102,51.0,21,11,1,0,False,True,10,4,False,0,11,7,tactical
Tal.pgn,Tal,white,"Furman, Semen Abramovich",URS-ch25,Riga,1958.??.??,1958,?,"Tal, Mihail","Furman, Semen Abramovich",,,1-0,white_win,win,C65,,75,37.5,20,5,2,0,True,True,11,2,True,0,9,3,tactical
Tal.pgn,Tal,white,"Geller, Efim P",URS-ch25,Riga,1958.??.??,1958,?,"Tal, Mihail","Geller, Efim P",,,1-0,white_win,win,C96,,65,32.5,21,3,2,0,True,True,10,1,True,0,11,2,tactical
Tal.pgn,Tal,white,"Gipslis, Aivars",URS-ch25,Riga,1958.??.??,1958,?,"Tal, Mihail","Gipslis, Aivars",,,1-0,white_win,win,B43,,51,25.5,17,1,1,0,True,False,10,1,True,0,7,0,tactical
Tal.pgn,Tal,white,"Kortschnoj, Viktor",URS-ch25,Riga,1958.??.??,1958,?,"Tal, Mihail","Kortschnoj, Viktor",,,0-1,black_win,loss,C18,,70,35.0,20,8,0,0,False,False,9,3,False,0,11,5,tactical
Tal.pgn,Tal,white,"Petrosian, Tigran V",URS-ch25,Riga,1958.??.??,1958,?,"Tal, Mihail","Petrosian, Tigran V",,,1/2-1/2,draw,draw,C97,,145,72.5,27,10,2,0,True,True,13,5,True,0,14,5,tactical
Tal.pgn,Tal,white,"Suetin, Alexey S",URS-ch25,Riga,1958.??.??,1958,?,"Tal, Mihail","Suetin, Alexey S",,,1/2-1/2,draw,draw,B39,,78,39.0,20,8,2,0,True,True,10,7,True,0,10,1,tactical
Tal.pgn,Tal,white,"Taimanov, Mark E",URS-ch25,Riga,1958.??.??,1958,?,"Tal, Mihail","Taimanov, Mark E",,,1-0,white_win,win,B43,,149,74.5,27,22,1,2,True,False,14,11,True,1,13,11,tactical
Tal.pgn,Tal,white,"Tolush, Alexander V",URS-ch25,Riga,1958.??.??,1958,?,"Tal, Mihail","Tolush, Alexander V",,,1-0,white_win,win,E53,,55,27.5,16,2,2,0,True,True,8,1,True,0,8,1,tactical
Tal.pgn,Tal,black,"Kotov, Alexander",URS-ch25,Riga,1958.??.??,1958,?,"Kotov, Alexander","Tal, Mihail",,,0-1,black_win,win,E69,,96,48.0,21,7,2,0,True,True,10,5,True,0,11,2,tactical
Tal.pgn,Tal,black,"Gurgenidze, Bukhuti",URS-ch25,Riga,1958.??.??,1958,?,"Gurgenidze, Bukhuti","Tal, Mihail",,,0-1,black_win,win,B52,,117,58.5,21,14,2,0,True,True,11,1,True,0,10,13,tactical
Tal.pgn,Tal,black,"Mititelu, Gheorghe",WchT U26,Varna,1958.??.??,1958,?,"Mititelu, Gheorghe","Tal, Mihail",,,0-1,black_win,win,E46,,74,37.0,18,3,2,0,True,True,9,2,True,0,9,1,tactical
Tal.pgn,Tal,black,"Panno, Oscar",WchT U26,Varna,1958.??.??,1958,?,"Panno, Oscar","Tal, Mihail",,,1/2-1/2,draw,draw,E07,,90,45.0,14,6,2,0,True,True,7,2,True,0,7,4,tactical
Tal.pgn,Tal,white,"Djurasevic, Bozidar",WchT U26,Varna,1958.??.??,1958,?,"Tal, Mihail","Djurasevic, Bozidar",,,1-0,white_win,win,B66,,81,40.5,24,5,2,0,True,True,12,3,True,0,12,2,tactical
Tal.pgn,Tal,white,"Portisch, Lajos",WchT U26,Varna,1958.??.??,1958,?,"Tal, Mihail","Portisch, Lajos",,,1-0,white_win,win,E54,,65,32.5,16,6,2,0,True,True,8,5,True,0,8,1,tactical
Tal.pgn,Tal,white,"Malich, Burkhard",WchT U26,Varna,1958.??.??,1958,?,"Tal, Mihail","Malich, Burkhard",,,1-0,white_win,win,B67,,53,26.5,12,4,1,0,True,False,6,3,True,0,6,1,tactical
Tal.pgn,Tal,black,"Bobotsov, Milko G",WchT U26,Varna,1958.??.??,1958,?,"Bobotsov, Milko G","Tal, Mihail",,,0-1,black_win,win,E81,,60,30.0,16,2,2,0,True,True,9,2,True,0,7,0,tactical
Tal.pgn,Tal,black,"Smyslov, Vassily",Candidats Tournament,Bled/Zagreb/Belgrade,1959.??.??,1959,1,"Smyslov, Vassily","Tal, Mihail",,,1-0,white_win,loss,B92,,129,64.5,25,6,2,0,True,True,12,4,True,0,13,2,tactical
Tal.pgn,Tal,white,"Gligoric, Svetozar",Candidats Tournament,Bled/Zagreb/Belgrade,1959.??.??,1959,2,"Tal, Mihail","Gligoric, Svetozar",,,1-0,white_win,win,E89,,93,46.5,23,6,1,0,False,True,11,3,False,0,12,3,tactical
Tal.pgn,Tal,black,"Keres, Paul",Candidats Tournament,Bled/Zagreb/Belgrade,1959.??.??,1959,3,"Keres, Paul","Tal, Mihail",,,1-0,white_win,loss,A16,,127,63.5,24,9,2,0,True,True,12,7,True,0,12,2,tactical
Tal.pgn,Tal,white,"Olafsson, Fridrik",Candidats Tournament,Bled/Zagreb/Belgrade,1959.??.??,1959,4,"Tal, Mihail","Olafsson, Fridrik",,,1-0,white_win,win,B96,,85,42.5,18,2,1,0,True,False,9,2,True,0,9,0,tactical
Tal.pgn,Tal,black,"Petrosian, Tigran V",Candidats Tournament,Bled/Zagreb/Belgrade,1959.??.??,1959,5,"Petrosian, Tigran V","Tal, Mihail",,,1/2-1/2,draw,draw,D41,,24,12.0,8,1,0,0,False,False,4,1,False,0,4,0,tactical
Tal.pgn,Tal,white,"Fischer, Robert James",Candidats Tournament,Bled/Zagreb/Belgrade,1959.??.??,1959,6,"Tal, Mihail","Fischer, Robert James",,,1-0,white_win,win,E93,,81,40.5,18,3,2,0,True,True,9,3,True,0,9,0,tactical
Tal.pgn,Tal,black,"Benko, Pal C",Candidats Tournament,Bled/Zagreb/Belgrade,1959.??.??,1959,7,"Benko, Pal C","Tal, Mihail",,,0-1,black_win,win,A89,,58,29.0,11,4,2,0,True,True,5,3,True,0,6,1,tactical
Tal.pgn,Tal,white,"Smyslov, Vassily",Candidats Tournament,Bled/Zagreb/Belgrade,1959.??.??,1959,8,"Tal, Mihail","Smyslov, Vassily",,,1-0,white_win,win,B10,,51,25.5,13,6,2,0,True,True,7,3,True,0,6,3,tactical
Tal.pgn,Tal,black,"Gligoric, Svetozar",Candidats Tournament,Bled/Zagreb/Belgrade,1959.??.??,1959,9,"Gligoric, Svetozar","Tal, Mihail",,,1/2-1/2,draw,draw,C97,,52,26.0,12,0,2,0,True,True,6,0,True,0,6,0,tactical
Tal.pgn,Tal,white,"Keres, Paul",Candidats Tournament,Bled/Zagreb/Belgrade,1959.??.??,1959,10,"Tal, Mihail","Keres, Paul",,,0-1,black_win,loss,E20,,80,40.0,17,4,1,0,True,False,6,3,True,0,11,1,tactical
Tal.pgn,Tal,black,"Olafsson, Fridrik",Candidats Tournament,Bled/Zagreb/Belgrade,1959.??.??,1959,11,"Olafsson, Fridrik","Tal, Mihail",,,0-1,black_win,win,B41,,142,71.0,21,10,2,1,True,True,10,7,True,1,11,3,tactical
Tal.pgn,Tal,white,"Petrosian, Tigran V",Candidats Tournament,Bled/Zagreb/Belgrade,1959.??.??,1959,12,"Tal, Mihail","Petrosian, Tigran V",,,1/2-1/2,draw,draw,C96,,45,22.5,12,0,2,0,True,True,6,0,True,0,6,0,tactical
Tal.pgn,Tal,black,"Fischer, Robert James",Candidats Tournament,Bled/Zagreb/Belgrade,1959.??.??,1959,13,"Fischer, Robert James","Tal, Mihail",,,0-1,black_win,win,B86,,66,33.0,15,5,2,0,True,True,7,4,True,0,8,1,tactical
Tal.pgn,Tal,white,"Benko, Pal C",Candidats Tournament,Bled/Zagreb/Belgrade,1959.??.??,1959,14,"Tal, Mihail","Benko, Pal C",,,1-0,white_win,win,A43,,59,29.5,10,5,2,0,True,True,4,5,True,0,6,0,tactical
Tal.pgn,Tal,black,"Smyslov, Vassily",Candidats Tournament,Bled/Zagreb/Belgrade,1959.??.??,1959,15,"Smyslov, Vassily","Tal, Mihail",,,1/2-1/2,draw,draw,B42,,80,40.0,18,7,2,0,True,True,9,6,True,0,9,1,tactical
Tal.pgn,Tal,white,"Gligoric, Svetozar",Candidats Tournament,Bled/Zagreb/Belgrade,1959.??.??,1959,16,"Tal, Mihail","Gligoric, Svetozar",,,1-0,white_win,win,E13,,127,63.5,26,6,1,2,True,False,14,2,True,1,12,4,tactical
Tal.pgn,Tal,black,"Keres, Paul",Candidats Tournament,Bled/Zagreb/Belgrade,1959.??.??,1959,17,"Keres, Paul","Tal, Mihail",,,0-1,black_win,win,B42,,80,40.0,18,7,2,0,True,True,10,5,True,0,8,2,tactical
Tal.pgn,Tal,white,"Olafsson, Fridrik",Candidats Tournament,Bled/Zagreb/Belgrade,1959.??.??,1959,18,"Tal, Mihail","Olafsson, Fridrik",,,1-0,white_win,win,C92,,83,41.5,15,8,2,0,True,True,9,4,True,0,6,4,tactical
Tal.pgn,Tal,black,"Petrosian, Tigran V",Candidats Tournament,Bled/Zagreb/Belgrade,1959.??.??,1959,19,"Petrosian, Tigran V","Tal, Mihail",,,1/2-1/2,draw,draw,E39,,30,15.0,10,0,2,0,True,True,5,0,True,0,5,0,tactical
Tal.pgn,Tal,white,"Fischer, Robert James",Candidats Tournament,Bled/Zagreb/Belgrade,1959.??.??,1959,20,"Tal, Mihail","Fischer, Robert James",,,1-0,white_win,win,E93,,67,33.5,15,3,2,0,True,True,7,3,True,0,8,0,tactical
Tal.pgn,Tal,black,"Benko, Pal C",Candidats Tournament,Bled/Zagreb/Belgrade,1959.??.??,1959,21,"Benko, Pal C","Tal, Mihail",,,0-1,black_win,win,B87,,66,33.0,11,1,2,0,True,True,6,1,True,0,5,0,tactical
Tal.pgn,Tal,white,"Smyslov, Vassily",Candidats Tournament,Bled/Zagreb/Belgrade,1959.??.??,1959,22,"Tal, Mihail","Smyslov, Vassily",,,1-0,white_win,win,B84,,81,40.5,13,1,2,0,True,True,6,1,True,0,7,0,tactical
Tal.pgn,Tal,black,"Gligoric, Svetozar",Candidats Tournament,Bled/Zagreb/Belgrade,1959.??.??,1959,23,"Gligoric, Svetozar","Tal, Mihail",,,0-1,black_win,win,A78,,92,46.0,16,6,2,0,True,True,9,4,True,0,7,2,tactical
Tal.pgn,Tal,white,"Keres, Paul",Candidats Tournament,Bled/Zagreb/Belgrade,1959.??.??,1959,24,"Tal, Mihail","Keres, Paul",,,0-1,black_win,loss,D34,,158,79.0,24,19,2,0,True,True,11,6,True,0,13,13,tactical
Tal.pgn,Tal,black,"Olafsson, Fridrik",Candidats Tournament,Bled/Zagreb/Belgrade,1959.??.??,1959,25,"Olafsson, Fridrik","Tal, Mihail",,,1/2-1/2,draw,draw,E63,,34,17.0,2,0,2,0,True,True,1,0,True,0,1,0,tactical
Tal.pgn,Tal,white,"Petrosian, Tigran V",Candidats Tournament,Bled/Zagreb/Belgrade,1959.??.??,1959,26,"Tal, Mihail","Petrosian, Tigran V",,,1/2-1/2,draw,draw,B94,,48,24.0,14,7,1,0,True,False,9,2,True,0,5,5,tactical
Tal.pgn,Tal,black,"Fischer, Robert James",Candidats Tournament,Bled/Zagreb/Belgrade,1959.??.??,1959,27,"Fischer, Robert James","Tal, Mihail",,,0-1,black_win,win,B87,,102,51.0,22,11,1,0,True,False,11,6,False,0,11,5,tactical
Tal.pgn,Tal,white,"Benko, Pal C",Candidats Tournament,Bled/Zagreb/Belgrade,1959.??.??,1959,28,"Tal, Mihail","Benko, Pal C",,,1/2-1/2,draw,draw,B77,,47,23.5,10,7,1,0,False,True,6,6,False,0,4,1,tactical
Tal.pgn,Tal,white,"Vasiukov, Evgeni",URS-chT,Moscow,1959.??.??,1959,?,"Tal, Mihail","Vasiukov, Evgeni",,,1/2-1/2,draw,draw,E92,,36,18.0,0,0,1,0,False,True,0,0,False,0,0,0,tactical
Tal.pgn,Tal,white,"Gurgenidze, Bukhuti",URS-chT,Moscow,1959.??.??,1959,?,"Tal, Mihail","Gurgenidze, Bukhuti",,,1/2-1/2,draw,draw,B01,,45,22.5,12,0,2,0,True,True,6,0,True,0,6,0,tactical
Tal.pgn,Tal,black,"Spassky, Boris V",URS-chT,Moscow,1959.??.??,1959,?,"Spassky, Boris V","Tal, Mihail",,,1-0,white_win,loss,C92,,81,40.5,14,4,2,1,True,True,7,1,True,1,7,3,tactical
Tal.pgn,Tal,white,"Keres, Paul",URS-chT,Moscow,1959.??.??,1959,?,"Tal, Mihail","Keres, Paul",,,0-1,black_win,loss,B19,,92,46.0,20,8,2,0,True,True,9,2,True,0,11,6,tactical
Tal.pgn,Tal,black,"Nezhmetdinov, Rashid",URS-chT,Moscow,1959.??.??,1959,?,"Nezhmetdinov, Rashid","Tal, Mihail",,,1-0,white_win,loss,B48,,79,39.5,17,8,1,0,True,False,8,1,False,0,9,7,tactical
Tal.pgn,Tal,black,"Geller, Efim P",URS-chT,Moscow,1959.??.??,1959,?,"Geller, Efim P","Tal, Mihail",,,1/2-1/2,draw,draw,B42,,34,17.0,4,0,2,0,True,True,2,0,True,0,2,0,tactical
Tal.pgn,Tal,black,"Tolush, Alexander V",Riga,Riga,1959.??.??,1959,?,"Tolush, Alexander V","Tal, Mihail",,,0-1,black_win,win,B43,,76,38.0,15,7,2,0,True,True,9,2,True,0,6,5,tactical
Tal.pgn,Tal,black,"Spassky, Boris V",Riga,Riga,1959.??.??,1959,?,"Spassky, Boris V","Tal, Mihail",,,1-0,white_win,loss,C97,,107,53.5,20,7,2,0,True,True,9,3,True,0,11,4,tactical
Tal.pgn,Tal,black,"Niemela, Ilmari",Riga,Riga,1959.??.??,1959,?,"Niemela, Ilmari","Tal, Mihail",,,0-1,black_win,win,A69,,54,27.0,14,6,2,0,True,True,7,5,True,0,7,1,tactical
Tal.pgn,Tal,black,"Teschner, Rudolf",Riga,Riga,1959.??.??,1959,?,"Teschner, Rudolf","Tal, Mihail",,,1/2-1/2,draw,draw,B22,,114,57.0,21,6,2,0,True,True,10,5,True,0,11,1,tactical
Tal.pgn,Tal,white,"Witkowski, Stefan",Riga,Riga,1959.??.??,1959,?,"Tal, Mihail","Witkowski, Stefan",,,1-0,white_win,win,C89,,61,30.5,14,0,2,0,True,True,8,0,True,0,6,0,tactical
Tal.pgn,Tal,black,"Klavins, Janis",Riga,Riga,1959.??.??,1959,?,"Klavins, Janis","Tal, Mihail",,,0-1,black_win,win,B99,,90,45.0,22,5,1,0,True,False,12,4,False,0,10,1,tactical
Tal.pgn,Tal,black,"Mikenas, Vladas",Riga,Riga,1959.??.??,1959,?,"Mikenas, Vladas","Tal, Mihail",,,1-0,white_win,loss,B96,,119,59.5,22,7,1,0,True,False,10,1,False,0,12,6,tactical
Tal.pgn,Tal,white,"Nei, Iivo",Riga,Riga,1959.??.??,1959,?,"Tal, Mihail","Nei, Iivo",,,1/2-1/2,draw,draw,D10,,31,15.5,8,0,2,0,True,True,4,0,True,0,4,0,tactical
Tal.pgn,Tal,white,"Pietzsch, Wolfgang",Riga,Riga,1959.??.??,1959,?,"Tal, Mihail","Pietzsch, Wolfgang",,,1-0,white_win,win,E93,,59,29.5,9,1,2,0,True,True,5,0,True,0,4,1,tactical
Tal.pgn,Tal,white,"Johannessen, Svein",Riga,Riga,1959.??.??,1959,?,"Tal, Mihail","Johannessen, Svein",,,1-0,white_win,win,D93,,53,26.5,13,4,2,0,True,True,7,4,True,0,6,0,tactical
Tal.pgn,Tal,white,"Gipslis, Aivars",Riga,Riga,1959.??.??,1959,?,"Tal, Mihail","Gipslis, Aivars",,,1/2-1/2,draw,draw,B29,,36,18.0,8,1,1,0,False,True,4,0,False,0,4,1,tactical
Tal.pgn,Tal,white,"Franz, Joachim",Riga,Riga,1959.??.??,1959,?,"Tal, Mihail","Franz, Joachim",,,1-0,white_win,win,A80,,69,34.5,17,4,2,0,True,True,8,1,True,0,9,3,tactical
Tal.pgn,Tal,black,"Sliwa, Bogdan",Riga,Riga,1959.??.??,1959,?,"Sliwa, Bogdan","Tal, Mihail",,,1/2-1/2,draw,draw,A36,,75,37.5,16,3,2,0,True,True,8,2,True,0,8,1,tactical
Tal.pgn,Tal,white,"Keres, Paul",Tallinn m1 ,Tallinn,1959.??.??,1959,?,"Tal, Mihail","Keres, Paul",,,1/2-1/2,draw,draw,C78,,84,42.0,21,3,2,0,True,True,11,3,True,0,10,0,tactical
Tal.pgn,Tal,black,"Keres, Paul",Tallinn m1 ,Tallinn,1959.??.??,1959,?,"Keres, Paul","Tal, Mihail",,,1/2-1/2,draw,draw,B40,,32,16.0,6,0,2,0,True,True,3,0,True,0,3,0,tactical
Tal.pgn,Tal,white,"Taimanov, Mark E",URS-ch26,Tbilisi,1959.??.??,1959,1,"Tal, Mihail","Taimanov, Mark E",,,1/2-1/2,draw,draw,B48,,74,37.0,20,0,2,0,True,True,10,0,True,0,10,0,tactical
Tal.pgn,Tal,black,"Yukhtman, Jacob",URS-ch26,Tbilisi,1959.??.??,1959,2,"Yukhtman, Jacob","Tal, Mihail",,,1-0,white_win,loss,C44,,79,39.5,18,6,2,0,True,True,9,5,True,0,9,1,tactical
Tal.pgn,Tal,white,"Polugaevsky, Lev",URS-ch26,Tbilisi,1959.??.??,1959,3,"Tal, Mihail","Polugaevsky, Lev",,,1-0,white_win,win,B94,,67,33.5,17,5,1,0,True,False,9,2,True,0,8,3,tactical
Tal.pgn,Tal,black,"Geller, Efim P",URS-ch26,Tbilisi,1959.??.??,1959,4,"Geller, Efim P","Tal, Mihail",,,0-1,black_win,win,A71,,84,42.0,19,6,2,0,True,True,11,6,True,0,8,0,tactical
Tal.pgn,Tal,white,"Keres, Paul",URS-ch26,Tbilisi,1959.??.??,1959,5,"Tal, Mihail","Keres, Paul",,,1/2-1/2,draw,draw,D37,,69,34.5,17,1,2,0,True,True,8,0,True,0,9,1,tactical
Tal.pgn,Tal,black,"Lutikov, Anatoly S",URS-ch26,Tbilisi,1959.??.??,1959,6,"Lutikov, Anatoly S","Tal, Mihail",,,1/2-1/2,draw,draw,E46,,73,36.5,20,1,2,0,True,True,10,1,True,0,10,0,tactical
Tal.pgn,Tal,white,"Krogius, Nikolai V",URS-ch26,Tbilisi,1959.??.??,1959,7,"Tal, Mihail","Krogius, Nikolai V",,,1-0,white_win,win,C97,,149,74.5,22,1,2,0,True,True,12,1,True,0,10,0,tactical
Tal.pgn,Tal,white,"Petrosian, Tigran V",URS-ch26,Tbilisi,1959.??.??,1959,8,"Tal, Mihail","Petrosian, Tigran V",,,1/2-1/2,draw,draw,C99,,67,33.5,8,1,2,0,True,True,4,0,True,0,4,1,tactical
Tal.pgn,Tal,black,"Nezhmetdinov, Rashid",URS-ch26,Tbilisi,1959.??.??,1959,9,"Nezhmetdinov, Rashid","Tal, Mihail",,,0-1,black_win,win,B48,,90,45.0,23,3,2,0,True,True,12,2,True,0,11,1,tactical
Tal.pgn,Tal,white,"Averbakh, Yuri L",URS-ch26,Tbilisi,1959.??.??,1959,10,"Tal, Mihail","Averbakh, Yuri L",,,1-0,white_win,win,C74,,97,48.5,22,11,2,0,True,True,10,1,True,0,12,10,tactical
Tal.pgn,Tal,black,"Gufeld, Eduard",URS-ch26,Tbilisi,1959.??.??,1959,11,"Gufeld, Eduard","Tal, Mihail",,,1-0,white_win,loss,C77,,73,36.5,20,7,2,0,True,True,9,0,True,0,11,7,tactical
Tal.pgn,Tal,white,"Bronstein, David I",URS-ch26,Tbilisi,1959.??.??,1959,12,"Tal, Mihail","Bronstein, David I",,,1-0,white_win,win,C96,,85,42.5,20,4,2,0,True,True,11,3,True,0,9,1,tactical
Tal.pgn,Tal,black,"Vasiukov, Evgeni",URS-ch26,Tbilisi,1959.??.??,1959,13,"Vasiukov, Evgeni","Tal, Mihail",,,0-1,black_win,win,B43,,140,70.0,27,11,2,0,True,True,14,6,True,0,13,5,tactical
Tal.pgn,Tal,white,"Gurgenidze, Bukhuti",URS-ch26,Tbilisi,1959.??.??,1959,14,"Tal, Mihail","Gurgenidze, Bukhuti",,,1-0,white_win,win,B36,,133,66.5,23,13,2,1,True,True,13,6,True,1,10,7,tactical
Tal.pgn,Tal,black,"Furman, Semen Abramovich",URS-ch26,Tbilisi,1959.??.??,1959,15,"Furman, Semen Abramovich","Tal, Mihail",,,1/2-1/2,draw,draw,A69,,80,40.0,19,2,2,0,True,True,10,1,True,0,9,1,tactical
Tal.pgn,Tal,white,"Spassky, Boris V",URS-ch26,Tbilisi,1959.??.??,1959,16,"Tal, Mihail","Spassky, Boris V",,,1/2-1/2,draw,draw,E92,,128,64.0,16,1,2,0,True,True,8,1,True,0,8,0,tactical
Tal.pgn,Tal,black,"Nikitin, Aleksander S",URS-ch26,Tbilisi,1959.??.??,1959,17,"Nikitin, Aleksander S","Tal, Mihail",,,0-1,black_win,win,B94,,87,43.5,20,5,2,0,True,True,11,4,True,0,9,1,tactical
Tal.pgn,Tal,white,"Kortschnoj, Viktor",URS-ch26,Tbilisi,1959.??.??,1959,18,"Tal, Mihail","Kortschnoj, Viktor",,,0-1,black_win,loss,B94,,120,60.0,23,8,1,0,True,False,11,7,True,0,12,1,tactical
Tal.pgn,Tal,black,"Kholmov, Ratmir D",URS-ch26,Tbilisi,1959.??.??,1959,19,"Kholmov, Ratmir D","Tal, Mihail",,,1/2-1/2,draw,draw,A47,,76,38.0,18,6,2,0,True,True,9,5,True,0,9,1,tactical
Tal.pgn,Tal,black,"Walther, Edgar",Zuerich,Zuerich,1959.??.??,1959,?,"Walther, Edgar","Tal, Mihail",,,0-1,black_win,win,B43,,60,30.0,15,3,1,0,True,False,7,2,False,0,8,1,tactical
Tal.pgn,Tal,white,"Larsen, Bent",Zuerich,Zuerich,1959.??.??,1959,?,"Tal, Mihail","Larsen, Bent",,,1-0,white_win,win,B77,,81,40.5,18,1,2,0,True,True,9,1,True,0,9,0,tactical
Tal.pgn,Tal,white,"Keller, Dieter",Zuerich,Zuerich,1959.??.??,1959,?,"Tal, Mihail","Keller, Dieter",,,1-0,white_win,win,D44,,67,33.5,17,8,1,1,True,False,8,8,True,1,9,0,tactical
Tal.pgn,Tal,white,"Nievergelt, Erwin",Zuerich,Zuerich,1959.??.??,1959,?,"Tal, Mihail","Nievergelt, Erwin",,,1-0,white_win,win,B63,,73,36.5,13,1,2,0,True,True,8,1,True,0,5,0,tactical
Tal.pgn,Tal,white,"Gligoric, Svetozar",Zuerich,Zuerich,1959.??.??,1959,?,"Tal, Mihail","Gligoric, Svetozar",,,0-1,black_win,loss,C87,,84,42.0,11,1,2,0,True,True,5,0,True,0,6,1,tactical
Tal.pgn,Tal,white,"Fischer, Robert James",Zuerich,Zuerich,1959.??.??,1959,?,"Tal, Mihail","Fischer, Robert James",,,1/2-1/2,draw,draw,B99,,69,34.5,14,3,1,0,True,False,7,1,True,0,7,2,tactical
Tal.pgn,Tal,white,"Dueckstein, Andreas",Zuerich,Zuerich,1959.??.??,1959,?,"Tal, Mihail","Dueckstein, Andreas",,,1-0,white_win,win,E13,,113,56.5,24,15,1,0,True,False,12,11,True,0,12,4,tactical
Tal.pgn,Tal,white,"Bhend, Edwin",Zuerich,Zuerich,1959.??.??,1959,?,"Tal, Mihail","Bhend, Edwin",,,0-1,black_win,loss,A43,,90,45.0,19,3,2,0,True,True,10,1,True,0,9,2,tactical
Tal.pgn,Tal,black,"Kupper, Josef",Zuerich,Zuerich,1959.??.??,1959,?,"Kupper, Josef","Tal, Mihail",,,0-1,black_win,win,B96,,48,24.0,11,2,2,0,True,True,6,2,True,0,5,0,tactical
Tal.pgn,Tal,black,"Keres, Paul",Zuerich,Zuerich,1959.??.??,1959,?,"Keres, Paul","Tal, Mihail",,,1/2-1/2,draw,draw,D42,,44,22.0,10,0,2,0,True,True,5,0,True,0,5,0,tactical
Tal.pgn,Tal,black,"Donner, Jan Hein",Zuerich,Zuerich,1959.??.??,1959,?,"Donner, Jan Hein","Tal, Mihail",,,0-1,black_win,win,A70,,56,28.0,12,0,2,0,True,True,6,0,True,0,6,0,tactical
Tal.pgn,Tal,black,"Blau, Max",Zuerich,Zuerich,1959.??.??,1959,?,"Blau, Max","Tal, Mihail",,,0-1,black_win,win,A32,,70,35.0,18,1,2,0,True,True,9,1,True,0,9,0,tactical
Tal.pgn,Tal,black,"Barcza, Gedeon",Zuerich,Zuerich,1959.??.??,1959,?,"Barcza, Gedeon","Tal, Mihail",,,1/2-1/2,draw,draw,A04,,82,41.0,17,6,2,0,True,True,8,5,True,0,9,1,tactical
Tal.pgn,Tal,black,"Unzicker, Wolfgang",Zuerich,Zuerich,1959.??.??,1959,?,"Unzicker, Wolfgang","Tal, Mihail",,,0-1,black_win,win,B41,,72,36.0,15,4,2,0,True,True,8,3,True,0,7,1,tactical
Tal.pgn,Tal,white,"Olafsson, Fridrik",Zuerich,Zuerich,1959.??.??,1959,?,"Tal, Mihail","Olafsson, Fridrik",,,1-0,white_win,win,B45,,127,63.5,20,9,2,0,True,True,11,2,True,0,9,7,tactical
Tal.pgn,Tal,white,"Lehmann, Heinz Dr",URS-BRD,Hamburg,1960.??.??,1960,1,"Tal, Mihail","Lehmann, Heinz Dr",,,1-0,white_win,win,C92,,77,38.5,19,6,2,0,True,True,10,4,True,0,9,2,tactical
Tal.pgn,Tal,black,"Mohrlok, Dieter",URS-BRD,Hamburg,1960.??.??,1960,2,"Mohrlok, Dieter","Tal, Mihail",,,0-1,black_win,win,C62,,142,71.0,27,14,2,0,True,True,14,11,True,0,13,3,tactical
Tal.pgn,Tal,white,"Teschner, Rudolf",URS-BRD,Hamburg,1960.??.??,1960,3,"Tal, Mihail","Teschner, Rudolf",,,1-0,white_win,win,A05,,91,45.5,18,3,2,0,True,True,10,2,True,0,8,1,tactical
Tal.pgn,Tal,black,"Pfeiffer, Gerhard",URS-BRD,Hamburg,1960.??.??,1960,4,"Pfeiffer, Gerhard","Tal, Mihail",,,0-1,black_win,win,A47,,64,32.0,17,0,2,0,True,True,9,0,True,0,8,0,tactical
Tal.pgn,Tal,white,"Schmid, Lothar",URS-BRD,Hamburg,1960.??.??,1960,5,"Tal, Mihail","Schmid, Lothar",,,1/2-1/2,draw,draw,A43,,33,16.5,7,1,0,0,False,False,3,0,False,0,4,1,tactical
Tal.pgn,Tal,black,"Troeger, Paul",URS-BRD,Hamburg,1960.??.??,1960,6,"Troeger, Paul","Tal, Mihail",,,0-1,black_win,win,A83,,42,21.0,10,4,2,0,True,True,6,4,True,0,4,0,tactical
Tal.pgn,Tal,white,"Darga, Klaus",URS-BRD,Hamburg,1960.??.??,1960,7,"Tal, Mihail","Darga, Klaus",,,1-0,white_win,win,B80,,53,26.5,12,1,2,0,True,True,6,1,True,0,6,0,tactical
Tal.pgn,Tal,black,"Unzicker, Wolfgang",URS-BRD,Hamburg,1960.??.??,1960,8,"Unzicker, Wolfgang","Tal, Mihail",,,0-1,black_win,win,C95,,52,26.0,12,0,2,0,True,True,6,0,True,0,6,0,tactical
Tal.pgn,Tal,black,"Fischer, Robert James",Leipzig olm fin-A,Leipzig,1960.??.??,1960,?,"Fischer, Robert James","Tal, Mihail",,,1/2-1/2,draw,draw,C17,,42,21.0,17,2,2,0,True,True,8,2,True,0,9,0,tactical
Tal.pgn,Tal,white,"Padevsky, Nikola",Leipzig olm fin-A,Leipzig,1960.??.??,1960,1,"Tal, Mihail","Padevsky, Nikola",,,1-0,white_win,win,E27,,71,35.5,20,5,1,0,False,True,10,1,False,0,10,4,tactical
Tal.pgn,Tal,black,"Gligoric, Svetozar",Leipzig olm fin-A,Leipzig,1960.??.??,1960,2,"Gligoric, Svetozar","Tal, Mihail",,,1/2-1/2,draw,draw,E96,,104,52.0,18,6,2,0,True,True,9,1,True,0,9,5,tactical
Tal.pgn,Tal,white,"Campomanes, Florencio",Leipzig olm prel,Leipzig,1960.??.??,1960,4,"Tal, Mihail","Campomanes, Florencio",,,1-0,white_win,win,B15,,53,26.5,12,4,1,0,True,False,6,4,True,0,6,0,tactical
Tal.pgn,Tal,white,"Szabo, Laszlo",Leipzig olm fin-A,Leipzig,1960.??.??,1960,4,"Tal, Mihail","Szabo, Laszlo",,,1-0,white_win,win,C85,,81,40.5,14,2,2,0,True,True,8,1,True,0,6,1,tactical
Tal.pgn,Tal,black,"Robatsch, Karl",Leipzig olm prel,Leipzig,1960.??.??,1960,5,"Robatsch, Karl","Tal, Mihail",,,1/2-1/2,draw,draw,B86,,94,47.0,22,9,2,0,True,True,11,0,True,0,11,9,tactical
Tal.pgn,Tal,white,"Contedini, Ennio",Leipzig olm prel,Leipzig,1960.??.??,1960,6,"Tal, Mihail","Contedini, Ennio",,,1-0,white_win,win,A67,,61,30.5,13,2,2,0,True,True,7,1,True,0,6,1,tactical
Tal.pgn,Tal,white,"Najdorf, Miguel",Leipzig olm fin-A,Leipzig,1960.??.??,1960,6,"Tal, Mihail","Najdorf, Miguel",,,1-0,white_win,win,B82,,51,25.5,11,1,2,0,True,True,6,1,True,0,5,0,tactical
Tal.pgn,Tal,black,"Unzicker, Wolfgang",Leipzig olm fin-A,Leipzig,1960.??.??,1960,7,"Unzicker, Wolfgang","Tal, Mihail",,,1/2-1/2,draw,draw,B94,,145,72.5,25,10,2,0,True,True,12,3,True,0,13,7,tactical
Tal.pgn,Tal,black,"Najdorf, Miguel",Leipzig olm prel,Leipzig,1960.??.??,1960,7,"Najdorf, Miguel","Tal, Mihail",,,1/2-1/2,draw,draw,E39,,23,11.5,4,0,2,0,True,True,2,0,True,0,2,0,tactical
Tal.pgn,Tal,white,"Sliwa, Bogdan",Leipzig olm prel,Leipzig,1960.??.??,1960,8,"Tal, Mihail","Sliwa, Bogdan",,,1/2-1/2,draw,draw,C76,,85,42.5,20,2,2,0,True,True,11,1,True,0,9,1,tactical
Tal.pgn,Tal,black,"Durao, Joaquim",Leipzig olm prel,Leipzig,1960.??.??,1960,9,"Durao, Joaquim","Tal, Mihail",,,0-1,black_win,win,B82,,70,35.0,16,0,2,0,True,True,8,0,True,0,8,0,tactical
Tal.pgn,Tal,black,"Malich, Burkhard",Leipzig olm fin-A,Leipzig,1960.??.??,1960,9,"Malich, Burkhard","Tal, Mihail",,,0-1,black_win,win,A56,,106,53.0,23,3,2,1,True,True,12,2,True,1,11,1,tactical
Tal.pgn,Tal,white,"Ghitescu, Theodor",Leipzig olm fin-A,Leipzig,1960.??.??,1960,10,"Tal, Mihail","Ghitescu, Theodor",,,1-0,white_win,win,B36,,99,49.5,21,7,2,0,True,True,9,3,True,0,12,4,tactical
Tal.pgn,Tal,black,"Penrose, Jonathan",Leipzig olm fin-A,Leipzig,1960.??.??,1960,11,"Penrose, Jonathan","Tal, Mihail",,,1-0,white_win,loss,A65,,77,38.5,16,1,2,0,True,True,8,0,True,0,8,1,tactical
Tal.pgn,Tal,white,"Koblencs, Aleksandrs",URS-chT,Moscow,1960.??.??,1960,?,"Tal, Mihail","Koblencs, Aleksandrs",,,1/2-1/2,draw,draw,B11,,40,20.0,13,8,0,0,False,False,6,8,False,0,7,0,tactical
Tal.pgn,Tal,white,"Botvinnik, Mikhail",World Championship 23th,Moscow,1960.??.??,1960,1,"Tal, Mihail","Botvinnik, Mikhail",,,1-0,white_win,win,C18,,63,31.5,17,4,0,0,False,False,9,1,False,0,8,3,tactical
Tal.pgn,Tal,black,"Botvinnik, Mikhail",World Championship 23th,Moscow,1960.??.??,1960,2,"Botvinnik, Mikhail","Tal, Mihail",,,1/2-1/2,draw,draw,A61,,88,44.0,14,4,2,0,True,True,7,1,True,0,7,3,tactical
Tal.pgn,Tal,white,"Botvinnik, Mikhail",World Championship 23th,Moscow,1960.??.??,1960,3,"Tal, Mihail","Botvinnik, Mikhail",,,1/2-1/2,draw,draw,B11,,74,37.0,16,4,2,0,True,True,7,3,True,0,9,1,tactical
Tal.pgn,Tal,black,"Botvinnik, Mikhail",World Championship 23th,Moscow,1960.??.??,1960,4,"Botvinnik, Mikhail","Tal, Mihail",,,1/2-1/2,draw,draw,E27,,80,40.0,22,2,2,0,True,True,11,1,True,0,11,1,tactical
Tal.pgn,Tal,white,"Botvinnik, Mikhail",World Championship 23th,Moscow,1960.??.??,1960,5,"Tal, Mihail","Botvinnik, Mikhail",,,1/2-1/2,draw,draw,B18,,85,42.5,20,3,2,0,True,True,10,1,True,0,10,2,tactical
Tal.pgn,Tal,black,"Botvinnik, Mikhail",World Championship 23th,Moscow,1960.??.??,1960,6,"Botvinnik, Mikhail","Tal, Mihail",,,0-1,black_win,win,E69,,92,46.0,23,5,2,0,True,True,12,3,True,0,11,2,tactical
Tal.pgn,Tal,white,"Botvinnik, Mikhail",World Championship 23th,Moscow,1960.??.??,1960,7,"Tal, Mihail","Botvinnik, Mikhail",,,1-0,white_win,win,B18,,103,51.5,25,11,0,1,False,False,13,7,False,1,12,4,tactical
Tal.pgn,Tal,black,"Botvinnik, Mikhail",World Championship 23th,Moscow,1960.??.??,1960,8,"Botvinnik, Mikhail","Tal, Mihail",,,1-0,white_win,loss,A60,,81,40.5,20,1,2,0,True,True,9,0,True,0,11,1,tactical
Tal.pgn,Tal,white,"Botvinnik, Mikhail",World Championship 23th,Moscow,1960.??.??,1960,9,"Tal, Mihail","Botvinnik, Mikhail",,,0-1,black_win,loss,B18,,116,58.0,24,9,1,0,True,False,12,2,True,0,12,7,tactical
Tal.pgn,Tal,black,"Botvinnik, Mikhail",World Championship 23th,Moscow,1960.??.??,1960,10,"Botvinnik, Mikhail","Tal, Mihail",,,1/2-1/2,draw,draw,E89,,119,59.5,25,11,1,0,False,True,13,7,True,0,12,4,tactical
Tal.pgn,Tal,white,"Botvinnik, Mikhail",World Championship 23th,Moscow,1960.??.??,1960,11,"Tal, Mihail","Botvinnik, Mikhail",,,1-0,white_win,win,D78,,143,71.5,24,20,2,0,True,True,13,9,True,0,11,11,tactical
Tal.pgn,Tal,black,"Botvinnik, Mikhail",World Championship 23th,Moscow,1960.??.??,1960,12,"Botvinnik, Mikhail","Tal, Mihail",,,1/2-1/2,draw,draw,D40,,144,72.0,27,24,2,0,True,True,13,12,True,0,14,12,tactical
Tal.pgn,Tal,white,"Botvinnik, Mikhail",World Championship 23th,Moscow,1960.??.??,1960,13,"Tal, Mihail","Botvinnik, Mikhail",,,1/2-1/2,draw,draw,A30,,31,15.5,8,1,1,0,True,False,4,1,True,0,4,0,tactical
Tal.pgn,Tal,black,"Botvinnik, Mikhail",World Championship 23th,Moscow,1960.??.??,1960,14,"Botvinnik, Mikhail","Tal, Mihail",,,1/2-1/2,draw,draw,E24,,44,22.0,14,2,0,0,False,False,7,2,False,0,7,0,tactical
Tal.pgn,Tal,white,"Botvinnik, Mikhail",World Championship 23th,Moscow,1960.??.??,1960,15,"Tal, Mihail","Botvinnik, Mikhail",,,1/2-1/2,draw,draw,B18,,82,41.0,16,1,2,0,True,True,8,0,True,0,8,1,tactical
Tal.pgn,Tal,black,"Botvinnik, Mikhail",World Championship 23th,Moscow,1960.??.??,1960,16,"Botvinnik, Mikhail","Tal, Mihail",,,1/2-1/2,draw,draw,E24,,81,40.5,20,4,2,0,True,True,10,3,True,0,10,1,tactical
Tal.pgn,Tal,white,"Botvinnik, Mikhail",World Championship 23th,Moscow,1960.??.??,1960,17,"Tal, Mihail","Botvinnik, Mikhail",,,1-0,white_win,win,B18,,81,40.5,13,1,2,0,True,True,6,1,True,0,7,0,tactical
Tal.pgn,Tal,black,"Botvinnik, Mikhail",World Championship 23th,Moscow,1960.??.??,1960,18,"Botvinnik, Mikhail","Tal, Mihail",,,1/2-1/2,draw,draw,E24,,152,76.0,26,22,1,0,False,True,13,14,True,0,13,8,tactical
Tal.pgn,Tal,white,"Botvinnik, Mikhail",World Championship 23th,Moscow,1960.??.??,1960,19,"Tal, Mihail","Botvinnik, Mikhail",,,1-0,white_win,win,A87,,82,41.0,15,0,2,0,True,True,8,0,True,0,7,0,tactical
Tal.pgn,Tal,black,"Botvinnik, Mikhail",World Championship 23th,Moscow,1960.??.??,1960,20,"Botvinnik, Mikhail","Tal, Mihail",,,1/2-1/2,draw,draw,E24,,54,27.0,10,4,0,0,False,False,5,2,False,0,5,2,tactical
Tal.pgn,Tal,white,"Botvinnik, Mikhail",World Championship 23th,Moscow,1960.??.??,1960,21,"Tal, Mihail","Botvinnik, Mikhail",,,1/2-1/2,draw,draw,E19,,34,17.0,4,0,2,0,True,True,2,0,True,0,2,0,tactical
Tal.pgn,Tal,white,"Bagirov, Vladimir",URS-ch29,Baku,1961.??.??,1961,2,"Tal, Mihail","Bagirov, Vladimir",,,1/2-1/2,draw,draw,B12,,82,41.0,14,9,2,0,True,True,7,2,True,0,7,7,tactical
Tal.pgn,Tal,black,"Shianovsky, Vladislav I",URS-ch29,Baku,1961.??.??,1961,3,"Shianovsky, Vladislav I","Tal, Mihail",,,0-1,black_win,win,B94,,96,48.0,22,6,2,0,True,True,12,4,True,0,10,2,tactical
Tal.pgn,Tal,white,"Averbakh, Yuri L",URS-ch29,Baku,1961.??.??,1961,4,"Tal, Mihail","Averbakh, Yuri L",,,1/2-1/2,draw,draw,B12,,55,27.5,16,3,1,0,False,True,8,0,False,0,8,3,tactical
Tal.pgn,Tal,black,"Vasiukov, Evgeni",URS-ch29,Baku,1961.??.??,1961,5,"Vasiukov, Evgeni","Tal, Mihail",,,1/2-1/2,draw,draw,C00,,81,40.5,15,6,2,0,True,True,8,6,True,0,7,0,tactical
Tal.pgn,Tal,white,"Kots, Yury Isakovich",URS-ch29,Baku,1961.??.??,1961,6,"Tal, Mihail","Kots, Yury Isakovich",,,1/2-1/2,draw,draw,B60,,154,77.0,26,13,2,0,True,True,14,7,True,0,12,6,tactical
Tal.pgn,Tal,black,"Gipslis, Aivars",URS-ch29,Baku,1961.??.??,1961,7,"Gipslis, Aivars","Tal, Mihail",,,1/2-1/2,draw,draw,B94,,79,39.5,18,1,1,0,True,False,9,0,False,0,9,1,tactical
Tal.pgn,Tal,white,"Savon, Vladimir A",URS-ch29,Baku,1961.??.??,1961,8,"Tal, Mihail","Savon, Vladimir A",,,1-0,white_win,win,E98,,131,65.5,24,8,2,0,True,True,12,3,True,0,12,5,tactical
Tal.pgn,Tal,black,"Keres, Paul",URS-ch29,Baku,1961.??.??,1961,9,"Keres, Paul","Tal, Mihail",,,1/2-1/2,draw,draw,D30,,66,33.0,15,0,2,0,True,True,7,0,True,0,8,0,tactical
Tal.pgn,Tal,white,"Smyslov, Vassily",URS-ch29,Baku,1961.??.??,1961,10,"Tal, Mihail","Smyslov, Vassily",,,1/2-1/2,draw,draw,C93,,62,31.0,14,0,2,0,True,True,7,0,True,0,7,0,tactical
Tal.pgn,Tal,black,"Kholmov, Ratmir D",URS-ch29,Baku,1961.??.??,1961,11,"Kholmov, Ratmir D","Tal, Mihail",,,1/2-1/2,draw,draw,B53,,154,77.0,27,10,2,0,True,True,14,3,True,0,13,7,tactical
Tal.pgn,Tal,white,"Bronstein, David I",URS-ch29,Baku,1961.??.??,1961,12,"Tal, Mihail","Bronstein, David I",,,0-1,black_win,loss,B14,,80,40.0,20,2,2,0,True,True,8,2,True,0,12,0,tactical
Tal.pgn,Tal,black,"Polugaevsky, Lev",URS-ch29,Baku,1961.??.??,1961,13,"Polugaevsky, Lev","Tal, Mihail",,,1/2-1/2,draw,draw,A43,,81,40.5,19,6,2,0,True,True,9,3,True,0,10,3,tactical
Tal.pgn,Tal,white,"Lein, Anatoly",URS-ch29,Baku,1961.??.??,1961,14,"Tal, Mihail","Lein, Anatoly",,,1/2-1/2,draw,draw,B14,,161,80.5,24,7,2,0,True,True,12,1,True,0,12,6,tactical
Tal.pgn,Tal,black,"Nezhmetdinov, Rashid",URS-ch29,Baku,1961.??.??,1961,15,"Nezhmetdinov, Rashid","Tal, Mihail",,,1-0,white_win,loss,B84,,57,28.5,15,5,1,0,True,False,7,0,False,0,8,5,tactical
Tal.pgn,Tal,white,"Gurgenidze, Bukhuti",URS-ch29,Baku,1961.??.??,1961,16,"Tal, Mihail","Gurgenidze, Bukhuti",,,1-0,white_win,win,C97,,69,34.5,16,2,2,0,True,True,9,2,True,0,7,0,tactical
Tal.pgn,Tal,black,"Spassky, Boris V",URS-ch29,Baku,1961.??.??,1961,17,"Spassky, Boris V","Tal, Mihail",,,1-0,white_win,loss,E65,,69,34.5,18,0,2,0,True,True,8,0,True,0,10,0,tactical
Tal.pgn,Tal,white,"Khasin, Abram",URS-ch29,Baku,1961.??.??,1961,18,"Tal, Mihail","Khasin, Abram",,,1-0,white_win,win,B77,,101,50.5,20,4,2,0,True,True,11,1,True,0,9,3,tactical
Tal.pgn,Tal,black,"Taimanov, Mark E",URS-ch29,Baku,1961.??.??,1961,19,"Taimanov, Mark E","Tal, Mihail",,,0-1,black_win,win,A32,,80,40.0,17,6,2,0,True,True,9,5,True,0,8,1,tactical
Tal.pgn,Tal,white,"Vladimirov, Boris T",URS-ch29,Baku,1961.??.??,1961,20,"Tal, Mihail","Vladimirov, Boris T",,,1-0,white_win,win,D01,,81,40.5,18,4,2,0,True,True,8,1,True,0,10,3,tactical
Tal.pgn,Tal,black,"Shamkovich, Leonid",URS-ch29,Baku,1961.??.??,1961,21,"Shamkovich, Leonid","Tal, Mihail",,,0-1,black_win,win,A04,,74,37.0,14,0,2,0,True,True,7,0,True,0,7,0,tactical
Tal.pgn,Tal,black,"Ivkov, Borislav",Bled,Bled,1961.??.??,1961,1,"Ivkov, Borislav","Tal, Mihail",,,0-1,black_win,win,E92,,136,68.0,27,6,2,0,True,True,14,4,True,0,13,2,tactical
Tal.pgn,Tal,black,"Fischer, Robert James",Bled,Bled,1961.??.??,1961,2,"Fischer, Robert James","Tal, Mihail",,,1-0,white_win,loss,B47,,93,46.5,24,8,1,0,True,False,10,0,False,0,14,8,tactical
Tal.pgn,Tal,white,"Olafsson, Fridrik",Bled,Bled,1961.??.??,1961,3,"Tal, Mihail","Olafsson, Fridrik",,,1-0,white_win,win,B82,,75,37.5,22,7,2,0,True,True,12,7,True,0,10,0,tactical
Tal.pgn,Tal,black,"Geller, Efim P",Bled,Bled,1961.??.??,1961,4,"Geller, Efim P","Tal, Mihail",,,1/2-1/2,draw,draw,E55,,42,21.0,11,6,2,0,True,True,4,5,True,0,7,1,tactical
Tal.pgn,Tal,white,"Matanovic, Aleksandar",Bled,Bled,1961.??.??,1961,5,"Tal, Mihail","Matanovic, Aleksandar",,,1-0,white_win,win,E24,,82,41.0,16,3,1,0,False,True,7,0,False,0,9,3,tactical
Tal.pgn,Tal,black,"Bertok, Mario",Bled,Bled,1961.??.??,1961,6,"Bertok, Mario","Tal, Mihail",,,0-1,black_win,win,A79,,40,20.0,7,0,2,0,True,True,4,0,True,0,3,0,tactical
Tal.pgn,Tal,white,"Trifunovic, Petar",Bled,Bled,1961.??.??,1961,7,"Tal, Mihail","Trifunovic, Petar",,,1/2-1/2,draw,draw,B14,,48,24.0,14,2,2,0,True,True,7,1,True,0,7,1,tactical
Tal.pgn,Tal,black,"Udovcic, Mijo",Bled,Bled,1961.??.??,1961,8,"Udovcic, Mijo","Tal, Mihail",,,0-1,black_win,win,A32,,102,51.0,19,4,2,0,True,True,9,2,True,0,10,2,tactical
Tal.pgn,Tal,white,"Keres, Paul",Bled,Bled,1961.??.??,1961,9,"Tal, Mihail","Keres, Paul",,,1/2-1/2,draw,draw,C85,,31,15.5,5,3,1,0,True,False,2,0,True,0,3,3,tactical
Tal.pgn,Tal,black,"Petrosian, Tigran V",Bled,Bled,1961.??.??,1961,10,"Petrosian, Tigran V","Tal, Mihail",,,1/2-1/2,draw,draw,E98,,32,16.0,4,0,2,0,True,True,2,0,True,0,2,0,tactical
Tal.pgn,Tal,white,"Gligoric, Svetozar",Bled,Bled,1961.??.??,1961,11,"Tal, Mihail","Gligoric, Svetozar",,,1/2-1/2,draw,draw,E98,,72,36.0,13,2,2,0,True,True,7,0,True,0,6,2,tactical
Tal.pgn,Tal,black,"Donner, Jan Hein",Bled,Bled,1961.??.??,1961,12,"Donner, Jan Hein","Tal, Mihail",,,0-1,black_win,win,E69,,112,56.0,22,11,2,0,True,True,11,5,True,0,11,6,tactical
Tal.pgn,Tal,white,"Parma, Bruno",Bled,Bled,1961.??.??,1961,13,"Tal, Mihail","Parma, Bruno",,,1-0,white_win,win,B36,,57,28.5,14,2,2,0,True,True,7,1,True,0,7,1,tactical
Tal.pgn,Tal,black,"Darga, Klaus",Bled,Bled,1961.??.??,1961,14,"Darga, Klaus","Tal, Mihail",,,1/2-1/2,draw,draw,E91,,46,23.0,10,0,2,0,True,True,5,0,True,0,5,0,tactical
Tal.pgn,Tal,white,"Bisguier, Arthur Bernard",Bled,Bled,1961.??.??,1961,15,"Tal, Mihail","Bisguier, Arthur Bernard",,,1-0,white_win,win,B10,,121,60.5,24,17,2,0,True,True,12,8,True,0,12,9,tactical
Tal.pgn,Tal,black,"Germek, Milan",Bled,Bled,1961.??.??,1961,16,"Germek, Milan","Tal, Mihail",,,0-1,black_win,win,A61,,62,31.0,10,0,2,0,True,True,5,0,True,0,5,0,tactical
Tal.pgn,Tal,white,"Pachman, Ludek",Bled,Bled,1961.??.??,1961,17,"Tal, Mihail","Pachman, Ludek",,,1-0,white_win,win,B12,,81,40.5,21,5,1,0,False,True,10,0,False,0,11,5,tactical
Tal.pgn,Tal,black,"Portisch, Lajos",Bled,Bled,1961.??.??,1961,18,"Portisch, Lajos","Tal, Mihail",,,1/2-1/2,draw,draw,E65,,29,14.5,4,0,2,0,True,True,2,0,True,0,2,0,tactical
Tal.pgn,Tal,white,"Najdorf, Miguel",Bled,Bled,1961.??.??,1961,19,"Tal, Mihail","Najdorf, Miguel",,,1-0,white_win,win,B92,,97,48.5,18,4,2,0,True,True,9,2,True,0,9,2,tactical
Tal.pgn,Tal,black,"Botvinnik, Mikhail",World Championship 24th,Moscow,1961.??.??,1961,1,"Botvinnik, Mikhail","Tal, Mihail",,,1-0,white_win,loss,E51,,81,40.5,19,5,1,0,False,True,9,4,True,0,10,1,tactical
Tal.pgn,Tal,white,"Botvinnik, Mikhail",World Championship 24th,Moscow,1961.??.??,1961,2,"Tal, Mihail","Botvinnik, Mikhail",,,1-0,white_win,win,B18,,89,44.5,17,1,2,0,True,True,8,1,True,0,9,0,tactical
Tal.pgn,Tal,black,"Botvinnik, Mikhail",World Championship 24th,Moscow,1961.??.??,1961,3,"Botvinnik, Mikhail","Tal, Mihail",,,1-0,white_win,loss,E51,,85,42.5,13,0,2,0,True,True,6,0,True,0,7,0,tactical
Tal.pgn,Tal,white,"Botvinnik, Mikhail",World Championship 24th,Moscow,1961.??.??,1961,4,"Tal, Mihail","Botvinnik, Mikhail",,,1/2-1/2,draw,draw,B12,,82,41.0,19,7,1,0,True,False,8,5,True,0,11,2,tactical
Tal.pgn,Tal,black,"Botvinnik, Mikhail",World Championship 24th,Moscow,1961.??.??,1961,5,"Botvinnik, Mikhail","Tal, Mihail",,,1/2-1/2,draw,draw,E51,,146,73.0,24,13,2,0,True,True,12,5,True,0,12,8,tactical
Tal.pgn,Tal,white,"Botvinnik, Mikhail",World Championship 24th,Moscow,1961.??.??,1961,6,"Tal, Mihail","Botvinnik, Mikhail",,,1/2-1/2,draw,draw,B12,,50,25.0,6,0,2,0,True,True,3,0,True,0,3,0,tactical
Tal.pgn,Tal,black,"Botvinnik, Mikhail",World Championship 24th,Moscow,1961.??.??,1961,7,"Botvinnik, Mikhail","Tal, Mihail",,,1-0,white_win,loss,E24,,65,32.5,19,6,1,0,False,True,10,2,True,0,9,4,tactical
Tal.pgn,Tal,white,"Botvinnik, Mikhail",World Championship 24th,Moscow,1961.??.??,1961,8,"Tal, Mihail","Botvinnik, Mikhail",,,1-0,white_win,win,B12,,57,28.5,13,1,2,0,True,True,6,1,True,0,7,0,tactical
Tal.pgn,Tal,black,"Botvinnik, Mikhail",World Championship 24th,Moscow,1961.??.??,1961,9,"Botvinnik, Mikhail","Tal, Mihail",,,1-0,white_win,loss,A23,,145,72.5,20,4,1,0,True,False,9,1,False,0,11,3,tactical
Tal.pgn,Tal,white,"Botvinnik, Mikhail",World Championship 24th,Moscow,1961.??.??,1961,10,"Tal, Mihail","Botvinnik, Mikhail",,,0-1,black_win,loss,B12,,84,42.0,17,3,0,0,False,False,8,3,False,0,9,0,tactical
Tal.pgn,Tal,black,"Botvinnik, Mikhail",World Championship 24th,Moscow,1961.??.??,1961,11,"Botvinnik, Mikhail","Tal, Mihail",,,1-0,white_win,loss,D14,,84,42.0,18,4,2,0,True,True,8,1,True,0,10,3,tactical
Tal.pgn,Tal,white,"Botvinnik, Mikhail",World Championship 24th,Moscow,1961.??.??,1961,12,"Tal, Mihail","Botvinnik, Mikhail",,,1-0,white_win,win,C18,,81,40.5,18,4,0,0,False,False,9,2,False,0,9,2,tactical
Tal.pgn,Tal,black,"Botvinnik, Mikhail",World Championship 24th,Moscow,1961.??.??,1961,13,"Botvinnik, Mikhail","Tal, Mihail",,,1-0,white_win,loss,E85,,81,40.5,19,5,2,0,True,True,9,1,True,0,10,4,tactical
Tal.pgn,Tal,white,"Botvinnik, Mikhail",World Championship 24th,Moscow,1961.??.??,1961,14,"Tal, Mihail","Botvinnik, Mikhail",,,1/2-1/2,draw,draw,B12,,65,32.5,22,5,0,0,False,False,11,2,False,0,11,3,tactical
Tal.pgn,Tal,black,"Botvinnik, Mikhail",World Championship 24th,Moscow,1961.??.??,1961,15,"Botvinnik, Mikhail","Tal, Mihail",,,1-0,white_win,loss,E81,,125,62.5,25,5,2,0,True,True,12,3,True,0,13,2,tactical
Tal.pgn,Tal,white,"Botvinnik, Mikhail",World Championship 24th,Moscow,1961.??.??,1961,16,"Tal, Mihail","Botvinnik, Mikhail",,,1/2-1/2,draw,draw,B12,,180,90.0,24,32,1,0,True,False,12,21,True,0,12,11,tactical
Tal.pgn,Tal,black,"Botvinnik, Mikhail",World Championship 24th,Moscow,1961.??.??,1961,17,"Botvinnik, Mikhail","Tal, Mihail",,,0-1,black_win,win,E81,,166,83.0,27,6,2,0,True,True,14,5,True,0,13,1,tactical
Tal.pgn,Tal,white,"Botvinnik, Mikhail",World Championship 24th,Moscow,1961.??.??,1961,18,"Tal, Mihail","Botvinnik, Mikhail",,,0-1,black_win,loss,B12,,82,41.0,20,3,0,0,False,False,9,0,False,0,11,3,tactical
Tal.pgn,Tal,black,"Botvinnik, Mikhail",World Championship 24th,Moscow,1961.??.??,1961,19,"Botvinnik, Mikhail","Tal, Mihail",,,0-1,black_win,win,E81,,150,75.0,25,17,1,0,False,True,13,6,True,0,12,11,tactical
Tal.pgn,Tal,white,"Botvinnik, Mikhail",World Championship 24th,Moscow,1961.??.??,1961,20,"Tal, Mihail","Botvinnik, Mikhail",,,1/2-1/2,draw,draw,B12,,242,121.0,23,27,2,1,True,True,12,12,True,1,11,15,tactical
Tal.pgn,Tal,black,"Botvinnik, Mikhail",World Championship 24th,Moscow,1961.??.??,1961,21,"Botvinnik, Mikhail","Tal, Mihail",,,1-0,white_win,loss,E87,,65,32.5,16,6,2,0,True,True,8,0,True,0,8,6,tactical
Tal.pgn,Tal,black,"Toran Albero, Roman",EU-chT,Oberhausen,1961.??.??,1961,1,"Toran Albero, Roman","Tal, Mihail",,,0-1,black_win,win,A21,,50,25.0,12,6,2,0,True,True,7,3,True,0,5,3,tactical
Tal.pgn,Tal,black,"Trifunovic, Petar",EU-chT,Oberhausen,1961.??.??,1961,2,"Trifunovic, Petar","Tal, Mihail",,,1/2-1/2,draw,draw,E61,,40,20.0,6,1,2,0,True,True,3,0,True,0,3,1,tactical
Tal.pgn,Tal,white,"Filip, Miroslav",EU-chT,Oberhausen,1961.??.??,1961,3,"Tal, Mihail","Filip, Miroslav",,,1/2-1/2,draw,draw,C76,,71,35.5,8,2,2,0,True,True,4,1,True,0,4,1,tactical
Tal.pgn,Tal,black,"Portisch, Lajos",EU-chT,Oberhausen,1961.??.??,1961,4,"Portisch, Lajos","Tal, Mihail",,,1-0,white_win,loss,C05,,69,34.5,11,3,1,0,False,True,6,1,True,0,5,2,tactical
Tal.pgn,Tal,white,"Schmid, Lothar",EU-chT,Oberhausen,1961.??.??,1961,5,"Tal, Mihail","Schmid, Lothar",,,1/2-1/2,draw,draw,A09,,63,31.5,11,3,2,0,True,True,6,3,True,0,5,0,tactical
Tal.pgn,Tal,white,"Toran Albero, Roman",EU-chT,Oberhausen,1961.??.??,1961,6,"Tal, Mihail","Toran Albero, Roman",,,1-0,white_win,win,B82,,53,26.5,17,3,1,0,True,False,9,3,True,0,8,0,tactical
Tal.pgn,Tal,black,"Gligoric, Svetozar",EU-chT,Oberhausen,1961.??.??,1961,7,"Gligoric, Svetozar","Tal, Mihail",,,1/2-1/2,draw,draw,E52,,42,21.0,8,1,2,0,True,True,4,0,True,0,4,1,tactical
Tal.pgn,Tal,white,"Portisch, Lajos",EU-chT,Oberhausen,1961.??.??,1961,9,"Tal, Mihail","Portisch, Lajos",,,1-0,white_win,win,B77,,81,40.5,22,5,2,0,True,True,11,2,True,0,11,3,tactical
Tal.pgn,Tal,black,"Schmid, Lothar",EU-chT,Oberhausen,1961.??.??,1961,10,"Schmid, Lothar","Tal, Mihail",,,1/2-1/2,draw,draw,B92,,66,33.0,16,4,2,0,True,True,8,3,True,0,8,1,tactical
Tal.pgn,Tal,black,"Lundin, Anders",Stockholm,Stockholm,1961.??.??,1961,?,"Lundin, Anders","Tal, Mihail",,,0-1,black_win,win,B54,,100,50.0,17,4,2,0,True,True,9,2,True,0,8,2,tactical
Tal.pgn,Tal,black,"Nilsson, Nils Specht",Stockholm,Stockholm,1961.??.??,1961,?,"Nilsson, Nils Specht","Tal, Mihail",,,0-1,black_win,win,A56,,82,41.0,21,4,2,0,True,True,10,2,True,0,11,2,tactical
Tal.pgn,Tal,black,"Uhlmann, Wolfgang",Stockholm,Stockholm,1961.??.??,1961,?,"Uhlmann, Wolfgang","Tal, Mihail",,,1/2-1/2,draw,draw,E79,,61,30.5,14,0,2,0,True,True,7,0,True,0,7,0,tactical
Tal.pgn,Tal,white,"Book, Eero",Stockholm,Stockholm,1961.??.??,1961,?,"Tal, Mihail","Book, Eero",,,1-0,white_win,win,C66,,95,47.5,23,3,2,0,True,True,12,2,True,0,11,1,tactical
Tal.pgn,Tal,white,"Johannessen, Svein",Stockholm,Stockholm,1961.??.??,1961,?,"Tal, Mihail","Johannessen, Svein",,,1/2-1/2,draw,draw,A83,,80,40.0,21,6,2,0,True,True,11,1,True,0,10,5,tactical
Tal.pgn,Tal,white,Nielsen,Stockholm,Stockholm,1961.??.??,1961,?,"Tal, Mihail",Nielsen,,,1-0,white_win,win,A84,,53,26.5,9,3,2,0,True,True,5,3,True,0,4,0,tactical
Tal.pgn,Tal,white,"Stahlberg, Gideon",Stockholm,Stockholm,1961.??.??,1961,?,"Tal, Mihail","Stahlberg, Gideon",,,1-0,white_win,win,C11,,97,48.5,19,2,2,0,True,True,10,1,True,0,9,1,tactical
Tal.pgn,Tal,black,"Burehall, Arne",Stockholm,Stockholm,1961.??.??,1961,?,"Burehall, Arne","Tal, Mihail",,,0-1,black_win,win,B25,,78,39.0,13,3,2,0,True,True,8,0,True,0,5,3,tactical
Tal.pgn,Tal,white,"Unzicker, Wolfgang",Stockholm,Stockholm,1961.??.??,1961,?,"Tal, Mihail","Unzicker, Wolfgang",,,1-0,white_win,win,C95,,50,25.0,8,2,2,0,True,True,4,2,True,0,4,0,tactical
Tal.pgn,Tal,black,"Petrosian, Tigran V",Candidats Tournament,Curacao,1962.??.??,1962,1,"Petrosian, Tigran V","Tal, Mihail",,,1-0,white_win,loss,A12,,127,63.5,23,5,2,0,True,True,11,2,True,0,12,3,tactical
Tal.pgn,Tal,white,"Keres, Paul",Candidats Tournament,Curacao,1962.??.??,1962,2,"Tal, Mihail","Keres, Paul",,,0-1,black_win,loss,C96,,80,40.0,18,2,2,0,True,True,10,0,True,0,8,2,tactical
Tal.pgn,Tal,black,"Benko, Pal C",Candidats Tournament,Curacao,1962.??.??,1962,3,"Benko, Pal C","Tal, Mihail",,,1/2-1/2,draw,draw,A20,,67,33.5,22,3,2,0,True,True,11,2,True,0,11,1,tactical
Tal.pgn,Tal,white,"Fischer, Robert James",Candidats Tournament,Curacao,1962.??.??,1962,4,"Tal, Mihail","Fischer, Robert James",,,1/2-1/2,draw,draw,B92,,115,57.5,21,6,2,0,True,True,10,4,True,0,11,2,tactical
Tal.pgn,Tal,black,"Filip, Miroslav",Candidats Tournament,Curacao,1962.??.??,1962,5,"Filip, Miroslav","Tal, Mihail",,,0-1,black_win,win,A49,,68,34.0,15,2,2,0,True,True,8,0,True,0,7,2,tactical
Tal.pgn,Tal,black,"Geller, Efim P",Candidats Tournament,Curacao,1962.??.??,1962,6,"Geller, Efim P","Tal, Mihail",,,1/2-1/2,draw,draw,B48,,54,27.0,10,1,2,0,True,True,5,1,True,0,5,0,tactical
Tal.pgn,Tal,white,"Kortschnoj, Viktor",Candidats Tournament,Curacao,1962.??.??,1962,7,"Tal, Mihail","Kortschnoj, Viktor",,,0-1,black_win,loss,C83,,70,35.0,18,3,2,0,True,True,9,0,True,0,9,3,tactical
Tal.pgn,Tal,white,"Petrosian, Tigran V",Candidats Tournament,Curacao,1962.??.??,1962,8,"Tal, Mihail","Petrosian, Tigran V",,,0-1,black_win,loss,C11,,40,20.0,11,2,2,0,True,True,5,2,True,0,6,0,tactical
Tal.pgn,Tal,black,"Keres, Paul",Candidats Tournament,Curacao,1962.??.??,1962,9,"Keres, Paul","Tal, Mihail",,,1/2-1/2,draw,draw,B48,,46,23.0,13,0,2,0,True,True,7,0,True,0,6,0,tactical
Tal.pgn,Tal,white,"Benko, Pal C",Candidats Tournament,Curacao,1962.??.??,1962,10,"Tal, Mihail","Benko, Pal C",,,1-0,white_win,win,C11,,65,32.5,16,8,2,0,True,True,8,8,True,0,8,0,tactical
Tal.pgn,Tal,black,"Fischer, Robert James",Candidats Tournament,Curacao,1962.??.??,1962,11,"Fischer, Robert James","Tal, Mihail",,,1-0,white_win,loss,B32,,125,62.5,23,9,1,1,False,True,12,6,True,0,11,3,tactical
Tal.pgn,Tal,white,"Filip, Miroslav",Candidats Tournament,Curacao,1962.??.??,1962,12,"Tal, Mihail","Filip, Miroslav",,,0-1,black_win,loss,B43,,78,39.0,16,4,2,0,True,True,7,0,True,0,9,4,tactical
Tal.pgn,Tal,white,"Geller, Efim P",Candidats Tournament,Curacao,1962.??.??,1962,13,"Tal, Mihail","Geller, Efim P",,,0-1,black_win,loss,D01,,83,41.5,16,3,2,0,True,True,7,1,True,0,9,2,tactical
Tal.pgn,Tal,black,"Kortschnoj, Viktor",Candidats Tournament,Curacao,1962.??.??,1962,14,"Kortschnoj, Viktor","Tal, Mihail",,,0-1,black_win,win,D41,,124,62.0,21,11,2,0,True,True,11,6,True,0,10,5,tactical
Tal.pgn,Tal,black,"Petrosian, Tigran V",Candidats Tournament,Curacao,1962.??.??,1962,15,"Petrosian, Tigran V","Tal, Mihail",,,1/2-1/2,draw,draw,A16,,99,49.5,25,6,2,0,True,True,13,4,True,0,12,2,tactical
Tal.pgn,Tal,white,"Keres, Paul",Candidats Tournament,Curacao,1962.??.??,1962,16,"Tal, Mihail","Keres, Paul",,,0-1,black_win,loss,C96,,81,40.5,18,7,2,0,True,True,8,1,True,0,10,6,tactical
Tal.pgn,Tal,black,"Benko, Pal C",Candidats Tournament,Curacao,1962.??.??,1962,17,"Benko, Pal C","Tal, Mihail",,,1-0,white_win,loss,B07,,81,40.5,15,4,2,0,True,True,6,0,True,0,9,4,tactical
Tal.pgn,Tal,white,"Fischer, Robert James",Candidats Tournament,Curacao,1962.??.??,1962,18,"Tal, Mihail","Fischer, Robert James",,,1/2-1/2,draw,draw,C64,,57,28.5,14,8,1,0,False,True,7,1,False,0,7,7,tactical
Tal.pgn,Tal,black,"Filip, Miroslav",Candidats Tournament,Curacao,1962.??.??,1962,19,"Filip, Miroslav","Tal, Mihail",,,1/2-1/2,draw,draw,E62,,65,32.5,18,2,2,0,True,True,9,2,True,0,9,0,tactical
Tal.pgn,Tal,black,"Geller, Efim P",Candidats Tournament,Curacao,1962.??.??,1962,20,"Geller, Efim P","Tal, Mihail",,,1-0,white_win,loss,B48,,155,77.5,24,15,2,0,True,True,11,6,True,0,13,9,tactical
Tal.pgn,Tal,white,"Kortschnoj, Viktor",Candidats Tournament,Curacao,1962.??.??,1962,21,"Tal, Mihail","Kortschnoj, Viktor",,,1/2-1/2,draw,draw,B48,,50,25.0,18,1,2,0,True,True,9,0,True,0,9,1,tactical
Tal.pgn,Tal,white,"Keres, Paul",URS-chT,Leningrad,1962.??.??,1962,?,"Tal, Mihail","Keres, Paul",,,1/2-1/2,draw,draw,C87,,45,22.5,8,0,2,0,True,True,4,0,True,0,4,0,tactical
Tal.pgn,Tal,black,"Boleslavsky, Isaak",URS-chT,Leningrad,1962.??.??,1962,?,"Boleslavsky, Isaak","Tal, Mihail",,,1/2-1/2,draw,draw,C89,,82,41.0,21,2,2,0,True,True,10,2,True,0,11,0,tactical
Tal.pgn,Tal,white,"Kots, Yury Isakovich",URS-chT,Leningrad,1962.??.??,1962,?,"Tal, Mihail","Kots, Yury Isakovich",,,1/2-1/2,draw,draw,B08,,79,39.5,17,3,2,0,True,True,8,0,True,0,9,3,tactical
Tal.pgn,Tal,white,"Mikenas, Vladas",URS-chT,Leningrad,1962.??.??,1962,?,"Tal, Mihail","Mikenas, Vladas",,,1/2-1/2,draw,draw,D92,,112,56.0,23,7,2,0,True,True,12,2,True,0,11,5,tactical
Tal.pgn,Tal,black,"Smyslov, Vassily",URS-chT,Leningrad,1962.??.??,1962,?,"Smyslov, Vassily","Tal, Mihail",,,1/2-1/2,draw,draw,B25,,79,39.5,16,3,2,0,True,True,8,3,True,0,8,0,tactical
Tal.pgn,Tal,black,"Shofman, Mikhail",URS-chT,Leningrad,1962.??.??,1962,?,"Shofman, Mikhail","Tal, Mihail",,,0-1,black_win,win,B07,,44,22.0,13,2,2,0,True,True,6,1,True,0,7,1,tactical
Tal.pgn,Tal,black,"Polugaevsky, Lev",URS-chT,Leningrad,1962.??.??,1962,?,"Polugaevsky, Lev","Tal, Mihail",,,1/2-1/2,draw,draw,D35,,68,34.0,18,2,2,0,True,True,9,1,True,0,9,1,tactical
Tal.pgn,Tal,black,"Milev, Zdravko",Varna olm,Varna,1962.??.??,1962,?,"Milev, Zdravko","Tal, Mihail",,,1/2-1/2,draw,draw,E83,,45,22.5,6,1,1,0,False,True,3,1,True,0,3,0,tactical
Tal.pgn,Tal,black,"Kramer, Haije",Varna olm,Varna,1962.??.??,1962,?,"Kramer, Haije","Tal, Mihail",,,0-1,black_win,win,A05,,93,46.5,24,7,2,0,True,True,13,3,True,0,11,4,tactical
Tal.pgn,Tal,white,"Soderborg, Berndt",Varna olm,Varna,1962.??.??,1962,?,"Tal, Mihail","Soderborg, Berndt",,,1/2-1/2,draw,draw,D01,,102,51.0,21,4,2,1,True,True,11,1,True,0,10,3,tactical
Tal.pgn,Tal,black,"Fuchs, Reinhart",Varna olm,Varna,1962.??.??,1962,?,"Fuchs, Reinhart","Tal, Mihail",,,1/2-1/2,draw,draw,D32,,80,40.0,15,2,2,0,True,True,7,1,True,0,8,1,tactical
Tal.pgn,Tal,black,"Byrne, Donald",Varna olm,Varna,1962.??.??,1962,?,"Byrne, Donald","Tal, Mihail",,,1/2-1/2,draw,draw,E14,,81,40.5,16,2,2,0,True,True,8,2,True,0,8,0,tactical
Tal.pgn,Tal,white,"Barcza, Gedeon",Varna olm,Varna,1962.??.??,1962,?,"Tal, Mihail","Barcza, Gedeon",,,1-0,white_win,win,C10,,53,26.5,13,4,1,0,True,False,7,3,True,0,6,1,tactical
Tal.pgn,Tal,black,"Sanguineti, Raul",Varna olm,Varna,1962.??.??,1962,?,"Sanguineti, Raul","Tal, Mihail",,,1/2-1/2,draw,draw,E83,,123,61.5,26,5,2,0,True,True,13,4,True,0,13,1,tactical
Tal.pgn,Tal,black,"Ivkov, Borislav",Varna olm,Varna,1962.??.??,1962,2,"Ivkov, Borislav","Tal, Mihail",,,1/2-1/2,draw,draw,D03,,83,41.5,10,0,2,0,True,True,5,0,True,0,5,0,tactical
Tal.pgn,Tal,white,"Mohrlok, Dieter",Varna olm,Varna,1962.??.??,1962,4,"Tal, Mihail","Mohrlok, Dieter",,,1-0,white_win,win,B63,,61,30.5,7,0,2,0,True,True,3,0,True,0,4,0,tactical
Tal.pgn,Tal,black,"Franco, M.",Varna olm,Varna,1962.??.??,1962,5,"Franco, M.","Tal, Mihail",,,0-1,black_win,win,A65,,124,62.0,22,5,1,0,False,True,12,3,True,0,10,2,tactical
Tal.pgn,Tal,white,"Gunsberger, A.",Varna olm,Varna,1962.??.??,1962,7,"Tal, Mihail","Gunsberger, A.",,,1-0,white_win,win,C18,,67,33.5,13,2,1,0,True,False,8,1,True,0,5,1,tactical
Tal.pgn,Tal,white,"Vizantiadis, Lazaros",Varna olm,Varna,1962.??.??,1962,9,"Tal, Mihail","Vizantiadis, Lazaros",,,1-0,white_win,win,C55,,83,41.5,18,1,2,0,True,True,10,1,True,0,8,0,tactical
Tal.pgn,Tal,white,"Hecht, Hans Joachim",Varna olm,Varna,1962.??.??,1962,9,"Tal, Mihail","Hecht, Hans Joachim",,,1-0,white_win,win,E13,,97,48.5,23,8,1,0,True,False,12,6,True,0,11,2,tactical
Tal.pgn,Tal,black,"Novopashin, Arkady",URS-ch30,Yerevan,1962.??.??,1962,?,"Novopashin, Arkady","Tal, Mihail",,,0-1,black_win,win,B86,,82,41.0,13,1,2,0,True,True,7,1,True,0,6,0,tactical
Tal.pgn,Tal,black,"Mikenas, Vladas",URS-ch30,Yerevan,1962.??.??,1962,?,"Mikenas, Vladas","Tal, Mihail",,,1-0,white_win,loss,E23,,96,48.0,21,3,2,0,True,True,9,2,True,0,12,1,tactical
Tal.pgn,Tal,black,"Kots, Yury Isakovich",URS-ch30,Yerevan,1962.??.??,1962,?,"Kots, Yury Isakovich","Tal, Mihail",,,0-1,black_win,win,B47,,68,34.0,16,4,2,0,True,True,8,4,True,0,8,0,tactical
Tal.pgn,Tal,black,"Kortschnoj, Viktor",URS-ch30,Yerevan,1962.??.??,1962,?,"Kortschnoj, Viktor","Tal, Mihail",,,1-0,white_win,loss,A62,,107,53.5,19,1,2,0,True,True,10,0,True,0,9,1,tactical
Tal.pgn,Tal,black,"Korelov, Alexander P",URS-ch30,Yerevan,1962.??.??,1962,?,"Korelov, Alexander P","Tal, Mihail",,,0-1,black_win,win,B84,,86,43.0,18,3,2,0,True,True,11,1,True,0,7,2,tactical
Tal.pgn,Tal,white,"Zaitsev, Igor A",URS-ch30,Yerevan,1962.??.??,1962,?,"Tal, Mihail","Zaitsev, Igor A",,,1/2-1/2,draw,draw,B14,,98,49.0,23,3,2,0,True,True,13,3,True,0,10,0,tactical
Tal.pgn,Tal,white,"Taimanov, Mark E",URS-ch30,Yerevan,1962.??.??,1962,?,"Tal, Mihail","Taimanov, Mark E",,,1-0,white_win,win,B48,,82,41.0,16,5,2,0,True,True,9,1,True,0,7,4,tactical
Tal.pgn,Tal,white,"Suetin, Alexey S",URS-ch30,Yerevan,1962.??.??,1962,?,"Tal, Mihail","Suetin, Alexey S",,,1-0,white_win,win,B49,,91,45.5,16,1,2,0,True,True,9,1,True,0,7,0,tactical
Tal.pgn,Tal,white,"Shianovsky, Vladislav I",URS-ch30,Yerevan,1962.??.??,1962,?,"Tal, Mihail","Shianovsky, Vladislav I",,,1/2-1/2,draw,draw,D25,,78,39.0,20,7,1,0,False,True,10,3,False,0,10,4,tactical
Tal.pgn,Tal,white,"Savon, Vladimir A",URS-ch30,Yerevan,1962.??.??,1962,?,"Tal, Mihail","Savon, Vladimir A",,,1-0,white_win,win,B63,,83,41.5,20,3,2,0,True,True,10,2,True,0,10,1,tactical
Tal.pgn,Tal,white,"Mnatsakanian, Eduard A",URS-ch30,Yerevan,1962.??.??,1962,?,"Tal, Mihail","Mnatsakanian, Eduard A",,,1-0,white_win,win,E13,,67,33.5,16,2,2,0,True,True,8,1,True,0,8,1,tactical
Tal.pgn,Tal,black,"Zaitsev, Alexander N",URS-ch30,Yerevan,1962.??.??,1962,?,"Zaitsev, Alexander N","Tal, Mihail",,,1/2-1/2,draw,draw,A67,,99,49.5,22,12,2,0,True,True,11,6,True,0,11,6,tactical
Tal.pgn,Tal,black,"Khodos, German",URS-ch30,Yerevan,1962.??.??,1962,?,"Khodos, German","Tal, Mihail",,,0-1,black_win,win,D25,,46,23.0,14,2,0,0,False,False,6,1,False,0,8,1,tactical
Tal.pgn,Tal,black,"Kholmov, Ratmir D",URS-ch30,Yerevan,1962.??.??,1962,?,"Kholmov, Ratmir D","Tal, Mihail",,,0-1,black_win,win,B70,,84,42.0,14,3,2,0,True,True,8,1,True,0,6,2,tactical
Tal.pgn,Tal,black,"Stein, Leonid",URS-ch30,Yerevan,1962.??.??,1962,?,"Stein, Leonid","Tal, Mihail",,,1/2-1/2,draw,draw,B47,,83,41.5,18,2,2,0,True,True,9,0,True,0,9,2,tactical
Tal.pgn,Tal,black,"Spassky, Boris V",URS-ch30,Yerevan,1962.??.??,1962,?,"Spassky, Boris V","Tal, Mihail",,,1/2-1/2,draw,draw,D41,,53,26.5,10,1,2,0,True,True,5,0,True,0,5,1,tactical
Tal.pgn,Tal,white,"Aronin, Lev Solomonovich",URS-ch30,Yerevan,1962.??.??,1962,?,"Tal, Mihail","Aronin, Lev Solomonovich",,,0-1,black_win,loss,B37,,74,37.0,15,10,2,0,True,True,8,2,True,0,7,8,tactical
Tal.pgn,Tal,white,"Bannik, Anatoly",URS-ch30,Yerevan,1962.??.??,1962,?,"Tal, Mihail","Bannik, Anatoly",,,1-0,white_win,win,C87,,55,27.5,17,3,2,0,True,True,7,2,True,0,10,1,tactical
Tal.pgn,Tal,white,"Krogius, Nikolai V",URS-ch30,Yerevan,1962.??.??,1962,?,"Tal, Mihail","Krogius, Nikolai V",,,1-0,white_win,win,C89,,73,36.5,19,1,2,0,True,True,9,1,True,0,10,0,tactical
Tal.pgn,Tal,black,"Hindle, Owen M",Hastings6364,Hastings,1963.??.??,1963,1,"Hindle, Owen M","Tal, Mihail",,,0-1,black_win,win,B43,,104,52.0,19,4,2,0,True,True,10,3,True,0,9,1,tactical
Tal.pgn,Tal,white,"Gligoric, Svetozar",Hastings6364,Hastings,1963.??.??,1963,2,"Tal, Mihail","Gligoric, Svetozar",,,1/2-1/2,draw,draw,C87,,69,34.5,15,1,2,0,True,True,7,1,True,0,8,0,tactical
Tal.pgn,Tal,black,"Bely, Miklos",Hastings6364,Hastings,1963.??.??,1963,3,"Bely, Miklos","Tal, Mihail",,,1/2-1/2,draw,draw,B41,,60,30.0,9,0,2,0,True,True,4,0,True,0,5,0,tactical
Tal.pgn,Tal,white,"Brinck Claussen, Bjorn",Hastings6364,Hastings,1963.??.??,1963,4,"Tal, Mihail","Brinck Claussen, Bjorn",,,1-0,white_win,win,C76,,63,31.5,13,0,2,0,True,True,6,0,True,0,7,0,tactical
Tal.pgn,Tal,black,"Khasin, Alexander",Hastings6364,Hastings,1963.??.??,1963,5,"Khasin, Alexander","Tal, Mihail",,,1/2-1/2,draw,draw,E90,,60,30.0,14,1,2,0,True,True,7,1,True,0,7,0,tactical
Tal.pgn,Tal,white,"Littlewood, John Eric",Hastings6364,Hastings,1963.??.??,1963,6,"Tal, Mihail","Littlewood, John Eric",,,1-0,white_win,win,C75,,71,35.5,19,2,2,0,True,True,10,2,True,0,9,0,tactical
Tal.pgn,Tal,black,"Littlewood, Norman",Hastings6364,Hastings,1963.??.??,1963,7,"Littlewood, Norman","Tal, Mihail",,,0-1,black_win,win,C91,,64,32.0,13,2,2,0,True,True,7,2,True,0,6,0,tactical
Tal.pgn,Tal,white,"Franklin, Michael J",Hastings6364,Hastings,1963.??.??,1963,8,"Tal, Mihail","Franklin, Michael J",,,1-0,white_win,win,B43,,99,49.5,25,6,1,0,True,False,13,5,True,0,12,1,tactical
Tal.pgn,Tal,black,"Lengyel, Levente",Hastings6364,Hastings,1963.??.??,1963,9,"Lengyel, Levente","Tal, Mihail",,,1/2-1/2,draw,draw,E09,,60,30.0,16,1,2,0,True,True,8,0,True,0,8,1,tactical
Tal.pgn,Tal,black,"Pachman, Ludek",Capablanca mem,Havana,1963.??.??,1963,1,"Pachman, Ludek","Tal, Mihail",,,1/2-1/2,draw,draw,E82,,79,39.5,18,5,2,0,True,True,9,1,True,0,9,4,tactical
Tal.pgn,Tal,white,"Jimenez Zerquera, Eleazar",Capablanca mem,Havana,1963.??.??,1963,2,"Tal, Mihail","Jimenez Zerquera, Eleazar",,,1-0,white_win,win,C55,,97,48.5,22,2,2,0,True,True,12,1,True,0,10,1,tactical
Tal.pgn,Tal,black,"Barcza, Gedeon",Capablanca mem,Havana,1963.??.??,1963,3,"Barcza, Gedeon","Tal, Mihail",,,0-1,black_win,win,A04,,90,45.0,23,9,2,0,True,True,12,6,True,0,11,3,tactical
Tal.pgn,Tal,black,"O'Kelly de Galway, Alberic",Capablanca mem,Havana,1963.??.??,1963,4,"O'Kelly de Galway, Alberic","Tal, Mihail",,,1/2-1/2,draw,draw,B48,,87,43.5,18,3,1,0,True,False,10,2,False,0,8,1,tactical
Tal.pgn,Tal,white,"Perez Perez, Francisco Jose",Capablanca mem,Havana,1963.??.??,1963,5,"Tal, Mihail","Perez Perez, Francisco Jose",,,1-0,white_win,win,B48,,59,29.5,12,2,2,0,True,True,7,1,True,0,5,1,tactical
Tal.pgn,Tal,black,"De Greiff, Boris",Capablanca mem,Havana,1963.??.??,1963,6,"De Greiff, Boris","Tal, Mihail",,,0-1,black_win,win,E91,,102,51.0,18,12,2,0,True,True,9,12,True,0,9,0,tactical
Tal.pgn,Tal,white,"Trifunovic, Petar",Capablanca mem,Havana,1963.??.??,1963,7,"Tal, Mihail","Trifunovic, Petar",,,0-1,black_win,loss,C32,,52,26.0,12,7,0,0,False,False,5,1,False,0,7,6,tactical
Tal.pgn,Tal,black,"Kortschnoj, Viktor",Capablanca mem,Havana,1963.??.??,1963,8,"Kortschnoj, Viktor","Tal, Mihail",,,1/2-1/2,draw,draw,D47,,76,38.0,17,2,2,0,True,True,8,1,True,0,9,1,tactical
Tal.pgn,Tal,white,"Robatsch, Karl",Capablanca mem,Havana,1963.??.??,1963,9,"Tal, Mihail","Robatsch, Karl",,,1-0,white_win,win,C94,,81,40.5,13,1,2,0,True,True,7,0,True,0,6,1,tactical
Tal.pgn,Tal,black,"Ivkov, Borislav",Capablanca mem,Havana,1963.??.??,1963,10,"Ivkov, Borislav","Tal, Mihail",,,1-0,white_win,loss,E65,,83,41.5,18,2,2,0,True,True,9,1,True,0,9,1,tactical
Tal.pgn,Tal,white,"Wade, Robert Graham",Capablanca mem,Havana,1963.??.??,1963,11,"Tal, Mihail","Wade, Robert Graham",,,1-0,white_win,win,B49,,71,35.5,16,0,2,0,True,True,9,0,True,0,7,0,tactical
Tal.pgn,Tal,black,"Geller, Efim P",Capablanca mem,Havana,1963.??.??,1963,12,"Geller, Efim P","Tal, Mihail",,,0-1,black_win,win,C88,,174,87.0,26,7,2,0,True,True,14,3,True,0,12,4,tactical
Tal.pgn,Tal,white,"Letelier, Rene",Capablanca mem,Havana,1963.??.??,1963,13,"Tal, Mihail","Letelier, Rene",,,1-0,white_win,win,C75,,55,27.5,15,6,1,0,True,False,8,5,True,0,7,1,tactical
Tal.pgn,Tal,black,"Calero, Ivan",Capablanca mem,Havana,1963.??.??,1963,14,"Calero, Ivan","Tal, Mihail",,,1-0,white_win,loss,A64,,143,71.5,25,12,2,0,True,True,11,3,True,0,14,9,tactical
Tal.pgn,Tal,white,"Uhlmann, Wolfgang",Capablanca mem,Havana,1963.??.??,1963,15,"Tal, Mihail","Uhlmann, Wolfgang",,,1-0,white_win,win,E62,,105,52.5,25,7,1,0,True,False,13,4,True,0,12,3,tactical
Tal.pgn,Tal,black,"Garcia, Gilberto",Capablanca mem,Havana,1963.??.??,1963,16,"Garcia, Gilberto","Tal, Mihail",,,0-1,black_win,win,A61,,82,41.0,14,2,0,0,False,False,7,1,False,0,7,1,tactical
Tal.pgn,Tal,white,"Bobotsov, Milko G",Capablanca mem,Havana,1963.??.??,1963,17,"Tal, Mihail","Bobotsov, Milko G",,,1-0,white_win,win,B94,,83,41.5,19,3,2,0,True,True,10,2,True,0,9,1,tactical
Tal.pgn,Tal,black,"Cobo Arteaga, Eldis",Capablanca mem,Havana,1963.??.??,1963,18,"Cobo Arteaga, Eldis","Tal, Mihail",,,1/2-1/2,draw,draw,E60,,78,39.0,17,5,2,0,True,True,10,5,True,0,7,0,tactical
Tal.pgn,Tal,white,"Darga, Klaus",Capablanca mem,Havana,1963.??.??,1963,19,"Tal, Mihail","Darga, Klaus",,,1-0,white_win,win,C65,,95,47.5,18,5,1,0,True,False,10,2,True,0,8,3,tactical
Tal.pgn,Tal,black,"Ortega, Rogelio",Capablanca mem,Havana,1963.??.??,1963,20,"Ortega, Rogelio","Tal, Mihail",,,0-1,black_win,win,B56,,46,23.0,6,1,2,0,True,True,4,0,True,0,2,1,tactical
Tal.pgn,Tal,white,"Broderman, J.",Capablanca mem,Havana,1963.??.??,1963,21,"Tal, Mihail","Broderman, J.",,,1-0,white_win,win,B15,,41,20.5,11,7,1,0,True,False,5,7,True,0,6,0,tactical
Tal.pgn,Tal,black,"Paoli, Enrico",Asztalos mem,Miskolc,1963.??.??,1963,1,"Paoli, Enrico","Tal, Mihail",,,0-1,black_win,win,B43,,40,20.0,7,0,2,0,True,True,4,0,True,0,3,0,tactical
Tal.pgn,Tal,white,"Filip, Miroslav",Asztalos mem,Miskolc,1963.??.??,1963,2,"Tal, Mihail","Filip, Miroslav",,,1-0,white_win,win,C50,,83,41.5,17,3,2,0,True,True,9,1,True,0,8,2,tactical
Tal.pgn,Tal,black,"Brzozka, Stefan",Asztalos mem,Miskolc,1963.??.??,1963,3,"Brzozka, Stefan","Tal, Mihail",,,0-1,black_win,win,E68,,62,31.0,12,0,2,0,True,True,7,0,True,0,5,0,tactical
Tal.pgn,Tal,white,"Ghitescu, Theodor",Asztalos mem,Miskolc,1963.??.??,1963,4,"Tal, Mihail","Ghitescu, Theodor",,,1-0,white_win,win,C93,,81,40.5,18,4,2,0,True,True,10,2,True,0,8,2,tactical
Tal.pgn,Tal,black,"Flesch, Janos",Asztalos mem,Miskolc,1963.??.??,1963,5,"Flesch, Janos","Tal, Mihail",,,1/2-1/2,draw,draw,A04,,81,40.5,21,2,2,0,True,True,11,2,True,0,10,0,tactical
Tal.pgn,Tal,white,"Szabo, Laszlo",Asztalos mem,Miskolc,1963.??.??,1963,6,"Tal, Mihail","Szabo, Laszlo",,,1/2-1/2,draw,draw,C92,,40,20.0,8,0,2,0,True,True,4,0,True,0,4,0,tactical
Tal.pgn,Tal,black,"Barczay, Laszlo",Asztalos mem,Miskolc,1963.??.??,1963,7,"Barczay, Laszlo","Tal, Mihail",,,0-1,black_win,win,E23,,64,32.0,18,7,2,0,True,True,10,6,True,0,8,1,tactical
Tal.pgn,Tal,white,"Lengyel, Laszlo",Asztalos mem,Miskolc,1963.??.??,1963,8,"Tal, Mihail","Lengyel, Laszlo",,,1/2-1/2,draw,draw,D41,,180,90.0,26,10,2,0,True,True,13,3,True,0,13,7,tactical
Tal.pgn,Tal,black,"Bronstein, David I",Asztalos mem,Miskolc,1963.??.??,1963,9,"Bronstein, David I","Tal, Mihail",,,1/2-1/2,draw,draw,D22,,31,15.5,8,0,2,0,True,True,4,0,True,0,4,0,tactical
Tal.pgn,Tal,white,"Forintos, Gyozo V",Asztalos mem,Miskolc,1963.??.??,1963,10,"Tal, Mihail","Forintos, Gyozo V",,,1-0,white_win,win,C92,,69,34.5,15,2,2,0,True,True,8,0,True,0,7,2,tactical
Tal.pgn,Tal,black,"Lokvenc, Josef",Asztalos mem,Miskolc,1963.??.??,1963,11,"Lokvenc, Josef","Tal, Mihail",,,0-1,black_win,win,A78,,82,41.0,20,8,2,0,True,True,10,5,True,0,10,3,tactical
Tal.pgn,Tal,white,"Dely, Peter",Asztalos mem,Miskolc,1963.??.??,1963,12,"Tal, Mihail","Dely, Peter",,,1-0,white_win,win,C91,,91,45.5,23,6,2,0,True,True,12,6,True,0,11,0,tactical
Tal.pgn,Tal,black,"Honfi, Karoly",Asztalos mem,Miskolc,1963.??.??,1963,13,"Honfi, Karoly","Tal, Mihail",,,0-1,black_win,win,B47,,80,40.0,18,1,2,0,True,True,9,1,True,0,9,0,tactical
Tal.pgn,Tal,white,"Bilek, Istvan",Asztalos mem,Miskolc,1963.??.??,1963,14,"Tal, Mihail","Bilek, Istvan",,,1-0,white_win,win,B08,,59,29.5,14,1,2,0,True,True,7,0,True,0,7,1,tactical
Tal.pgn,Tal,black,"Fuchs, Reinhart",Asztalos mem,Miskolc,1963.??.??,1963,15,"Fuchs, Reinhart","Tal, Mihail",,,1/2-1/2,draw,draw,D40,,31,15.5,12,0,0,0,False,False,6,0,False,0,6,0,tactical
Tal.pgn,Tal,white,"Keres, Paul",URS-chT,Moscow,1963.??.??,1963,?,"Tal, Mihail","Keres, Paul",,,1/2-1/2,draw,draw,E18,,36,18.0,10,0,2,0,True,True,5,0,True,0,5,0,tactical
Tal.pgn,Tal,white,"Grushevsky, Alexander V",URS-chT,Moscow,1963.??.??,1963,?,"Tal, Mihail","Grushevsky, Alexander V",,,1-0,white_win,win,C96,,38,19.0,4,0,2,0,True,True,2,0,True,0,2,0,tactical
Tal.pgn,Tal,black,"Gurgenidze, Bukhuti",URS-chT,Moscow,1963.??.??,1963,?,"Gurgenidze, Bukhuti","Tal, Mihail",,,0-1,black_win,win,B43,,126,63.0,26,9,1,0,False,True,13,1,True,0,13,8,tactical
Tal.pgn,Tal,white,"Lutikov, Anatoly S",URS-chT,Moscow,1963.??.??,1963,?,"Tal, Mihail","Lutikov, Anatoly S",,,0-1,black_win,loss,C79,,74,37.0,15,5,2,0,True,True,6,5,True,0,9,0,tactical
Tal.pgn,Tal,white,"Ustinov, Georgy I",URS-chT,Moscow,1963.??.??,1963,?,"Tal, Mihail","Ustinov, Georgy I",,,1-0,white_win,win,B83,,65,32.5,11,1,2,0,True,True,6,1,True,0,5,0,tactical
Tal.pgn,Tal,black,"Petrosian, Tigran V",URS-chT,Moscow,1963.??.??,1963,?,"Petrosian, Tigran V","Tal, Mihail",,,1-0,white_win,loss,D41,,100,50.0,25,4,2,0,True,True,12,0,True,0,13,4,tactical
Tal.pgn,Tal,black,"Mnatsakanian, Eduard A",URS-chT,Moscow,1963.??.??,1963,?,"Mnatsakanian, Eduard A","Tal, Mihail",,,0-1,black_win,win,B41,,112,56.0,21,3,1,0,True,False,11,2,False,0,10,1,tactical
Tal.pgn,Tal,white,Hetman,URS-chT,Moscow,1963.??.??,1963,?,"Tal, Mihail",Hetman,,,1-0,white_win,win,B85,,59,29.5,13,3,1,0,True,False,7,2,True,0,6,1,tactical
Tal.pgn,Tal,white,"Kuijpers, Franciscus Antonius",Alekhine mem,Moscow,1963.??.??,1963,1,"Tal, Mihail","Kuijpers, Franciscus Antonius",,,1-0,white_win,win,C87,,73,36.5,18,7,2,0,True,True,9,7,True,0,9,0,tactical
Tal.pgn,Tal,black,"Antoshin, Vladimir S",Alekhine mem,Moscow,1963.??.??,1963,2,"Antoshin, Vladimir S","Tal, Mihail",,,1/2-1/2,draw,draw,E55,,60,30.0,16,1,2,0,True,True,8,0,True,0,8,1,tactical
Tal.pgn,Tal,white,"Keres, Paul",Alekhine mem,Moscow,1963.??.??,1963,3,"Tal, Mihail","Keres, Paul",,,1/2-1/2,draw,draw,C96,,96,48.0,20,2,2,0,True,True,11,1,True,0,9,1,tactical
Tal.pgn,Tal,white,"Simagin, Vladimir",Alekhine mem,Moscow,1963.??.??,1963,4,"Tal, Mihail","Simagin, Vladimir",,,1-0,white_win,win,B15,,67,33.5,14,4,2,0,True,True,7,1,True,0,7,3,tactical
Tal.pgn,Tal,black,"Balcerowski, Witold",Alekhine mem,Moscow,1963.??.??,1963,5,"Balcerowski, Witold","Tal, Mihail",,,1/2-1/2,draw,draw,E84,,111,55.5,24,10,2,0,True,True,12,5,True,0,12,5,tactical
Tal.pgn,Tal,white,"Gligoric, Svetozar",Alekhine mem,Moscow,1963.??.??,1963,6,"Tal, Mihail","Gligoric, Svetozar",,,1-0,white_win,win,B99,,85,42.5,20,5,2,0,True,True,9,2,True,0,11,3,tactical
Tal.pgn,Tal,black,"Smyslov, Vassily",Alekhine mem,Moscow,1963.??.??,1963,7,"Smyslov, Vassily","Tal, Mihail",,,1/2-1/2,draw,draw,A30,,85,42.5,18,5,1,0,True,False,9,1,False,0,9,4,tactical
Tal.pgn,Tal,white,"Jimenez Zerquera, Eleazar",Alekhine mem,Moscow,1963.??.??,1963,8,"Tal, Mihail","Jimenez Zerquera, Eleazar",,,1-0,white_win,win,C73,,61,30.5,8,1,2,0,True,True,5,1,True,0,3,0,tactical
Tal.pgn,Tal,black,"Hort, Vlastimil",Alekhine mem,Moscow,1963.??.??,1963,9,"Hort, Vlastimil","Tal, Mihail",,,1/2-1/2,draw,draw,B43,,93,46.5,23,5,1,0,False,True,12,4,True,0,11,1,tactical
Tal.pgn,Tal,white,"Vladimirov, Boris T",Alekhine mem,Moscow,1963.??.??,1963,10,"Tal, Mihail","Vladimirov, Boris T",,,1-0,white_win,win,B41,,133,66.5,18,13,2,0,True,True,10,12,True,0,8,1,tactical
Tal.pgn,Tal,black,"Szabo, Laszlo",Alekhine mem,Moscow,1963.??.??,1963,11,"Szabo, Laszlo","Tal, Mihail",,,1/2-1/2,draw,draw,E78,,69,34.5,22,7,2,0,True,True,12,2,True,0,10,5,tactical
Tal.pgn,Tal,white,"Padevsky, Nikola",Alekhine mem,Moscow,1963.??.??,1963,12,"Tal, Mihail","Padevsky, Nikola",,,1-0,white_win,win,C16,,55,27.5,10,0,2,0,True,True,5,0,True,0,5,0,tactical
Tal.pgn,Tal,black,"Liberzon, Vladimir M",Alekhine mem,Moscow,1963.??.??,1963,13,"Liberzon, Vladimir M","Tal, Mihail",,,1-0,white_win,loss,E51,,107,53.5,22,7,1,0,False,True,10,4,True,0,12,3,tactical
Tal.pgn,Tal,white,"Matanovic, Aleksandar",Alekhine mem,Moscow,1963.??.??,1963,14,"Tal, Mihail","Matanovic, Aleksandar",,,1-0,white_win,win,C97,,59,29.5,15,2,2,0,True,True,8,2,True,0,7,0,tactical
Tal.pgn,Tal,black,"Pietzsch, Wolfgang",Alekhine mem,Moscow,1963.??.??,1963,15,"Pietzsch, Wolfgang","Tal, Mihail",,,1/2-1/2,draw,draw,B47,,37,18.5,12,1,2,0,True,True,6,0,True,0,6,1,tactical
Tal.pgn,Tal,black,"Bronstein, David I",Amsterdam Interzonal,Amsterdam,1964.??.??,1964,1,"Bronstein, David I","Tal, Mihail",,,1/2-1/2,draw,draw,C28,,60,30.0,10,1,1,0,False,True,5,1,True,0,5,0,tactical
Tal.pgn,Tal,black,"Portisch, Lajos",Amsterdam Interzonal,Amsterdam,1964.??.??,1964,2,"Portisch, Lajos","Tal, Mihail",,,1/2-1/2,draw,draw,E62,,74,37.0,15,1,2,0,True,True,9,1,True,0,6,0,tactical
Tal.pgn,Tal,white,"Stein, Leonid",Amsterdam Interzonal,Amsterdam,1964.??.??,1964,3,"Tal, Mihail","Stein, Leonid",,,1/2-1/2,draw,draw,B14,,62,31.0,14,1,2,0,True,True,7,0,True,0,7,1,tactical
Tal.pgn,Tal,black,"Spassky, Boris V",Amsterdam Interzonal,Amsterdam,1964.??.??,1964,4,"Spassky, Boris V","Tal, Mihail",,,1/2-1/2,draw,draw,C96,,69,34.5,14,1,2,0,True,True,7,0,True,0,7,1,tactical
Tal.pgn,Tal,white,"Smyslov, Vassily",Amsterdam Interzonal,Amsterdam,1964.??.??,1964,5,"Tal, Mihail","Smyslov, Vassily",,,1/2-1/2,draw,draw,C96,,73,36.5,18,0,2,0,True,True,9,0,True,0,9,0,tactical
Tal.pgn,Tal,black,"Pachman, Ludek",Amsterdam Interzonal,Amsterdam,1964.??.??,1964,6,"Pachman, Ludek","Tal, Mihail",,,0-1,black_win,win,B20,,38,19.0,7,1,2,0,True,True,3,1,True,0,4,0,tactical
Tal.pgn,Tal,white,"Foguelman, Alberto",Amsterdam Interzonal,Amsterdam,1964.??.??,1964,7,"Tal, Mihail","Foguelman, Alberto",,,1-0,white_win,win,B18,,99,49.5,20,9,2,0,True,True,9,6,True,0,11,3,tactical
Tal.pgn,Tal,black,"Gligoric, Svetozar",Amsterdam Interzonal,Amsterdam,1964.??.??,1964,8,"Gligoric, Svetozar","Tal, Mihail",,,1/2-1/2,draw,draw,C96,,78,39.0,18,1,2,0,True,True,9,1,True,0,9,0,tactical
Tal.pgn,Tal,white,"Porath, Yosef",Amsterdam Interzonal,Amsterdam,1964.??.??,1964,9,"Tal, Mihail","Porath, Yosef",,,1-0,white_win,win,C09,,79,39.5,19,3,2,0,True,True,10,3,True,0,9,0,tactical
Tal.pgn,Tal,black,"Perez Perez, Francisco Jose",Amsterdam Interzonal,Amsterdam,1964.??.??,1964,10,"Perez Perez, Francisco Jose","Tal, Mihail",,,0-1,black_win,win,B30,,134,67.0,21,17,2,0,True,True,11,12,True,0,10,5,tactical
Tal.pgn,Tal,white,"Benko, Pal C",Amsterdam Interzonal,Amsterdam,1964.??.??,1964,11,"Tal, Mihail","Benko, Pal C",,,1-0,white_win,win,B17,,41,20.5,11,1,1,0,True,False,5,1,True,0,6,0,tactical
Tal.pgn,Tal,black,"Berger, Bela",Amsterdam Interzonal,Amsterdam,1964.??.??,1964,12,"Berger, Bela","Tal, Mihail",,,0-1,black_win,win,A49,,54,27.0,13,0,2,0,True,True,7,0,True,0,6,0,tactical
Tal.pgn,Tal,white,"Bilek, Istvan",Amsterdam Interzonal,Amsterdam,1964.??.??,1964,13,"Tal, Mihail","Bilek, Istvan",,,1-0,white_win,win,B94,,45,22.5,10,4,1,0,True,False,5,3,True,0,5,1,tactical
Tal.pgn,Tal,black,"Lengyel, Levente",Amsterdam Interzonal,Amsterdam,1964.??.??,1964,14,"Lengyel, Levente","Tal, Mihail",,,1/2-1/2,draw,draw,A39,,116,58.0,27,5,2,0,True,True,14,3,True,0,13,2,tactical
Tal.pgn,Tal,white,"Reshevsky, Samuel Herman",Amsterdam Interzonal,Amsterdam,1964.??.??,1964,15,"Tal, Mihail","Reshevsky, Samuel Herman",,,1/2-1/2,draw,draw,C96,,68,34.0,15,0,2,0,True,True,8,0,True,0,7,0,tactical
Tal.pgn,Tal,black,"Evans, Larry Melvyn",Amsterdam Interzonal,Amsterdam,1964.??.??,1964,16,"Evans, Larry Melvyn","Tal, Mihail",,,0-1,black_win,win,B43,,96,48.0,23,10,2,0,True,True,11,10,True,0,12,0,tactical
Tal.pgn,Tal,white,"Vranesic, Zvonko",Amsterdam Interzonal,Amsterdam,1964.??.??,1964,17,"Tal, Mihail","Vranesic, Zvonko",,,1-0,white_win,win,B43,,59,29.5,11,0,2,0,True,True,6,0,True,0,5,0,tactical
Tal.pgn,Tal,black,"Ivkov, Borislav",Amsterdam Interzonal,Amsterdam,1964.??.??,1964,18,"Ivkov, Borislav","Tal, Mihail",,,1/2-1/2,draw,draw,A37,,54,27.0,16,6,2,0,True,True,8,0,True,0,8,6,tactical
Tal.pgn,Tal,white,"Rossetto, Hector",Amsterdam Interzonal,Amsterdam,1964.??.??,1964,19,"Tal, Mihail","Rossetto, Hector",,,1/2-1/2,draw,draw,C43,,88,44.0,16,7,2,0,True,True,8,2,True,0,8,5,tactical
Tal.pgn,Tal,black,"Larsen, Bent",Amsterdam Interzonal,Amsterdam,1964.??.??,1964,20,"Larsen, Bent","Tal, Mihail",,,1/2-1/2,draw,draw,B21,,61,30.5,18,4,2,0,True,True,9,4,True,0,9,0,tactical
Tal.pgn,Tal,white,"Quinones, Oscar Carillo",Amsterdam Interzonal,Amsterdam,1964.??.??,1964,21,"Tal, Mihail","Quinones, Oscar Carillo",,,1-0,white_win,win,C65,,57,28.5,10,0,2,0,True,True,5,0,True,0,5,0,tactical
Tal.pgn,Tal,black,"Darga, Klaus",Amsterdam Interzonal,Amsterdam,1964.??.??,1964,22,"Darga, Klaus","Tal, Mihail",,,1/2-1/2,draw,draw,C96,,60,30.0,12,1,2,0,True,True,6,0,True,0,6,1,tactical
Tal.pgn,Tal,white,"Tringov, Georgi P",Amsterdam Interzonal,Amsterdam,1964.??.??,1964,23,"Tal, Mihail","Tringov, Georgi P",,,1-0,white_win,win,B06,,33,16.5,6,3,1,0,True,False,2,3,True,0,4,0,tactical
Tal.pgn,Tal,white,"Vasiukov, Evgeni",URS-ch32,Kiev,1964.??.??,1964,?,"Tal, Mihail","Vasiukov, Evgeni",,,1-0,white_win,win,B17,,115,57.5,21,8,2,0,True,True,11,6,True,0,10,2,tactical
Tal.pgn,Tal,white,"Stein, Leonid",URS-ch32,Kiev,1964.??.??,1964,?,"Tal, Mihail","Stein, Leonid",,,1/2-1/2,draw,draw,C92,,59,29.5,11,0,2,0,True,True,6,0,True,0,5,0,tactical
Tal.pgn,Tal,white,"Shamkovich, Leonid",URS-ch32,Kiev,1964.??.??,1964,?,"Tal, Mihail","Shamkovich, Leonid",,,1-0,white_win,win,C87,,83,41.5,15,1,2,1,True,True,8,1,True,1,7,0,tactical
Tal.pgn,Tal,white,"Sakharov, Yury N",URS-ch32,Kiev,1964.??.??,1964,?,"Tal, Mihail","Sakharov, Yury N",,,1-0,white_win,win,B97,,82,41.0,14,3,2,0,True,True,7,3,True,0,7,0,tactical
Tal.pgn,Tal,white,"Petersons, Andrejs",URS-ch32,Kiev,1964.??.??,1964,?,"Tal, Mihail","Petersons, Andrejs",,,1/2-1/2,draw,draw,B50,,74,37.0,15,1,2,0,True,True,7,0,True,0,8,1,tactical
Tal.pgn,Tal,white,"Osnos, Viatcheslav",URS-ch32,Kiev,1964.??.??,1964,?,"Tal, Mihail","Osnos, Viatcheslav",,,1-0,white_win,win,C43,,79,39.5,17,2,2,0,True,True,9,0,True,0,8,2,tactical
Tal.pgn,Tal,white,"Ljavdansky, Vladimir",URS-ch32,Kiev,1964.??.??,1964,?,"Tal, Mihail","Ljavdansky, Vladimir",,,1-0,white_win,win,B83,,81,40.5,17,9,2,1,True,True,9,5,True,1,8,4,tactical
Tal.pgn,Tal,white,"Krogius, Nikolai V",URS-ch32,Kiev,1964.??.??,1964,?,"Tal, Mihail","Krogius, Nikolai V",,,1-0,white_win,win,C95,,96,48.0,19,4,2,0,True,True,10,1,True,0,9,3,tactical
Tal.pgn,Tal,white,"Bronstein, David I",URS-ch32,Kiev,1964.??.??,1964,?,"Tal, Mihail","Bronstein, David I",,,0-1,black_win,loss,C18,,84,42.0,21,9,1,0,True,False,11,5,True,0,10,4,tactical
Tal.pgn,Tal,white,"Averbakh, Yuri L",URS-ch32,Kiev,1964.??.??,1964,?,"Tal, Mihail","Averbakh, Yuri L",,,1-0,white_win,win,C92,,67,33.5,15,0,2,0,True,True,8,0,True,0,7,0,tactical
Tal.pgn,Tal,black,"Suetin, Alexey S",URS-ch32,Kiev,1964.??.??,1964,?,"Suetin, Alexey S","Tal, Mihail",,,0-1,black_win,win,C96,,94,47.0,22,2,2,0,True,True,11,1,True,0,11,1,tactical
Tal.pgn,Tal,black,"Goldenov, Boris Petrovich",URS-ch32,Kiev,1964.??.??,1964,?,"Goldenov, Boris Petrovich","Tal, Mihail",,,1/2-1/2,draw,draw,B40,,112,56.0,24,4,2,0,True,True,12,1,True,0,12,3,tactical
Tal.pgn,Tal,black,"Kholmov, Ratmir D",URS-ch32,Kiev,1964.??.??,1964,?,"Kholmov, Ratmir D","Tal, Mihail",,,1/2-1/2,draw,draw,B26,,48,24.0,6,1,2,0,True,True,3,1,True,0,3,0,tactical
Tal.pgn,Tal,black,"Kortschnoj, Viktor",URS-ch32,Kiev,1964.??.??,1964,?,"Kortschnoj, Viktor","Tal, Mihail",,,1-0,white_win,loss,D42,,185,92.5,27,19,2,0,True,True,13,4,True,0,14,15,tactical
Tal.pgn,Tal,black,"Lein, Anatoly",URS-ch32,Kiev,1964.??.??,1964,?,"Lein, Anatoly","Tal, Mihail",,,1/2-1/2,draw,draw,B40,,85,42.5,23,2,2,0,True,True,11,2,True,0,12,0,tactical
Tal.pgn,Tal,black,"Lutikov, Anatoly S",URS-ch32,Kiev,1964.??.??,1964,?,"Lutikov, Anatoly S","Tal, Mihail",,,1-0,white_win,loss,B48,,67,33.5,15,6,2,1,True,True,7,2,True,0,8,4,tactical
Tal.pgn,Tal,black,"Borisenko, Georgy K",URS-ch32,Kiev,1964.??.??,1964,?,"Borisenko, Georgy K","Tal, Mihail",,,1/2-1/2,draw,draw,A53,,107,53.5,25,11,0,0,False,False,12,5,False,0,13,6,tactical
Tal.pgn,Tal,black,"Bannik, Anatoly",URS-ch32,Kiev,1964.??.??,1964,?,"Bannik, Anatoly","Tal, Mihail",,,1/2-1/2,draw,draw,B47,,81,40.5,19,4,2,0,True,True,10,3,True,0,9,1,tactical
Tal.pgn,Tal,black,"Bakulin, Nikolay I",URS-ch32,Kiev,1964.??.??,1964,?,"Bakulin, Nikolay I","Tal, Mihail",,,0-1,black_win,win,B40,,81,40.5,17,1,2,0,True,True,9,1,True,0,8,0,tactical
Tal.pgn,Tal,black,"Bykhovsky, Anatoly A",Kislovodsk,Kislovodsk,1964.??.??,1964,?,"Bykhovsky, Anatoly A","Tal, Mihail",,,0-1,black_win,win,B84,,78,39.0,17,3,2,0,True,True,9,2,True,0,8,1,tactical
Tal.pgn,Tal,black,"Kluger, Gyula",Kislovodsk,Kislovodsk,1964.??.??,1964,?,"Kluger, Gyula","Tal, Mihail",,,1-0,white_win,loss,A43,,117,58.5,21,18,2,0,True,True,10,7,True,0,11,11,tactical
Tal.pgn,Tal,black,"Khasin, Abram",Kislovodsk,Kislovodsk,1964.??.??,1964,?,"Khasin, Abram","Tal, Mihail",,,0-1,black_win,win,E97,,132,66.0,25,9,2,0,True,True,13,9,True,0,12,0,tactical
Tal.pgn,Tal,white,"Fuchs, Reinhart",Kislovodsk,Kislovodsk,1964.??.??,1964,?,"Tal, Mihail","Fuchs, Reinhart",,,1-0,white_win,win,D10,,85,42.5,22,5,1,0,False,True,11,3,False,0,11,2,tactical
Tal.pgn,Tal,white,"Fichtl, Jiri",Kislovodsk,Kislovodsk,1964.??.??,1964,?,"Tal, Mihail","Fichtl, Jiri",,,1-0,white_win,win,D36,,79,39.5,13,1,2,0,True,True,6,0,True,0,7,1,tactical
Tal.pgn,Tal,white,"Ciocaltea, Victor",Kislovodsk,Kislovodsk,1964.??.??,1964,?,"Tal, Mihail","Ciocaltea, Victor",,,1-0,white_win,win,C72,,51,25.5,13,1,2,0,True,True,7,1,True,0,6,0,tactical
Tal.pgn,Tal,white,"Bradvarevic, Aleksandar",Kislovodsk,Kislovodsk,1964.??.??,1964,?,"Tal, Mihail","Bradvarevic, Aleksandar",,,1/2-1/2,draw,draw,B65,,108,54.0,24,7,2,0,True,True,12,4,True,0,12,3,tactical
Tal.pgn,Tal,black,"Stein, Leonid",Kislovodsk,Kislovodsk,1964.??.??,1964,?,"Stein, Leonid","Tal, Mihail",,,1/2-1/2,draw,draw,D40,,60,30.0,16,2,2,0,True,True,8,0,True,0,8,2,tactical
Tal.pgn,Tal,black,"Averbakh, Yuri L",Kislovodsk,Kislovodsk,1964.??.??,1964,?,"Averbakh, Yuri L","Tal, Mihail",,,1/2-1/2,draw,draw,E71,,80,40.0,14,1,2,0,True,True,7,1,True,0,7,0,tactical
Tal.pgn,Tal,white,"Liberzon, Vladimir M",Kislovodsk,Kislovodsk,1964.??.??,1964,?,"Tal, Mihail","Liberzon, Vladimir M",,,1-0,white_win,win,B45,,101,50.5,23,8,2,0,True,True,12,5,True,0,11,3,tactical
Tal.pgn,Tal,white,"Botvinnik, Mikhail",URS Spartakiad,Moscow,1964.??.??,1964,?,"Tal, Mihail","Botvinnik, Mikhail",,,1/2-1/2,draw,draw,B18,,82,41.0,20,5,2,0,True,True,10,1,True,0,10,4,tactical
Tal.pgn,Tal,white,"Borisenko, Georgy K",URS Spartakiad,Moscow,1964.??.??,1964,?,"Tal, Mihail","Borisenko, Georgy K",,,1-0,white_win,win,B68,,83,41.5,17,0,2,0,True,True,9,0,True,0,8,0,tactical
Tal.pgn,Tal,black,"Stein, Leonid",URS Spartakiad,Moscow,1964.??.??,1964,?,"Stein, Leonid","Tal, Mihail",,,1/2-1/2,draw,draw,C96,,38,19.0,6,0,2,0,True,True,3,0,True,0,3,0,tactical
Tal.pgn,Tal,black,"Smyslov, Vassily",URS Spartakiad,Moscow,1964.??.??,1964,?,"Smyslov, Vassily","Tal, Mihail",,,0-1,black_win,win,A36,,144,72.0,25,2,2,0,True,True,13,1,True,0,12,1,tactical
Tal.pgn,Tal,black,"Petrosian, Tigran V",URS Spartakiad,Moscow,1964.??.??,1964,?,"Petrosian, Tigran V","Tal, Mihail",,,1/2-1/2,draw,draw,A06,,96,48.0,20,7,2,0,True,True,10,7,True,0,10,0,tactical
Tal.pgn,Tal,white,"Geller, Efim P",URS Spartakiad,Moscow,1964.??.??,1964,?,"Tal, Mihail","Geller, Efim P",,,1-0,white_win,win,C92,,73,36.5,15,4,2,0,True,True,7,4,True,0,8,0,tactical
Tal.pgn,Tal,black,"Johannessen, Svein",Reykjavik,Reykjavik,1964.??.??,1964,1,"Johannessen, Svein","Tal, Mihail",,,0-1,black_win,win,E76,,30,15.0,4,0,1,0,False,True,3,0,True,0,1,0,tactical
Tal.pgn,Tal,white,"Johannsson, Ingi Randver",Reykjavik,Reykjavik,1964.??.??,1964,2,"Tal, Mihail","Johannsson, Ingi Randver",,,1-0,white_win,win,C96,,51,25.5,15,1,2,0,True,True,8,1,True,0,7,0,tactical
Tal.pgn,Tal,black,"Solmundarson, Magnus",Reykjavik,Reykjavik,1964.??.??,1964,3,"Solmundarson, Magnus","Tal, Mihail",,,0-1,black_win,win,E60,,46,23.0,9,0,2,0,True,True,6,0,True,0,3,0,tactical
Tal.pgn,Tal,white,"Gligoric, Svetozar",Reykjavik,Reykjavik,1964.??.??,1964,4,"Tal, Mihail","Gligoric, Svetozar",,,1-0,white_win,win,C97,,79,39.5,13,2,2,0,True,True,7,2,True,0,6,0,tactical
Tal.pgn,Tal,black,"Kristinsson, Jon",Reykjavik,Reykjavik,1964.??.??,1964,5,"Kristinsson, Jon","Tal, Mihail",,,0-1,black_win,win,B48,,74,37.0,19,6,1,0,True,False,10,6,False,0,9,0,tactical
Tal.pgn,Tal,white,"Wade, Robert Graham",Reykjavik,Reykjavik,1964.??.??,1964,6,"Tal, Mihail","Wade, Robert Graham",,,1-0,white_win,win,B33,,51,25.5,8,0,2,0,True,True,4,0,True,0,4,0,tactical
Tal.pgn,Tal,black,"Palmason, Gundmundur",Reykjavik,Reykjavik,1964.??.??,1964,7,"Palmason, Gundmundur","Tal, Mihail",,,1/2-1/2,draw,draw,D71,,73,36.5,20,4,2,0,True,True,10,3,True,0,10,1,tactical
Tal.pgn,Tal,black,"Bjornsson, T.",Reykjavik,Reykjavik,1964.??.??,1964,8,"Bjornsson, T.","Tal, Mihail",,,0-1,black_win,win,E82,,68,34.0,16,8,1,0,False,True,8,7,True,0,8,1,tactical
Tal.pgn,Tal,white,"Gudmundsson, Arinbjorn",Reykjavik,Reykjavik,1964.??.??,1964,9,"Tal, Mihail","Gudmundsson, Arinbjorn",,,1-0,white_win,win,C99,,83,41.5,22,0,2,0,True,True,11,0,True,0,11,0,tactical
Tal.pgn,Tal,black,"Thorbergsson, Freysteinn",Reykjavik,Reykjavik,1964.??.??,1964,10,"Thorbergsson, Freysteinn","Tal, Mihail",,,0-1,black_win,win,E77,,78,39.0,18,7,2,0,True,True,10,7,True,0,8,0,tactical
Tal.pgn,Tal,white,"Gaprindashvili, Nona",Reykjavik,Reykjavik,1964.??.??,1964,11,"Tal, Mihail","Gaprindashvili, Nona",,,1-0,white_win,win,C99,,83,41.5,18,4,2,0,True,True,10,2,True,0,8,2,tactical
Tal.pgn,Tal,black,"Olafsson, Fridrik",Reykjavik,Reykjavik,1964.??.??,1964,12,"Olafsson, Fridrik","Tal, Mihail",,,0-1,black_win,win,A12,,78,39.0,16,2,2,0,True,True,9,1,True,0,7,1,tactical
Tal.pgn,Tal,white,"Asmundsson, Ingvar",Reykjavik,Reykjavik,1964.??.??,1964,13,"Tal, Mihail","Asmundsson, Ingvar",,,1-0,white_win,win,C16,,85,42.5,14,5,2,0,True,True,7,4,True,0,7,1,tactical
Tal.pgn,Tal,black,"Larsen, Bent",Candidats sf1,Bled,1965.??.??,1965,1,"Larsen, Bent","Tal, Mihail",,,1-0,white_win,loss,E99,,82,41.0,11,0,2,0,True,True,6,0,True,0,5,0,tactical
Tal.pgn,Tal,black,"Portisch, Lajos",Candidats qf1,Bled,1965.??.??,1965,1,"Portisch, Lajos","Tal, Mihail",,,1/2-1/2,draw,draw,A38,,165,82.5,27,5,2,0,True,True,14,5,True,0,13,0,tactical
Tal.pgn,Tal,white,"Larsen, Bent",Candidats sf1,Bled,1965.??.??,1965,2,"Tal, Mihail","Larsen, Bent",,,1-0,white_win,win,C66,,73,36.5,16,0,2,0,True,True,9,0,True,0,7,0,tactical
Tal.pgn,Tal,white,"Portisch, Lajos",Candidats qf1,Bled,1965.??.??,1965,2,"Tal, Mihail","Portisch, Lajos",,,1-0,white_win,win,B10,,53,26.5,15,4,1,0,True,False,8,4,True,0,7,0,tactical
Tal.pgn,Tal,black,"Portisch, Lajos",Candidats qf1,Bled,1965.??.??,1965,3,"Portisch, Lajos","Tal, Mihail",,,1-0,white_win,loss,E52,,87,43.5,17,4,2,0,True,True,8,1,True,0,9,3,tactical
Tal.pgn,Tal,black,"Larsen, Bent",Candidats sf1,Bled,1965.??.??,1965,3,"Larsen, Bent","Tal, Mihail",,,1/2-1/2,draw,draw,A60,,82,41.0,20,3,2,0,True,True,10,1,True,0,10,2,tactical
Tal.pgn,Tal,white,"Portisch, Lajos",Candidats qf1,Bled,1965.??.??,1965,4,"Tal, Mihail","Portisch, Lajos",,,1-0,white_win,win,C11,,63,31.5,16,4,2,0,True,True,9,3,True,0,7,1,tactical
Tal.pgn,Tal,white,"Larsen, Bent",Candidats sf1,Bled,1965.??.??,1965,4,"Tal, Mihail","Larsen, Bent",,,1/2-1/2,draw,draw,B04,,154,77.0,26,15,2,2,True,True,13,10,True,1,13,5,tactical
Tal.pgn,Tal,black,"Portisch, Lajos",Candidats qf1,Bled,1965.??.??,1965,5,"Portisch, Lajos","Tal, Mihail",,,1/2-1/2,draw,draw,E56,,112,56.0,24,13,2,0,True,True,12,5,True,0,12,8,tactical
Tal.pgn,Tal,black,"Larsen, Bent",Candidats sf1,Bled,1965.??.??,1965,5,"Larsen, Bent","Tal, Mihail",,,1-0,white_win,loss,D93,,99,49.5,18,2,2,0,True,True,9,0,True,0,9,2,tactical
Tal.pgn,Tal,white,"Larsen, Bent",Candidats sf1,Bled,1965.??.??,1965,6,"Tal, Mihail","Larsen, Bent",,,1-0,white_win,win,B04,,67,33.5,10,2,1,0,True,False,5,2,True,0,5,0,tactical
Tal.pgn,Tal,white,"Portisch, Lajos",Candidats qf1,Bled,1965.??.??,1965,6,"Tal, Mihail","Portisch, Lajos",,,1/2-1/2,draw,draw,B11,,79,39.5,20,4,2,0,True,True,10,1,True,0,10,3,tactical
Tal.pgn,Tal,black,"Portisch, Lajos",Candidats qf1,Bled,1965.??.??,1965,7,"Portisch, Lajos","Tal, Mihail",,,0-1,black_win,win,E51,,81,40.5,20,5,2,0,True,True,11,0,True,0,9,5,tactical
Tal.pgn,Tal,black,"Larsen, Bent",Candidats sf1,Bled,1965.??.??,1965,7,"Larsen, Bent","Tal, Mihail",,,1/2-1/2,draw,draw,A60,,181,90.5,27,13,2,0,True,True,13,10,True,0,14,3,tactical
Tal.pgn,Tal,white,"Portisch, Lajos",Candidats qf1,Bled,1965.??.??,1965,8,"Tal, Mihail","Portisch, Lajos",,,1-0,white_win,win,C92,,93,46.5,23,2,2,1,True,True,12,0,True,0,11,2,tactical
Tal.pgn,Tal,white,"Larsen, Bent",Candidats sf1,Bled,1965.??.??,1965,8,"Tal, Mihail","Larsen, Bent",,,1/2-1/2,draw,draw,B54,,82,41.0,16,3,2,0,True,True,8,1,True,0,8,2,tactical
Tal.pgn,Tal,black,"Larsen, Bent",Candidats sf1,Bled,1965.??.??,1965,9,"Larsen, Bent","Tal, Mihail",,,1/2-1/2,draw,draw,A39,,156,78.0,27,17,2,0,True,True,13,4,True,0,14,13,tactical
Tal.pgn,Tal,white,"Larsen, Bent",Candidats sf1,Bled,1965.??.??,1965,10,"Tal, Mihail","Larsen, Bent",,,1-0,white_win,win,B82,,73,36.5,16,4,2,0,True,True,9,2,True,0,7,2,tactical
Tal.pgn,Tal,black,"Kapengut, Albert Z",LAT-ch,Riga,1965.??.??,1965,?,"Kapengut, Albert Z","Tal, Mihail",,,0-1,black_win,win,B44,,60,30.0,17,2,2,0,True,True,9,2,True,0,8,0,tactical
Tal.pgn,Tal,black,"Kirilov, Vladimir",LAT-ch,Riga,1965.??.??,1965,?,"Kirilov, Vladimir","Tal, Mihail",,,1/2-1/2,draw,draw,C84,,51,25.5,16,1,2,0,True,True,8,1,True,0,8,0,tactical
Tal.pgn,Tal,white,"Zhuravlev, Nikolay",LAT-ch,Riga,1965.??.??,1965,?,"Tal, Mihail","Zhuravlev, Nikolay",,,1-0,white_win,win,A53,,63,31.5,11,1,2,0,True,True,5,0,True,0,6,1,tactical
Tal.pgn,Tal,white,Tauve,LAT-ch,Riga,1965.??.??,1965,?,"Tal, Mihail",Tauve,,,1-0,white_win,win,B32,,73,36.5,18,6,1,0,True,False,9,6,True,0,9,0,tactical
Tal.pgn,Tal,white,"Shmit, Anatoly",LAT-ch,Riga,1965.??.??,1965,?,"Tal, Mihail","Shmit, Anatoly",,,1-0,white_win,win,E62,,61,30.5,13,1,2,0,True,True,7,1,True,0,6,0,tactical
Tal.pgn,Tal,white,"Skvia, H.",LAT-ch,Riga,1965.??.??,1965,?,"Tal, Mihail","Skvia, H.",,,1-0,white_win,win,B17,,64,32.0,16,4,2,0,True,True,9,4,True,0,7,0,tactical
Tal.pgn,Tal,white,"Peterson, Andrey",LAT-ch,Riga,1965.??.??,1965,?,"Tal, Mihail","Peterson, Andrey",,,1-0,white_win,win,B45,,53,26.5,16,4,2,0,True,True,8,3,True,0,8,1,tactical
Tal.pgn,Tal,black,"Grants, Roberts",LAT-ch,Riga,1965.??.??,1965,?,"Grants, Roberts","Tal, Mihail",,,0-1,black_win,win,A48,,67,33.5,13,1,2,0,True,True,7,1,True,0,6,0,tactical
Tal.pgn,Tal,white,"Kiriakov, Petr",LAT-ch,Riga,1965.??.??,1965,?,"Tal, Mihail","Kiriakov, Petr",,,1-0,white_win,win,D50,,31,15.5,7,0,2,0,True,True,4,0,True,0,3,0,tactical
Tal.pgn,Tal,white,"Gipslis, Aivars",LAT-ch,Riga,1965.??.??,1965,?,"Tal, Mihail","Gipslis, Aivars",,,1/2-1/2,draw,draw,E55,,70,35.0,21,7,2,0,True,True,11,2,True,0,10,5,tactical
Tal.pgn,Tal,black,"Skvia, P.",LAT-ch,Riga,1965.??.??,1965,?,"Skvia, P.","Tal, Mihail",,,1/2-1/2,draw,draw,B41,,111,55.5,28,16,1,1,False,True,14,8,True,0,14,8,tactical
Tal.pgn,Tal,black,"Mileika, Janis",LAT-ch,Riga,1965.??.??,1965,?,"Mileika, Janis","Tal, Mihail",,,1/2-1/2,draw,draw,E55,,181,90.5,27,13,2,0,True,True,14,7,True,0,13,6,tactical
Tal.pgn,Tal,black,"Klovans, Janis",LAT-ch,Riga,1965.??.??,1965,?,"Klovans, Janis","Tal, Mihail",,,1/2-1/2,draw,draw,B59,,99,49.5,23,9,2,0,True,True,12,2,True,0,11,7,tactical
Tal.pgn,Tal,white,"Spassky, Boris V",Candidats final,Tbilisi,1965.??.??,1965,1,"Tal, Mihail","Spassky, Boris V",,,1/2-1/2,draw,draw,C89,,73,36.5,20,2,2,0,True,True,10,1,True,0,10,1,tactical
Tal.pgn,Tal,black,"Spassky, Boris V",Candidats final,Tbilisi,1965.??.??,1965,2,"Spassky, Boris V","Tal, Mihail",,,0-1,black_win,win,B82,,81,40.5,18,1,2,0,True,True,9,1,True,0,9,0,tactical
Tal.pgn,Tal,white,"Spassky, Boris V",Candidats final,Tbilisi,1965.??.??,1965,3,"Tal, Mihail","Spassky, Boris V",,,0-1,black_win,loss,C95,,132,66.0,23,9,2,0,True,True,11,1,True,0,12,8,tactical
Tal.pgn,Tal,black,"Spassky, Boris V",Candidats final,Tbilisi,1965.??.??,1965,4,"Spassky, Boris V","Tal, Mihail",,,1/2-1/2,draw,draw,E55,,45,22.5,16,0,2,0,True,True,8,0,True,0,8,0,tactical
Tal.pgn,Tal,white,"Spassky, Boris V",Candidats final,Tbilisi,1965.??.??,1965,5,"Tal, Mihail","Spassky, Boris V",,,1/2-1/2,draw,draw,C89,,81,40.5,15,2,2,0,True,True,8,1,True,0,7,1,tactical
Tal.pgn,Tal,black,"Spassky, Boris V",Candidats final,Tbilisi,1965.??.??,1965,6,"Spassky, Boris V","Tal, Mihail",,,1/2-1/2,draw,draw,B48,,140,70.0,18,4,1,0,True,False,9,0,False,0,9,4,tactical
Tal.pgn,Tal,white,"Spassky, Boris V",Candidats final,Tbilisi,1965.??.??,1965,7,"Tal, Mihail","Spassky, Boris V",,,1/2-1/2,draw,draw,C89,,105,52.5,25,7,2,0,True,True,13,4,True,0,12,3,tactical
Tal.pgn,Tal,black,"Spassky, Boris V",Candidats final,Tbilisi,1965.??.??,1965,8,"Spassky, Boris V","Tal, Mihail",,,1/2-1/2,draw,draw,E12,,50,25.0,12,0,2,0,True,True,6,0,True,0,6,0,tactical
Tal.pgn,Tal,white,"Spassky, Boris V",Candidats final,Tbilisi,1965.??.??,1965,9,"Tal, Mihail","Spassky, Boris V",,,0-1,black_win,loss,C90,,140,70.0,24,6,2,0,True,True,12,1,True,0,12,5,tactical
Tal.pgn,Tal,black,"Spassky, Boris V",Candidats final,Tbilisi,1965.??.??,1965,10,"Spassky, Boris V","Tal, Mihail",,,1-0,white_win,loss,B25,,82,41.0,17,2,2,0,True,True,8,0,True,0,9,2,tactical
Tal.pgn,Tal,white,"Spassky, Boris V",Candidats final,Tbilisi,1965.??.??,1965,11,"Tal, Mihail","Spassky, Boris V",,,0-1,black_win,loss,C94,,82,41.0,15,2,2,0,True,True,7,1,True,0,8,1,tactical
Tal.pgn,Tal,white,"Lutikov, Anatoly S",Kislovodsk,Kislovodsk,1966.??.??,1966,1,"Tal, Mihail","Lutikov, Anatoly S",,,0-1,black_win,loss,D38,,70,35.0,17,3,2,0,True,True,8,1,True,0,9,2,tactical
Tal.pgn,Tal,black,"Simagin, Vladimir",Kislovodsk,Kislovodsk,1966.??.??,1966,2,"Simagin, Vladimir","Tal, Mihail",,,1/2-1/2,draw,draw,D35,,57,28.5,14,0,2,0,True,True,7,0,True,0,7,0,tactical
Tal.pgn,Tal,white,"Taimanov, Mark E",Kislovodsk,Kislovodsk,1966.??.??,1966,3,"Tal, Mihail","Taimanov, Mark E",,,1-0,white_win,win,B56,,79,39.5,19,3,1,0,True,False,10,3,True,0,9,0,tactical
Tal.pgn,Tal,black,"Kholmov, Ratmir D",Kislovodsk,Kislovodsk,1966.??.??,1966,4,"Kholmov, Ratmir D","Tal, Mihail",,,1/2-1/2,draw,draw,C89,,58,29.0,16,0,2,0,True,True,8,0,True,0,8,0,tactical
Tal.pgn,Tal,white,"Matulovic, Milan",Kislovodsk,Kislovodsk,1966.??.??,1966,5,"Tal, Mihail","Matulovic, Milan",,,1-0,white_win,win,B45,,99,49.5,18,3,2,0,True,True,10,0,True,0,8,3,tactical
Tal.pgn,Tal,white,"Stefanov, P.",Kislovodsk,Kislovodsk,1966.??.??,1966,6,"Tal, Mihail","Stefanov, P.",,,1-0,white_win,win,B35,,135,67.5,28,7,2,0,True,True,14,6,True,0,14,1,tactical
Tal.pgn,Tal,black,"Stein, Leonid",Kislovodsk,Kislovodsk,1966.??.??,1966,7,"Stein, Leonid","Tal, Mihail",,,1-0,white_win,loss,E56,,107,53.5,17,1,2,0,True,True,8,1,True,0,9,0,tactical
Tal.pgn,Tal,white,"Geller, Efim P",Kislovodsk,Kislovodsk,1966.??.??,1966,8,"Tal, Mihail","Geller, Efim P",,,0-1,black_win,loss,C92,,83,41.5,19,2,2,0,True,True,9,2,True,0,10,0,tactical
Tal.pgn,Tal,black,"Nikitin, Aleksander S",Kislovodsk,Kislovodsk,1966.??.??,1966,9,"Nikitin, Aleksander S","Tal, Mihail",,,1-0,white_win,loss,B86,,103,51.5,21,4,2,1,True,True,9,1,True,0,12,3,tactical
Tal.pgn,Tal,white,"Hamann, Svend",Kislovodsk,Kislovodsk,1966.??.??,1966,10,"Tal, Mihail","Hamann, Svend",,,1-0,white_win,win,B43,,33,16.5,9,0,1,0,True,False,4,0,True,0,5,0,tactical
Tal.pgn,Tal,black,"Fuchs, Reinhart",Kislovodsk,Kislovodsk,1966.??.??,1966,11,"Fuchs, Reinhart","Tal, Mihail",,,1/2-1/2,draw,draw,B51,,59,29.5,9,9,1,0,True,False,4,2,False,0,5,7,tactical
Tal.pgn,Tal,black,"Hort, Vlastimil",La Habana olm fin-A,La Habana,1966.??.??,1966,1,"Hort, Vlastimil","Tal, Mihail",,,0-1,black_win,win,A30,,80,40.0,20,4,2,0,True,True,10,3,True,0,10,1,tactical
Tal.pgn,Tal,white,"Byrne, Robert E",La Habana olm fin-A,La Habana,1966.??.??,1966,2,"Tal, Mihail","Byrne, Robert E",,,1-0,white_win,win,B69,,71,35.5,10,3,2,0,True,True,5,3,True,0,5,0,tactical
Tal.pgn,Tal,black,"Cobo Arteaga, Eldis",La Habana olm fin-A,La Habana,1966.??.??,1966,3,"Cobo Arteaga, Eldis","Tal, Mihail",,,0-1,black_win,win,A32,,60,30.0,13,2,2,0,True,True,6,1,True,0,7,1,tactical
Tal.pgn,Tal,white,"Brinck Claussen, Bjorn",La Habana olm fin-A,La Habana,1966.??.??,1966,4,"Tal, Mihail","Brinck Claussen, Bjorn",,,1-0,white_win,win,D40,,89,44.5,16,6,2,0,True,True,8,6,True,0,8,0,tactical
Tal.pgn,Tal,black,"Ciocaltea, Victor",La Habana olm fin-A,La Habana,1966.??.??,1966,5,"Ciocaltea, Victor","Tal, Mihail",,,1/2-1/2,draw,draw,B82,,46,23.0,9,2,2,0,True,True,4,1,True,0,5,1,tactical
Tal.pgn,Tal,white,"Olivera, Alfredo",La Habana olm prel,La Habana,1966.??.??,1966,5,"Tal, Mihail","Olivera, Alfredo",,,1-0,white_win,win,C90,,47,23.5,10,0,1,0,True,False,5,0,True,0,5,0,tactical
Tal.pgn,Tal,white,"Calvo Minguez, Ricardo",La Habana olm fin-A,La Habana,1966.??.??,1966,6,"Tal, Mihail","Calvo Minguez, Ricardo",,,1-0,white_win,win,B64,,79,39.5,19,2,2,0,True,True,10,2,True,0,9,0,tactical
Tal.pgn,Tal,black,"Walther, Edgar",La Habana olm prel,La Habana,1966.??.??,1966,6,"Walther, Edgar","Tal, Mihail",,,0-1,black_win,win,B64,,74,37.0,13,1,2,0,True,True,6,1,True,0,7,0,tactical
Tal.pgn,Tal,white,"Johannsson, Ingi Randver",La Habana olm fin-A,La Habana,1966.??.??,1966,7,"Tal, Mihail","Johannsson, Ingi Randver",,,1-0,white_win,win,D46,,87,43.5,13,1,2,0,True,True,6,1,True,0,7,0,tactical
Tal.pgn,Tal,white,"Menvielle Lacourrelle, Augusto",La Habana olm prel,La Habana,1966.??.??,1966,7,"Tal, Mihail","Menvielle Lacourrelle, Augusto",,,1-0,white_win,win,B38,,51,25.5,11,3,2,0,True,True,6,2,True,0,5,1,tactical
Tal.pgn,Tal,white,"Szabo, Laszlo",La Habana olm fin-A,La Habana,1966.??.??,1966,9,"Tal, Mihail","Szabo, Laszlo",,,1/2-1/2,draw,draw,C43,,82,41.0,18,2,2,0,True,True,9,2,True,0,9,0,tactical
Tal.pgn,Tal,black,"Kristiansen, Erling",La Habana olm fin-A,La Habana,1966.??.??,1966,10,"Kristiansen, Erling","Tal, Mihail",,,0-1,black_win,win,B42,,70,35.0,16,0,2,0,True,True,10,0,True,0,6,0,tactical
Tal.pgn,Tal,white,"Bolbochan, Julio",La Habana olm fin-A,La Habana,1966.??.??,1966,12,"Tal, Mihail","Bolbochan, Julio",,,1-0,white_win,win,B89,,67,33.5,12,3,2,0,True,True,7,3,True,0,5,0,tactical
Tal.pgn,Tal,white,"Wade, Robert Graham",Palma de Mallorca,Palma de Mallorca,1966.??.??,1966,1,"Tal, Mihail","Wade, Robert Graham",,,1-0,white_win,win,B77,,49,24.5,11,1,2,0,True,True,5,0,True,0,6,1,tactical
Tal.pgn,Tal,black,"Robatsch, Karl",Palma de Mallorca,Palma de Mallorca,1966.??.??,1966,2,"Robatsch, Karl","Tal, Mihail",,,0-1,black_win,win,B47,,128,64.0,24,6,2,0,True,True,13,6,True,0,11,0,tactical
Tal.pgn,Tal,white,"Lehmann, Heinz Dr",Palma de Mallorca,Palma de Mallorca,1966.??.??,1966,3,"Tal, Mihail","Lehmann, Heinz Dr",,,1-0,white_win,win,E67,,87,43.5,21,0,2,0,True,True,11,0,True,0,10,0,tactical
Tal.pgn,Tal,black,"O'Kelly de Galway, Alberic",Palma de Mallorca,Palma de Mallorca,1966.??.??,1966,4,"O'Kelly de Galway, Alberic","Tal, Mihail",,,0-1,black_win,win,B64,,66,33.0,12,0,2,0,True,True,6,0,True,0,6,0,tactical
Tal.pgn,Tal,white,"Trifunovic, Petar",Palma de Mallorca,Palma de Mallorca,1966.??.??,1966,5,"Tal, Mihail","Trifunovic, Petar",,,1-0,white_win,win,E18,,113,56.5,29,4,2,0,True,True,15,3,True,0,14,1,tactical
Tal.pgn,Tal,white,"Menvielle Lacourrelle, Augusto",Palma de Mallorca,Palma de Mallorca,1966.??.??,1966,6,"Tal, Mihail","Menvielle Lacourrelle, Augusto",,,1-0,white_win,win,C41,,83,41.5,18,1,1,0,True,False,9,0,True,0,9,1,tactical
Tal.pgn,Tal,black,"Matanovic, Aleksandar",Palma de Mallorca,Palma de Mallorca,1966.??.??,1966,7,"Matanovic, Aleksandar","Tal, Mihail",,,1/2-1/2,draw,draw,B35,,63,31.5,18,3,2,0,True,True,9,2,True,0,9,1,tactical
Tal.pgn,Tal,white,"Shamkovich, Leonid",Palma de Mallorca,Palma de Mallorca,1966.??.??,1966,8,"Tal, Mihail","Shamkovich, Leonid",,,1/2-1/2,draw,draw,D27,,47,23.5,16,0,2,0,True,True,8,0,True,0,8,0,tactical
Tal.pgn,Tal,black,"Visier Segovia, Fernando",Palma de Mallorca,Palma de Mallorca,1966.??.??,1966,9,"Visier Segovia, Fernando","Tal, Mihail",,,0-1,black_win,win,A53,,30,15.0,9,2,1,0,True,False,5,0,False,0,4,2,tactical
Tal.pgn,Tal,white,"Pfleger, Helmut",Palma de Mallorca,Palma de Mallorca,1966.??.??,1966,10,"Tal, Mihail","Pfleger, Helmut",,,1-0,white_win,win,B10,,61,30.5,13,1,2,0,True,True,7,0,True,0,6,1,tactical
Tal.pgn,Tal,black,"Medina Garcia, Antonio Angel",Palma de Mallorca,Palma de Mallorca,1966.??.??,1966,11,"Medina Garcia, Antonio Angel","Tal, Mihail",,,0-1,black_win,win,B80,,75,37.5,22,4,2,0,True,True,11,4,True,0,11,0,tactical
Tal.pgn,Tal,white,"Ivkov, Borislav",Palma de Mallorca,Palma de Mallorca,1966.??.??,1966,12,"Tal, Mihail","Ivkov, Borislav",,,1/2-1/2,draw,draw,C91,,53,26.5,6,0,2,0,True,True,3,0,True,0,3,0,tactical
Tal.pgn,Tal,black,"Portisch, Lajos",Palma de Mallorca,Palma de Mallorca,1966.??.??,1966,13,"Portisch, Lajos","Tal, Mihail",,,1/2-1/2,draw,draw,D42,,42,21.0,9,0,2,0,True,True,4,0,True,0,5,0,tactical
Tal.pgn,Tal,white,"Pomar Salamanca, Arturo",Palma de Mallorca,Palma de Mallorca,1966.??.??,1966,14,"Tal, Mihail","Pomar Salamanca, Arturo",,,1/2-1/2,draw,draw,B14,,41,20.5,14,3,2,0,True,True,7,3,True,0,7,0,tactical
Tal.pgn,Tal,black,"Toran Albero, Roman",Palma de Mallorca,Palma de Mallorca,1966.??.??,1966,15,"Toran Albero, Roman","Tal, Mihail",,,1/2-1/2,draw,draw,E19,,39,19.5,12,1,2,0,True,True,6,1,True,0,6,0,tactical
Tal.pgn,Tal,white,"Damjanovic, Mato",Sarajevo,Sarajevo,1966.??.??,1966,1,"Tal, Mihail","Damjanovic, Mato",,,1-0,white_win,win,D38,,69,34.5,20,1,1,0,False,True,11,0,False,0,9,1,tactical
Tal.pgn,Tal,black,"Minev, Nikolay N",Sarajevo,Sarajevo,1966.??.??,1966,2,"Minev, Nikolay N","Tal, Mihail",,,1/2-1/2,draw,draw,B22,,53,26.5,16,0,2,0,True,True,8,0,True,0,8,0,tactical
Tal.pgn,Tal,white,"Gasic, Bozidar",Sarajevo,Sarajevo,1966.??.??,1966,3,"Tal, Mihail","Gasic, Bozidar",,,1-0,white_win,win,B35,,47,23.5,8,1,2,0,True,True,4,0,True,0,4,1,tactical
Tal.pgn,Tal,white,"Pachman, Ludek",Sarajevo,Sarajevo,1966.??.??,1966,4,"Tal, Mihail","Pachman, Ludek",,,1-0,white_win,win,D30,,49,24.5,12,1,2,0,True,True,5,0,True,0,7,1,tactical
Tal.pgn,Tal,black,"Pietzsch, Wolfgang",Sarajevo,Sarajevo,1966.??.??,1966,5,"Pietzsch, Wolfgang","Tal, Mihail",,,1/2-1/2,draw,draw,B82,,95,47.5,24,4,2,0,True,True,13,3,True,0,11,1,tactical
Tal.pgn,Tal,white,"Jansa, Vlastimil",Sarajevo,Sarajevo,1966.??.??,1966,6,"Tal, Mihail","Jansa, Vlastimil",,,0-1,black_win,loss,C90,,82,41.0,15,2,2,0,True,True,8,0,True,0,7,2,tactical
Tal.pgn,Tal,black,"Mestrovic, Zvonimir",Sarajevo,Sarajevo,1966.??.??,1966,7,"Mestrovic, Zvonimir","Tal, Mihail",,,0-1,black_win,win,B89,,64,32.0,12,0,2,0,True,True,6,0,True,0,6,0,tactical
Tal.pgn,Tal,white,"Janosevic, Dragoljub",Sarajevo,Sarajevo,1966.??.??,1966,8,"Tal, Mihail","Janosevic, Dragoljub",,,0-1,black_win,loss,B85,,82,41.0,17,6,2,0,True,True,8,2,True,0,9,4,tactical
Tal.pgn,Tal,black,"Matulovic, Milan",Sarajevo,Sarajevo,1966.??.??,1966,9,"Matulovic, Milan","Tal, Mihail",,,0-1,black_win,win,B66,,86,43.0,22,5,1,0,True,False,11,1,False,0,11,4,tactical
Tal.pgn,Tal,white,"Bogdanovic, Rajko",Sarajevo,Sarajevo,1966.??.??,1966,10,"Tal, Mihail","Bogdanovic, Rajko",,,1-0,white_win,win,B95,,103,51.5,21,7,1,0,True,False,10,2,True,0,11,5,tactical
Tal.pgn,Tal,black,"Ivkov, Borislav",Sarajevo,Sarajevo,1966.??.??,1966,11,"Ivkov, Borislav","Tal, Mihail",,,1/2-1/2,draw,draw,E15,,38,19.0,10,2,2,0,True,True,5,2,True,0,5,0,tactical
Tal.pgn,Tal,white,"Ciric, Dragoljub M",Sarajevo,Sarajevo,1966.??.??,1966,12,"Tal, Mihail","Ciric, Dragoljub M",,,1-0,white_win,win,B30,,79,39.5,17,6,1,1,True,False,9,4,True,0,8,2,tactical
Tal.pgn,Tal,black,"Honfi, Karoly",Sarajevo,Sarajevo,1966.??.??,1966,13,"Honfi, Karoly","Tal, Mihail",,,0-1,black_win,win,C59,,84,42.0,13,4,2,0,True,True,6,3,True,0,7,1,tactical
Tal.pgn,Tal,white,Ong Yok Hwa,Sarajevo,Sarajevo,1966.??.??,1966,14,"Tal, Mihail",Ong Yok Hwa,,,1-0,white_win,win,B96,,33,16.5,11,2,1,0,True,False,7,2,True,0,4,0,tactical
Tal.pgn,Tal,black,"Kotov, Alexander",Sarajevo,Sarajevo,1966.??.??,1966,15,"Kotov, Alexander","Tal, Mihail",,,1/2-1/2,draw,draw,E35,,31,15.5,6,1,2,0,True,True,3,1,True,0,3,0,tactical
Tal.pgn,Tal,white,"Spassky, Boris V",URS-chT,URS,1966.??.??,1966,?,"Tal, Mihail","Spassky, Boris V",,,1/2-1/2,draw,draw,D55,,32,16.0,5,0,2,0,True,True,2,0,True,0,3,0,tactical
Tal.pgn,Tal,black,"Geller, Efim P",URS-chT,URS,1966.??.??,1966,?,"Geller, Efim P","Tal, Mihail",,,1/2-1/2,draw,draw,D43,,78,39.0,18,2,2,0,True,True,9,1,True,0,9,1,tactical
Tal.pgn,Tal,black,"Keres, Paul",URS-chT,URS,1966.??.??,1966,?,"Keres, Paul","Tal, Mihail",,,1/2-1/2,draw,draw,C49,,34,17.0,6,0,2,0,True,True,3,0,True,0,3,0,tactical
Tal.pgn,Tal,black,"Birbrager, Isaak",URS-chT,URS,1966.??.??,1966,?,"Birbrager, Isaak","Tal, Mihail",,,0-1,black_win,win,A79,,118,59.0,25,7,2,0,True,True,13,5,True,0,12,2,tactical
Tal.pgn,Tal,white,"Smyslov, Vassily",URS-chT,URS,1966.??.??,1966,?,"Tal, Mihail","Smyslov, Vassily",,,1/2-1/2,draw,draw,C90,,39,19.5,8,0,2,0,True,True,4,0,True,0,4,0,tactical
Tal.pgn,Tal,white,"Petrosian, Tigran V",URS-chT,URS,1966.??.??,1966,?,"Tal, Mihail","Petrosian, Tigran V",,,1/2-1/2,draw,draw,D41,,58,29.0,12,1,2,0,True,True,6,1,True,0,6,0,tactical
Tal.pgn,Tal,white,"Chernikov, Oleg L",URS-chT,URS,1966.??.??,1966,?,"Tal, Mihail","Chernikov, Oleg L",,,1/2-1/2,draw,draw,E04,,131,65.5,29,4,1,0,True,False,15,3,True,0,14,1,tactical
Tal.pgn,Tal,white,"Botvinnik, Mikhail",URS-chT,URS,1966.??.??,1966,?,"Tal, Mihail","Botvinnik, Mikhail",,,1-0,white_win,win,B14,,89,44.5,17,3,2,0,True,True,10,2,True,0,7,1,tactical
Tal.pgn,Tal,black,"Stein, Leonid",URS-chT,URS,1966.??.??,1966,?,"Stein, Leonid","Tal, Mihail",,,1/2-1/2,draw,draw,E16,,31,15.5,12,3,2,0,True,True,6,3,True,0,6,0,tactical
Tal.pgn,Tal,black,"Lutikov, Anatoly S",URS-chT,URS,1966.??.??,1966,?,"Lutikov, Anatoly S","Tal, Mihail",,,1/2-1/2,draw,draw,C28,,43,21.5,16,1,0,0,False,False,8,1,False,0,8,0,tactical
Tal.pgn,Tal,white,"Geller, Efim P",Budva,Budva,1967.??.??,1967,?,"Tal, Mihail","Geller, Efim P",,,1-0,white_win,win,C81,,47,23.5,12,0,2,0,True,True,6,0,True,0,6,0,tactical
Tal.pgn,Tal,black,"Kortschnoj, Viktor",Budva,Budva,1967.??.??,1967,?,"Kortschnoj, Viktor","Tal, Mihail",,,1/2-1/2,draw,draw,E53,,53,26.5,14,1,2,0,True,True,7,1,True,0,7,0,tactical
Tal.pgn,Tal,black,"Suetin, Alexey S",Budva,Budva,1967.??.??,1967,?,"Suetin, Alexey S","Tal, Mihail",,,1/2-1/2,draw,draw,B66,,132,66.0,25,5,2,0,True,True,12,3,True,0,13,2,tactical
Tal.pgn,Tal,black,"Bukic, Enver",Budva,Budva,1967.??.??,1967,?,"Bukic, Enver","Tal, Mihail",,,1-0,white_win,loss,A79,,79,39.5,15,3,2,0,True,True,7,3,True,0,8,0,tactical
Tal.pgn,Tal,white,"Bogdanovic, Rajko",Budva,Budva,1967.??.??,1967,?,"Tal, Mihail","Bogdanovic, Rajko",,,1-0,white_win,win,B97,,59,29.5,20,4,2,0,True,True,10,2,True,0,10,2,tactical
Tal.pgn,Tal,white,"Ciric, Dragoljub M",Budva,Budva,1967.??.??,1967,?,"Tal, Mihail","Ciric, Dragoljub M",,,1/2-1/2,draw,draw,B17,,78,39.0,19,3,2,0,True,True,9,2,True,0,10,1,tactical
Tal.pgn,Tal,black,"Ivkov, Borislav",Budva,Budva,1967.??.??,1967,?,"Ivkov, Borislav","Tal, Mihail",,,1/2-1/2,draw,draw,D40,,35,17.5,10,1,1,0,False,True,5,1,True,0,5,0,tactical
Tal.pgn,Tal,white,"Gipslis, Aivars",Budva,Budva,1967.??.??,1967,?,"Tal, Mihail","Gipslis, Aivars",,,1/2-1/2,draw,draw,D40,,60,30.0,7,0,2,0,True,True,3,0,True,0,4,0,tactical
Tal.pgn,Tal,white,"Gligoric, Svetozar",Budva,Budva,1967.??.??,1967,?,"Tal, Mihail","Gligoric, Svetozar",,,1/2-1/2,draw,draw,C93,,106,53.0,23,16,2,0,True,True,13,9,True,0,10,7,tactical
Tal.pgn,Tal,white,"Minic, Dragoljub",Budva,Budva,1967.??.??,1967,?,"Tal, Mihail","Minic, Dragoljub",,,1-0,white_win,win,C93,,79,39.5,9,1,2,0,True,True,5,1,True,0,4,0,tactical
Tal.pgn,Tal,black,"Taimanov, Mark E",Budva,Budva,1967.??.??,1967,?,"Taimanov, Mark E","Tal, Mihail",,,1/2-1/2,draw,draw,A24,,32,16.0,4,0,2,0,True,True,2,0,True,0,2,0,tactical
Tal.pgn,Tal,black,"Lein, Anatoly",URS-ch35,Kharkov,1967.??.??,1967,?,"Lein, Anatoly","Tal, Mihail",,,0-1,black_win,win,B52,,112,56.0,22,6,2,0,True,True,11,3,True,0,11,3,tactical
Tal.pgn,Tal,black,"Karner, Hillar",URS-ch35,Kharkov,1967.??.??,1967,?,"Karner, Hillar","Tal, Mihail",,,0-1,black_win,win,A05,,72,36.0,17,1,2,0,True,True,9,0,True,0,8,1,tactical
Tal.pgn,Tal,black,"Bukhman, Eduard",URS-ch35,Kharkov,1967.??.??,1967,?,"Bukhman, Eduard","Tal, Mihail",,,0-1,black_win,win,E46,,66,33.0,14,0,2,0,True,True,7,0,True,0,7,0,tactical
Tal.pgn,Tal,white,"Zhuravliov, Valerij",URS-ch35,Kharkov,1967.??.??,1967,?,"Tal, Mihail","Zhuravliov, Valerij",,,1-0,white_win,win,A14,,81,40.5,15,3,2,1,True,True,7,2,True,1,8,1,tactical
Tal.pgn,Tal,white,"Zheliandinov, Viktor",URS-ch35,Kharkov,1967.??.??,1967,?,"Tal, Mihail","Zheliandinov, Viktor",,,1/2-1/2,draw,draw,C92,,81,40.5,16,5,2,0,True,True,9,3,True,0,7,2,tactical
Tal.pgn,Tal,white,"Vasiukov, Evgeni",URS-ch35,Kharkov,1967.??.??,1967,?,"Tal, Mihail","Vasiukov, Evgeni",,,1-0,white_win,win,B05,,79,39.5,19,0,2,0,True,True,10,0,True,0,9,0,tactical
Tal.pgn,Tal,white,"Shamis, Alexey",URS-ch35,Kharkov,1967.??.??,1967,?,"Tal, Mihail","Shamis, Alexey",,,1/2-1/2,draw,draw,B75,,77,38.5,20,5,1,0,True,False,10,4,True,0,10,1,tactical
Tal.pgn,Tal,white,"Chistiakov, Alexander Nikolaevi",URS-ch35,Kharkov,1967.??.??,1967,?,"Tal, Mihail","Chistiakov, Alexander Nikolaevi",,,1-0,white_win,win,B14,,123,61.5,25,5,2,0,True,True,14,4,True,0,11,1,tactical
Tal.pgn,Tal,white,"Antoshin, Vladimir S",URS-ch35,Kharkov,1967.??.??,1967,?,"Tal, Mihail","Antoshin, Vladimir S",,,1-0,white_win,win,C82,,135,67.5,25,4,2,0,True,True,13,1,True,0,12,3,tactical
Tal.pgn,Tal,black,"Stein, Leonid",Moscow,Moscow,1967.??.??,1967,?,"Stein, Leonid","Tal, Mihail",,,1/2-1/2,draw,draw,C90,,48,24.0,12,0,2,0,True,True,6,0,True,0,6,0,tactical
Tal.pgn,Tal,black,"Smyslov, Vassily",Moscow,Moscow,1967.??.??,1967,?,"Smyslov, Vassily","Tal, Mihail",,,1/2-1/2,draw,draw,E05,,33,16.5,6,0,2,0,True,True,3,0,True,0,3,0,tactical
Tal.pgn,Tal,black,"Portisch, Lajos",Moscow,Moscow,1967.??.??,1967,?,"Portisch, Lajos","Tal, Mihail",,,1-0,white_win,loss,E62,,47,23.5,7,0,2,0,True,True,4,0,True,0,3,0,tactical
Tal.pgn,Tal,black,"Najdorf, Miguel",Moscow,Moscow,1967.??.??,1967,?,"Najdorf, Miguel","Tal, Mihail",,,1/2-1/2,draw,draw,A43,,83,41.5,23,1,2,0,True,True,12,1,True,0,11,0,tactical
Tal.pgn,Tal,black,"Gipslis, Aivars",Moscow,Moscow,1967.??.??,1967,?,"Gipslis, Aivars","Tal, Mihail",,,1/2-1/2,draw,draw,B89,,53,26.5,20,4,2,0,True,True,10,0,True,0,10,4,tactical
Tal.pgn,Tal,black,"Gheorghiu, Florin",Moscow,Moscow,1967.??.??,1967,?,"Gheorghiu, Florin","Tal, Mihail",,,1/2-1/2,draw,draw,E53,,73,36.5,16,2,2,0,True,True,8,2,True,0,8,0,tactical
Tal.pgn,Tal,black,"Bobotsov, Milko G",Moscow,Moscow,1967.??.??,1967,?,"Bobotsov, Milko G","Tal, Mihail",,,1/2-1/2,draw,draw,E74,,132,66.0,26,5,2,0,True,True,13,1,True,0,13,4,tactical
Tal.pgn,Tal,black,"Bilek, Istvan",Moscow,Moscow,1967.??.??,1967,?,"Bilek, Istvan","Tal, Mihail",,,0-1,black_win,win,A05,,60,30.0,14,3,2,0,True,True,8,1,True,0,6,2,tactical
Tal.pgn,Tal,black,"Spassky, Boris V",Moscow,Moscow,1967.??.??,1967,?,"Spassky, Boris V","Tal, Mihail",,,1/2-1/2,draw,draw,A39,,33,16.5,12,0,2,0,True,True,6,0,True,0,6,0,tactical
Tal.pgn,Tal,white,"Bronstein, David I",Moscow,Moscow,1967.??.??,1967,?,"Tal, Mihail","Bronstein, David I",,,1-0,white_win,win,B01,,89,44.5,20,2,2,1,True,True,10,2,True,1,10,0,tactical
Tal.pgn,Tal,white,"Filip, Miroslav",Moscow,Moscow,1967.??.??,1967,?,"Tal, Mihail","Filip, Miroslav",,,1-0,white_win,win,B17,,55,27.5,13,0,2,0,True,True,7,0,True,0,6,0,tactical
Tal.pgn,Tal,white,"Geller, Efim P",Moscow,Moscow,1967.??.??,1967,?,"Tal, Mihail","Geller, Efim P",,,1/2-1/2,draw,draw,C93,,201,100.5,26,21,2,1,True,True,12,14,True,0,14,7,tactical
Tal.pgn,Tal,white,"Gligoric, Svetozar",Moscow,Moscow,1967.??.??,1967,?,"Tal, Mihail","Gligoric, Svetozar",,,1/2-1/2,draw,draw,C93,,62,31.0,17,6,2,0,True,True,9,3,True,0,8,3,tactical
Tal.pgn,Tal,white,"Keres, Paul",Moscow,Moscow,1967.??.??,1967,?,"Tal, Mihail","Keres, Paul",,,0-1,black_win,loss,C83,,60,30.0,14,3,2,0,True,True,7,0,True,0,7,3,tactical
Tal.pgn,Tal,white,"Pachman, Ludek",Moscow,Moscow,1967.??.??,1967,?,"Tal, Mihail","Pachman, Ludek",,,1/2-1/2,draw,draw,C67,,63,31.5,15,0,2,0,True,True,7,0,True,0,8,0,tactical
Tal.pgn,Tal,white,"Petrosian, Tigran V",Moscow,Moscow,1967.??.??,1967,?,"Tal, Mihail","Petrosian, Tigran V",,,1-0,white_win,win,C96,,75,37.5,14,0,2,0,True,True,8,0,True,0,6,0,tactical
Tal.pgn,Tal,white,"Uhlmann, Wolfgang",Moscow,Moscow,1967.??.??,1967,?,"Tal, Mihail","Uhlmann, Wolfgang",,,1-0,white_win,win,C07,,60,30.0,16,3,2,0,True,True,8,1,True,0,8,2,tactical
Tal.pgn,Tal,black,"Grigorian, Levon Ashotovich",URS-chT,URS,1967.??.??,1967,?,"Grigorian, Levon Ashotovich","Tal, Mihail",,,0-1,black_win,win,D41,,104,52.0,20,3,2,0,True,True,11,2,True,0,9,1,tactical
Tal.pgn,Tal,black,"Eropov, Ivan M",URS-chT,URS,1967.??.??,1967,?,"Eropov, Ivan M","Tal, Mihail",,,1/2-1/2,draw,draw,A04,,29,14.5,0,0,2,0,True,True,0,0,True,0,0,0,tactical
Tal.pgn,Tal,black,"Borisenko, Georgy K",URS-chT,URS,1967.??.??,1967,?,"Borisenko, Georgy K","Tal, Mihail",,,1/2-1/2,draw,draw,E94,,57,28.5,16,1,2,0,True,True,8,0,True,0,8,1,tactical
Tal.pgn,Tal,black,"Ufimtsev, Anatoly",URS-chT,URS,1967.??.??,1967,?,"Ufimtsev, Anatoly","Tal, Mihail",,,0-1,black_win,win,A69,,56,28.0,8,2,2,0,True,True,4,2,True,0,4,0,tactical
Tal.pgn,Tal,white,"Suetin, Alexey S",URS-chT,URS,1967.??.??,1967,?,"Tal, Mihail","Suetin, Alexey S",,,1/2-1/2,draw,draw,B36,,87,43.5,20,3,2,0,True,True,10,2,True,0,10,1,tactical
Tal.pgn,Tal,white,"Lutikov, Anatoly S",URS-chT,URS,1967.??.??,1967,?,"Tal, Mihail","Lutikov, Anatoly S",,,1/2-1/2,draw,draw,D61,,79,39.5,22,1,2,0,True,True,11,0,True,0,11,1,tactical
Tal.pgn,Tal,white,"Bagirov, Vladimir",URS-chT,URS,1967.??.??,1967,?,"Tal, Mihail","Bagirov, Vladimir",,,1-0,white_win,win,D42,,113,56.5,28,3,2,0,True,True,14,3,True,0,14,0,tactical
Tal.pgn,Tal,white,"Gligoric, Svetozar",Candidats qf2,Belgrade,1968.??.??,1968,1,"Tal, Mihail","Gligoric, Svetozar",,,0-1,black_win,loss,C93,,92,46.0,23,8,2,0,True,True,12,5,True,0,11,3,tactical
Tal.pgn,Tal,black,"Gligoric, Svetozar",Candidats qf2,Belgrade,1968.??.??,1968,2,"Gligoric, Svetozar","Tal, Mihail",,,1/2-1/2,draw,draw,E53,,81,40.5,18,1,2,0,True,True,8,0,True,0,10,1,tactical
Tal.pgn,Tal,white,"Gligoric, Svetozar",Candidats qf2,Belgrade,1968.??.??,1968,3,"Tal, Mihail","Gligoric, Svetozar",,,1/2-1/2,draw,draw,E90,,24,12.0,4,0,2,0,True,True,2,0,True,0,2,0,tactical
Tal.pgn,Tal,black,"Gligoric, Svetozar",Candidats qf2,Belgrade,1968.??.??,1968,4,"Gligoric, Svetozar","Tal, Mihail",,,1/2-1/2,draw,draw,E53,,34,17.0,6,0,2,0,True,True,3,0,True,0,3,0,tactical
Tal.pgn,Tal,white,"Gligoric, Svetozar",Candidats qf2,Belgrade,1968.??.??,1968,5,"Tal, Mihail","Gligoric, Svetozar",,,1/2-1/2,draw,draw,C93,,49,24.5,11,0,2,0,True,True,6,0,True,0,5,0,tactical
Tal.pgn,Tal,black,"Gligoric, Svetozar",Candidats qf2,Belgrade,1968.??.??,1968,6,"Gligoric, Svetozar","Tal, Mihail",,,0-1,black_win,win,E11,,68,34.0,14,3,2,0,True,True,8,3,True,0,6,0,tactical
Tal.pgn,Tal,white,"Gligoric, Svetozar",Candidats qf2,Belgrade,1968.??.??,1968,7,"Tal, Mihail","Gligoric, Svetozar",,,1-0,white_win,win,C91,,131,65.5,23,18,2,0,True,True,12,3,True,0,11,15,tactical
Tal.pgn,Tal,black,"Gligoric, Svetozar",Candidats qf2,Belgrade,1968.??.??,1968,8,"Gligoric, Svetozar","Tal, Mihail",,,1/2-1/2,draw,draw,E56,,53,26.5,10,0,2,0,True,True,5,0,True,0,5,0,tactical
Tal.pgn,Tal,white,"Gligoric, Svetozar",Candidats qf2,Belgrade,1968.??.??,1968,9,"Tal, Mihail","Gligoric, Svetozar",,,1-0,white_win,win,C93,,125,62.5,26,1,2,0,True,True,13,1,True,0,13,0,tactical
Tal.pgn,Tal,white,"Bokuchava, Alexander",Gori,Gori,1968.??.??,1968,1,"Tal, Mihail","Bokuchava, Alexander",,,0-1,black_win,loss,B88,,88,44.0,20,4,2,0,True,True,10,2,True,0,10,2,tactical
Tal.pgn,Tal,black,"Geller, Efim P",Gori,Gori,1968.??.??,1968,2,"Geller, Efim P","Tal, Mihail",,,1/2-1/2,draw,draw,D66,,44,22.0,12,0,2,0,True,True,6,0,True,0,6,0,tactical
Tal.pgn,Tal,white,"Gufeld, Eduard",Gori,Gori,1968.??.??,1968,3,"Tal, Mihail","Gufeld, Eduard",,,1-0,white_win,win,B07,,87,43.5,23,11,0,0,False,False,12,8,False,0,11,3,tactical
Tal.pgn,Tal,white,Mukitsashvili,Gori,Gori,1968.??.??,1968,4,"Tal, Mihail",Mukitsashvili,,,1-0,white_win,win,E15,,89,44.5,19,7,2,0,True,True,10,6,True,0,9,1,tactical
Tal.pgn,Tal,black,"Gurgenidze, Bukhuti",Gori,Gori,1968.??.??,1968,5,"Gurgenidze, Bukhuti","Tal, Mihail",,,0-1,black_win,win,B52,,46,23.0,12,4,2,0,True,True,6,1,True,0,6,3,tactical
Tal.pgn,Tal,black,"Dzindzichashvili, Roman",Gori,Gori,1968.??.??,1968,7,"Dzindzichashvili, Roman","Tal, Mihail",,,0-1,black_win,win,B23,,53,26.5,14,3,2,0,True,True,6,2,True,0,8,1,tactical
Tal.pgn,Tal,white,"Chikovani, Iuri",Gori,Gori,1968.??.??,1968,8,"Tal, Mihail","Chikovani, Iuri",,,1-0,white_win,win,D42,,45,22.5,8,2,2,0,True,True,5,2,True,0,3,0,tactical
Tal.pgn,Tal,black,"Mikadze, Zurab",Gori,Gori,1968.??.??,1968,9,"Mikadze, Zurab","Tal, Mihail",,,0-1,black_win,win,E06,,64,32.0,7,1,2,0,True,True,4,1,True,0,3,0,tactical
Tal.pgn,Tal,white,"Grigorian, Karen Ashotovich",Gori,Gori,1968.??.??,1968,10,"Tal, Mihail","Grigorian, Karen Ashotovich",,,1/2-1/2,draw,draw,A14,,134,67.0,26,10,2,1,True,True,13,5,True,1,13,5,tactical
Tal.pgn,Tal,black,"Gaprindashvili, Nona",Gori,Gori,1968.??.??,1968,11,"Gaprindashvili, Nona","Tal, Mihail",,,1/2-1/2,draw,draw,B52,,24,12.0,10,2,1,0,True,False,5,0,False,0,5,2,tactical
Tal.pgn,Tal,white,"Kortschnoj, Viktor",Candidats sf1,Moscow,1968.??.??,1968,1,"Tal, Mihail","Kortschnoj, Viktor",,,1/2-1/2,draw,draw,E19,,80,40.0,22,3,2,0,True,True,11,2,True,0,11,1,tactical
Tal.pgn,Tal,black,"Kortschnoj, Viktor",Candidats sf1,Moscow,1968.??.??,1968,2,"Kortschnoj, Viktor","Tal, Mihail",,,1/2-1/2,draw,draw,E06,,55,27.5,14,3,2,0,True,True,7,2,True,0,7,1,tactical
Tal.pgn,Tal,white,"Kortschnoj, Viktor",Candidats sf1,Moscow,1968.??.??,1968,3,"Tal, Mihail","Kortschnoj, Viktor",,,1/2-1/2,draw,draw,E19,,81,40.5,21,4,2,0,True,True,11,2,True,0,10,2,tactical
Tal.pgn,Tal,black,"Kortschnoj, Viktor",Candidats sf1,Moscow,1968.??.??,1968,4,"Kortschnoj, Viktor","Tal, Mihail",,,1-0,white_win,loss,E53,,75,37.5,19,4,2,0,True,True,9,3,True,0,10,1,tactical
Tal.pgn,Tal,white,"Kortschnoj, Viktor",Candidats sf1,Moscow,1968.??.??,1968,5,"Tal, Mihail","Kortschnoj, Viktor",,,0-1,black_win,loss,C98,,72,36.0,14,3,2,0,True,True,7,1,True,0,7,2,tactical
Tal.pgn,Tal,black,"Kortschnoj, Viktor",Candidats sf1,Moscow,1968.??.??,1968,6,"Kortschnoj, Viktor","Tal, Mihail",,,0-1,black_win,win,E05,,84,42.0,16,0,2,0,True,True,8,0,True,0,8,0,tactical
Tal.pgn,Tal,white,"Kortschnoj, Viktor",Candidats sf1,Moscow,1968.??.??,1968,7,"Tal, Mihail","Kortschnoj, Viktor",,,1/2-1/2,draw,draw,B35,,80,40.0,24,6,1,0,False,True,12,2,False,0,12,4,tactical
Tal.pgn,Tal,black,"Kortschnoj, Viktor",Candidats sf1,Moscow,1968.??.??,1968,8,"Kortschnoj, Viktor","Tal, Mihail",,,1/2-1/2,draw,draw,D42,,81,40.5,19,3,2,0,True,True,9,2,True,0,10,1,tactical
Tal.pgn,Tal,white,"Kortschnoj, Viktor",Candidats sf1,Moscow,1968.??.??,1968,9,"Tal, Mihail","Kortschnoj, Viktor",,,1/2-1/2,draw,draw,C86,,92,46.0,13,1,2,0,True,True,6,1,True,0,7,0,tactical
Tal.pgn,Tal,black,"Kortschnoj, Viktor",Candidats sf1,Moscow,1968.??.??,1968,10,"Kortschnoj, Viktor","Tal, Mihail",,,1/2-1/2,draw,draw,A87,,121,60.5,15,6,2,0,True,True,7,3,True,0,8,3,tactical
Tal.pgn,Tal,white,"Shamkovich, Leonid",URS-chT,URS,1968.??.??,1968,?,"Tal, Mihail","Shamkovich, Leonid",,,1/2-1/2,draw,draw,A11,,67,33.5,14,1,2,0,True,True,7,0,True,0,7,1,tactical
Tal.pgn,Tal,black,"Bronstein, David I",URS-chT,URS,1968.??.??,1968,?,"Bronstein, David I","Tal, Mihail",,,1-0,white_win,loss,C32,,85,42.5,21,5,1,0,True,False,9,1,False,0,12,4,tactical
Tal.pgn,Tal,black,"Geller, Efim P",URS-chT,URS,1968.??.??,1968,?,"Geller, Efim P","Tal, Mihail",,,1/2-1/2,draw,draw,E54,,36,18.0,7,0,2,0,True,True,4,0,True,0,3,0,tactical
Tal.pgn,Tal,black,"Hermlin, Aarne",URS-chT,URS,1968.??.??,1968,?,"Hermlin, Aarne","Tal, Mihail",,,1/2-1/2,draw,draw,A43,,50,25.0,10,2,2,0,True,True,5,0,True,0,5,2,tactical
Tal.pgn,Tal,black,"Kholmov, Ratmir D",URS-chT,URS,1968.??.??,1968,?,"Kholmov, Ratmir D","Tal, Mihail",,,1/2-1/2,draw,draw,C49,,37,18.5,10,0,2,0,True,True,5,0,True,0,5,0,tactical
Tal.pgn,Tal,white,"Polugaevsky, Lev",URS-chT,URS,1968.??.??,1968,?,"Tal, Mihail","Polugaevsky, Lev",,,1/2-1/2,draw,draw,D56,,36,18.0,10,0,2,0,True,True,5,0,True,0,5,0,tactical
Tal.pgn,Tal,white,"Zaitsev, Igor A",URS-chT,URS,1968.??.??,1968,?,"Tal, Mihail","Zaitsev, Igor A",,,0-1,black_win,loss,C88,,39,19.5,6,0,2,0,True,True,3,0,True,0,3,0,tactical
Tal.pgn,Tal,white,"Stein, Leonid",URS-chT,URS,1968.??.??,1968,?,"Tal, Mihail","Stein, Leonid",,,1/2-1/2,draw,draw,B57,,22,11.0,4,0,2,0,True,True,2,0,True,0,2,0,tactical
Tal.pgn,Tal,black,"Mikenas, Vladas",URS-chT,URS,1968.??.??,1968,?,"Mikenas, Vladas","Tal, Mihail",,,0-1,black_win,win,A48,,66,33.0,17,1,2,0,True,True,8,1,True,0,9,0,tactical
Tal.pgn,Tal,white,"Mosionzhik, Ilya Samoilovich",URS-chT,URS,1968.??.??,1968,?,"Tal, Mihail","Mosionzhik, Ilya Samoilovich",,,1-0,white_win,win,C92,,57,28.5,11,0,2,0,True,True,6,0,True,0,5,0,tactical
Tal.pgn,Tal,white,"Zaitsev, Igor A",URS-ch36,URS,1968.??.??,1968,1,"Tal, Mihail","Zaitsev, Igor A",,,1-0,white_win,win,C93,,97,48.5,16,0,2,1,True,True,8,0,True,1,8,0,tactical
Tal.pgn,Tal,black,"Zaitsev, Alexander N",URS-ch36,URS,1968.??.??,1968,2,"Zaitsev, Alexander N","Tal, Mihail",,,1/2-1/2,draw,draw,E61,,45,22.5,12,1,2,0,True,True,6,0,True,0,6,1,tactical
Tal.pgn,Tal,white,"Tseshkovsky, Vitaly",URS-ch36,URS,1968.??.??,1968,3,"Tal, Mihail","Tseshkovsky, Vitaly",,,1-0,white_win,win,A25,,55,27.5,12,3,2,0,True,True,7,3,True,0,5,0,tactical
Tal.pgn,Tal,white,"Kholmov, Ratmir D",URS-ch36,URS,1968.??.??,1968,4,"Tal, Mihail","Kholmov, Ratmir D",,,1/2-1/2,draw,draw,C43,,64,32.0,12,3,1,0,True,False,5,1,True,0,7,2,tactical
Tal.pgn,Tal,black,"Lein, Anatoly",URS-ch36,URS,1968.??.??,1968,5,"Lein, Anatoly","Tal, Mihail",,,1/2-1/2,draw,draw,E92,,48,24.0,6,0,2,0,True,True,3,0,True,0,3,0,tactical
Tal.pgn,Tal,white,"Cherepkov, Alexander V",URS-ch36,URS,1968.??.??,1968,6,"Tal, Mihail","Cherepkov, Alexander V",,,1-0,white_win,win,C98,,63,31.5,13,2,2,0,True,True,7,2,True,0,6,0,tactical
Tal.pgn,Tal,black,"Bagirov, Vladimir",URS-ch36,URS,1968.??.??,1968,7,"Bagirov, Vladimir","Tal, Mihail",,,1/2-1/2,draw,draw,B61,,46,23.0,14,0,1,0,True,False,8,0,False,0,6,0,tactical
Tal.pgn,Tal,white,"Platonov, Igor V",URS-ch36,URS,1968.??.??,1968,8,"Tal, Mihail","Platonov, Igor V",,,0-1,black_win,loss,B95,,114,57.0,23,16,1,2,True,False,11,4,True,1,12,12,tactical
Tal.pgn,Tal,black,"Klovans, Janis",URS-ch36,URS,1968.??.??,1968,9,"Klovans, Janis","Tal, Mihail",,,1-0,white_win,loss,B93,,115,57.5,20,4,2,0,True,True,9,3,True,0,11,1,tactical
Tal.pgn,Tal,white,"Averbakh, Yuri L",URS-ch36,URS,1968.??.??,1968,10,"Tal, Mihail","Averbakh, Yuri L",,,1/2-1/2,draw,draw,C99,,75,37.5,14,1,2,0,True,True,7,0,True,0,7,1,tactical
Tal.pgn,Tal,black,"Nikitin, Yury M",URS-ch36,URS,1968.??.??,1968,11,"Nikitin, Yury M","Tal, Mihail",,,0-1,black_win,win,A43,,60,30.0,6,0,2,0,True,True,3,0,True,0,3,0,tactical
Tal.pgn,Tal,white,"Gurgenidze, Bukhuti",URS-ch36,URS,1968.??.??,1968,12,"Tal, Mihail","Gurgenidze, Bukhuti",,,1-0,white_win,win,B15,,67,33.5,15,2,2,0,True,True,8,2,True,0,7,0,tactical
Tal.pgn,Tal,black,"Osnos, Viatcheslav",URS-ch36,URS,1968.??.??,1968,13,"Osnos, Viatcheslav","Tal, Mihail",,,0-1,black_win,win,A64,,81,40.5,10,1,2,0,True,True,5,0,True,0,5,1,tactical
Tal.pgn,Tal,white,"Liberzon, Vladimir M",URS-ch36,URS,1968.??.??,1968,14,"Tal, Mihail","Liberzon, Vladimir M",,,1/2-1/2,draw,draw,C87,,164,82.0,24,15,2,0,True,True,12,6,True,0,12,9,tactical
Tal.pgn,Tal,black,"Lutikov, Anatoly S",URS-ch36,URS,1968.??.??,1968,15,"Lutikov, Anatoly S","Tal, Mihail",,,1-0,white_win,loss,B48,,84,42.0,13,1,2,0,True,True,6,1,True,0,7,0,tactical
Tal.pgn,Tal,white,"Vasiukov, Evgeni",URS-ch36,URS,1968.??.??,1968,16,"Tal, Mihail","Vasiukov, Evgeni",,,0-1,black_win,loss,C99,,81,40.5,14,1,2,0,True,True,7,1,True,0,7,0,tactical
Tal.pgn,Tal,black,"Podgaets, Mikhail",URS-ch36,URS,1968.??.??,1968,17,"Podgaets, Mikhail","Tal, Mihail",,,1/2-1/2,draw,draw,A87,,148,74.0,28,6,2,0,True,True,14,4,True,0,14,2,tactical
Tal.pgn,Tal,white,"Sakharov, Yury N",URS-ch36,URS,1968.??.??,1968,18,"Tal, Mihail","Sakharov, Yury N",,,1/2-1/2,draw,draw,B97,,81,40.5,13,1,1,0,True,False,6,1,True,0,7,0,tactical
Tal.pgn,Tal,black,"Polugaevsky, Lev",URS-ch36,URS,1968.??.??,1968,19,"Polugaevsky, Lev","Tal, Mihail",,,1/2-1/2,draw,draw,A64,,36,18.0,4,0,2,0,True,True,2,0,True,0,2,0,tactical
Tal.pgn,Tal,white,"Gheorghiu, Florin",Hoogovens,Wijk aan Zee,1968.??.??,1968,1,"Tal, Mihail","Gheorghiu, Florin",,,1/2-1/2,draw,draw,B31,,24,12.0,2,0,2,0,True,True,1,0,True,0,1,0,tactical
Tal.pgn,Tal,black,"Hort, Vlastimil",Hoogovens,Wijk aan Zee,1968.??.??,1968,2,"Hort, Vlastimil","Tal, Mihail",,,1/2-1/2,draw,draw,B26,,37,18.5,4,1,2,0,True,True,2,1,True,0,2,0,tactical
Tal.pgn,Tal,white,"Langeweg, Kick",Hoogovens,Wijk aan Zee,1968.??.??,1968,3,"Tal, Mihail","Langeweg, Kick",,,1-0,white_win,win,C82,,81,40.5,14,5,2,0,True,True,7,5,True,0,7,0,tactical
Tal.pgn,Tal,black,"Padevsky, Nikola",Hoogovens,Wijk aan Zee,1968.??.??,1968,4,"Padevsky, Nikola","Tal, Mihail",,,1/2-1/2,draw,draw,B85,,32,16.0,2,0,2,0,True,True,1,0,True,0,1,0,tactical
Tal.pgn,Tal,white,"Matanovic, Aleksandar",Hoogovens,Wijk aan Zee,1968.??.??,1968,5,"Tal, Mihail","Matanovic, Aleksandar",,,1/2-1/2,draw,draw,B25,,82,41.0,13,1,2,0,True,True,7,1,True,0,6,0,tactical
Tal.pgn,Tal,black,"Bobotsov, Milko G",Hoogovens,Wijk aan Zee,1968.??.??,1968,6,"Bobotsov, Milko G","Tal, Mihail",,,0-1,black_win,win,E81,,134,67.0,22,8,2,0,True,True,11,6,True,0,11,2,tactical
Tal.pgn,Tal,white,"Ivkov, Borislav",Hoogovens,Wijk aan Zee,1968.??.??,1968,7,"Tal, Mihail","Ivkov, Borislav",,,1/2-1/2,draw,draw,A33,,53,26.5,6,0,2,0,True,True,3,0,True,0,3,0,tactical
Tal.pgn,Tal,black,"Kortschnoj, Viktor",Hoogovens,Wijk aan Zee,1968.??.??,1968,8,"Kortschnoj, Viktor","Tal, Mihail",,,1-0,white_win,loss,E51,,117,58.5,25,7,2,0,True,True,12,5,True,0,13,2,tactical
Tal.pgn,Tal,white,"Karaklajic, Nikola",Hoogovens,Wijk aan Zee,1968.??.??,1968,9,"Tal, Mihail","Karaklajic, Nikola",,,1/2-1/2,draw,draw,E02,,120,60.0,22,9,2,0,True,True,11,4,True,0,11,5,tactical
Tal.pgn,Tal,black,"Rossolimo, Nicolas",Hoogovens,Wijk aan Zee,1968.??.??,1968,10,"Rossolimo, Nicolas","Tal, Mihail",,,0-1,black_win,win,B23,,64,32.0,13,1,2,0,True,True,6,0,True,0,7,1,tactical
Tal.pgn,Tal,white,"Ree, Hans",Hoogovens,Wijk aan Zee,1968.??.??,1968,11,"Tal, Mihail","Ree, Hans",,,1/2-1/2,draw,draw,C82,,80,40.0,16,11,1,0,True,False,7,6,True,0,9,5,tactical
Tal.pgn,Tal,white,"Donner, Jan Hein",Hoogovens,Wijk aan Zee,1968.??.??,1968,12,"Tal, Mihail","Donner, Jan Hein",,,1-0,white_win,win,C18,,59,29.5,15,2,1,0,True,False,7,1,True,0,8,1,tactical
Tal.pgn,Tal,black,"Ciric, Dragoljub M",Hoogovens,Wijk aan Zee,1968.??.??,1968,13,"Ciric, Dragoljub M","Tal, Mihail",,,1-0,white_win,loss,B57,,79,39.5,21,1,2,0,True,True,10,0,True,0,11,1,tactical
Tal.pgn,Tal,white,"Van Geet, Dirk Daniel",Hoogovens,Wijk aan Zee,1968.??.??,1968,14,"Tal, Mihail","Van Geet, Dirk Daniel",,,1-0,white_win,win,C64,,65,32.5,16,2,2,0,True,True,9,0,True,0,7,2,tactical
Tal.pgn,Tal,black,"Portisch, Lajos",Hoogovens,Wijk aan Zee,1968.??.??,1968,15,"Portisch, Lajos","Tal, Mihail",,,1/2-1/2,draw,draw,D22,,27,13.5,6,0,2,0,True,True,3,0,True,0,3,0,tactical
Tal.pgn,Tal,black,"Larsen, Bent",Eersel cm-3pl,Eersel,1969.??.??,1969,1,"Larsen, Bent","Tal, Mihail",,,1/2-1/2,draw,draw,D41,,95,47.5,21,6,2,0,True,True,10,0,True,0,11,6,tactical
Tal.pgn,Tal,white,"Larsen, Bent",Eersel cm-3pl,Eersel,1969.??.??,1969,2,"Tal, Mihail","Larsen, Bent",,,1/2-1/2,draw,draw,C41,,63,31.5,12,1,2,0,True,True,6,1,True,0,6,0,tactical
Tal.pgn,Tal,black,"Larsen, Bent",Eersel cm-3pl,Eersel,1969.??.??,1969,3,"Larsen, Bent","Tal, Mihail",,,1-0,white_win,loss,D32,,81,40.5,19,5,2,0,True,True,9,4,True,0,10,1,tactical
Tal.pgn,Tal,white,"Larsen, Bent",Eersel cm-3pl,Eersel,1969.??.??,1969,4,"Tal, Mihail","Larsen, Bent",,,0-1,black_win,loss,B63,,85,42.5,18,2,2,0,True,True,8,1,True,0,10,1,tactical
Tal.pgn,Tal,black,"Larsen, Bent",Eersel cm-3pl,Eersel,1969.??.??,1969,5,"Larsen, Bent","Tal, Mihail",,,0-1,black_win,win,E99,,80,40.0,18,10,2,0,True,True,8,9,True,0,10,1,tactical
Tal.pgn,Tal,white,"Larsen, Bent",Eersel cm-3pl,Eersel,1969.??.??,1969,6,"Tal, Mihail","Larsen, Bent",,,0-1,black_win,loss,B65,,81,40.5,17,4,2,0,True,True,9,3,True,0,8,1,tactical
Tal.pgn,Tal,black,"Larsen, Bent",Eersel cm-3pl,Eersel,1969.??.??,1969,7,"Larsen, Bent","Tal, Mihail",,,1/2-1/2,draw,draw,E68,,121,60.5,18,7,2,0,True,True,9,7,True,0,9,0,tactical
Tal.pgn,Tal,white,"Larsen, Bent",Eersel cm-3pl,Eersel,1969.??.??,1969,8,"Tal, Mihail","Larsen, Bent",,,0-1,black_win,loss,B04,,100,50.0,24,7,1,0,True,False,11,6,True,0,13,1,tactical
Tal.pgn,Tal,black,"Shamkovich, Leonid",Tbilisi,Tbilisi,1969.??.??,1969,?,"Shamkovich, Leonid","Tal, Mihail",,,1/2-1/2,draw,draw,B23,,81,40.5,22,4,2,0,True,True,11,3,True,0,11,1,tactical
Tal.pgn,Tal,white,"Suetin, Alexey S",Tbilisi,Tbilisi,1969.??.??,1969,?,"Tal, Mihail","Suetin, Alexey S",,,1-0,white_win,win,B42,,41,20.5,11,1,1,0,True,False,6,1,True,0,5,0,tactical
Tal.pgn,Tal,black,"Ciocaltea, Victor",Tbilisi,Tbilisi,1969.??.??,1969,?,"Ciocaltea, Victor","Tal, Mihail",,,1/2-1/2,draw,draw,B46,,35,17.5,4,0,2,0,True,True,2,0,True,0,2,0,tactical
Tal.pgn,Tal,black,"Dzindzichashvili, Roman",Tbilisi,Tbilisi,1969.??.??,1969,?,"Dzindzichashvili, Roman","Tal, Mihail",,,0-1,black_win,win,B48,,80,40.0,22,1,2,0,True,True,12,1,True,0,10,0,tactical
Tal.pgn,Tal,black,"Fuchs, Reinhart",Tbilisi,Tbilisi,1969.??.??,1969,?,"Fuchs, Reinhart","Tal, Mihail",,,1/2-1/2,draw,draw,C09,,36,18.0,6,1,2,0,True,True,3,0,True,0,3,1,tactical
Tal.pgn,Tal,black,"Gurgenidze, Bukhuti",Tbilisi,Tbilisi,1969.??.??,1969,?,"Gurgenidze, Bukhuti","Tal, Mihail",,,1-0,white_win,loss,B52,,75,37.5,17,7,2,0,True,True,8,0,True,0,9,7,tactical
Tal.pgn,Tal,black,"Hort, Vlastimil",Tbilisi,Tbilisi,1969.??.??,1969,?,"Hort, Vlastimil","Tal, Mihail",,,1/2-1/2,draw,draw,B23,,24,12.0,2,0,2,0,True,True,1,0,True,0,1,0,tactical
Tal.pgn,Tal,black,"Lein, Anatoly",Tbilisi,Tbilisi,1969.??.??,1969,?,"Lein, Anatoly","Tal, Mihail",,,0-1,black_win,win,B23,,83,41.5,14,2,2,0,True,True,7,2,True,0,7,0,tactical
Tal.pgn,Tal,white,"Masic, Ljubomir",Tbilisi,Tbilisi,1969.??.??,1969,?,"Tal, Mihail","Masic, Ljubomir",,,1-0,white_win,win,E91,,70,35.0,12,0,2,0,True,True,7,0,True,0,5,0,tactical
Tal.pgn,Tal,black,"Spiridonov, Nikola",Tbilisi,Tbilisi,1969.??.??,1969,?,"Spiridonov, Nikola","Tal, Mihail",,,0-1,black_win,win,E94,,72,36.0,17,6,2,0,True,True,9,6,True,0,8,0,tactical
Tal.pgn,Tal,white,"Kholmov, Ratmir D",Tbilisi,Tbilisi,1969.??.??,1969,?,"Tal, Mihail","Kholmov, Ratmir D",,,1/2-1/2,draw,draw,A22,,84,42.0,15,0,2,0,True,True,7,0,True,0,8,0,tactical
Tal.pgn,Tal,white,"Kostro, Jerzy",Tbilisi,Tbilisi,1969.??.??,1969,?,"Tal, Mihail","Kostro, Jerzy",,,1/2-1/2,draw,draw,C93,,146,73.0,7,0,2,0,True,True,3,0,True,0,4,0,tactical
Tal.pgn,Tal,white,"Gufeld, Eduard",Tbilisi,Tbilisi,1969.??.??,1969,?,"Tal, Mihail","Gufeld, Eduard",,,1-0,white_win,win,B82,,49,24.5,8,2,1,0,True,False,4,2,True,0,4,0,tactical
Tal.pgn,Tal,white,"Bronstein, David I",Tbilisi,Tbilisi,1969.??.??,1969,?,"Tal, Mihail","Bronstein, David I",,,1/2-1/2,draw,draw,C09,,33,16.5,10,1,2,0,True,True,5,0,True,0,5,1,tactical
Tal.pgn,Tal,white,"Haag, Ervin",Tbilisi,Tbilisi,1969.??.??,1969,?,"Tal, Mihail","Haag, Ervin",,,1-0,white_win,win,D18,,57,28.5,7,1,2,0,True,True,4,1,True,0,3,0,tactical
Tal.pgn,Tal,black,"Furman, Semen Abramovich",URS-ch37,URS,1969.??.??,1969,?,"Furman, Semen Abramovich","Tal, Mihail",,,1-0,white_win,loss,E61,,151,75.5,24,25,2,1,True,True,11,23,True,1,13,2,tactical
Tal.pgn,Tal,black,"Averkin, Orest N",URS-ch37,URS,1969.??.??,1969,?,"Averkin, Orest N","Tal, Mihail",,,1/2-1/2,draw,draw,E99,,44,22.0,7,2,2,0,True,True,3,2,True,0,4,0,tactical
Tal.pgn,Tal,black,"Liberzon, Vladimir M",URS-ch37,URS,1969.??.??,1969,?,"Liberzon, Vladimir M","Tal, Mihail",,,1/2-1/2,draw,draw,D40,,27,13.5,6,0,1,0,False,True,3,0,True,0,3,0,tactical
Tal.pgn,Tal,black,"Platonov, Igor V",URS-ch37,URS,1969.??.??,1969,?,"Platonov, Igor V","Tal, Mihail",,,1-0,white_win,loss,B87,,83,41.5,12,3,2,0,True,True,6,0,True,0,6,3,tactical
Tal.pgn,Tal,black,"Polugaevsky, Lev",URS-ch37,URS,1969.??.??,1969,?,"Polugaevsky, Lev","Tal, Mihail",,,1-0,white_win,loss,D41,,73,36.5,19,10,2,0,True,True,9,2,True,0,10,8,tactical
Tal.pgn,Tal,black,"Savon, Vladimir A",URS-ch37,URS,1969.??.??,1969,?,"Savon, Vladimir A","Tal, Mihail",,,1-0,white_win,loss,E14,,65,32.5,16,2,2,0,True,True,8,0,True,0,8,2,tactical
Tal.pgn,Tal,black,"Smyslov, Vassily",URS-ch37,URS,1969.??.??,1969,?,"Smyslov, Vassily","Tal, Mihail",,,1-0,white_win,loss,A38,,83,41.5,17,2,2,0,True,True,8,0,True,0,9,2,tactical
Tal.pgn,Tal,black,"Taimanov, Mark E",URS-ch37,URS,1969.??.??,1969,?,"Taimanov, Mark E","Tal, Mihail",,,1-0,white_win,loss,A86,,87,43.5,21,5,2,0,True,True,10,1,True,0,11,4,tactical
Tal.pgn,Tal,white,"Balashov, Yuri S",URS-ch37,URS,1969.??.??,1969,?,"Tal, Mihail","Balashov, Yuri S",,,0-1,black_win,loss,B96,,66,33.0,13,2,2,0,True,True,6,1,True,0,7,1,tactical
Tal.pgn,Tal,white,"Geller, Efim P",URS-ch37,URS,1969.??.??,1969,?,"Tal, Mihail","Geller, Efim P",,,1/2-1/2,draw,draw,C93,,49,24.5,10,0,2,0,True,True,5,0,True,0,5,0,tactical
Tal.pgn,Tal,white,"Gipslis, Aivars",URS-ch37,URS,1969.??.??,1969,?,"Tal, Mihail","Gipslis, Aivars",,,1/2-1/2,draw,draw,E11,,30,15.0,6,2,2,0,True,True,3,0,True,0,3,2,tactical
Tal.pgn,Tal,white,"Gufeld, Eduard",URS-ch37,URS,1969.??.??,1969,?,"Tal, Mihail","Gufeld, Eduard",,,1/2-1/2,draw,draw,B33,,57,28.5,14,3,2,0,True,True,8,3,True,0,6,0,tactical
Tal.pgn,Tal,white,"Kholmov, Ratmir D",URS-ch37,URS,1969.??.??,1969,?,"Tal, Mihail","Kholmov, Ratmir D",,,1-0,white_win,win,C99,,71,35.5,15,1,2,0,True,True,8,1,True,0,7,0,tactical
Tal.pgn,Tal,white,"Kupreichik, Viktor D",URS-ch37,URS,1969.??.??,1969,?,"Tal, Mihail","Kupreichik, Viktor D",,,1-0,white_win,win,E67,,81,40.5,21,3,2,0,True,True,12,2,True,0,9,1,tactical
Tal.pgn,Tal,white,"Lutikov, Anatoly S",URS-ch37,URS,1969.??.??,1969,?,"Tal, Mihail","Lutikov, Anatoly S",,,1-0,white_win,win,B03,,65,32.5,17,5,1,0,True,False,10,5,True,0,7,0,tactical
Tal.pgn,Tal,white,"Stein, Leonid",URS-ch37,URS,1969.??.??,1969,?,"Tal, Mihail","Stein, Leonid",,,1/2-1/2,draw,draw,B57,,113,56.5,19,3,2,0,True,True,10,1,True,0,9,2,tactical
Tal.pgn,Tal,white,"Zaitsev, Alexander N",URS-ch37,URS,1969.??.??,1969,?,"Tal, Mihail","Zaitsev, Alexander N",,,1-0,white_win,win,C09,,41,20.5,14,4,1,0,True,False,7,1,True,0,7,3,tactical
Tal.pgn,Tal,white,"Zaitsev, Igor A",URS-ch37,URS,1969.??.??,1969,?,"Tal, Mihail","Zaitsev, Igor A",,,1/2-1/2,draw,draw,C62,,82,41.0,18,0,2,0,True,True,9,0,True,0,9,0,tactical
Tal.pgn,Tal,white,"Zhukhovitsky, Samuel",URS-ch37,URS,1969.??.??,1969,?,"Tal, Mihail","Zhukhovitsky, Samuel",,,1/2-1/2,draw,draw,C79,,46,23.0,10,1,2,0,True,True,5,0,True,0,5,1,tactical
Tal.pgn,Tal,black,"Tukmakov, Vladimir B",URS-ch37,URS,1969.??.??,1969,?,"Tukmakov, Vladimir B","Tal, Mihail",,,0-1,black_win,win,A77,,56,28.0,9,1,2,0,True,True,5,1,True,0,4,0,tactical
Tal.pgn,Tal,black,"Vasiukov, Evgeni",URS-ch37,URS,1969.??.??,1969,?,"Vasiukov, Evgeni","Tal, Mihail",,,0-1,black_win,win,B60,,79,39.5,18,3,2,0,True,True,10,2,True,0,8,1,tactical
Tal.pgn,Tal,black,"Petrosian, Tigran V",URS-ch37,URS,1969.??.??,1969,?,"Petrosian, Tigran V","Tal, Mihail",,,1/2-1/2,draw,draw,D40,,30,15.0,5,1,2,0,True,True,3,1,True,0,2,0,tactical
Tal.pgn,Tal,white,"Najdorf, Miguel",Belgrade URS-World,Belgrade,1970.??.??,1970,1.9,"Tal, Mihail","Najdorf, Miguel",,,1/2-1/2,draw,draw,B48,,81,40.5,17,2,2,0,True,True,8,2,True,0,9,0,tactical
Tal.pgn,Tal,black,"Najdorf, Miguel",Belgrade URS-World,Belgrade,1970.??.??,1970,2.9,"Najdorf, Miguel","Tal, Mihail",,,1-0,white_win,loss,D41,,99,49.5,18,15,2,0,True,True,9,1,True,0,9,14,tactical
Tal.pgn,Tal,white,"Najdorf, Miguel",Belgrade URS-World,Belgrade,1970.??.??,1970,3.9,"Tal, Mihail","Najdorf, Miguel",,,1-0,white_win,win,B80,,86,43.0,17,5,2,0,True,True,9,3,True,0,8,2,tactical
Tal.pgn,Tal,black,"Najdorf, Miguel",Belgrade URS-World,Belgrade,1970.??.??,1970,4.9,"Najdorf, Miguel","Tal, Mihail",,,1/2-1/2,draw,draw,E69,,48,24.0,6,0,2,0,True,True,3,0,True,0,3,0,tactical
Tal.pgn,Tal,black,"Fischer, Robert James",Herceg Novi blitz,Herceg Novi,1970.??.??,1970,?,"Fischer, Robert James","Tal, Mihail",,,1-0,white_win,loss,A49,,89,44.5,20,1,2,0,True,True,9,0,True,0,11,1,tactical
Tal.pgn,Tal,black,"Ivkov, Borislav",Herceg Novi blitz,Herceg Novi,1970.??.??,1970,?,"Ivkov, Borislav","Tal, Mihail",,,0-1,black_win,win,E92,,52,26.0,10,1,2,0,True,True,6,1,True,0,4,0,tactical
Tal.pgn,Tal,black,"Matulovic, Milan",Herceg Novi blitz,Herceg Novi,1970.??.??,1970,?,"Matulovic, Milan","Tal, Mihail",,,1/2-1/2,draw,draw,B36,,84,42.0,22,8,1,0,False,True,11,4,True,0,11,4,tactical
Tal.pgn,Tal,white,"Kortschnoj, Viktor",Herceg Novi blitz,Herceg Novi,1970.??.??,1970,?,"Tal, Mihail","Kortschnoj, Viktor",,,1-0,white_win,win,C08,,49,24.5,11,1,2,0,True,True,6,1,True,0,5,0,tactical
Tal.pgn,Tal,white,"Matulovic, Milan",Herceg Novi blitz,Herceg Novi,1970.??.??,1970,?,"Tal, Mihail","Matulovic, Milan",,,1-0,white_win,win,A89,,79,39.5,19,7,2,0,True,True,11,4,True,0,8,3,tactical
Tal.pgn,Tal,white,"Uhlmann, Wolfgang",Herceg Novi blitz,Herceg Novi,1970.??.??,1970,?,"Tal, Mihail","Uhlmann, Wolfgang",,,1-0,white_win,win,A00,,27,13.5,6,2,1,0,True,False,3,2,True,0,3,0,tactical
Tal.pgn,Tal,white,"Ivkov, Borislav",Herceg Novi blitz,Herceg Novi,1970.??.??,1970,?,"Tal, Mihail","Ivkov, Borislav",,,1-0,white_win,win,B06,,57,28.5,15,6,1,0,True,False,9,6,True,0,6,0,tactical
Tal.pgn,Tal,white,"Fischer, Robert James",Herceg Novi blitz,Herceg Novi,1970.??.??,1970,?,"Tal, Mihail","Fischer, Robert James",,,0-1,black_win,loss,B30,,102,51.0,24,6,2,0,True,True,12,2,True,0,12,4,tactical
Tal.pgn,Tal,black,"Reshevsky, Samuel Herman",Herceg Novi blitz,Herceg Novi,1970.??.??,1970,?,"Reshevsky, Samuel Herman","Tal, Mihail",,,0-1,black_win,win,A68,,68,34.0,17,8,2,0,True,True,9,7,True,0,8,1,tactical
Tal.pgn,Tal,black,"Petrosian, Tigran V",Herceg Novi blitz,Herceg Novi,1970.??.??,1970,?,"Petrosian, Tigran V","Tal, Mihail",,,1/2-1/2,draw,draw,D43,,42,21.0,8,0,2,0,True,True,4,0,True,0,4,0,tactical
Tal.pgn,Tal,white,"Reshevsky, Samuel Herman",Herceg Novi blitz,Herceg Novi,1970.??.??,1970,?,"Tal, Mihail","Reshevsky, Samuel Herman",,,1-0,white_win,win,B40,,69,34.5,20,6,1,0,True,False,10,6,True,0,10,0,tactical
Tal.pgn,Tal,white,"Smyslov, Vassily",Herceg Novi blitz,Herceg Novi,1970.??.??,1970,?,"Tal, Mihail","Smyslov, Vassily",,,0-1,black_win,loss,C98,,78,39.0,16,2,2,0,True,True,7,0,True,0,9,2,tactical
Tal.pgn,Tal,black,"Plachetka, Jan",EU-chT Kapfenberg,Kapfenberg,1970.??.??,1970,1,"Plachetka, Jan","Tal, Mihail",,,1/2-1/2,draw,draw,A15,,93,46.5,16,3,2,0,True,True,8,2,True,0,8,1,tactical
Tal.pgn,Tal,white,"Kolarov, Atanas S",EU-chT Kapfenberg,Kapfenberg,1970.??.??,1970,3,"Tal, Mihail","Kolarov, Atanas S",,,1-0,white_win,win,B15,,69,34.5,14,3,2,0,True,True,8,3,True,0,6,0,tactical
Tal.pgn,Tal,white,"Holm Petersen, Sejer",EU-chT Kapfenberg,Kapfenberg,1970.??.??,1970,4,"Tal, Mihail","Holm Petersen, Sejer",,,1-0,white_win,win,C09,,55,27.5,13,3,2,0,True,True,7,1,True,0,6,2,tactical
Tal.pgn,Tal,white,"Bellon Lopez, Juan Manuel",EU-chT Kapfenberg,Kapfenberg,1970.??.??,1970,5,"Tal, Mihail","Bellon Lopez, Juan Manuel",,,1-0,white_win,win,B30,,27,13.5,6,0,1,0,True,False,4,0,True,0,2,0,tactical
Tal.pgn,Tal,black,"Golz, Werner",EU-chT Kapfenberg,Kapfenberg,1970.??.??,1970,6,"Golz, Werner","Tal, Mihail",,,0-1,black_win,win,E61,,116,58.0,19,4,2,0,True,True,10,4,True,0,9,0,tactical
Tal.pgn,Tal,black,"Bukic, Enver",EU-chT Kapfenberg,Kapfenberg,1970.??.??,1970,7,"Bukic, Enver","Tal, Mihail",,,1/2-1/2,draw,draw,D41,,38,19.0,12,2,2,0,True,True,6,2,True,0,6,0,tactical
Tal.pgn,Tal,black,"Kupreichik, Viktor D",Sochi schev,Sochi,1970.??.??,1970,?,"Kupreichik, Viktor D","Tal, Mihail",,,1-0,white_win,loss,B82,,61,30.5,12,1,2,0,True,True,6,0,True,0,6,1,tactical
Tal.pgn,Tal,black,"Kuzmin, Gennadi P",Sochi schev,Sochi,1970.??.??,1970,?,"Kuzmin, Gennadi P","Tal, Mihail",,,1/2-1/2,draw,draw,D41,,62,31.0,14,5,2,0,True,True,7,5,True,0,7,0,tactical
Tal.pgn,Tal,white,"Tal, Mihail",Sochi schev,Sochi,1970.??.??,1970,?,"Tseshkovsky, Vitaly","Tal, Mihail",,,0-1,black_win,loss,C90,,96,48.0,23,8,2,0,True,True,12,1,True,0,11,7,tactical
Tal.pgn,Tal,black,"Tukmakov, Vladimir B",Sochi schev,Sochi,1970.??.??,1970,?,"Tukmakov, Vladimir B","Tal, Mihail",,,1/2-1/2,draw,draw,E53,,58,29.0,13,0,2,0,True,True,6,0,True,0,7,0,tactical
Tal.pgn,Tal,black,"Gulko, Boris F",Sochi schev,Sochi,1970.??.??,1970,?,"Gulko, Boris F","Tal, Mihail",,,0-1,black_win,win,D87,,68,34.0,15,2,2,0,True,True,8,2,True,0,7,0,tactical
Tal.pgn,Tal,black,"Vaganian, Rafael A",Sochi schev,Sochi,1970.??.??,1970,?,"Vaganian, Rafael A","Tal, Mihail",,,0-1,black_win,win,A89,,78,39.0,20,3,2,0,True,True,10,1,True,0,10,2,tactical
Tal.pgn,Tal,white,"Kuzmin, Gennadi P",Sochi schev,Sochi,1970.??.??,1970,?,"Tal, Mihail","Kuzmin, Gennadi P",,,1-0,white_win,win,C92,,93,46.5,20,6,2,0,True,True,12,1,True,0,8,5,tactical
Tal.pgn,Tal,white,"Gulko, Boris F",Sochi schev,Sochi,1970.??.??,1970,?,"Tal, Mihail","Gulko, Boris F",,,1-0,white_win,win,B08,,101,50.5,22,10,2,0,True,True,12,8,True,0,10,2,tactical
Tal.pgn,Tal,white,"Kupreichik, Viktor D",Sochi schev,Sochi,1970.??.??,1970,?,"Tal, Mihail","Kupreichik, Viktor D",,,1-0,white_win,win,B38,,53,26.5,15,3,2,0,True,True,8,3,True,0,7,0,tactical
Tal.pgn,Tal,white,"Tukmakov, Vladimir B",Sochi schev,Sochi,1970.??.??,1970,?,"Tal, Mihail","Tukmakov, Vladimir B",,,1-0,white_win,win,C94,,59,29.5,14,2,2,0,True,True,8,1,True,0,6,1,tactical
Tal.pgn,Tal,white,"Podgaets, Mikhail",Sochi schev,Sochi,1970.??.??,1970,?,"Tal, Mihail","Podgaets, Mikhail",,,1-0,white_win,win,B02,,57,28.5,16,1,1,0,True,False,8,1,True,0,8,0,tactical
Tal.pgn,Tal,white,"Tseshkovsky, Vitaly",Sochi schev,Sochi,1970.??.??,1970,?,"Tal, Mihail","Tseshkovsky, Vitaly",,,0-1,black_win,loss,C90,,58,29.0,12,3,2,0,True,True,6,0,True,0,6,3,tactical
Tal.pgn,Tal,black,"Dzindzichashvili, Roman",URS-ch39,Leningrad,1971.??.??,1971,?,"Dzindzichashvili, Roman","Tal, Mihail",2480.0,2620.0,1/2-1/2,draw,draw,A11,,147,73.5,16,2,2,0,True,True,8,1,True,0,8,1,tactical
Tal.pgn,Tal,black,"Stein, Leonid",URS-ch39,Leningrad,1971.??.??,1971,?,"Stein, Leonid","Tal, Mihail",2605.0,2620.0,1-0,white_win,loss,E08,,65,32.5,18,1,2,0,True,True,9,0,True,0,9,1,tactical
Tal.pgn,Tal,black,"Geller, Efim P",URS-ch39,Leningrad,1971.??.??,1971,?,"Geller, Efim P","Tal, Mihail",2615.0,2620.0,0-1,black_win,win,B49,,116,58.0,25,22,2,0,True,True,14,13,True,0,11,9,tactical
Tal.pgn,Tal,black,"Karasev, Vladimir I",URS-ch39,Leningrad,1971.??.??,1971,?,"Karasev, Vladimir I","Tal, Mihail",,2620.0,1/2-1/2,draw,draw,B36,,137,68.5,14,1,2,0,True,True,7,1,True,0,7,0,tactical
Tal.pgn,Tal,white,"Balashov, Yuri S",URS-ch39,Leningrad,1971.??.??,1971,?,"Tal, Mihail","Balashov, Yuri S",2620.0,2570.0,1-0,white_win,win,B18,,61,30.5,15,4,2,0,True,True,7,2,True,0,8,2,tactical
Tal.pgn,Tal,black,"Savon, Vladimir A",URS-ch39,Leningrad,1971.??.??,1971,?,"Savon, Vladimir A","Tal, Mihail",2570.0,2620.0,1/2-1/2,draw,draw,B80,,74,37.0,8,3,2,0,True,True,4,1,True,0,4,2,tactical
Tal.pgn,Tal,white,"Bronstein, David I",URS-ch39,Leningrad,1971.??.??,1971,?,"Tal, Mihail","Bronstein, David I",2620.0,2590.0,1-0,white_win,win,B13,,53,26.5,15,1,2,0,True,True,8,1,True,0,7,0,tactical
Tal.pgn,Tal,white,"Grigorian, Karen Ashotovich",URS-ch39,Leningrad,1971.??.??,1971,?,"Tal, Mihail","Grigorian, Karen Ashotovich",2620.0,2430.0,1/2-1/2,draw,draw,B92,,168,84.0,27,13,2,3,True,True,14,8,True,1,13,5,tactical
Tal.pgn,Tal,white,"Kapengut, Albert Z",URS-ch39,Leningrad,1971.??.??,1971,?,"Tal, Mihail","Kapengut, Albert Z",2620.0,2450.0,1/2-1/2,draw,draw,B20,,40,20.0,4,0,2,0,True,True,2,0,True,0,2,0,tactical
Tal.pgn,Tal,white,"Karpov, Anatoly",URS-ch39,Leningrad,1971.??.??,1971,?,"Tal, Mihail","Karpov, Anatoly",2620.0,2540.0,1/2-1/2,draw,draw,E19,,43,21.5,12,0,2,0,True,True,6,0,True,0,6,0,tactical
Tal.pgn,Tal,white,"Krogius, Nikolai V",URS-ch39,Leningrad,1971.??.??,1971,?,"Tal, Mihail","Krogius, Nikolai V",2620.0,2575.0,1-0,white_win,win,C89,,43,21.5,5,1,2,0,True,True,3,1,True,0,2,0,tactical
Tal.pgn,Tal,white,"Lein, Anatoly",URS-ch39,Leningrad,1971.??.??,1971,?,"Tal, Mihail","Lein, Anatoly",2620.0,2510.0,1-0,white_win,win,C15,,121,60.5,20,4,2,0,True,True,10,2,True,0,10,2,tactical
Tal.pgn,Tal,white,"Shamkovich, Leonid",URS-ch39,Leningrad,1971.??.??,1971,?,"Tal, Mihail","Shamkovich, Leonid",2620.0,2520.0,0-1,black_win,loss,B18,,78,39.0,14,1,2,0,True,True,6,1,True,0,8,0,tactical
Tal.pgn,Tal,white,"Smyslov, Vassily",URS-ch39,Leningrad,1971.??.??,1971,?,"Tal, Mihail","Smyslov, Vassily",2620.0,2620.0,1/2-1/2,draw,draw,C42,,40,20.0,4,1,2,0,True,True,2,1,True,0,2,0,tactical
Tal.pgn,Tal,white,"Taimanov, Mark E",URS-ch39,Leningrad,1971.??.??,1971,?,"Tal, Mihail","Taimanov, Mark E",2620.0,2600.0,1/2-1/2,draw,draw,B47,,152,76.0,25,15,2,0,True,True,13,7,True,0,12,8,tactical
Tal.pgn,Tal,black,"Tseitlin, Mark D",URS-ch39,Leningrad,1971.??.??,1971,?,"Tseitlin, Mark D","Tal, Mihail",,2620.0,0-1,black_win,win,B48,,80,40.0,22,9,2,0,True,True,10,3,True,0,12,6,tactical
Tal.pgn,Tal,black,"Tukmakov, Vladimir B",URS-ch39,Leningrad,1971.??.??,1971,?,"Tukmakov, Vladimir B","Tal, Mihail",2565.0,2620.0,0-1,black_win,win,A75,,78,39.0,15,4,2,0,True,True,8,2,True,0,7,2,tactical
Tal.pgn,Tal,black,"Vaganian, Rafael A",URS-ch39,Leningrad,1971.??.??,1971,?,"Vaganian, Rafael A","Tal, Mihail",2510.0,2620.0,0-1,black_win,win,A75,,66,33.0,15,0,2,0,True,True,8,0,True,0,7,0,tactical
Tal.pgn,Tal,black,"Polugaevsky, Lev",URS-ch39,Leningrad,1971.??.??,1971,?,"Polugaevsky, Lev","Tal, Mihail",2640.0,2620.0,1-0,white_win,loss,A49,,111,55.5,26,6,2,2,True,True,13,0,True,1,13,6,tactical
Tal.pgn,Tal,black,"Platonov, Igor V",URS-ch39,Leningrad,1971.??.??,1971,?,"Platonov, Igor V","Tal, Mihail",2470.0,2620.0,1/2-1/2,draw,draw,B48,,112,56.0,18,6,2,0,True,True,9,3,True,0,9,3,tactical
Tal.pgn,Tal,black,"Nikolaevsky, Yuri V",URS-ch39,Leningrad,1971.??.??,1971,?,"Nikolaevsky, Yuri V","Tal, Mihail",2490.0,2620.0,0-1,black_win,win,A26,,52,26.0,13,2,2,0,True,True,6,2,True,0,7,0,tactical
Tal.pgn,Tal,white,"Karpov, Anatoly",Moscow,Moscow,1971.??.??,1971,?,"Tal, Mihail","Karpov, Anatoly",2620.0,2540.0,1/2-1/2,draw,draw,E18,,205,102.5,21,25,2,0,True,True,11,3,True,0,10,22,tactical
Tal.pgn,Tal,black,"Balashov, Yuri S",Moscow,Moscow,1971.??.??,1971,?,"Balashov, Yuri S","Tal, Mihail",2570.0,2620.0,1/2-1/2,draw,draw,A53,,82,41.0,21,7,2,0,True,True,11,5,True,0,10,2,tactical
Tal.pgn,Tal,black,"Bronstein, David I",Moscow,Moscow,1971.??.??,1971,?,"Bronstein, David I","Tal, Mihail",2590.0,2620.0,1/2-1/2,draw,draw,B87,,55,27.5,9,1,2,0,True,True,5,1,True,0,4,0,tactical
Tal.pgn,Tal,white,"Uhlmann, Wolfgang",Moscow,Moscow,1971.??.??,1971,?,"Tal, Mihail","Uhlmann, Wolfgang",2620.0,2570.0,1-0,white_win,win,C07,,37,18.5,11,4,1,0,True,False,4,3,True,0,7,1,tactical
Tal.pgn,Tal,white,"Tukmakov, Vladimir B",Moscow,Moscow,1971.??.??,1971,?,"Tal, Mihail","Tukmakov, Vladimir B",2620.0,2565.0,1/2-1/2,draw,draw,C94,,85,42.5,21,1,2,0,True,True,10,1,True,0,11,0,tactical
Tal.pgn,Tal,white,"Smyslov, Vassily",Moscow,Moscow,1971.??.??,1971,?,"Tal, Mihail","Smyslov, Vassily",2620.0,2620.0,1/2-1/2,draw,draw,C67,,44,22.0,10,1,2,0,True,True,5,1,True,0,5,0,tactical
Tal.pgn,Tal,white,"Parma, Bruno",Moscow,Moscow,1971.??.??,1971,?,"Tal, Mihail","Parma, Bruno",2620.0,2530.0,1-0,white_win,win,B34,,65,32.5,16,1,2,0,True,True,8,0,True,0,8,1,tactical
Tal.pgn,Tal,white,"Lengyel, Levente",Moscow,Moscow,1971.??.??,1971,?,"Tal, Mihail","Lengyel, Levente",2620.0,2485.0,1-0,white_win,win,A17,,117,58.5,19,4,2,0,True,True,10,1,True,0,9,3,tactical
Tal.pgn,Tal,white,"Kortschnoj, Viktor",Moscow,Moscow,1971.??.??,1971,?,"Tal, Mihail","Kortschnoj, Viktor",2620.0,2670.0,0-1,black_win,loss,C07,,80,40.0,20,2,2,0,True,True,8,1,True,0,12,1,tactical
Tal.pgn,Tal,black,"Petrosian, Tigran V",Moscow,Moscow,1971.??.??,1971,?,"Petrosian, Tigran V","Tal, Mihail",2640.0,2620.0,1/2-1/2,draw,draw,E07,,28,14.0,2,0,2,0,True,True,1,0,True,0,1,0,tactical
Tal.pgn,Tal,white,"Byrne, Robert E",Moscow,Moscow,1971.??.??,1971,?,"Tal, Mihail","Byrne, Robert E",2620.0,2510.0,1-0,white_win,win,B30,,80,40.0,17,3,2,0,True,True,9,3,True,0,8,0,tactical
Tal.pgn,Tal,black,"Stein, Leonid",Moscow,Moscow,1971.??.??,1971,?,"Stein, Leonid","Tal, Mihail",2605.0,2620.0,1/2-1/2,draw,draw,A12,,55,27.5,6,0,2,0,True,True,3,0,True,0,3,0,tactical
Tal.pgn,Tal,black,"Spassky, Boris V",Moscow,Moscow,1971.??.??,1971,?,"Spassky, Boris V","Tal, Mihail",2690.0,2620.0,1/2-1/2,draw,draw,B82,,57,28.5,17,3,2,0,True,True,9,0,True,0,8,3,tactical
Tal.pgn,Tal,black,"Savon, Vladimir A",Moscow,Moscow,1971.??.??,1971,?,"Savon, Vladimir A","Tal, Mihail",2570.0,2620.0,1/2-1/2,draw,draw,B66,,131,65.5,25,7,2,0,True,True,13,0,True,0,12,7,tactical
Tal.pgn,Tal,black,"Olafsson, Fridrik",Moscow,Moscow,1971.??.??,1971,?,"Olafsson, Fridrik","Tal, Mihail",2570.0,2620.0,1-0,white_win,loss,A32,,43,21.5,11,2,2,0,True,True,5,1,True,0,6,1,tactical
Tal.pgn,Tal,black,"Hort, Vlastimil",Moscow,Moscow,1971.??.??,1971,?,"Hort, Vlastimil","Tal, Mihail",2605.0,2620.0,1/2-1/2,draw,draw,A49,,24,12.0,8,0,1,0,False,True,4,0,True,0,4,0,tactical
Tal.pgn,Tal,black,"Gheorghiu, Florin",Moscow,Moscow,1971.??.??,1971,?,"Gheorghiu, Florin","Tal, Mihail",2530.0,2620.0,1/2-1/2,draw,draw,A81,,36,18.0,0,0,2,0,True,True,0,0,True,0,0,0,tactical
Tal.pgn,Tal,black,"Vark, K.",Parnu,Parnu,1971.??.??,1971,1,"Vark, K.","Tal, Mihail",,,0-1,black_win,win,A67,,88,44.0,20,8,1,0,False,True,11,7,True,0,9,1,tactical
Tal.pgn,Tal,white,"Lutikov, Anatoly S",Parnu,Parnu,1971.??.??,1971,2,"Tal, Mihail","Lutikov, Anatoly S",,,1/2-1/2,draw,draw,E12,,48,24.0,10,1,2,0,True,True,5,0,True,0,5,1,tactical
Tal.pgn,Tal,black,"Bronstein, David I",Parnu,Parnu,1971.??.??,1971,3,"Bronstein, David I","Tal, Mihail",,,1/2-1/2,draw,draw,B83,,78,39.0,17,0,2,0,True,True,8,0,True,0,9,0,tactical
Tal.pgn,Tal,black,"Tarve, Udo",Parnu,Parnu,1971.??.??,1971,4,"Tarve, Udo","Tal, Mihail",,,0-1,black_win,win,B24,,124,62.0,26,9,2,0,True,True,14,6,True,0,12,3,tactical
Tal.pgn,Tal,white,"Kivioja, Endel",Parnu,Parnu,1971.??.??,1971,5,"Tal, Mihail","Kivioja, Endel",,,1-0,white_win,win,B06,,105,52.5,21,4,2,0,True,True,11,4,True,0,10,0,tactical
Tal.pgn,Tal,black,"Keres, Paul",Parnu,Parnu,1971.??.??,1971,6,"Keres, Paul","Tal, Mihail",,,1/2-1/2,draw,draw,D94,,114,57.0,23,11,2,0,True,True,11,4,True,0,12,7,tactical
Tal.pgn,Tal,white,"Pohla, Harry",Parnu,Parnu,1971.??.??,1971,7,"Tal, Mihail","Pohla, Harry",,,1-0,white_win,win,B92,,83,41.5,12,2,2,0,True,True,7,2,True,0,5,0,tactical
Tal.pgn,Tal,black,"Oim, Tonu",Parnu,Parnu,1971.??.??,1971,8,"Oim, Tonu","Tal, Mihail",,,0-1,black_win,win,E61,,102,51.0,18,3,2,0,True,True,10,2,True,0,8,1,tactical
Tal.pgn,Tal,white,"Vooremaa, Andres",Parnu,Parnu,1971.??.??,1971,9,"Tal, Mihail","Vooremaa, Andres",,,1-0,white_win,win,B94,,71,35.5,15,0,2,0,True,True,8,0,True,0,7,0,tactical
Tal.pgn,Tal,black,"Stein, Leonid",Parnu,Parnu,1971.??.??,1971,10,"Stein, Leonid","Tal, Mihail",,,1/2-1/2,draw,draw,D41,,104,52.0,23,3,2,0,True,True,11,3,True,0,12,0,tactical
Tal.pgn,Tal,white,"Karner, Hillar",Parnu,Parnu,1971.??.??,1971,11,"Tal, Mihail","Karner, Hillar",,,0-1,black_win,loss,C15,,60,30.0,12,6,1,0,False,True,5,0,False,0,7,6,tactical
Tal.pgn,Tal,black,"Etruk, Rein T",Parnu,Parnu,1971.??.??,1971,12,"Etruk, Rein T","Tal, Mihail",,,1/2-1/2,draw,draw,A29,,84,42.0,17,6,2,0,True,True,8,2,True,0,9,4,tactical
Tal.pgn,Tal,white,"Nei, Iivo",Parnu,Parnu,1971.??.??,1971,13,"Tal, Mihail","Nei, Iivo",,,1/2-1/2,draw,draw,B10,,82,41.0,24,6,2,0,True,True,12,3,True,0,12,3,tactical
Tal.pgn,Tal,white,"Smejkal, Jan",Tallinn,Tallinn,1971.??.??,1971,1,"Tal, Mihail","Smejkal, Jan",,,1-0,white_win,win,C94,,107,53.5,21,4,2,0,True,True,10,2,True,0,11,2,tactical
Tal.pgn,Tal,black,"Bisguier, Arthur Bernard",Tallinn,Tallinn,1971.??.??,1971,2,"Bisguier, Arthur Bernard","Tal, Mihail",,,1/2-1/2,draw,draw,B31,,84,42.0,19,2,2,0,True,True,9,0,True,0,10,2,tactical
Tal.pgn,Tal,white,"Westerinen, Heikki MJ",Tallinn,Tallinn,1971.??.??,1971,3,"Tal, Mihail","Westerinen, Heikki MJ",,,1-0,white_win,win,E61,,83,41.5,17,6,2,0,True,True,9,2,True,0,8,4,tactical
Tal.pgn,Tal,black,"Barcza, Gedeon",Tallinn,Tallinn,1971.??.??,1971,4,"Barcza, Gedeon","Tal, Mihail",,,0-1,black_win,win,A04,,46,23.0,14,1,1,0,False,True,7,1,True,0,7,0,tactical
Tal.pgn,Tal,white,"Myagmarsuren, Lhamsuren",Tallinn,Tallinn,1971.??.??,1971,5,"Tal, Mihail","Myagmarsuren, Lhamsuren",,,1-0,white_win,win,D26,,47,23.5,9,0,2,0,True,True,5,0,True,0,4,0,tactical
Tal.pgn,Tal,white,"Vooremaa, Andres",Tallinn,Tallinn,1971.??.??,1971,6,"Tal, Mihail","Vooremaa, Andres",,,1-0,white_win,win,B48,,57,28.5,13,3,1,0,True,False,6,3,True,0,7,0,tactical
Tal.pgn,Tal,black,"Zaitsev, Alexander N",Tallinn,Tallinn,1971.??.??,1971,7,"Zaitsev, Alexander N","Tal, Mihail",,,1/2-1/2,draw,draw,D41,,31,15.5,8,0,2,0,True,True,3,0,True,0,5,0,tactical
Tal.pgn,Tal,white,"Bronstein, David I",Tallinn,Tallinn,1971.??.??,1971,8,"Tal, Mihail","Bronstein, David I",,,1/2-1/2,draw,draw,E14,,40,20.0,10,1,2,0,True,True,6,0,True,0,4,1,tactical
Tal.pgn,Tal,black,"Furman, Semen Abramovich",Tallinn,Tallinn,1971.??.??,1971,9,"Furman, Semen Abramovich","Tal, Mihail",,,1-0,white_win,loss,A61,,135,67.5,24,7,2,0,True,True,12,1,True,0,12,6,tactical
Tal.pgn,Tal,white,"Wade, Robert Graham",Tallinn,Tallinn,1971.??.??,1971,10,"Tal, Mihail","Wade, Robert Graham",,,1-0,white_win,win,B14,,81,40.5,15,5,2,0,True,True,7,5,True,0,8,0,tactical
Tal.pgn,Tal,black,"Keres, Paul",Tallinn,Tallinn,1971.??.??,1971,11,"Keres, Paul","Tal, Mihail",,,1/2-1/2,draw,draw,D94,,43,21.5,12,0,2,0,True,True,6,0,True,0,6,0,tactical
Tal.pgn,Tal,white,"Stein, Leonid",Tallinn,Tallinn,1971.??.??,1971,12,"Tal, Mihail","Stein, Leonid",,,1/2-1/2,draw,draw,C95,,47,23.5,11,1,2,0,True,True,6,0,True,0,5,1,tactical
Tal.pgn,Tal,black,"Nei, Iivo",Tallinn,Tallinn,1971.??.??,1971,13,"Nei, Iivo","Tal, Mihail",,,0-1,black_win,win,E74,,62,31.0,11,1,2,0,True,True,5,1,True,0,6,0,tactical
Tal.pgn,Tal,white,"Saidy, Anthony Fred",Tallinn,Tallinn,1971.??.??,1971,14,"Tal, Mihail","Saidy, Anthony Fred",,,1-0,white_win,win,E08,,85,42.5,14,2,2,0,True,True,7,0,True,0,7,2,tactical
Tal.pgn,Tal,black,"Daskalov, Georgi",Tallinn,Tallinn,1971.??.??,1971,15,"Daskalov, Georgi","Tal, Mihail",,,0-1,black_win,win,B06,,76,38.0,15,3,2,0,True,True,7,2,True,0,8,1,tactical
Tal.pgn,Tal,white,"Zhidkov, Valery S",URS-ch40,Baku,1972.??.??,1972,?,"Tal, Mihail","Zhidkov, Valery S",2625.0,2490.0,1-0,white_win,win,D34,,193,96.5,28,18,2,0,True,True,14,11,True,0,14,7,tactical
Tal.pgn,Tal,white,"Zilberstein, Valery I",URS-ch40,Baku,1972.??.??,1972,?,"Tal, Mihail","Zilberstein, Valery I",2625.0,2445.0,1-0,white_win,win,B12,,45,22.5,12,1,0,0,False,False,5,0,False,0,7,1,tactical
Tal.pgn,Tal,black,"Razuvaev, Yuri S",URS-ch40,Baku,1972.??.??,1972,?,"Razuvaev, Yuri S","Tal, Mihail",2490.0,2625.0,1/2-1/2,draw,draw,B42,,45,22.5,8,0,2,0,True,True,4,0,True,0,4,0,tactical
Tal.pgn,Tal,black,"Tukmakov, Vladimir B",URS-ch40,Baku,1972.??.??,1972,?,"Tukmakov, Vladimir B","Tal, Mihail",2560.0,2625.0,1/2-1/2,draw,draw,B61,,29,14.5,6,1,1,0,True,False,3,0,False,0,3,1,tactical
Tal.pgn,Tal,black,"Vasiukov, Evgeni",URS-ch40,Baku,1972.??.??,1972,?,"Vasiukov, Evgeni","Tal, Mihail",2575.0,2625.0,1/2-1/2,draw,draw,B53,,39,19.5,10,1,2,0,True,True,5,1,True,0,5,0,tactical
Tal.pgn,Tal,white,"Shamkovich, Leonid",URS-ch40,Baku,1972.??.??,1972,?,"Tal, Mihail","Shamkovich, Leonid",2625.0,2535.0,1-0,white_win,win,B17,,57,28.5,12,4,2,0,True,True,6,4,True,0,6,0,tactical
Tal.pgn,Tal,white,"Savon, Vladimir A",URS-ch40,Baku,1972.??.??,1972,?,"Tal, Mihail","Savon, Vladimir A",2625.0,2595.0,1-0,white_win,win,D35,,75,37.5,18,2,2,0,True,True,10,1,True,0,8,1,tactical
Tal.pgn,Tal,white,"Rashkovsky, Nukhim N",URS-ch40,Baku,1972.??.??,1972,?,"Tal, Mihail","Rashkovsky, Nukhim N",2625.0,2430.0,1/2-1/2,draw,draw,E63,,88,44.0,23,4,2,0,True,True,10,0,True,0,13,4,tactical
Tal.pgn,Tal,white,"Mukhin, Mikhail A",URS-ch40,Baku,1972.??.??,1972,?,"Tal, Mihail","Mukhin, Mikhail A",2625.0,2420.0,1-0,white_win,win,B87,,42,21.0,9,1,1,0,True,False,5,1,True,0,4,0,tactical
Tal.pgn,Tal,white,"Kuzmin, Gennadi P",URS-ch40,Baku,1972.??.??,1972,?,"Tal, Mihail","Kuzmin, Gennadi P",2625.0,2520.0,1/2-1/2,draw,draw,C88,,72,36.0,20,2,2,0,True,True,10,2,True,0,10,0,tactical
Tal.pgn,Tal,white,"Kapengut, Albert Z",URS-ch40,Baku,1972.??.??,1972,?,"Tal, Mihail","Kapengut, Albert Z",2625.0,2485.0,1/2-1/2,draw,draw,A30,,24,12.0,6,0,2,0,True,True,3,0,True,0,3,0,tactical
Tal.pgn,Tal,white,"Gufeld, Eduard",URS-ch40,Baku,1972.??.??,1972,?,"Tal, Mihail","Gufeld, Eduard",2625.0,2525.0,1/2-1/2,draw,draw,B72,,51,25.5,12,2,2,0,True,True,6,1,True,0,6,1,tactical
Tal.pgn,Tal,white,"Furman, Semen Abramovich",URS-ch40,Baku,1972.??.??,1972,?,"Tal, Mihail","Furman, Semen Abramovich",2625.0,2520.0,1-0,white_win,win,C94,,87,43.5,15,2,2,0,True,True,8,2,True,0,7,0,tactical
Tal.pgn,Tal,white,"Bagirov, Vladimir",URS-ch40,Baku,1972.??.??,1972,?,"Tal, Mihail","Bagirov, Vladimir",2625.0,2515.0,1/2-1/2,draw,draw,A34,,86,43.0,18,14,2,0,True,True,9,1,True,0,9,13,tactical
Tal.pgn,Tal,black,"Lein, Anatoly",URS-ch40,Baku,1972.??.??,1972,?,"Lein, Anatoly","Tal, Mihail",2530.0,2625.0,1/2-1/2,draw,draw,B08,,42,21.0,4,0,2,0,True,True,2,0,True,0,2,0,tactical
Tal.pgn,Tal,black,"Kholmov, Ratmir D",URS-ch40,Baku,1972.??.??,1972,?,"Kholmov, Ratmir D","Tal, Mihail",2550.0,2625.0,1/2-1/2,draw,draw,E15,,30,15.0,2,0,2,0,True,True,1,0,True,0,1,0,tactical
Tal.pgn,Tal,black,"Grigorian, Karen Ashotovich",URS-ch40,Baku,1972.??.??,1972,?,"Grigorian, Karen Ashotovich","Tal, Mihail",2470.0,2625.0,1/2-1/2,draw,draw,A82,,33,16.5,10,1,2,0,True,True,5,1,True,0,5,0,tactical
Tal.pgn,Tal,black,"Dzindzichashvili, Roman",URS-ch40,Baku,1972.??.??,1972,?,"Dzindzichashvili, Roman","Tal, Mihail",2500.0,2625.0,1/2-1/2,draw,draw,E90,,72,36.0,15,2,2,1,True,True,8,0,True,0,7,2,tactical
Tal.pgn,Tal,black,"Bronstein, David I",URS-ch40,Baku,1972.??.??,1972,?,"Bronstein, David I","Tal, Mihail",2585.0,2625.0,0-1,black_win,win,A01,,78,39.0,14,11,2,0,True,True,8,10,True,0,6,1,tactical
Tal.pgn,Tal,black,"Balashov, Yuri S",URS-ch40,Baku,1972.??.??,1972,?,"Balashov, Yuri S","Tal, Mihail",2560.0,2625.0,0-1,black_win,win,E09,,98,49.0,18,4,2,0,True,True,10,3,True,0,8,1,tactical
Tal.pgn,Tal,black,"Alburt, Lev O",URS-ch40,Baku,1972.??.??,1972,?,"Alburt, Lev O","Tal, Mihail",2450.0,2625.0,0-1,black_win,win,D01,,56,28.0,16,4,1,0,False,True,7,3,True,0,9,1,tactical
Tal.pgn,Tal,white,"Polugaevsky, Lev",URS-chT Moscow,Moscow,1972.??.??,1972,?,"Tal, Mihail","Polugaevsky, Lev",2625.0,2645.0,1/2-1/2,draw,draw,E54,,29,14.5,6,1,2,0,True,True,3,1,True,0,3,0,tactical
Tal.pgn,Tal,black,"Petrosian, Tigran V",URS-chT Moscow,Moscow,1972.??.??,1972,?,"Petrosian, Tigran V","Tal, Mihail",2645.0,2625.0,1-0,white_win,loss,D41,,75,37.5,15,2,2,0,True,True,7,2,True,0,8,0,tactical
Tal.pgn,Tal,black,"Savon, Vladimir A",URS-chT Moscow,Moscow,1972.??.??,1972,?,"Savon, Vladimir A","Tal, Mihail",2595.0,2625.0,1/2-1/2,draw,draw,B44,,51,25.5,13,0,2,0,True,True,6,0,True,0,7,0,tactical
Tal.pgn,Tal,white,"Danov, Vladimir",URS-chT Moscow,Moscow,1972.??.??,1972,?,"Tal, Mihail","Danov, Vladimir",2625.0,2380.0,1-0,white_win,win,E04,,55,27.5,12,3,1,0,True,False,6,1,True,0,6,2,tactical
Tal.pgn,Tal,white,"Gufeld, Eduard",URS-chT Moscow,Moscow,1972.??.??,1972,?,"Tal, Mihail","Gufeld, Eduard",2625.0,2525.0,1-0,white_win,win,B06,,83,41.5,20,4,2,0,True,True,10,1,True,0,10,3,tactical
Tal.pgn,Tal,white,"Kapengut, Albert Z",URS-chT Moscow,Moscow,1972.??.??,1972,?,"Tal, Mihail","Kapengut, Albert Z",2625.0,2485.0,1-0,white_win,win,A06,,95,47.5,18,7,2,0,True,True,9,5,True,0,9,2,tactical
Tal.pgn,Tal,black,"Mukhin, Evgeny B",URS-chT Moscow,Moscow,1972.??.??,1972,?,"Mukhin, Evgeny B","Tal, Mihail",2420.0,2625.0,0-1,black_win,win,E46,,58,29.0,14,2,1,0,False,True,7,2,True,0,7,0,tactical
Tal.pgn,Tal,black,"Ribli, Zoltan",Skopje ol (Men) fin-A,Skopje,1972.??.??,1972,1,"Ribli, Zoltan","Tal, Mihail",2505.0,2625.0,1/2-1/2,draw,draw,E68,,56,28.0,18,1,2,0,True,True,9,0,True,0,9,1,tactical
Tal.pgn,Tal,black,"Beyen, Roland",Skopje ol (Men) prel,Skopje,1972.??.??,1972,1,"Beyen, Roland","Tal, Mihail",2280.0,2625.0,0-1,black_win,win,A65,,72,36.0,16,2,2,0,True,True,7,2,True,0,9,0,tactical
Tal.pgn,Tal,white,"Jakobsen, Ole",Skopje ol (Men) prel,Skopje,1972.??.??,1972,2,"Tal, Mihail","Jakobsen, Ole",2625.0,2430.0,1-0,white_win,win,B53,,88,44.0,24,4,2,0,True,True,13,0,True,0,11,4,tactical
Tal.pgn,Tal,black,"Hecht, Hans Joachim",Skopje ol (Men) fin-A,Skopje,1972.??.??,1972,2,"Hecht, Hans Joachim","Tal, Mihail",2485.0,2625.0,0-1,black_win,win,B40,,70,35.0,16,3,2,0,True,True,8,1,True,0,8,2,tactical
Tal.pgn,Tal,white,"Timman, Jan H",Skopje ol (Men) fin-A,Skopje,1972.??.??,1972,3,"Tal, Mihail","Timman, Jan H",2625.0,2480.0,1-0,white_win,win,B07,,39,19.5,6,0,2,0,True,True,3,0,True,0,3,0,tactical
Tal.pgn,Tal,white,"Radulov, Ivan",Skopje ol (Men) fin-A,Skopje,1972.??.??,1972,4,"Tal, Mihail","Radulov, Ivan",2625.0,2490.0,1-0,white_win,win,B61,,146,73.0,18,6,2,0,True,True,10,5,True,0,8,1,tactical
Tal.pgn,Tal,black,"Simon, R.",Skopje ol (Men) prel,Skopje,1972.??.??,1972,4,"Simon, R.","Tal, Mihail",2200.0,2625.0,0-1,black_win,win,B08,,38,19.0,7,0,2,0,True,True,4,0,True,0,3,0,tactical
Tal.pgn,Tal,black,"Liebert, Heinz",Skopje ol (Men) fin-A,Skopje,1972.??.??,1972,5,"Liebert, Heinz","Tal, Mihail",2400.0,2625.0,0-1,black_win,win,E62,,80,40.0,13,8,2,0,True,True,7,7,True,0,6,1,tactical
Tal.pgn,Tal,white,"Pytel, Krzysztof",Skopje ol (Men) fin-A,Skopje,1972.??.??,1972,6,"Tal, Mihail","Pytel, Krzysztof",2625.0,2380.0,1/2-1/2,draw,draw,A38,,74,37.0,18,1,2,0,True,True,9,1,True,0,9,0,tactical
Tal.pgn,Tal,white,"Gonzales, Eliseo",Skopje ol (Men) prel,Skopje,1972.??.??,1972,6,"Tal, Mihail","Gonzales, Eliseo",2625.0,2200.0,1-0,white_win,win,B31,,29,14.5,7,0,1,0,True,False,4,0,True,0,3,0,tactical
Tal.pgn,Tal,black,"Lombard, Andre",Skopje ol (Men) fin-A,Skopje,1972.??.??,1972,8,"Lombard, Andre","Tal, Mihail",2380.0,2625.0,0-1,black_win,win,E14,,154,77.0,19,5,2,0,True,True,10,4,True,0,9,1,tactical
Tal.pgn,Tal,black,"Holm Petersen, Sejer",Skopje ol (Men) fin-A,Skopje,1972.??.??,1972,10,"Holm Petersen, Sejer","Tal, Mihail",2395.0,2625.0,0-1,black_win,win,E82,,74,37.0,13,4,2,0,True,True,7,2,True,0,6,2,tactical
Tal.pgn,Tal,white,"Matulovic, Milan",Skopje ol (Men) fin-A,Skopje,1972.??.??,1972,11,"Tal, Mihail","Matulovic, Milan",2625.0,2525.0,1/2-1/2,draw,draw,B06,,58,29.0,6,0,1,0,True,False,3,0,True,0,3,0,tactical
Tal.pgn,Tal,white,"Benko, Pal C",Skopje ol (Men) fin-A,Skopje,1972.??.??,1972,12,"Tal, Mihail","Benko, Pal C",2625.0,2515.0,1-0,white_win,win,C08,,75,37.5,18,5,2,0,True,True,9,4,True,0,9,1,tactical
Tal.pgn,Tal,black,"Toran Albero, Roman",Skopje ol (Men) fin-A,Skopje,1972.??.??,1972,13,"Toran Albero, Roman","Tal, Mihail",2420.0,2625.0,0-1,black_win,win,A88,,81,40.5,8,0,2,0,True,True,4,0,True,0,4,0,tactical
Tal.pgn,Tal,black,"Ghitescu, Theodor",Skopje ol (Men) fin-A,Skopje,1972.??.??,1972,15,"Ghitescu, Theodor","Tal, Mihail",2450.0,2625.0,1/2-1/2,draw,draw,A21,,106,53.0,19,2,2,0,True,True,9,1,True,0,10,1,tactical
Tal.pgn,Tal,black,"Taimanov, Mark E",Sukhumi,Sukhumi,1972.??.??,1972,?,"Taimanov, Mark E","Tal, Mihail",,,1/2-1/2,draw,draw,A69,,44,22.0,8,4,2,0,True,True,3,4,True,0,5,0,tactical
Tal.pgn,Tal,white,"Gufeld, Eduard",Sukhumi,Sukhumi,1972.??.??,1972,?,"Tal, Mihail","Gufeld, Eduard",,,1/2-1/2,draw,draw,B76,,65,32.5,11,5,2,0,True,True,5,5,True,0,6,0,tactical
Tal.pgn,Tal,white,"Espig, Lutz",Sukhumi,Sukhumi,1972.??.??,1972,?,"Tal, Mihail","Espig, Lutz",,,1/2-1/2,draw,draw,B85,,106,53.0,22,9,2,0,True,True,11,2,True,0,11,7,tactical
Tal.pgn,Tal,white,"Jansa, Vlastimil",Sukhumi,Sukhumi,1972.??.??,1972,?,"Tal, Mihail","Jansa, Vlastimil",,,1-0,white_win,win,A16,,81,40.5,20,0,2,0,True,True,11,0,True,0,9,0,tactical
Tal.pgn,Tal,white,"Kirov, Nino",Sukhumi,Sukhumi,1972.??.??,1972,?,"Tal, Mihail","Kirov, Nino",,,1-0,white_win,win,A34,,77,38.5,19,2,2,0,True,True,10,2,True,0,9,0,tactical
Tal.pgn,Tal,white,"Mukhin, Mikhail A",Sukhumi,Sukhumi,1972.??.??,1972,?,"Tal, Mihail","Mukhin, Mikhail A",,,1-0,white_win,win,A16,,97,48.5,14,0,2,0,True,True,8,0,True,0,6,0,tactical
Tal.pgn,Tal,white,"Ree, Hans",Sukhumi,Sukhumi,1972.??.??,1972,?,"Tal, Mihail","Ree, Hans",,,1-0,white_win,win,A39,,55,27.5,13,1,2,0,True,True,7,1,True,0,6,0,tactical
Tal.pgn,Tal,white,"Suttles, Duncan",Sukhumi,Sukhumi,1972.??.??,1972,?,"Tal, Mihail","Suttles, Duncan",,,1-0,white_win,win,B07,,83,41.5,12,4,2,0,True,True,6,3,True,0,6,1,tactical
Tal.pgn,Tal,black,"Honfi, Karoly",Sukhumi,Sukhumi,1972.??.??,1972,?,"Honfi, Karoly","Tal, Mihail",,,0-1,black_win,win,B83,,66,33.0,15,5,2,0,True,True,6,5,True,0,9,0,tactical
Tal.pgn,Tal,black,"Huebner, Robert",Sukhumi,Sukhumi,1972.??.??,1972,?,"Huebner, Robert","Tal, Mihail",,,1/2-1/2,draw,draw,A36,,22,11.0,6,0,2,0,True,True,3,0,True,0,3,0,tactical
Tal.pgn,Tal,black,"Kholmov, Ratmir D",Sukhumi,Sukhumi,1972.??.??,1972,?,"Kholmov, Ratmir D","Tal, Mihail",,,1/2-1/2,draw,draw,A14,,84,42.0,22,3,2,0,True,True,10,1,True,0,12,2,tactical
Tal.pgn,Tal,black,"Liberzon, Vladimir M",Sukhumi,Sukhumi,1972.??.??,1972,?,"Liberzon, Vladimir M","Tal, Mihail",,,1/2-1/2,draw,draw,B83,,49,24.5,14,0,2,0,True,True,7,0,True,0,7,0,tactical
Tal.pgn,Tal,black,"Murrey, Jacob",Sukhumi,Sukhumi,1972.??.??,1972,?,"Murrey, Jacob","Tal, Mihail",,,1/2-1/2,draw,draw,B42,,53,26.5,13,1,2,0,True,True,7,0,True,0,6,1,tactical
Tal.pgn,Tal,black,"Savon, Vladimir A",Sukhumi,Sukhumi,1972.??.??,1972,?,"Savon, Vladimir A","Tal, Mihail",,,1/2-1/2,draw,draw,B36,,137,68.5,26,10,2,0,True,True,13,2,True,0,13,8,tactical
Tal.pgn,Tal,black,"Beliavsky, Alexander G",Sukhumi,Sukhumi,1972.??.??,1972,?,"Beliavsky, Alexander G","Tal, Mihail",,,0-1,black_win,win,B81,,54,27.0,16,3,1,0,True,False,8,1,False,0,8,2,tactical
Tal.pgn,Tal,black,"Botterill, George Steven",EU-chT,Bath,1973.??.??,1973,1,"Botterill, George Steven","Tal, Mihail",2410.0,2660.0,0-1,black_win,win,B43,,102,51.0,19,6,2,0,True,True,9,6,True,0,10,0,tactical
Tal.pgn,Tal,white,"Mititelu, Gheorghe",EU-chT,Bath,1973.??.??,1973,2,"Tal, Mihail","Mititelu, Gheorghe",2660.0,2390.0,1-0,white_win,win,B67,,53,26.5,11,1,2,0,True,True,6,1,True,0,5,0,tactical
Tal.pgn,Tal,black,"Bednarski, Jacek B",EU-chT,Bath,1973.??.??,1973,3,"Bednarski, Jacek B","Tal, Mihail",2400.0,2660.0,1/2-1/2,draw,draw,B46,,21,10.5,4,0,0,0,False,False,2,0,False,0,2,0,tactical
Tal.pgn,Tal,white,"Parma, Bruno",EU-chT,Bath,1973.??.??,1973,4,"Tal, Mihail","Parma, Bruno",2660.0,2500.0,1/2-1/2,draw,draw,A14,,35,17.5,2,0,2,0,True,True,1,0,True,0,1,0,tactical
Tal.pgn,Tal,black,"Wirthensohn, Heinz",EU-chT,Bath,1973.??.??,1973,5,"Wirthensohn, Heinz","Tal, Mihail",2330.0,2660.0,1/2-1/2,draw,draw,A04,,53,26.5,12,0,2,0,True,True,6,0,True,0,6,0,tactical
Tal.pgn,Tal,black,"Csom, Istvan",EU-chT,Bath,1973.??.??,1973,7,"Csom, Istvan","Tal, Mihail",2540.0,2660.0,1/2-1/2,draw,draw,A13,,127,63.5,24,4,2,0,True,True,12,2,True,0,12,2,tactical
Tal.pgn,Tal,white,"Shamkovich, Leonid",Dubna,Dubna,1973.??.??,1973,?,"Tal, Mihail","Shamkovich, Leonid",,,1-0,white_win,win,C67,,85,42.5,14,1,1,0,True,False,8,1,True,0,6,0,tactical
Tal.pgn,Tal,black,"Estrin, Yacov",Dubna,Dubna,1973.??.??,1973,?,"Estrin, Yacov","Tal, Mihail",,,1/2-1/2,draw,draw,B80,,47,23.5,16,1,2,0,True,True,8,0,True,0,8,1,tactical
Tal.pgn,Tal,white,"Vaganian, Rafael A",Dubna,Dubna,1973.??.??,1973,?,"Tal, Mihail","Vaganian, Rafael A",,,1-0,white_win,win,C04,,29,14.5,6,3,0,0,False,False,3,3,False,0,3,0,tactical
Tal.pgn,Tal,black,"Espig, Lutz",Dubna,Dubna,1973.??.??,1973,?,"Espig, Lutz","Tal, Mihail",,,1/2-1/2,draw,draw,A15,,86,43.0,20,5,2,0,True,True,11,5,True,0,9,0,tactical
Tal.pgn,Tal,white,"Platonov, Igor V",Dubna,Dubna,1973.??.??,1973,?,"Tal, Mihail","Platonov, Igor V",,,1-0,white_win,win,B97,,45,22.5,10,1,2,0,True,True,4,1,True,0,6,0,tactical
Tal.pgn,Tal,black,"Knezevic, Milorad",Dubna,Dubna,1973.??.??,1973,?,"Knezevic, Milorad","Tal, Mihail",,,1/2-1/2,draw,draw,E76,,68,34.0,18,3,1,0,False,True,10,2,True,0,8,1,tactical
Tal.pgn,Tal,black,"Rukavina, Josip",Dubna,Dubna,1973.??.??,1973,?,"Rukavina, Josip","Tal, Mihail",,,0-1,black_win,win,A06,,54,27.0,11,1,2,0,True,True,6,1,True,0,5,0,tactical
Tal.pgn,Tal,white,"Mista, Ladislav",Dubna,Dubna,1973.??.??,1973,?,"Tal, Mihail","Mista, Ladislav",,,1-0,white_win,win,B78,,69,34.5,14,2,2,0,True,True,7,2,True,0,7,0,tactical
Tal.pgn,Tal,white,"Garcia Martinez, Silvino",Hastings7374,Hastings,1973.??.??,1973,1,"Tal, Mihail","Garcia Martinez, Silvino",,,1/2-1/2,draw,draw,B77,,106,53.0,23,10,2,0,True,True,11,2,True,0,12,8,tactical
Tal.pgn,Tal,black,"Szabo, Laszlo",Hastings7374,Hastings,1973.??.??,1973,2,"Szabo, Laszlo","Tal, Mihail",,,1/2-1/2,draw,draw,A28,,20,10.0,4,0,1,0,False,True,2,0,True,0,2,0,tactical
Tal.pgn,Tal,white,"Pytel, Krzysztof",Hastings7374,Hastings,1973.??.??,1973,3,"Tal, Mihail","Pytel, Krzysztof",,,1-0,white_win,win,C78,,59,29.5,11,2,2,0,True,True,7,0,True,0,4,2,tactical
Tal.pgn,Tal,black,"Keene, Raymond D",Hastings7374,Hastings,1973.??.??,1973,4,"Keene, Raymond D","Tal, Mihail",,,1/2-1/2,draw,draw,A35,,64,32.0,12,5,2,0,True,True,6,2,True,0,6,3,tactical
Tal.pgn,Tal,white,"Kuzmin, Gennadi P",Hastings7374,Hastings,1973.??.??,1973,5,"Tal, Mihail","Kuzmin, Gennadi P",,,1/2-1/2,draw,draw,E12,,30,15.0,8,0,2,0,True,True,4,0,True,0,4,0,tactical
Tal.pgn,Tal,black,"Adorjan, Andras",Hastings7374,Hastings,1973.??.??,1973,6,"Adorjan, Andras","Tal, Mihail",,,1/2-1/2,draw,draw,B93,,33,16.5,2,0,0,0,False,False,1,0,False,0,1,0,tactical
Tal.pgn,Tal,white,"Benko, Pal C",Hastings7374,Hastings,1973.??.??,1973,7,"Tal, Mihail","Benko, Pal C",,,1/2-1/2,draw,draw,C43,,57,28.5,22,3,2,0,True,True,10,2,True,0,12,1,tactical
Tal.pgn,Tal,white,"Rellstab, Ludwig Sr",Hastings7374,Hastings,1973.??.??,1973,8,"Tal, Mihail","Rellstab, Ludwig Sr",,,1-0,white_win,win,C87,,69,34.5,8,0,2,0,True,True,5,0,True,0,3,0,tactical
Tal.pgn,Tal,black,"Suttles, Duncan",Hastings7374,Hastings,1973.??.??,1973,9,"Suttles, Duncan","Tal, Mihail",,,0-1,black_win,win,B23,,124,62.0,26,7,2,0,True,True,14,2,True,0,12,5,tactical
Tal.pgn,Tal,white,"Hartston, William R",Hastings7374,Hastings,1973.??.??,1973,10,"Tal, Mihail","Hartston, William R",,,1-0,white_win,win,B85,,53,26.5,13,2,2,0,True,True,7,2,True,0,6,0,tactical
Tal.pgn,Tal,black,"Basman, Michael J",Hastings7374,Hastings,1973.??.??,1973,11,"Basman, Michael J","Tal, Mihail",,,1/2-1/2,draw,draw,A02,,82,41.0,21,5,2,1,True,True,10,1,True,1,11,4,tactical
Tal.pgn,Tal,white,"Stean, Michael",Hastings7374,Hastings,1973.??.??,1973,12,"Tal, Mihail","Stean, Michael",,,1-0,white_win,win,B96,,67,33.5,18,14,1,0,True,False,9,13,True,0,9,1,tactical
Tal.pgn,Tal,black,"Timman, Jan H",Hastings7374,Hastings,1973.??.??,1973,13,"Timman, Jan H","Tal, Mihail",,,1/2-1/2,draw,draw,E56,,96,48.0,24,1,2,0,True,True,12,0,True,0,12,1,tactical
Tal.pgn,Tal,white,"Gligoric, Svetozar",Hastings7374,Hastings,1973.??.??,1973,14,"Tal, Mihail","Gligoric, Svetozar",,,1/2-1/2,draw,draw,C95,,49,24.5,0,0,2,0,True,True,0,0,True,0,0,0,tactical
Tal.pgn,Tal,black,"Miles, Anthony J",Hastings7374,Hastings,1973.??.??,1973,15,"Miles, Anthony J","Tal, Mihail",,,1/2-1/2,draw,draw,A05,,103,51.5,16,7,2,0,True,True,8,3,True,0,8,4,tactical
Tal.pgn,Tal,black,"Smejkal, Jan",Leningrad Interzonal,Leningrad,1973.??.??,1973,1,"Smejkal, Jan","Tal, Mihail",2570.0,2655.0,1/2-1/2,draw,draw,E62,,64,32.0,20,1,2,0,True,True,10,1,True,0,10,0,tactical
Tal.pgn,Tal,white,"Torre, Eugenio",Leningrad Interzonal,Leningrad,1973.??.??,1973,2,"Tal, Mihail","Torre, Eugenio",2655.0,2430.0,0-1,black_win,loss,A39,,134,67.0,26,7,2,0,True,True,12,5,True,0,14,2,tactical
Tal.pgn,Tal,black,"Estevez, Guillermo",Leningrad Interzonal,Leningrad,1973.??.??,1973,3,"Estevez, Guillermo","Tal, Mihail",2385.0,2655.0,1-0,white_win,loss,B84,,73,36.5,15,1,2,0,True,True,8,0,True,0,7,1,tactical
Tal.pgn,Tal,white,"Huebner, Robert",Leningrad Interzonal,Leningrad,1973.??.??,1973,4,"Tal, Mihail","Huebner, Robert",2655.0,2600.0,0-1,black_win,loss,B43,,68,34.0,16,3,2,0,True,True,7,2,True,0,9,1,tactical
Tal.pgn,Tal,black,"Tukmakov, Vladimir B",Leningrad Interzonal,Leningrad,1973.??.??,1973,5,"Tukmakov, Vladimir B","Tal, Mihail",2560.0,2655.0,0-1,black_win,win,B93,,82,41.0,12,1,2,0,True,True,6,1,True,0,6,0,tactical
Tal.pgn,Tal,white,"Kortschnoj, Viktor",Leningrad Interzonal,Leningrad,1973.??.??,1973,6,"Tal, Mihail","Kortschnoj, Viktor",2655.0,2635.0,0-1,black_win,loss,A30,,112,56.0,20,4,2,0,True,True,10,1,True,0,10,3,tactical
Tal.pgn,Tal,black,"Taimanov, Mark E",Leningrad Interzonal,Leningrad,1973.??.??,1973,7,"Taimanov, Mark E","Tal, Mihail",2595.0,2655.0,1/2-1/2,draw,draw,A36,,23,11.5,7,0,2,0,True,True,3,0,True,0,4,0,tactical
Tal.pgn,Tal,white,"Karpov, Anatoly",Leningrad Interzonal,Leningrad,1973.??.??,1973,8,"Tal, Mihail","Karpov, Anatoly",2655.0,2645.0,1/2-1/2,draw,draw,C95,,94,47.0,19,0,2,0,True,True,9,0,True,0,10,0,tactical
Tal.pgn,Tal,black,"Kuzmin, Gennadi P",Leningrad Interzonal,Leningrad,1973.??.??,1973,9,"Kuzmin, Gennadi P","Tal, Mihail",2565.0,2655.0,1-0,white_win,loss,E92,,125,62.5,24,6,2,0,True,True,12,1,True,0,12,5,tactical
Tal.pgn,Tal,black,"Cuellar Gacharna, Miguel",Leningrad Interzonal,Leningrad,1973.??.??,1973,10,"Cuellar Gacharna, Miguel","Tal, Mihail",2400.0,2655.0,0-1,black_win,win,E91,,158,79.0,22,20,2,1,True,True,12,18,True,1,10,2,tactical
Tal.pgn,Tal,white,"Quinteros, Miguel A",Leningrad Interzonal,Leningrad,1973.??.??,1973,11,"Tal, Mihail","Quinteros, Miguel A",2655.0,2480.0,1-0,white_win,win,B93,,113,56.5,22,5,2,0,True,True,12,5,True,0,10,0,tactical
Tal.pgn,Tal,black,"Larsen, Bent",Leningrad Interzonal,Leningrad,1973.??.??,1973,12,"Larsen, Bent","Tal, Mihail",2620.0,2655.0,0-1,black_win,win,A37,,70,35.0,16,7,2,0,True,True,8,7,True,0,8,0,tactical
Tal.pgn,Tal,white,"Byrne, Robert E",Leningrad Interzonal,Leningrad,1973.??.??,1973,13,"Tal, Mihail","Byrne, Robert E",2655.0,2570.0,1/2-1/2,draw,draw,B97,,86,43.0,25,2,1,0,True,False,13,1,True,0,12,1,tactical
Tal.pgn,Tal,black,"Uhlmann, Wolfgang",Leningrad Interzonal,Leningrad,1973.??.??,1973,14,"Uhlmann, Wolfgang","Tal, Mihail",2550.0,2655.0,1/2-1/2,draw,draw,A53,,37,18.5,7,0,2,0,True,True,3,0,True,0,4,0,tactical
Tal.pgn,Tal,white,"Gligoric, Svetozar",Leningrad Interzonal,Leningrad,1973.??.??,1973,15,"Tal, Mihail","Gligoric, Svetozar",2655.0,2595.0,1-0,white_win,win,C95,,84,42.0,9,1,2,0,True,True,5,0,True,0,4,1,tactical
Tal.pgn,Tal,black,"Rukavina, Josip",Leningrad Interzonal,Leningrad,1973.??.??,1973,16,"Rukavina, Josip","Tal, Mihail",2460.0,2655.0,1-0,white_win,loss,A49,,82,41.0,12,0,2,0,True,True,6,0,True,0,6,0,tactical
Tal.pgn,Tal,white,"Radulov, Ivan",Leningrad Interzonal,Leningrad,1973.??.??,1973,17,"Tal, Mihail","Radulov, Ivan",2655.0,2510.0,1-0,white_win,win,B61,,82,41.0,20,5,2,0,True,True,10,5,True,0,10,0,tactical
Tal.pgn,Tal,black,"Karpov, Anatoly",URS-ch41,Moscow,1973.??.??,1973,?,"Karpov, Anatoly","Tal, Mihail",2660.0,2660.0,1/2-1/2,draw,draw,D46,,42,21.0,4,0,2,0,True,True,2,0,True,0,2,0,tactical
Tal.pgn,Tal,black,"Beliavsky, Alexander G",URS-ch41,Moscow,1973.??.??,1973,?,"Beliavsky, Alexander G","Tal, Mihail",2450.0,2660.0,0-1,black_win,win,B92,,86,43.0,18,3,2,0,True,True,10,3,True,0,8,0,tactical
Tal.pgn,Tal,black,"Geller, Efim P",URS-ch41,Moscow,1973.??.??,1973,?,"Geller, Efim P","Tal, Mihail",2605.0,2660.0,1/2-1/2,draw,draw,B49,,83,41.5,14,1,2,0,True,True,7,1,True,0,7,0,tactical
Tal.pgn,Tal,black,"Taimanov, Mark E",URS-ch41,Moscow,1973.??.??,1973,?,"Taimanov, Mark E","Tal, Mihail",2585.0,2660.0,1-0,white_win,loss,A31,,81,40.5,18,1,2,0,True,True,8,1,True,0,10,0,tactical
Tal.pgn,Tal,black,"Grigorian, Karen Ashotovich",URS-ch41,Moscow,1973.??.??,1973,?,"Grigorian, Karen Ashotovich","Tal, Mihail",2485.0,2660.0,1-0,white_win,loss,E86,,135,67.5,24,11,2,0,True,True,11,6,True,0,13,5,tactical
Tal.pgn,Tal,white,"Tukmakov, Vladimir B",URS-ch41,Moscow,1973.??.??,1973,?,"Tal, Mihail","Tukmakov, Vladimir B",2660.0,2545.0,1/2-1/2,draw,draw,C95,,78,39.0,18,3,2,0,True,True,9,3,True,0,9,0,tactical
Tal.pgn,Tal,white,"Sveshnikov, Evgeny",URS-ch41,Moscow,1973.??.??,1973,?,"Tal, Mihail","Sveshnikov, Evgeny",2660.0,,1/2-1/2,draw,draw,B40,,67,33.5,15,7,1,0,True,False,8,7,True,0,7,0,tactical
Tal.pgn,Tal,white,"Savon, Vladimir A",URS-ch41,Moscow,1973.??.??,1973,?,"Tal, Mihail","Savon, Vladimir A",2660.0,2575.0,1/2-1/2,draw,draw,A30,,39,19.5,12,1,2,0,True,True,6,1,True,0,6,0,tactical
Tal.pgn,Tal,white,"Rashkovsky, Nukhim N",URS-ch41,Moscow,1973.??.??,1973,?,"Tal, Mihail","Rashkovsky, Nukhim N",2660.0,2485.0,1/2-1/2,draw,draw,B39,,84,42.0,21,4,0,0,False,False,11,0,False,0,10,4,tactical
Tal.pgn,Tal,white,"Petrosian, Tigran V",URS-ch41,Moscow,1973.??.??,1973,?,"Tal, Mihail","Petrosian, Tigran V",2660.0,2640.0,0-1,black_win,loss,B17,,54,27.0,9,2,2,0,True,True,4,0,True,0,5,2,tactical
Tal.pgn,Tal,white,"Kortschnoj, Viktor",URS-ch41,Moscow,1973.??.??,1973,?,"Tal, Mihail","Kortschnoj, Viktor",2660.0,2650.0,1/2-1/2,draw,draw,C09,,127,63.5,22,13,1,0,False,True,11,4,False,0,11,9,tactical
Tal.pgn,Tal,white,"Keres, Paul",URS-ch41,Moscow,1973.??.??,1973,?,"Tal, Mihail","Keres, Paul",2660.0,2580.0,1-0,white_win,win,C75,,83,41.5,15,1,1,0,True,False,8,1,True,0,7,0,tactical
Tal.pgn,Tal,white,"Averkin, Orest N",URS-ch41,Moscow,1973.??.??,1973,?,"Tal, Mihail","Averkin, Orest N",2660.0,2460.0,1-0,white_win,win,B18,,139,69.5,19,3,2,0,True,True,10,1,True,0,9,2,tactical
Tal.pgn,Tal,black,"Spassky, Boris V",URS-ch41,Moscow,1973.??.??,1973,?,"Spassky, Boris V","Tal, Mihail",2655.0,2660.0,1/2-1/2,draw,draw,E11,,43,21.5,10,3,0,0,False,False,5,3,False,0,5,0,tactical
Tal.pgn,Tal,black,"Smyslov, Vassily",URS-ch41,Moscow,1973.??.??,1973,?,"Smyslov, Vassily","Tal, Mihail",2610.0,2660.0,1/2-1/2,draw,draw,E61,,80,40.0,20,4,1,0,False,True,10,3,True,0,10,1,tactical
Tal.pgn,Tal,black,"Polugaevsky, Lev",URS-ch41,Moscow,1973.??.??,1973,?,"Polugaevsky, Lev","Tal, Mihail",2625.0,2660.0,1-0,white_win,loss,A10,,69,34.5,18,9,1,0,False,True,9,5,True,0,9,4,tactical
Tal.pgn,Tal,black,"Kuzmin, Gennadi P",URS-ch41,Moscow,1973.??.??,1973,?,"Kuzmin, Gennadi P","Tal, Mihail",2575.0,2660.0,1/2-1/2,draw,draw,B67,,40,20.0,13,0,2,0,True,True,7,0,True,0,6,0,tactical
Tal.pgn,Tal,white,"Bronstein, David I",Moscow-3teams,Moscow,1973.??.??,1973,1,"Tal, Mihail","Bronstein, David I",,,1-0,white_win,win,B08,,47,23.5,6,2,1,0,True,False,4,1,True,0,2,1,tactical
Tal.pgn,Tal,black,"Balashov, Yuri S",Moscow-3teams,Moscow,1973.??.??,1973,3,"Balashov, Yuri S","Tal, Mihail",,,1-0,white_win,loss,B84,,70,35.0,12,0,2,0,True,True,6,0,True,0,6,0,tactical
Tal.pgn,Tal,black,"Bronstein, David I",Moscow-3teams,Moscow,1973.??.??,1973,5,"Bronstein, David I","Tal, Mihail",,,1/2-1/2,draw,draw,B44,,60,30.0,16,2,2,0,True,True,8,2,True,0,8,0,tactical
Tal.pgn,Tal,white,"Balashov, Yuri S",Moscow-3teams,Moscow,1973.??.??,1973,6,"Tal, Mihail","Balashov, Yuri S",,,0-1,black_win,loss,B82,,106,53.0,24,4,2,0,True,True,11,2,True,0,13,2,tactical
Tal.pgn,Tal,white,"Rukavina, Josip",Sochi,Sochi,1973.??.??,1973,1,"Tal, Mihail","Rukavina, Josip",2655.0,2460.0,1-0,white_win,win,B06,,97,48.5,24,6,2,0,True,True,12,1,True,0,12,5,tactical
Tal.pgn,Tal,black,"Andersson, Ulf",Sochi,Sochi,1973.??.??,1973,2,"Andersson, Ulf","Tal, Mihail",2535.0,2655.0,1/2-1/2,draw,draw,A16,,67,33.5,15,4,2,0,True,True,7,0,True,0,8,4,tactical
Tal.pgn,Tal,white,"Spassky, Boris V",Sochi,Sochi,1973.??.??,1973,3,"Tal, Mihail","Spassky, Boris V",2655.0,2660.0,1/2-1/2,draw,draw,D35,,113,56.5,24,2,1,0,True,False,12,0,True,0,12,2,tactical
Tal.pgn,Tal,black,"Kholmov, Ratmir D",Sochi,Sochi,1973.??.??,1973,4,"Kholmov, Ratmir D","Tal, Mihail",2550.0,2655.0,1/2-1/2,draw,draw,D31,,32,16.0,6,0,2,0,True,True,3,0,True,0,3,0,tactical
Tal.pgn,Tal,white,"Spiridonov, Nikola",Sochi,Sochi,1973.??.??,1973,5,"Tal, Mihail","Spiridonov, Nikola",2655.0,2465.0,1-0,white_win,win,B03,,69,34.5,15,0,2,0,True,True,8,0,True,0,7,0,tactical
Tal.pgn,Tal,black,"Rashkovsky, Nukhim N",Sochi,Sochi,1973.??.??,1973,6,"Rashkovsky, Nukhim N","Tal, Mihail",2430.0,2655.0,0-1,black_win,win,D86,,76,38.0,20,4,2,0,True,True,11,2,True,0,9,2,tactical
Tal.pgn,Tal,white,"Szabo, Laszlo",Sochi,Sochi,1973.??.??,1973,7,"Tal, Mihail","Szabo, Laszlo",2655.0,2555.0,1-0,white_win,win,B06,,71,35.5,18,10,2,0,True,True,9,7,True,0,9,3,tactical
Tal.pgn,Tal,black,"Krogius, Nikolai V",Sochi,Sochi,1973.??.??,1973,8,"Krogius, Nikolai V","Tal, Mihail",2560.0,2655.0,1/2-1/2,draw,draw,A30,,32,16.0,10,1,2,0,True,True,5,0,True,0,5,1,tactical
Tal.pgn,Tal,white,"Hennings, Artur",Sochi,Sochi,1973.??.??,1973,9,"Tal, Mihail","Hennings, Artur",2655.0,2475.0,1/2-1/2,draw,draw,D63,,81,40.5,15,2,2,0,True,True,7,0,True,0,8,2,tactical
Tal.pgn,Tal,black,"Smejkal, Jan",Sochi,Sochi,1973.??.??,1973,10,"Smejkal, Jan","Tal, Mihail",2570.0,2655.0,1/2-1/2,draw,draw,A07,,28,14.0,4,1,2,0,True,True,2,1,True,0,2,0,tactical
Tal.pgn,Tal,white,"Timman, Jan H",Sochi,Sochi,1973.??.??,1973,11,"Tal, Mihail","Timman, Jan H",2655.0,2480.0,1/2-1/2,draw,draw,C95,,136,68.0,18,13,2,0,True,True,9,10,True,0,9,3,tactical
Tal.pgn,Tal,white,"Suetin, Alexey S",Sochi,Sochi,1973.??.??,1973,12,"Tal, Mihail","Suetin, Alexey S",2655.0,2550.0,1-0,white_win,win,B49,,89,44.5,18,7,2,0,True,True,9,3,True,0,9,4,tactical
Tal.pgn,Tal,black,"Filip, Miroslav",Sochi,Sochi,1973.??.??,1973,13,"Filip, Miroslav","Tal, Mihail",2510.0,2655.0,0-1,black_win,win,A21,,74,37.0,17,8,2,0,True,True,9,8,True,0,8,0,tactical
Tal.pgn,Tal,white,"Korensky, Valeri S",Sochi,Sochi,1973.??.??,1973,14,"Tal, Mihail","Korensky, Valeri S",2655.0,2200.0,1-0,white_win,win,C84,,81,40.5,18,3,2,0,True,True,11,0,True,0,7,3,tactical
Tal.pgn,Tal,black,"Balashov, Yuri S",Sochi,Sochi,1973.??.??,1973,15,"Balashov, Yuri S","Tal, Mihail",2560.0,2655.0,1/2-1/2,draw,draw,A30,,37,18.5,12,1,2,0,True,True,6,1,True,0,6,0,tactical
Tal.pgn,Tal,white,"Balashov, Yuri S",Tallinn,Tallinn,1973.??.??,1973,?,"Tal, Mihail","Balashov, Yuri S",,,1/2-1/2,draw,draw,B67,,55,27.5,16,0,2,0,True,True,8,0,True,0,8,0,tactical
Tal.pgn,Tal,white,"Karner, Hillar",Tallinn,Tallinn,1973.??.??,1973,?,"Tal, Mihail","Karner, Hillar",,,1-0,white_win,win,B07,,74,37.0,16,1,2,0,True,True,8,0,True,0,8,1,tactical
Tal.pgn,Tal,white,"Keres, Paul",Tallinn,Tallinn,1973.??.??,1973,?,"Tal, Mihail","Keres, Paul",,,1-0,white_win,win,C75,,89,44.5,14,2,2,0,True,True,7,2,True,0,7,0,tactical
Tal.pgn,Tal,white,"Polugaevsky, Lev",Tallinn,Tallinn,1973.??.??,1973,?,"Tal, Mihail","Polugaevsky, Lev",,,1/2-1/2,draw,draw,A17,,58,29.0,10,0,2,0,True,True,5,0,True,0,5,0,tactical
Tal.pgn,Tal,white,"Pribyl, Josef",Tallinn,Tallinn,1973.??.??,1973,?,"Tal, Mihail","Pribyl, Josef",,,1-0,white_win,win,A38,,103,51.5,18,3,2,0,True,True,9,2,True,0,9,1,tactical
Tal.pgn,Tal,white,"Rytov, Boris",Tallinn,Tallinn,1973.??.??,1973,?,"Tal, Mihail","Rytov, Boris",,,1/2-1/2,draw,draw,A11,,119,59.5,17,5,2,0,True,True,9,2,True,0,8,3,tactical
Tal.pgn,Tal,white,"Saidy, Anthony Fred",Tallinn,Tallinn,1973.??.??,1973,?,"Tal, Mihail","Saidy, Anthony Fred",,,1-0,white_win,win,E62,,77,38.5,11,5,2,0,True,True,5,5,True,0,6,0,tactical
Tal.pgn,Tal,black,"Timman, Jan H",Tallinn,Tallinn,1973.??.??,1973,?,"Timman, Jan H","Tal, Mihail",,,0-1,black_win,win,E92,,64,32.0,10,1,2,0,True,True,6,1,True,0,4,0,tactical
Tal.pgn,Tal,black,"Westerinen, Heikki MJ",Tallinn,Tallinn,1973.??.??,1973,?,"Westerinen, Heikki MJ","Tal, Mihail",,,0-1,black_win,win,B40,,48,24.0,8,1,1,0,False,True,4,1,True,0,4,0,tactical
Tal.pgn,Tal,black,"Popov, Luben",Tallinn,Tallinn,1973.??.??,1973,?,"Popov, Luben","Tal, Mihail",,,0-1,black_win,win,A53,,87,43.5,20,5,1,0,False,True,11,5,True,0,9,0,tactical
Tal.pgn,Tal,black,"Nei, Iivo",Tallinn,Tallinn,1973.??.??,1973,?,"Nei, Iivo","Tal, Mihail",,,0-1,black_win,win,E92,,85,42.5,15,1,2,0,True,True,8,0,True,0,7,1,tactical
Tal.pgn,Tal,black,"Bronstein, David I",Tallinn,Tallinn,1973.??.??,1973,?,"Bronstein, David I","Tal, Mihail",,,1/2-1/2,draw,draw,D13,,60,30.0,12,1,2,0,True,True,6,1,True,0,6,0,tactical
Tal.pgn,Tal,black,"Andersson, Ulf",Tallinn,Tallinn,1973.??.??,1973,?,"Andersson, Ulf","Tal, Mihail",,,1/2-1/2,draw,draw,A14,,43,21.5,9,1,2,0,True,True,4,0,True,0,5,1,tactical
Tal.pgn,Tal,black,"Pfleger, Helmut",Tallinn,Tallinn,1973.??.??,1973,?,"Pfleger, Helmut","Tal, Mihail",,,1/2-1/2,draw,draw,B06,,65,32.5,16,6,2,0,True,True,8,4,True,0,8,2,tactical
Tal.pgn,Tal,black,"Spassky, Boris V",Tallinn,Tallinn,1973.??.??,1973,?,"Spassky, Boris V","Tal, Mihail",,,0-1,black_win,win,E30,,76,38.0,18,9,2,0,True,True,9,9,True,0,9,0,tactical
Tal.pgn,Tal,black,"Planinec, Albin",Hoogovens,Wijk aan Zee,1973.??.??,1973,1,"Planinec, Albin","Tal, Mihail",2520.0,2625.0,0-1,black_win,win,A04,,84,42.0,14,0,2,0,True,True,8,0,True,0,6,0,tactical
Tal.pgn,Tal,white,"Balashov, Yuri S",Hoogovens,Wijk aan Zee,1973.??.??,1973,2,"Tal, Mihail","Balashov, Yuri S",2625.0,2560.0,1/2-1/2,draw,draw,A14,,34,17.0,6,0,2,0,True,True,3,0,True,0,3,0,tactical
Tal.pgn,Tal,black,"Szabo, Laszlo",Hoogovens,Wijk aan Zee,1973.??.??,1973,3,"Szabo, Laszlo","Tal, Mihail",2555.0,2625.0,1/2-1/2,draw,draw,D35,,31,15.5,8,0,2,0,True,True,4,0,True,0,4,0,tactical
Tal.pgn,Tal,white,"Ribli, Zoltan",Hoogovens,Wijk aan Zee,1973.??.??,1973,4,"Tal, Mihail","Ribli, Zoltan",2625.0,2505.0,1/2-1/2,draw,draw,B51,,96,48.0,20,4,2,0,True,True,10,4,True,0,10,0,tactical
Tal.pgn,Tal,black,"Enklaar, Bertus F",Hoogovens,Wijk aan Zee,1973.??.??,1973,5,"Enklaar, Bertus F","Tal, Mihail",2410.0,2625.0,1/2-1/2,draw,draw,B40,,109,54.5,16,4,2,0,True,True,8,1,True,0,8,3,tactical
Tal.pgn,Tal,black,"Ree, Hans",Hoogovens,Wijk aan Zee,1973.??.??,1973,6,"Ree, Hans","Tal, Mihail",2480.0,2625.0,1/2-1/2,draw,draw,B79,,64,32.0,10,0,2,0,True,True,5,0,True,0,5,0,tactical
Tal.pgn,Tal,white,"Donner, Jan Hein",Hoogovens,Wijk aan Zee,1973.??.??,1973,7,"Tal, Mihail","Donner, Jan Hein",2625.0,2470.0,1-0,white_win,win,A31,,49,24.5,14,7,1,0,True,False,6,2,True,0,8,5,tactical
Tal.pgn,Tal,black,"Najdorf, Miguel",Hoogovens,Wijk aan Zee,1973.??.??,1973,8,"Najdorf, Miguel","Tal, Mihail",2540.0,2625.0,1/2-1/2,draw,draw,E62,,38,19.0,6,0,2,0,True,True,3,0,True,0,3,0,tactical
Tal.pgn,Tal,white,"Langeweg, Kick",Hoogovens,Wijk aan Zee,1973.??.??,1973,9,"Tal, Mihail","Langeweg, Kick",2625.0,2425.0,1-0,white_win,win,B85,,59,29.5,11,1,2,0,True,True,6,1,True,0,5,0,tactical
Tal.pgn,Tal,black,"Vasiukov, Evgeni",Hoogovens,Wijk aan Zee,1973.??.??,1973,10,"Vasiukov, Evgeni","Tal, Mihail",2575.0,2625.0,1/2-1/2,draw,draw,A01,,28,14.0,2,0,0,0,False,False,1,0,False,0,1,0,tactical
Tal.pgn,Tal,white,"Andersson, Ulf",Hoogovens,Wijk aan Zee,1973.??.??,1973,11,"Tal, Mihail","Andersson, Ulf",2625.0,2535.0,1/2-1/2,draw,draw,C07,,57,28.5,14,2,2,0,True,True,7,0,True,0,7,2,tactical
Tal.pgn,Tal,black,"Hort, Vlastimil",Hoogovens,Wijk aan Zee,1973.??.??,1973,12,"Hort, Vlastimil","Tal, Mihail",2600.0,2625.0,1/2-1/2,draw,draw,E19,,24,12.0,6,0,2,0,True,True,3,0,True,0,3,0,tactical
Tal.pgn,Tal,white,"Ljubojevic, Ljubomir",Hoogovens,Wijk aan Zee,1973.??.??,1973,13,"Tal, Mihail","Ljubojevic, Ljubomir",2625.0,2550.0,1-0,white_win,win,B04,,93,46.5,21,9,2,0,True,True,11,7,True,0,10,2,tactical
Tal.pgn,Tal,black,"Hartoch, Robert G",Hoogovens,Wijk aan Zee,1973.??.??,1973,14,"Hartoch, Robert G","Tal, Mihail",2430.0,2625.0,0-1,black_win,win,B06,,52,26.0,9,1,2,0,True,True,5,0,True,0,4,1,tactical
Tal.pgn,Tal,white,"Zuidema, Coenraad",Hoogovens,Wijk aan Zee,1973.??.??,1973,15,"Tal, Mihail","Zuidema, Coenraad",2625.0,2430.0,1-0,white_win,win,D37,,79,39.5,15,0,2,0,True,True,8,0,True,0,7,0,tactical
Tal.pgn,Tal,white,"Matulovic, Milan",Belgrade-Moscow,Belgrade,1974.??.??,1974,?,"Tal, Mihail","Matulovic, Milan",,,1/2-1/2,draw,draw,B49,,53,26.5,14,0,2,0,True,True,7,0,True,0,7,0,tactical
Tal.pgn,Tal,white,"Ivkov, Borislav",Belgrade-Moscow,Belgrade,1974.??.??,1974,?,"Tal, Mihail","Ivkov, Borislav",,,1-0,white_win,win,C79,,73,36.5,23,1,2,0,True,True,12,0,True,0,11,1,tactical
Tal.pgn,Tal,black,"Matanovic, Aleksandar",Belgrade-Moscow,Belgrade,1974.??.??,1974,?,"Matanovic, Aleksandar","Tal, Mihail",,,1/2-1/2,draw,draw,B92,,32,16.0,6,0,2,0,True,True,3,0,True,0,3,0,tactical
Tal.pgn,Tal,black,"Ciocaltea, Victor",DSV-Turnier,Halle,1974.??.??,1974,?,"Ciocaltea, Victor","Tal, Mihail",2470.0,2635.0,0-1,black_win,win,B83,,66,33.0,19,2,2,0,True,True,10,1,True,0,9,1,tactical
Tal.pgn,Tal,black,"Boensch, Uwe",DSV-Turnier,Halle,1974.??.??,1974,?,"Boensch, Uwe","Tal, Mihail",2360.0,2635.0,0-1,black_win,win,B87,,74,37.0,15,9,2,0,True,True,9,9,True,0,6,0,tactical
Tal.pgn,Tal,black,"Moehring, Guenther",DSV-Turnier,Halle,1974.??.??,1974,?,"Moehring, Guenther","Tal, Mihail",2450.0,2635.0,0-1,black_win,win,E74,,54,27.0,11,2,2,0,True,True,6,2,True,0,5,0,tactical
Tal.pgn,Tal,black,"Mueller, Klaus Uwe",DSV-Turnier,Halle,1974.??.??,1974,?,"Mueller, Klaus Uwe","Tal, Mihail",2465.0,2635.0,0-1,black_win,win,B09,,98,49.0,18,3,2,0,True,True,9,3,True,0,9,0,tactical
Tal.pgn,Tal,black,"Rodriguez Gonzales, Jesus",DSV-Turnier,Halle,1974.??.??,1974,?,"Rodriguez Gonzales, Jesus","Tal, Mihail",2390.0,2635.0,1/2-1/2,draw,draw,A53,,86,43.0,10,0,2,0,True,True,5,0,True,0,5,0,tactical
Tal.pgn,Tal,white,"Fichtl, Jiri",DSV-Turnier,Halle,1974.??.??,1974,?,"Tal, Mihail","Fichtl, Jiri",2635.0,2380.0,1-0,white_win,win,C04,,81,40.5,16,3,0,0,False,False,8,2,False,0,8,1,tactical
Tal.pgn,Tal,white,"Filipowicz, Andrzej",DSV-Turnier,Halle,1974.??.??,1974,?,"Tal, Mihail","Filipowicz, Andrzej",2635.0,2430.0,1/2-1/2,draw,draw,B30,,82,41.0,16,4,2,0,True,True,8,3,True,0,8,1,tactical
Tal.pgn,Tal,white,"Knaak, Rainer",DSV-Turnier,Halle,1974.??.??,1974,?,"Tal, Mihail","Knaak, Rainer",2635.0,2515.0,1-0,white_win,win,C79,,47,23.5,9,0,2,0,True,True,5,0,True,0,4,0,tactical
Tal.pgn,Tal,white,"Liebert, Heinz",DSV-Turnier,Halle,1974.??.??,1974,?,"Tal, Mihail","Liebert, Heinz",2635.0,2445.0,1-0,white_win,win,A29,,145,72.5,25,19,2,1,True,True,13,11,True,1,12,8,tactical
Tal.pgn,Tal,white,"Malich, Burkhard",DSV-Turnier,Halle,1974.??.??,1974,?,"Tal, Mihail","Malich, Burkhard",2635.0,2515.0,1/2-1/2,draw,draw,B81,,82,41.0,20,6,2,0,True,True,10,1,True,0,10,5,tactical
Tal.pgn,Tal,black,"Uhlmann, Wolfgang",DSV-Turnier,Halle,1974.??.??,1974,?,"Uhlmann, Wolfgang","Tal, Mihail",2550.0,2635.0,1/2-1/2,draw,draw,A36,,34,17.0,12,0,2,0,True,True,6,0,True,0,6,0,tactical
Tal.pgn,Tal,white,"Paehtz, Thomas Sr",DSV-Turnier,Halle,1974.??.??,1974,?,"Tal, Mihail","Paehtz, Thomas Sr",2635.0,2480.0,1-0,white_win,win,B39,,43,21.5,16,1,1,0,False,True,8,0,False,0,8,1,tactical
Tal.pgn,Tal,white,"Savon, Vladimir A",DSV-Turnier,Halle,1974.??.??,1974,?,"Tal, Mihail","Savon, Vladimir A",2635.0,2575.0,1/2-1/2,draw,draw,A14,,55,27.5,14,2,2,0,True,True,7,0,True,0,7,2,tactical
Tal.pgn,Tal,white,"Smejkal, Jan",DSV-Turnier,Halle,1974.??.??,1974,?,"Tal, Mihail","Smejkal, Jan",2635.0,2600.0,1/2-1/2,draw,draw,E65,,22,11.0,2,0,2,0,True,True,1,0,True,0,1,0,tactical
Tal.pgn,Tal,black,"Vogt, Lothar",DSV-Turnier,Halle,1974.??.??,1974,?,"Vogt, Lothar","Tal, Mihail",2430.0,2635.0,1/2-1/2,draw,draw,C92,,27,13.5,1,0,2,0,True,True,0,0,True,0,1,0,tactical
Tal.pgn,Tal,white,"Vaganian, Rafael A",URS-ch42,Leningrad,1974.??.??,1974,?,"Tal, Mihail","Vaganian, Rafael A",2635.0,2540.0,1/2-1/2,draw,draw,E13,,68,34.0,14,4,1,0,False,True,7,1,False,0,7,3,tactical
Tal.pgn,Tal,white,"Polugaevsky, Lev",URS-ch42,Leningrad,1974.??.??,1974,?,"Tal, Mihail","Polugaevsky, Lev",2635.0,2630.0,0-1,black_win,loss,E55,,122,61.0,23,8,2,0,True,True,11,1,True,0,12,7,tactical
Tal.pgn,Tal,white,"Taimanov, Mark E",URS-ch42,Leningrad,1974.??.??,1974,?,"Tal, Mihail","Taimanov, Mark E",2635.0,2580.0,1-0,white_win,win,B46,,73,36.5,20,0,2,0,True,True,11,0,True,0,9,0,tactical
Tal.pgn,Tal,white,"Grigorian, Karen Ashotovich",URS-ch42,Leningrad,1974.??.??,1974,?,"Tal, Mihail","Grigorian, Karen Ashotovich",2635.0,2520.0,1/2-1/2,draw,draw,B92,,46,23.0,6,0,2,0,True,True,3,0,True,0,3,0,tactical
Tal.pgn,Tal,black,"Vasiukov, Evgeni",URS-ch42,Leningrad,1974.??.??,1974,?,"Vasiukov, Evgeni","Tal, Mihail",2560.0,2635.0,1/2-1/2,draw,draw,B30,,44,22.0,12,0,2,0,True,True,6,0,True,0,6,0,tactical
Tal.pgn,Tal,black,"Alburt, Lev O",URS-ch42,Leningrad,1974.??.??,1974,?,"Alburt, Lev O","Tal, Mihail",2420.0,2635.0,1/2-1/2,draw,draw,A43,,67,33.5,16,4,2,0,True,True,8,0,True,0,8,4,tactical
Tal.pgn,Tal,white,"Tal, Mihail",URS-ch42,Leningrad,1974.??.??,1974,?,"Tseshkovsky, Vitaly","Tal, Mihail",2545.0,2635.0,0-1,black_win,loss,C82,,86,43.0,19,3,2,0,True,True,9,2,True,0,10,1,tactical
Tal.pgn,Tal,black,"Kuzmin, Gennadi P",URS-ch42,Leningrad,1974.??.??,1974,?,"Kuzmin, Gennadi P","Tal, Mihail",2600.0,2635.0,1/2-1/2,draw,draw,B44,,40,20.0,6,0,2,0,True,True,3,0,True,0,3,0,tactical
Tal.pgn,Tal,black,"Romanishin, Oleg M",URS-ch42,Leningrad,1974.??.??,1974,?,"Romanishin, Oleg M","Tal, Mihail",2470.0,2635.0,1/2-1/2,draw,draw,A42,,46,23.0,14,1,2,0,True,True,8,0,True,0,6,1,tactical
Tal.pgn,Tal,black,"Savon, Vladimir A",URS-ch42,Leningrad,1974.??.??,1974,?,"Savon, Vladimir A","Tal, Mihail",2575.0,2635.0,1/2-1/2,draw,draw,C88,,41,20.5,14,1,2,0,True,True,7,0,True,0,7,1,tactical
Tal.pgn,Tal,white,"Balashov, Yuri S",URS-ch42,Leningrad,1974.??.??,1974,?,"Tal, Mihail","Balashov, Yuri S",2635.0,2540.0,1-0,white_win,win,B52,,107,53.5,17,5,1,0,False,True,9,3,False,0,8,2,tactical
Tal.pgn,Tal,white,"Beliavsky, Alexander G",URS-ch42,Leningrad,1974.??.??,1974,?,"Tal, Mihail","Beliavsky, Alexander G",2635.0,2460.0,0-1,black_win,loss,D40,,80,40.0,19,6,2,0,True,True,9,2,True,0,10,4,tactical
Tal.pgn,Tal,white,"Dvorietzky, Mark I",URS-ch42,Leningrad,1974.??.??,1974,?,"Tal, Mihail","Dvorietzky, Mark I",2635.0,2495.0,1-0,white_win,win,E94,,73,36.5,15,1,2,0,True,True,8,1,True,0,7,0,tactical
Tal.pgn,Tal,black,"Kupreichik, Viktor D",URS-ch42,Leningrad,1974.??.??,1974,?,"Kupreichik, Viktor D","Tal, Mihail",2460.0,2635.0,0-1,black_win,win,B47,,93,46.5,27,3,1,0,True,False,14,1,False,0,13,2,tactical
Tal.pgn,Tal,white,"Gulko, Boris F",URS-ch42,Leningrad,1974.??.??,1974,?,"Tal, Mihail","Gulko, Boris F",2635.0,2435.0,1-0,white_win,win,A25,,141,70.5,26,16,2,0,True,True,14,8,True,0,12,8,tactical
Tal.pgn,Tal,white,"Giorgadze, Tamaz",Lublin,Lublin,1974.??.??,1974,1,"Tal, Mihail","Giorgadze, Tamaz",2635.0,2435.0,1-0,white_win,win,A28,,35,17.5,7,0,2,0,True,True,4,0,True,0,3,0,tactical
Tal.pgn,Tal,black,"Damjanovic, Mato",Lublin,Lublin,1974.??.??,1974,2,"Damjanovic, Mato","Tal, Mihail",2460.0,2635.0,0-1,black_win,win,B89,,76,38.0,17,0,2,0,True,True,8,0,True,0,9,0,tactical
Tal.pgn,Tal,white,"Szymczak, Zbigniew",Lublin,Lublin,1974.??.??,1974,3,"Tal, Mihail","Szymczak, Zbigniew",2635.0,2200.0,1-0,white_win,win,A16,,75,37.5,14,8,2,0,True,True,7,6,True,0,7,2,tactical
Tal.pgn,Tal,white,"Anikaev, Yuri N",Lublin,Lublin,1974.??.??,1974,4,"Tal, Mihail","Anikaev, Yuri N",2635.0,2455.0,1/2-1/2,draw,draw,B54,,38,19.0,3,0,2,0,True,True,1,0,True,0,2,0,tactical
Tal.pgn,Tal,black,"Vogt, Lothar",Lublin,Lublin,1974.??.??,1974,5,"Vogt, Lothar","Tal, Mihail",2430.0,2635.0,1/2-1/2,draw,draw,B92,,57,28.5,13,1,2,0,True,True,6,0,True,0,7,1,tactical
Tal.pgn,Tal,white,"Pytel, Krzysztof",Lublin,Lublin,1974.??.??,1974,6,"Tal, Mihail","Pytel, Krzysztof",2635.0,2405.0,1-0,white_win,win,C79,,71,35.5,16,7,2,0,True,True,9,5,True,0,7,2,tactical
Tal.pgn,Tal,black,"Sydor, Andrzej",Lublin,Lublin,1974.??.??,1974,7,"Sydor, Andrzej","Tal, Mihail",2395.0,2635.0,0-1,black_win,win,A00,,94,47.0,16,3,2,0,True,True,8,3,True,0,8,0,tactical
Tal.pgn,Tal,white,"Estrin, Yacov",Lublin,Lublin,1974.??.??,1974,8,"Tal, Mihail","Estrin, Yacov",2635.0,2450.0,1/2-1/2,draw,draw,E55,,30,15.0,8,0,2,0,True,True,4,0,True,0,4,0,tactical
Tal.pgn,Tal,black,"Suba, Mihai",Lublin,Lublin,1974.??.??,1974,9,"Suba, Mihai","Tal, Mihail",2460.0,2635.0,0-1,black_win,win,A41,,66,33.0,13,2,2,0,True,True,7,2,True,0,6,0,tactical
Tal.pgn,Tal,white,"Adamski, Jan",Lublin,Lublin,1974.??.??,1974,10,"Tal, Mihail","Adamski, Jan",2635.0,2405.0,1-0,white_win,win,B81,,79,39.5,15,2,1,0,True,False,7,2,True,0,8,0,tactical
Tal.pgn,Tal,black,"Nicevski, Risto",Lublin,Lublin,1974.??.??,1974,11,"Nicevski, Risto","Tal, Mihail",2430.0,2635.0,0-1,black_win,win,B06,,68,34.0,8,2,2,0,True,True,4,1,True,0,4,1,tactical
Tal.pgn,Tal,white,"Liebert, Heinz",Lublin,Lublin,1974.??.??,1974,12,"Tal, Mihail","Liebert, Heinz",2635.0,2445.0,1-0,white_win,win,C00,,85,42.5,15,0,2,0,True,True,8,0,True,0,7,0,tactical
Tal.pgn,Tal,black,"Grabczewski, Romuald",Lublin,Lublin,1974.??.??,1974,13,"Grabczewski, Romuald","Tal, Mihail",2425.0,2635.0,0-1,black_win,win,B97,,69,34.5,13,3,1,0,True,False,7,2,False,0,6,1,tactical
Tal.pgn,Tal,white,"Pribyl, Josef",Lublin,Lublin,1974.??.??,1974,14,"Tal, Mihail","Pribyl, Josef",2635.0,2455.0,1/2-1/2,draw,draw,B30,,29,14.5,5,0,2,0,True,True,3,0,True,0,2,0,tactical
Tal.pgn,Tal,black,"Jamieson, Peter Michael",Nice olm prel,Nice,1974.??.??,1974,1,"Jamieson, Peter Michael","Tal, Mihail",2270.0,2635.0,1/2-1/2,draw,draw,B16,,79,39.5,14,3,2,0,True,True,7,0,True,0,7,3,tactical
Tal.pgn,Tal,black,"Plachetka, Jan",Nice olm fin-A,Nice,1974.??.??,1974,1,"Plachetka, Jan","Tal, Mihail",2405.0,2635.0,1/2-1/2,draw,draw,B22,,63,31.5,17,1,2,0,True,True,9,0,True,0,8,1,tactical
Tal.pgn,Tal,black,"Stean, Michael",Nice olm fin-A,Nice,1974.??.??,1974,2,"Stean, Michael","Tal, Mihail",2345.0,2635.0,1/2-1/2,draw,draw,B83,,43,21.5,7,0,2,0,True,True,3,0,True,0,4,0,tactical
Tal.pgn,Tal,white,"Hamam, M.",Nice olm prel,Nice,1974.??.??,1974,3,"Tal, Mihail","Hamam, M.",2635.0,2200.0,1-0,white_win,win,C97,,95,47.5,21,6,2,0,True,True,11,5,True,0,10,1,tactical
Tal.pgn,Tal,white,"Hecht, Hans Joachim",Nice olm fin-A,Nice,1974.??.??,1974,3,"Tal, Mihail","Hecht, Hans Joachim",2635.0,2515.0,1-0,white_win,win,C05,,91,45.5,18,3,0,0,False,False,10,1,False,0,8,2,tactical
Tal.pgn,Tal,black,Berd,Nice olm prel,Nice,1974.??.??,1974,4,Berd,"Tal, Mihail",2200.0,2635.0,0-1,black_win,win,B06,,54,27.0,16,2,2,0,True,True,9,1,True,0,7,1,tactical
Tal.pgn,Tal,black,"Van Riemsdijk, Herman C",Nice olm prel,Nice,1974.??.??,1974,5,"Van Riemsdijk, Herman C","Tal, Mihail",2365.0,2635.0,1/2-1/2,draw,draw,B85,,74,37.0,19,0,2,0,True,True,10,0,True,0,9,0,tactical
Tal.pgn,Tal,white,"Kinnmark, Ove",Nice olm fin-A,Nice,1974.??.??,1974,6,"Tal, Mihail","Kinnmark, Ove",2635.0,2400.0,1/2-1/2,draw,draw,D66,,140,70.0,22,11,2,0,True,True,11,2,True,0,11,9,tactical
Tal.pgn,Tal,white,"Myagmarsuren, Lhamsuren",Nice olm prel,Nice,1974.??.??,1974,7,"Tal, Mihail","Myagmarsuren, Lhamsuren",2635.0,2375.0,1-0,white_win,win,D31,,67,33.5,16,10,2,0,True,True,9,10,True,0,7,0,tactical
Tal.pgn,Tal,white,"Sully, David John",Nice olm prel,Nice,1974.??.??,1974,8,"Tal, Mihail","Sully, David John",2635.0,2200.0,1-0,white_win,win,A16,,56,28.0,8,5,2,0,True,True,4,5,True,0,4,0,tactical
Tal.pgn,Tal,white,"Partos, Charles",Nice olm fin-A,Nice,1974.??.??,1974,8,"Tal, Mihail","Partos, Charles",2635.0,2410.0,1-0,white_win,win,B39,,59,29.5,14,0,2,0,True,True,7,0,True,0,7,0,tactical
Tal.pgn,Tal,black,"Csom, Istvan",Nice olm fin-A,Nice,1974.??.??,1974,9,"Csom, Istvan","Tal, Mihail",2540.0,2635.0,1/2-1/2,draw,draw,A13,,26,13.0,2,0,2,0,True,True,1,0,True,0,1,0,tactical
Tal.pgn,Tal,black,"Sanz Alonso, Francisco Javier",Nice olm fin-A,Nice,1974.??.??,1974,12,"Sanz Alonso, Francisco Javier","Tal, Mihail",2320.0,2635.0,0-1,black_win,win,A28,,54,27.0,9,4,2,0,True,True,4,1,True,0,5,3,tactical
Tal.pgn,Tal,black,"Naranja, Renato",Nice olm fin-A,Nice,1974.??.??,1974,13,"Naranja, Renato","Tal, Mihail",2395.0,2635.0,0-1,black_win,win,E03,,86,43.0,21,3,2,0,True,True,11,2,True,0,10,1,tactical
Tal.pgn,Tal,black,"Parma, Bruno",Nice olm fin-A,Nice,1974.??.??,1974,14,"Parma, Bruno","Tal, Mihail",2510.0,2635.0,1/2-1/2,draw,draw,B83,,29,14.5,10,1,2,0,True,True,5,1,True,0,5,0,tactical
Tal.pgn,Tal,white,"Maric, Rudolf",Novi Sad,Novi Sad,1974.??.??,1974,?,"Tal, Mihail","Maric, Rudolf",,,1-0,white_win,win,C07,,75,37.5,19,6,0,0,False,False,10,3,False,0,9,3,tactical
Tal.pgn,Tal,white,"Mejic, Petar",Novi Sad,Novi Sad,1974.??.??,1974,?,"Tal, Mihail","Mejic, Petar",,,1-0,white_win,win,C84,,47,23.5,13,0,2,0,True,True,7,0,True,0,6,0,tactical
Tal.pgn,Tal,white,"Deze, Anton",Novi Sad,Novi Sad,1974.??.??,1974,?,"Tal, Mihail","Deze, Anton",,,1-0,white_win,win,B67,,61,30.5,13,4,2,0,True,True,7,4,True,0,6,0,tactical
Tal.pgn,Tal,white,"Ilijic, Milan",Novi Sad,Novi Sad,1974.??.??,1974,?,"Tal, Mihail","Ilijic, Milan",,,1-0,white_win,win,B09,,47,23.5,8,1,2,0,True,True,4,1,True,0,4,0,tactical
Tal.pgn,Tal,black,"Raicevic, Vladimir",Novi Sad,Novi Sad,1974.??.??,1974,?,"Raicevic, Vladimir","Tal, Mihail",,,0-1,black_win,win,A28,,112,56.0,25,2,2,0,True,True,13,0,True,0,12,2,tactical
Tal.pgn,Tal,white,"Hulak, Krunoslav",Novi Sad,Novi Sad,1974.??.??,1974,?,"Tal, Mihail","Hulak, Krunoslav",,,1-0,white_win,win,B91,,81,40.5,20,3,2,0,True,True,10,3,True,0,10,0,tactical
Tal.pgn,Tal,white,"Kirov, Nino",Novi Sad,Novi Sad,1974.??.??,1974,?,"Tal, Mihail","Kirov, Nino",,,0-1,black_win,loss,B49,,74,37.0,15,11,2,0,True,True,8,2,True,0,7,9,tactical
Tal.pgn,Tal,white,"Bellon Lopez, Juan Manuel",Las Palmas,Las Palmas,1975.??.??,1975,1,"Tal, Mihail","Bellon Lopez, Juan Manuel",2645.0,2415.0,1-0,white_win,win,B54,,99,49.5,20,10,2,0,True,True,11,8,True,0,9,2,tactical
Tal.pgn,Tal,black,"Mecking, Henrique",Las Palmas,Las Palmas,1975.??.??,1975,2,"Mecking, Henrique","Tal, Mihail",2610.0,2645.0,1-0,white_win,loss,B97,,127,63.5,17,11,1,0,True,False,8,2,False,0,9,9,tactical
Tal.pgn,Tal,white,"Hort, Vlastimil",Las Palmas,Las Palmas,1975.??.??,1975,3,"Tal, Mihail","Hort, Vlastimil",2645.0,2600.0,1/2-1/2,draw,draw,B08,,31,15.5,4,0,2,0,True,True,2,0,True,0,2,0,tactical
Tal.pgn,Tal,black,"Petrosian, Tigran V",Las Palmas,Las Palmas,1975.??.??,1975,4,"Petrosian, Tigran V","Tal, Mihail",2645.0,2645.0,1/2-1/2,draw,draw,E11,,37,18.5,4,2,2,0,True,True,2,2,True,0,2,0,tactical
Tal.pgn,Tal,white,"Tatai, Stefano",Las Palmas,Las Palmas,1975.??.??,1975,5,"Tal, Mihail","Tatai, Stefano",2645.0,2455.0,1-0,white_win,win,A61,,79,39.5,15,2,2,0,True,True,8,1,True,0,7,1,tactical
Tal.pgn,Tal,black,"Pomar Salamanca, Arturo",Las Palmas,Las Palmas,1975.??.??,1975,6,"Pomar Salamanca, Arturo","Tal, Mihail",2450.0,2645.0,0-1,black_win,win,A41,,70,35.0,21,3,2,0,True,True,11,2,True,0,10,1,tactical
Tal.pgn,Tal,white,"Debarnot, Roberto",Las Palmas,Las Palmas,1975.??.??,1975,7,"Tal, Mihail","Debarnot, Roberto",2645.0,2380.0,1-0,white_win,win,C07,,71,35.5,15,2,2,0,True,True,8,1,True,0,7,1,tactical
Tal.pgn,Tal,black,"Ljubojevic, Ljubomir",Las Palmas,Las Palmas,1975.??.??,1975,8,"Ljubojevic, Ljubomir","Tal, Mihail",2615.0,2645.0,1/2-1/2,draw,draw,B81,,65,32.5,16,3,2,0,True,True,8,2,True,0,8,1,tactical
Tal.pgn,Tal,white,"Rodriguez Vargas, Orestes",Las Palmas,Las Palmas,1975.??.??,1975,9,"Tal, Mihail","Rodriguez Vargas, Orestes",2645.0,2435.0,1-0,white_win,win,B19,,47,23.5,5,1,1,0,False,True,3,0,False,0,2,1,tactical
Tal.pgn,Tal,white,"Olafsson, Fridrik",Las Palmas,Las Palmas,1975.??.??,1975,11,"Tal, Mihail","Olafsson, Fridrik",2645.0,2535.0,0-1,black_win,loss,B06,,50,25.0,13,1,2,0,True,True,7,0,True,0,6,1,tactical
Tal.pgn,Tal,black,"Visier Segovia, Fernando",Las Palmas,Las Palmas,1975.??.??,1975,12,"Visier Segovia, Fernando","Tal, Mihail",2375.0,2645.0,0-1,black_win,win,A42,,90,45.0,24,10,1,0,False,True,13,10,True,0,11,0,tactical
Tal.pgn,Tal,white,"Andersson, Ulf",Las Palmas,Las Palmas,1975.??.??,1975,13,"Tal, Mihail","Andersson, Ulf",2645.0,2565.0,1/2-1/2,draw,draw,B85,,47,23.5,7,0,2,0,True,True,3,0,True,0,4,0,tactical
Tal.pgn,Tal,white,"Cardoso, Radolfo Tan",Las Palmas,Las Palmas,1975.??.??,1975,14,"Tal, Mihail","Cardoso, Radolfo Tan",2645.0,2410.0,1-0,white_win,win,E16,,175,87.5,22,9,2,0,True,True,12,7,True,0,10,2,tactical
Tal.pgn,Tal,black,"Fernandez, A.",Las Palmas,Las Palmas,1975.??.??,1975,15,"Fernandez, A.","Tal, Mihail",2300.0,2645.0,0-1,black_win,win,B46,,84,42.0,19,6,2,0,True,True,10,6,True,0,9,0,tactical
Tal.pgn,Tal,black,"Unzicker, Wolfgang",Milan,Milan,1975.??.??,1975,1,"Unzicker, Wolfgang","Tal, Mihail",2535.0,2645.0,1-0,white_win,loss,B43,,63,31.5,18,5,1,0,True,False,7,0,False,0,11,5,tactical
Tal.pgn,Tal,white,"Browne, Walter S",Milan,Milan,1975.??.??,1975,2,"Tal, Mihail","Browne, Walter S",2645.0,2550.0,0-1,black_win,loss,B84,,88,44.0,15,1,1,0,True,False,7,0,True,0,8,1,tactical
Tal.pgn,Tal,black,"Gligoric, Svetozar",Milan,Milan,1975.??.??,1975,3,"Gligoric, Svetozar","Tal, Mihail",2575.0,2645.0,1/2-1/2,draw,draw,E91,,70,35.0,21,3,2,0,True,True,10,1,True,0,11,2,tactical
Tal.pgn,Tal,black,"Portisch, Lajos",Milan,Milan,1975.??.??,1975,4,"Portisch, Lajos","Tal, Mihail",2635.0,2645.0,1/2-1/2,draw,draw,A34,,85,42.5,13,0,2,0,True,True,7,0,True,0,6,0,tactical
Tal.pgn,Tal,white,"Andersson, Ulf",Milan,Milan,1975.??.??,1975,5,"Tal, Mihail","Andersson, Ulf",2645.0,2565.0,1-0,white_win,win,B47,,51,25.5,14,0,1,0,True,False,8,0,True,0,6,0,tactical
Tal.pgn,Tal,black,"Larsen, Bent",Milan,Milan,1975.??.??,1975,6,"Larsen, Bent","Tal, Mihail",2625.0,2645.0,0-1,black_win,win,B52,,80,40.0,16,5,2,0,True,True,8,3,True,0,8,2,tactical
Tal.pgn,Tal,white,"Karpov, Anatoly",Milan,Milan,1975.??.??,1975,7,"Tal, Mihail","Karpov, Anatoly",2645.0,2705.0,1/2-1/2,draw,draw,C43,,59,29.5,21,1,2,0,True,True,11,0,True,0,10,1,tactical
Tal.pgn,Tal,black,"Mariotti, Sergio",Milan,Milan,1975.??.??,1975,8,"Mariotti, Sergio","Tal, Mihail",2495.0,2645.0,0-1,black_win,win,B48,,52,26.0,10,2,1,0,False,True,6,1,True,0,4,1,tactical
Tal.pgn,Tal,white,"Petrosian, Tigran V",Milan,Milan,1975.??.??,1975,9,"Tal, Mihail","Petrosian, Tigran V",2645.0,2645.0,1/2-1/2,draw,draw,C95,,50,25.0,2,0,2,0,True,True,1,0,True,0,1,0,tactical
Tal.pgn,Tal,black,"Smejkal, Jan",Milan,Milan,1975.??.??,1975,10,"Smejkal, Jan","Tal, Mihail",2600.0,2645.0,1/2-1/2,draw,draw,A13,,82,41.0,22,10,2,0,True,True,11,7,True,0,11,3,tactical
Tal.pgn,Tal,white,"Ljubojevic, Ljubomir",Milan,Milan,1975.??.??,1975,11,"Tal, Mihail","Ljubojevic, Ljubomir",2645.0,2615.0,0-1,black_win,loss,D47,,152,76.0,23,28,2,0,True,True,11,27,True,0,12,1,tactical
Tal.pgn,Tal,black,"Spassky, Boris V",Moscow,Moscow,1975.??.??,1975,?,"Spassky, Boris V","Tal, Mihail",2625.0,2645.0,1/2-1/2,draw,draw,E52,,49,24.5,11,1,2,0,True,True,5,1,True,0,6,0,tactical
Tal.pgn,Tal,black,"Bohm, Hans",Moscow,Moscow,1975.??.??,1975,?,"Bohm, Hans","Tal, Mihail",2300.0,2645.0,0-1,black_win,win,E70,,69,34.5,15,6,1,0,False,True,8,5,True,0,7,1,tactical
Tal.pgn,Tal,black,"Forintos, Gyozo V",Moscow,Moscow,1975.??.??,1975,?,"Forintos, Gyozo V","Tal, Mihail",2490.0,2645.0,1-0,white_win,loss,A53,,133,66.5,19,7,1,0,False,True,9,4,True,0,10,3,tactical
Tal.pgn,Tal,black,"Kortschnoj, Viktor",Moscow,Moscow,1975.??.??,1975,?,"Kortschnoj, Viktor","Tal, Mihail",2665.0,2645.0,1/2-1/2,draw,draw,A40,,46,23.0,7,1,2,0,True,True,4,1,True,0,3,0,tactical
Tal.pgn,Tal,black,"Geller, Efim P",Moscow,Moscow,1975.??.??,1975,?,"Geller, Efim P","Tal, Mihail",2600.0,2645.0,1-0,white_win,loss,B08,,82,41.0,14,12,2,0,True,True,6,9,True,0,8,3,tactical
Tal.pgn,Tal,black,"Lengyel, Levente",Moscow,Moscow,1975.??.??,1975,?,"Lengyel, Levente","Tal, Mihail",2410.0,2645.0,0-1,black_win,win,B07,,102,51.0,16,2,2,0,True,True,9,0,True,0,7,2,tactical
Tal.pgn,Tal,black,"Vaganian, Rafael A",Moscow,Moscow,1975.??.??,1975,?,"Vaganian, Rafael A","Tal, Mihail",2530.0,2645.0,1/2-1/2,draw,draw,D40,,25,12.5,6,1,1,0,False,True,3,1,True,0,3,0,tactical
Tal.pgn,Tal,white,"Planinec, Albin",Moscow,Moscow,1975.??.??,1975,?,"Tal, Mihail","Planinec, Albin",2645.0,2535.0,1/2-1/2,draw,draw,C88,,34,17.0,8,1,2,0,True,True,4,1,True,0,4,0,tactical
Tal.pgn,Tal,white,"Stean, Michael",Moscow,Moscow,1975.??.??,1975,?,"Tal, Mihail","Stean, Michael",2645.0,2300.0,1-0,white_win,win,D34,,61,30.5,13,3,2,0,True,True,8,2,True,0,5,1,tactical
Tal.pgn,Tal,white,"Petrosian, Tigran V",Moscow,Moscow,1975.??.??,1975,?,"Tal, Mihail","Petrosian, Tigran V",2645.0,2645.0,1/2-1/2,draw,draw,C94,,33,16.5,0,0,2,0,True,True,0,0,True,0,0,0,tactical
Tal.pgn,Tal,white,"Kholmov, Ratmir D",Moscow,Moscow,1975.??.??,1975,?,"Tal, Mihail","Kholmov, Ratmir D",2645.0,2540.0,1/2-1/2,draw,draw,C10,,57,28.5,8,2,2,0,True,True,4,1,True,0,4,1,tactical
Tal.pgn,Tal,white,"Hort, Vlastimil",Moscow,Moscow,1975.??.??,1975,?,"Tal, Mihail","Hort, Vlastimil",2645.0,2600.0,1/2-1/2,draw,draw,B06,,54,27.0,12,1,2,0,True,True,7,1,True,0,5,0,tactical
Tal.pgn,Tal,white,"Garcia Martinez, Silvino",Moscow,Moscow,1975.??.??,1975,?,"Tal, Mihail","Garcia Martinez, Silvino",2645.0,2445.0,1-0,white_win,win,C70,,47,23.5,13,3,0,0,False,False,7,2,False,0,6,1,tactical
Tal.pgn,Tal,white,"Byrne, Robert E",Moscow,Moscow,1975.??.??,1975,?,"Tal, Mihail","Byrne, Robert E",2645.0,2600.0,1/2-1/2,draw,draw,C00,,50,25.0,10,2,2,0,True,True,5,1,True,0,5,1,tactical
Tal.pgn,Tal,white,"Beliavsky, Alexander G",Moscow,Moscow,1975.??.??,1975,?,"Tal, Mihail","Beliavsky, Alexander G",2645.0,2500.0,1/2-1/2,draw,draw,B83,,120,60.0,24,8,2,0,True,True,13,4,True,0,11,4,tactical
Tal.pgn,Tal,white,"Spassky, Boris V",URS-chT,Riga,1975.??.??,1975,?,"Tal, Mihail","Spassky, Boris V",2645.0,2625.0,1/2-1/2,draw,draw,D58,,81,40.5,18,5,2,0,True,True,9,4,True,0,9,1,tactical
Tal.pgn,Tal,black,"Beliavsky, Alexander G",URS-chT,Riga,1975.??.??,1975,?,"Beliavsky, Alexander G","Tal, Mihail",2500.0,2645.0,1/2-1/2,draw,draw,E56,,70,35.0,20,5,2,0,True,True,9,4,True,0,11,1,tactical
Tal.pgn,Tal,black,"Gurgenidze, Bukhuti",URS-chT,Riga,1975.??.??,1975,?,"Gurgenidze, Bukhuti","Tal, Mihail",2495.0,2645.0,1-0,white_win,loss,A43,,79,39.5,17,6,2,0,True,True,9,3,True,0,8,3,tactical
Tal.pgn,Tal,white,"Vaganian, Rafael A",URS-chT,Riga,1975.??.??,1975,?,"Tal, Mihail","Vaganian, Rafael A",2645.0,2530.0,1/2-1/2,draw,draw,D36,,67,33.5,15,1,2,0,True,True,8,0,True,0,7,1,tactical
Tal.pgn,Tal,black,"Butnorius, Algimantas",URS-chT,Riga,1975.??.??,1975,?,"Butnorius, Algimantas","Tal, Mihail",2385.0,2645.0,0-1,black_win,win,B07,,76,38.0,17,4,2,0,True,True,9,3,True,0,8,1,tactical
Tal.pgn,Tal,white,"Petrosian, Tigran V",URS-chT,Riga,1975.??.??,1975,?,"Tal, Mihail","Petrosian, Tigran V",2645.0,2645.0,1/2-1/2,draw,draw,A14,,38,19.0,2,0,2,0,True,True,1,0,True,0,1,0,tactical
Tal.pgn,Tal,white,"Karpov, Anatoly",URS-chT,Riga,1975.??.??,1975,?,"Tal, Mihail","Karpov, Anatoly",2645.0,2705.0,1/2-1/2,draw,draw,E14,,36,18.0,10,0,2,0,True,True,5,0,True,0,5,0,tactical
Tal.pgn,Tal,black,"Bronstein, David I",URS-ch43,Yerevan,1975.??.??,1975,?,"Bronstein, David I","Tal, Mihail",2590.0,2645.0,1-0,white_win,loss,B44,,241,120.5,23,58,2,0,True,True,12,19,True,0,11,39,tactical
Tal.pgn,Tal,black,"Beliavsky, Alexander G",URS-ch43,Yerevan,1975.??.??,1975,?,"Beliavsky, Alexander G","Tal, Mihail",2500.0,2645.0,0-1,black_win,win,B92,,68,34.0,16,3,2,0,True,True,8,2,True,0,8,1,tactical
Tal.pgn,Tal,black,"Dorfman, Josif D",URS-ch43,Yerevan,1975.??.??,1975,?,"Dorfman, Josif D","Tal, Mihail",2380.0,2645.0,1/2-1/2,draw,draw,A13,,81,40.5,15,3,2,0,True,True,7,1,True,0,8,2,tactical
Tal.pgn,Tal,black,"Doroshkievich, Vladimir K",URS-ch43,Yerevan,1975.??.??,1975,?,"Doroshkievich, Vladimir K","Tal, Mihail",2425.0,2645.0,0-1,black_win,win,A68,,56,28.0,17,1,2,0,True,True,9,1,True,0,8,0,tactical
Tal.pgn,Tal,black,"Dvorietzky, Mark I",URS-ch43,Yerevan,1975.??.??,1975,?,"Dvorietzky, Mark I","Tal, Mihail",2495.0,2645.0,0-1,black_win,win,B51,,82,41.0,18,2,2,0,True,True,10,1,True,0,8,1,tactical
Tal.pgn,Tal,black,"Furman, Semen Abramovich",URS-ch43,Yerevan,1975.??.??,1975,?,"Furman, Semen Abramovich","Tal, Mihail",2560.0,2645.0,0-1,black_win,win,A32,,92,46.0,19,1,2,0,True,True,10,1,True,0,9,0,tactical
Tal.pgn,Tal,black,"Gulko, Boris F",URS-ch43,Yerevan,1975.??.??,1975,?,"Gulko, Boris F","Tal, Mihail",2480.0,2645.0,1/2-1/2,draw,draw,E52,,59,29.5,20,0,2,0,True,True,10,0,True,0,10,0,tactical
Tal.pgn,Tal,black,"Romanishin, Oleg M",URS-ch43,Yerevan,1975.??.??,1975,?,"Romanishin, Oleg M","Tal, Mihail",2485.0,2645.0,1/2-1/2,draw,draw,B51,,82,41.0,17,11,2,0,True,True,9,2,True,0,8,9,tactical
Tal.pgn,Tal,white,"Alburt, Lev O",URS-ch43,Yerevan,1975.??.??,1975,?,"Tal, Mihail","Alburt, Lev O",2645.0,2420.0,1/2-1/2,draw,draw,D41,,61,30.5,15,0,2,0,True,True,8,0,True,0,7,0,tactical
Tal.pgn,Tal,white,"Balashov, Yuri S",URS-ch43,Yerevan,1975.??.??,1975,?,"Tal, Mihail","Balashov, Yuri S",2645.0,2540.0,1/2-1/2,draw,draw,A30,,55,27.5,6,0,2,0,True,True,3,0,True,0,3,0,tactical
Tal.pgn,Tal,white,"Geller, Efim P",URS-ch43,Yerevan,1975.??.??,1975,?,"Tal, Mihail","Geller, Efim P",2645.0,2600.0,1/2-1/2,draw,draw,C89,,62,31.0,18,3,2,0,True,True,10,1,True,0,8,2,tactical
Tal.pgn,Tal,white,"Klovans, Janis",URS-ch43,Yerevan,1975.??.??,1975,?,"Tal, Mihail","Klovans, Janis",2645.0,2500.0,1-0,white_win,win,A07,,81,40.5,13,2,2,0,True,True,7,2,True,0,6,0,tactical
Tal.pgn,Tal,white,"Petrosian, Tigran V",URS-ch43,Yerevan,1975.??.??,1975,?,"Tal, Mihail","Petrosian, Tigran V",2645.0,2645.0,1/2-1/2,draw,draw,C97,,69,34.5,16,2,2,0,True,True,8,1,True,0,8,1,tactical
Tal.pgn,Tal,white,"Polugaevsky, Lev",URS-ch43,Yerevan,1975.??.??,1975,?,"Tal, Mihail","Polugaevsky, Lev",2645.0,2645.0,1/2-1/2,draw,draw,A17,,59,29.5,19,0,2,0,True,True,10,0,True,0,9,0,tactical
Tal.pgn,Tal,white,"Vaganian, Rafael A",URS-ch43,Yerevan,1975.??.??,1975,?,"Tal, Mihail","Vaganian, Rafael A",2645.0,2530.0,1/2-1/2,draw,draw,C09,,144,72.0,27,5,2,0,True,True,14,2,True,0,13,3,tactical
Tal.pgn,Tal,white,"Petrosian, Tigran V",Varese playoff,Biel,1976.??.??,1976,1,"Tal, Mihail","Petrosian, Tigran V",2615.0,2635.0,1/2-1/2,draw,draw,E11,,35,17.5,6,1,2,0,True,True,3,0,True,0,3,1,tactical
Tal.pgn,Tal,black,"Portisch, Lajos",Varese playoff,Biel,1976.??.??,1976,1,"Portisch, Lajos","Tal, Mihail",2625.0,2615.0,1/2-1/2,draw,draw,A30,,69,34.5,19,5,2,0,True,True,9,4,True,0,10,1,tactical
Tal.pgn,Tal,white,"Csom, Istvan",Biel Interzonal,Biel,1976.??.??,1976,1,"Tal, Mihail","Csom, Istvan",2615.0,2490.0,1/2-1/2,draw,draw,B66,,80,40.0,18,2,1,0,True,False,10,2,True,0,8,0,tactical
Tal.pgn,Tal,black,"Geller, Efim P",Biel Interzonal,Biel,1976.??.??,1976,2,"Geller, Efim P","Tal, Mihail",2620.0,2615.0,1/2-1/2,draw,draw,B42,,50,25.0,10,1,2,0,True,True,5,0,True,0,5,1,tactical
Tal.pgn,Tal,black,"Petrosian, Tigran V",Varese playoff,Biel,1976.??.??,1976,2,"Petrosian, Tigran V","Tal, Mihail",2635.0,2615.0,1/2-1/2,draw,draw,E18,,35,17.5,10,1,2,0,True,True,5,1,True,0,5,0,tactical
Tal.pgn,Tal,white,"Portisch, Lajos",Varese playoff,Biel,1976.??.??,1976,2,"Tal, Mihail","Portisch, Lajos",2615.0,2625.0,0-1,black_win,loss,B97,,80,40.0,15,1,1,0,True,False,7,1,True,0,8,0,tactical
Tal.pgn,Tal,white,"Petrosian, Tigran V",Varese playoff,Biel,1976.??.??,1976,3,"Tal, Mihail","Petrosian, Tigran V",2615.0,2625.0,1/2-1/2,draw,draw,C07,,40,20.0,10,0,2,0,True,True,5,0,True,0,5,0,tactical
Tal.pgn,Tal,black,"Portisch, Lajos",Varese playoff,Biel,1976.??.??,1976,3,"Portisch, Lajos","Tal, Mihail",2625.0,2615.0,1/2-1/2,draw,draw,D41,,39,19.5,8,0,2,0,True,True,4,0,True,0,4,0,tactical
Tal.pgn,Tal,white,"Smyslov, Vassily",Biel Interzonal,Biel,1976.??.??,1976,3,"Tal, Mihail","Smyslov, Vassily",2615.0,2580.0,0-1,black_win,loss,C60,,76,38.0,14,3,2,0,True,True,6,0,True,0,8,3,tactical
Tal.pgn,Tal,black,"Petrosian, Tigran V",Varese playoff,Biel,1976.??.??,1976,4,"Petrosian, Tigran V","Tal, Mihail",2635.0,2615.0,1/2-1/2,draw,draw,A26,,33,16.5,2,0,2,0,True,True,1,0,True,0,1,0,tactical
Tal.pgn,Tal,black,"Petrosian, Tigran V",Biel Interzonal,Biel,1976.??.??,1976,4,"Petrosian, Tigran V","Tal, Mihail",2635.0,2615.0,1/2-1/2,draw,draw,E04,,35,17.5,10,0,2,0,True,True,5,0,True,0,5,0,tactical
Tal.pgn,Tal,white,"Portisch, Lajos",Varese playoff,Biel,1976.??.??,1976,4,"Tal, Mihail","Portisch, Lajos",2615.0,2625.0,1/2-1/2,draw,draw,C95,,128,64.0,20,1,2,0,True,True,10,1,True,0,10,0,tactical
Tal.pgn,Tal,white,"Larsen, Bent",Biel Interzonal,Biel,1976.??.??,1976,5,"Tal, Mihail","Larsen, Bent",2615.0,2625.0,1/2-1/2,draw,draw,C96,,71,35.5,16,0,2,0,True,True,8,0,True,0,8,0,tactical
Tal.pgn,Tal,black,"Matanovic, Aleksandar",Biel Interzonal,Biel,1976.??.??,1976,6,"Matanovic, Aleksandar","Tal, Mihail",2525.0,2615.0,1/2-1/2,draw,draw,B67,,104,52.0,22,6,2,0,True,True,11,5,True,0,11,1,tactical
Tal.pgn,Tal,white,"Smejkal, Jan",Biel Interzonal,Biel,1976.??.??,1976,7,"Tal, Mihail","Smejkal, Jan",2615.0,2615.0,1/2-1/2,draw,draw,C95,,82,41.0,16,1,2,0,True,True,8,0,True,0,8,1,tactical
Tal.pgn,Tal,black,"Huebner, Robert",Biel Interzonal,Biel,1976.??.??,1976,8,"Huebner, Robert","Tal, Mihail",2585.0,2615.0,0-1,black_win,win,A17,,82,41.0,21,6,2,0,True,True,11,5,True,0,10,1,tactical
Tal.pgn,Tal,white,"Diaz, Joaquin C",Biel Interzonal,Biel,1976.??.??,1976,9,"Tal, Mihail","Diaz, Joaquin C",2615.0,2385.0,1-0,white_win,win,A57,,69,34.5,16,6,2,0,True,True,9,6,True,0,7,0,tactical
Tal.pgn,Tal,black,"Sanguineti, Raul",Biel Interzonal,Biel,1976.??.??,1976,10,"Sanguineti, Raul","Tal, Mihail",2480.0,2615.0,1/2-1/2,draw,draw,A28,,67,33.5,12,2,2,0,True,True,6,0,True,0,6,2,tactical
Tal.pgn,Tal,white,"Rogoff, Kenneth",Biel Interzonal,Biel,1976.??.??,1976,11,"Tal, Mihail","Rogoff, Kenneth",2615.0,2480.0,1/2-1/2,draw,draw,B93,,90,45.0,21,3,2,0,True,True,10,2,True,0,11,1,tactical
Tal.pgn,Tal,black,"Gulko, Boris F",Biel Interzonal,Biel,1976.??.??,1976,12,"Gulko, Boris F","Tal, Mihail",2530.0,2615.0,1/2-1/2,draw,draw,A32,,29,14.5,10,0,2,0,True,True,5,0,True,0,5,0,tactical
Tal.pgn,Tal,white,"Byrne, Robert E",Biel Interzonal,Biel,1976.??.??,1976,13,"Tal, Mihail","Byrne, Robert E",2615.0,2540.0,1-0,white_win,win,B53,,43,21.5,14,0,2,0,True,True,7,0,True,0,7,0,tactical
Tal.pgn,Tal,white,"Portisch, Lajos",Biel Interzonal,Biel,1976.??.??,1976,14,"Tal, Mihail","Portisch, Lajos",2615.0,2625.0,1-0,white_win,win,C91,,73,36.5,10,1,2,0,True,True,5,1,True,0,5,0,tactical
Tal.pgn,Tal,black,"Lombard, Andre",Biel Interzonal,Biel,1976.??.??,1976,15,"Lombard, Andre","Tal, Mihail",2420.0,2615.0,0-1,black_win,win,B08,,114,57.0,25,6,2,1,True,True,13,4,True,1,12,2,tactical
Tal.pgn,Tal,white,"Andersson, Ulf",Biel Interzonal,Biel,1976.??.??,1976,16,"Tal, Mihail","Andersson, Ulf",2615.0,2585.0,1/2-1/2,draw,draw,A64,,51,25.5,10,0,2,0,True,True,5,0,True,0,5,0,tactical
Tal.pgn,Tal,black,"Sosonko, Gennadi",Biel Interzonal,Biel,1976.??.??,1976,17,"Sosonko, Gennadi","Tal, Mihail",2505.0,2615.0,1/2-1/2,draw,draw,E96,,32,16.0,2,0,2,0,True,True,1,0,True,0,1,0,tactical
Tal.pgn,Tal,white,"Castro Rojas, Oscar Humberto",Biel Interzonal,Biel,1976.??.??,1976,18,"Tal, Mihail","Castro Rojas, Oscar Humberto",2615.0,2380.0,1-0,white_win,win,B00,,55,27.5,13,0,2,0,True,True,7,0,True,0,6,0,tactical
Tal.pgn,Tal,black,"Liberzon, Vladimir M",Biel Interzonal,Biel,1976.??.??,1976,19,"Liberzon, Vladimir M","Tal, Mihail",2540.0,2615.0,1/2-1/2,draw,draw,B67,,25,12.5,6,0,1,0,True,False,3,0,False,0,3,0,tactical
Tal.pgn,Tal,white,"Tseshkovsky, Vitaly",URS-ch44,Moscow,1976.??.??,1976,?,"Tal, Mihail","Tseshkovsky, Vitaly",2615.0,2550.0,1-0,white_win,win,D41,,84,42.0,24,12,0,0,False,False,12,5,False,0,12,7,tactical
Tal.pgn,Tal,white,"Taimanov, Mark E",URS-ch44,Moscow,1976.??.??,1976,?,"Tal, Mihail","Taimanov, Mark E",2615.0,2540.0,1/2-1/2,draw,draw,B46,,70,35.0,18,0,2,0,True,True,9,0,True,0,9,0,tactical
Tal.pgn,Tal,white,"Zakharov, Alexander V",URS-ch44,Moscow,1976.??.??,1976,?,"Tal, Mihail","Zakharov, Alexander V",2615.0,2435.0,1/2-1/2,draw,draw,C88,,113,56.5,19,14,2,0,True,True,10,3,True,0,9,11,tactical
Tal.pgn,Tal,white,"Kupreichik, Viktor D",URS-ch44,Moscow,1976.??.??,1976,?,"Tal, Mihail","Kupreichik, Viktor D",2615.0,2490.0,1-0,white_win,win,B51,,86,43.0,20,6,1,0,True,False,11,3,True,0,9,3,tactical
Tal.pgn,Tal,white,"Gulko, Boris F",URS-ch44,Moscow,1976.??.??,1976,?,"Tal, Mihail","Gulko, Boris F",2615.0,2530.0,1/2-1/2,draw,draw,E19,,53,26.5,17,0,2,0,True,True,9,0,True,0,8,0,tactical
Tal.pgn,Tal,black,"Vaganian, Rafael A",URS-ch44,Moscow,1976.??.??,1976,?,"Vaganian, Rafael A","Tal, Mihail",2550.0,2615.0,1/2-1/2,draw,draw,B70,,112,56.0,26,6,2,0,True,True,13,1,True,0,13,5,tactical
Tal.pgn,Tal,white,"Polugaevsky, Lev",URS-ch44,Moscow,1976.??.??,1976,?,"Tal, Mihail","Polugaevsky, Lev",2615.0,2635.0,1/2-1/2,draw,draw,A30,,81,40.5,20,6,2,0,True,True,10,3,True,0,10,3,tactical
Tal.pgn,Tal,white,"Balashov, Yuri S",URS-ch44,Moscow,1976.??.??,1976,?,"Tal, Mihail","Balashov, Yuri S",2615.0,2545.0,1/2-1/2,draw,draw,B08,,30,15.0,6,1,2,0,True,True,3,1,True,0,3,0,tactical
Tal.pgn,Tal,white,"Dorfman, Josif D",URS-ch44,Moscow,1976.??.??,1976,?,"Tal, Mihail","Dorfman, Josif D",2615.0,2405.0,1/2-1/2,draw,draw,C67,,81,40.5,20,1,2,0,True,True,11,0,True,0,9,1,tactical
Tal.pgn,Tal,black,"Geller, Efim P",URS-ch44,Moscow,1976.??.??,1976,?,"Geller, Efim P","Tal, Mihail",2620.0,2615.0,1/2-1/2,draw,draw,B85,,46,23.0,10,2,2,0,True,True,5,0,True,0,5,2,tactical
Tal.pgn,Tal,black,"Grigorian, Karen Ashotovich",URS-ch44,Moscow,1976.??.??,1976,?,"Grigorian, Karen Ashotovich","Tal, Mihail",2485.0,2615.0,1-0,white_win,loss,E32,,147,73.5,23,25,2,0,True,True,10,20,True,0,13,5,tactical
Tal.pgn,Tal,black,"Karpov, Anatoly",URS-ch44,Moscow,1976.??.??,1976,?,"Karpov, Anatoly","Tal, Mihail",2695.0,2615.0,1/2-1/2,draw,draw,B67,,74,37.0,18,1,2,0,True,True,9,1,True,0,9,0,tactical
Tal.pgn,Tal,black,"Petrosian, Tigran V",URS-ch44,Moscow,1976.??.??,1976,?,"Petrosian, Tigran V","Tal, Mihail",2635.0,2615.0,0-1,black_win,win,A30,,56,28.0,12,0,2,0,True,True,6,0,True,0,6,0,tactical
Tal.pgn,Tal,black,"Rashkovsky, Nukhim N",URS-ch44,Moscow,1976.??.??,1976,?,"Rashkovsky, Nukhim N","Tal, Mihail",2485.0,2615.0,1/2-1/2,draw,draw,A36,,38,19.0,11,1,2,0,True,True,6,0,True,0,5,1,tactical
Tal.pgn,Tal,black,"Romanishin, Oleg M",URS-ch44,Moscow,1976.??.??,1976,?,"Romanishin, Oleg M","Tal, Mihail",2560.0,2615.0,1-0,white_win,loss,A34,,59,29.5,9,0,1,0,True,False,5,0,False,0,4,0,tactical
Tal.pgn,Tal,black,"Smyslov, Vassily",URS-ch44,Moscow,1976.??.??,1976,?,"Smyslov, Vassily","Tal, Mihail",2580.0,2615.0,1/2-1/2,draw,draw,A49,,61,30.5,12,4,2,0,True,True,6,1,True,0,6,3,tactical
Tal.pgn,Tal,black,"Sveshnikov, Evgeny",URS-ch44,Moscow,1976.??.??,1976,?,"Sveshnikov, Evgeny","Tal, Mihail",2510.0,2615.0,1/2-1/2,draw,draw,B22,,57,28.5,16,4,2,0,True,True,8,2,True,0,8,2,tactical
Tal.pgn,Tal,white,"Andersson, Ulf",Stockholm playoff,Stockholm,1976.??.??,1976,1,"Tal, Mihail","Andersson, Ulf",2615.0,2585.0,1/2-1/2,draw,draw,B84,,48,24.0,8,0,2,0,True,True,4,0,True,0,4,0,tactical
Tal.pgn,Tal,black,"Andersson, Ulf",Stockholm playoff,Stockholm,1976.??.??,1976,2,"Andersson, Ulf","Tal, Mihail",2585.0,2615.0,1/2-1/2,draw,draw,A11,,76,38.0,16,6,2,1,True,True,8,5,True,0,8,1,tactical
Tal.pgn,Tal,white,"Andersson, Ulf",Stockholm playoff,Stockholm,1976.??.??,1976,3,"Tal, Mihail","Andersson, Ulf",2615.0,2585.0,1/2-1/2,draw,draw,B85,,39,19.5,6,0,2,0,True,True,3,0,True,0,3,0,tactical
Tal.pgn,Tal,black,"Andersson, Ulf",Stockholm playoff,Stockholm,1976.??.??,1976,4,"Andersson, Ulf","Tal, Mihail",2585.0,2615.0,1/2-1/2,draw,draw,A13,,82,41.0,14,1,2,0,True,True,7,0,True,0,7,1,tactical
Tal.pgn,Tal,white,"Andersson, Ulf",Stockholm playoff,Stockholm,1976.??.??,1976,5,"Tal, Mihail","Andersson, Ulf",2615.0,2585.0,1-0,white_win,win,B85,,67,33.5,16,1,2,0,True,True,7,1,True,0,9,0,tactical
Tal.pgn,Tal,black,"Andersson, Ulf",Stockholm playoff,Stockholm,1976.??.??,1976,6,"Andersson, Ulf","Tal, Mihail",2585.0,2615.0,1/2-1/2,draw,draw,A30,,72,36.0,4,0,2,0,True,True,2,0,True,0,2,0,tactical
Tal.pgn,Tal,white,"Andersson, Ulf",Stockholm playoff,Stockholm,1976.??.??,1976,7,"Tal, Mihail","Andersson, Ulf",2615.0,2585.0,1/2-1/2,draw,draw,B85,,51,25.5,8,2,2,0,True,True,4,1,True,0,4,1,tactical
Tal.pgn,Tal,black,"Andersson, Ulf",Stockholm playoff,Stockholm,1976.??.??,1976,8,"Andersson, Ulf","Tal, Mihail",2585.0,2615.0,1/2-1/2,draw,draw,A30,,95,47.5,16,1,2,0,True,True,8,0,True,0,8,1,tactical
Tal.pgn,Tal,white,"Andersson, Ulf",Hoogovens,Wijk aan Zee,1976.??.??,1976,1,"Tal, Mihail","Andersson, Ulf",2615.0,2585.0,1/2-1/2,draw,draw,B84,,65,32.5,6,0,2,0,True,True,3,0,True,0,3,0,tactical
Tal.pgn,Tal,black,"Olafsson, Fridrik",Hoogovens,Wijk aan Zee,1976.??.??,1976,2,"Olafsson, Fridrik","Tal, Mihail",2550.0,2615.0,1/2-1/2,draw,draw,E12,,24,12.0,4,0,2,0,True,True,2,0,True,0,2,0,tactical
Tal.pgn,Tal,white,"Browne, Walter S",Hoogovens,Wijk aan Zee,1976.??.??,1976,3,"Tal, Mihail","Browne, Walter S",2615.0,2585.0,1/2-1/2,draw,draw,A29,,28,14.0,4,1,2,0,True,True,2,0,True,0,2,1,tactical
Tal.pgn,Tal,black,"Ree, Hans",Hoogovens,Wijk aan Zee,1976.??.??,1976,4,"Ree, Hans","Tal, Mihail",2420.0,2615.0,1/2-1/2,draw,draw,A17,,31,15.5,9,0,2,0,True,True,4,0,True,0,5,0,tactical
Tal.pgn,Tal,white,"Kurajica, Bojan",Hoogovens,Wijk aan Zee,1976.??.??,1976,5,"Tal, Mihail","Kurajica, Bojan",2615.0,2525.0,0-1,black_win,loss,B85,,113,56.5,22,1,2,0,True,True,11,1,True,0,11,0,tactical
Tal.pgn,Tal,black,"Langeweg, Kick",Hoogovens,Wijk aan Zee,1976.??.??,1976,6,"Langeweg, Kick","Tal, Mihail",2450.0,2615.0,0-1,black_win,win,B07,,96,48.0,16,0,2,0,True,True,7,0,True,0,9,0,tactical
Tal.pgn,Tal,white,"Sosonko, Gennadi",Hoogovens,Wijk aan Zee,1976.??.??,1976,7,"Tal, Mihail","Sosonko, Gennadi",2615.0,2505.0,1-0,white_win,win,A18,,79,39.5,20,5,2,0,True,True,10,1,True,0,10,4,tactical
Tal.pgn,Tal,black,"Smejkal, Jan",Hoogovens,Wijk aan Zee,1976.??.??,1976,8,"Smejkal, Jan","Tal, Mihail",2615.0,2615.0,1/2-1/2,draw,draw,D38,,34,17.0,8,2,2,0,True,True,4,1,True,0,4,1,tactical
Tal.pgn,Tal,white,"Bohm, Hans",Hoogovens,Wijk aan Zee,1976.??.??,1976,9,"Tal, Mihail","Bohm, Hans",2615.0,2425.0,1-0,white_win,win,B02,,77,38.5,17,1,2,0,True,True,9,0,True,0,8,1,tactical
Tal.pgn,Tal,white,"Dvorietzky, Mark I",Hoogovens,Wijk aan Zee,1976.??.??,1976,10,"Tal, Mihail","Dvorietzky, Mark I",2615.0,2540.0,1/2-1/2,draw,draw,A28,,81,40.5,22,7,2,0,True,True,11,2,True,0,11,5,tactical
Tal.pgn,Tal,black,"Ljubojevic, Ljubomir",Hoogovens,Wijk aan Zee,1976.??.??,1976,11,"Ljubojevic, Ljubomir","Tal, Mihail",2620.0,2615.0,1/2-1/2,draw,draw,B33,,117,58.5,19,6,2,0,True,True,10,1,True,0,9,5,tactical
Tal.pgn,Tal,black,"Miles, Anthony J",Las Palmas,Las Palmas,1977.??.??,1977,1,"Miles, Anthony J","Tal, Mihail",2555.0,2620.0,1/2-1/2,draw,draw,A34,,30,15.0,7,1,1,0,False,True,4,1,True,0,3,0,tactical
Tal.pgn,Tal,white,"Timman, Jan H",Las Palmas,Las Palmas,1977.??.??,1977,2,"Tal, Mihail","Timman, Jan H",2620.0,2590.0,1/2-1/2,draw,draw,B68,,59,29.5,16,2,1,0,True,False,9,2,True,0,7,0,tactical
Tal.pgn,Tal,black,"Adorjan, Andras",Las Palmas,Las Palmas,1977.??.??,1977,3,"Adorjan, Andras","Tal, Mihail",2530.0,2620.0,1/2-1/2,draw,draw,B51,,83,41.5,18,5,2,0,True,True,9,1,True,0,9,4,tactical
Tal.pgn,Tal,white,"Larsen, Bent",Las Palmas,Las Palmas,1977.??.??,1977,4,"Tal, Mihail","Larsen, Bent",2620.0,2615.0,1-0,white_win,win,B16,,71,35.5,16,5,2,0,True,True,8,4,True,0,8,1,tactical
Tal.pgn,Tal,black,"Martin Gonzalez, Angel",Las Palmas,Las Palmas,1977.??.??,1977,5,"Martin Gonzalez, Angel","Tal, Mihail",,2620.0,0-1,black_win,win,B46,,40,20.0,5,0,2,0,True,True,3,0,True,0,2,0,tactical
Tal.pgn,Tal,white,"Bellon Lopez, Juan Manuel",Las Palmas,Las Palmas,1977.??.??,1977,6,"Tal, Mihail","Bellon Lopez, Juan Manuel",2620.0,2415.0,1-0,white_win,win,E19,,69,34.5,18,4,2,0,True,True,10,1,True,0,8,3,tactical
Tal.pgn,Tal,black,"Cabrera, Gabriel",Las Palmas,Las Palmas,1977.??.??,1977,7,"Cabrera, Gabriel","Tal, Mihail",,2620.0,0-1,black_win,win,E96,,72,36.0,13,3,2,0,True,True,7,3,True,0,6,0,tactical
Tal.pgn,Tal,white,"Tatai, Stefano",Las Palmas,Las Palmas,1977.??.??,1977,8,"Tal, Mihail","Tatai, Stefano",2620.0,2480.0,1-0,white_win,win,C79,,57,28.5,15,0,2,0,True,True,8,0,True,0,7,0,tactical
Tal.pgn,Tal,black,"Visier Segovia, Fernando",Las Palmas,Las Palmas,1977.??.??,1977,9,"Visier Segovia, Fernando","Tal, Mihail",2355.0,2620.0,1-0,white_win,loss,A53,,77,38.5,16,7,2,0,True,True,7,0,True,0,9,7,tactical
Tal.pgn,Tal,black,"Pomar Salamanca, Arturo",Las Palmas,Las Palmas,1977.??.??,1977,10,"Pomar Salamanca, Arturo","Tal, Mihail",,2620.0,1/2-1/2,draw,draw,A00,,75,37.5,17,3,2,0,True,True,9,2,True,0,8,1,tactical
Tal.pgn,Tal,white,"Hernandez, Roman",Las Palmas,Las Palmas,1977.??.??,1977,11,"Tal, Mihail","Hernandez, Roman",2620.0,2435.0,0-1,black_win,loss,B38,,42,21.0,14,0,2,0,True,True,7,0,True,0,7,0,tactical
Tal.pgn,Tal,black,"Browne, Walter S",Las Palmas,Las Palmas,1977.??.??,1977,12,"Browne, Walter S","Tal, Mihail",2545.0,2620.0,1/2-1/2,draw,draw,E18,,42,21.0,14,0,2,0,True,True,7,0,True,0,7,0,tactical
Tal.pgn,Tal,white,"Debarnot, Roberto",Las Palmas,Las Palmas,1977.??.??,1977,13,"Tal, Mihail","Debarnot, Roberto",2620.0,2405.0,1-0,white_win,win,C00,,105,52.5,20,14,2,0,True,True,10,1,True,0,10,13,tactical
Tal.pgn,Tal,black,"Garcia Padron, Jose",Las Palmas,Las Palmas,1977.??.??,1977,14,"Garcia Padron, Jose","Tal, Mihail",,2620.0,1-0,white_win,loss,A25,,103,51.5,20,1,2,0,True,True,9,0,True,0,11,1,tactical
Tal.pgn,Tal,white,"Karpov, Anatoly",Las Palmas,Las Palmas,1977.??.??,1977,15,"Tal, Mihail","Karpov, Anatoly",2620.0,2690.0,1/2-1/2,draw,draw,E12,,38,19.0,10,0,2,0,True,True,5,0,True,0,5,0,tactical
Tal.pgn,Tal,black,"Gheorghiu, Florin",October Revolution 60,Leningrad,1977.??.??,1977,?,"Gheorghiu, Florin","Tal, Mihail",2545.0,2620.0,1/2-1/2,draw,draw,D42,,36,18.0,4,0,2,0,True,True,2,0,True,0,2,0,tactical
Tal.pgn,Tal,black,"Karpov, Anatoly",October Revolution 60,Leningrad,1977.??.??,1977,?,"Karpov, Anatoly","Tal, Mihail",2690.0,2620.0,1/2-1/2,draw,draw,D41,,120,60.0,19,4,2,0,True,True,9,0,True,0,10,4,tactical
Tal.pgn,Tal,white,"Ribli, Zoltan",October Revolution 60,Leningrad,1977.??.??,1977,?,"Tal, Mihail","Ribli, Zoltan",2620.0,2595.0,1/2-1/2,draw,draw,B92,,35,17.5,4,0,2,0,True,True,2,0,True,0,2,0,tactical
Tal.pgn,Tal,black,"Beliavsky, Alexander G",October Revolution 60,Leningrad,1977.??.??,1977,?,"Beliavsky, Alexander G","Tal, Mihail",2555.0,2620.0,0-1,black_win,win,B69,,47,23.5,8,0,2,0,True,True,4,0,True,0,4,0,tactical
Tal.pgn,Tal,black,"Kuzmin, Gennadi P",URS-ch45,Leningrad,1977.??.??,1977,?,"Kuzmin, Gennadi P","Tal, Mihail",2550.0,2620.0,0-1,black_win,win,B80,,50,25.0,11,0,2,0,True,True,6,0,True,0,5,0,tactical
Tal.pgn,Tal,white,"Smyslov, Vassily",URS-ch45,Leningrad,1977.??.??,1977,?,"Tal, Mihail","Smyslov, Vassily",2620.0,2595.0,0-1,black_win,loss,C80,,80,40.0,15,3,2,0,True,True,6,1,True,0,9,2,tactical
Tal.pgn,Tal,white,"Polugaevsky, Lev",URS-ch45,Leningrad,1977.??.??,1977,?,"Tal, Mihail","Polugaevsky, Lev",2620.0,2620.0,0-1,black_win,loss,A13,,102,51.0,25,3,1,0,True,False,12,3,True,0,13,0,tactical
Tal.pgn,Tal,white,"Petrosian, Tigran V",URS-ch45,Leningrad,1977.??.??,1977,?,"Tal, Mihail","Petrosian, Tigran V",,,1/2-1/2,draw,draw,C16,,81,40.5,14,11,1,0,True,False,7,11,True,0,7,0,tactical
Tal.pgn,Tal,white,"Grigorian, Karen Ashotovich",URS-ch45,Leningrad,1977.??.??,1977,?,"Tal, Mihail","Grigorian, Karen Ashotovich",2620.0,2465.0,1-0,white_win,win,E96,,81,40.5,18,5,2,0,True,True,9,2,True,0,9,3,tactical
Tal.pgn,Tal,white,"Geller, Efim P",URS-ch45,Leningrad,1977.??.??,1977,?,"Tal, Mihail","Geller, Efim P",2620.0,2590.0,1/2-1/2,draw,draw,C93,,73,36.5,18,0,2,0,True,True,8,0,True,0,10,0,tactical
Tal.pgn,Tal,white,"Bagirov, Vladimir",URS-ch45,Leningrad,1977.??.??,1977,?,"Tal, Mihail","Bagirov, Vladimir",2620.0,2480.0,1/2-1/2,draw,draw,B05,,55,27.5,14,0,2,0,True,True,7,0,True,0,7,0,tactical
Tal.pgn,Tal,black,"Knezevic, Milorad",October Revolution 60,Leningrad,1977.??.??,1977,?,"Knezevic, Milorad","Tal, Mihail",2500.0,2620.0,0-1,black_win,win,B07,,80,40.0,21,5,2,0,True,True,12,3,True,0,9,2,tactical
Tal.pgn,Tal,black,"Sveshnikov, Evgeny",URS-ch45,Leningrad,1977.??.??,1977,?,"Sveshnikov, Evgeny","Tal, Mihail",2520.0,2620.0,0-1,black_win,win,B14,,98,49.0,16,7,2,0,True,True,8,4,True,0,8,3,tactical
Tal.pgn,Tal,black,"Kochyev, Alexander",URS-ch45,Leningrad,1977.??.??,1977,?,"Kochyev, Alexander","Tal, Mihail",2490.0,2620.0,1/2-1/2,draw,draw,A87,,42,21.0,12,0,2,0,True,True,6,0,True,0,6,0,tactical
Tal.pgn,Tal,white,"Alburt, Lev O",URS-ch45,Leningrad,1977.??.??,1977,?,"Tal, Mihail","Alburt, Lev O",2620.0,2505.0,1/2-1/2,draw,draw,A38,,57,28.5,14,0,2,0,True,True,7,0,True,0,7,0,tactical
Tal.pgn,Tal,black,"Dorfman, Josif D",URS-ch45,Leningrad,1977.??.??,1977,?,"Dorfman, Josif D","Tal, Mihail",2455.0,2620.0,1/2-1/2,draw,draw,A43,,54,27.0,16,1,2,0,True,True,8,0,True,0,8,1,tactical
Tal.pgn,Tal,black,"Romanishin, Oleg M",URS-ch45,Leningrad,1977.??.??,1977,?,"Romanishin, Oleg M","Tal, Mihail",2595.0,2620.0,1/2-1/2,draw,draw,E17,,75,37.5,16,9,2,0,True,True,7,9,True,0,9,0,tactical
Tal.pgn,Tal,white,"Balashov, Yuri S",URS-ch45,Leningrad,1977.??.??,1977,?,"Tal, Mihail","Balashov, Yuri S",2620.0,2565.0,0-1,black_win,loss,B96,,83,41.5,14,2,1,0,True,False,6,0,True,0,8,2,tactical
Tal.pgn,Tal,white,"Romanishin, Oleg M",October Revolution 60,Leningrad,1977.??.??,1977,?,"Tal, Mihail","Romanishin, Oleg M",2620.0,2595.0,1/2-1/2,draw,draw,C67,,71,35.5,23,2,1,0,True,False,12,2,True,0,11,0,tactical
Tal.pgn,Tal,white,"Vaganian, Rafael A",October Revolution 60,Leningrad,1977.??.??,1977,?,"Tal, Mihail","Vaganian, Rafael A",2620.0,2545.0,0-1,black_win,loss,A34,,80,40.0,18,5,2,0,True,True,8,2,True,0,10,3,tactical
Tal.pgn,Tal,white,"Vogt, Lothar",October Revolution 60,Leningrad,1977.??.??,1977,?,"Tal, Mihail","Vogt, Lothar",2620.0,2495.0,1/2-1/2,draw,draw,C95,,91,45.5,12,1,2,0,True,True,6,0,True,0,6,1,tactical
Tal.pgn,Tal,black,"Mariotti, Sergio",October Revolution 60,Leningrad,1977.??.??,1977,?,"Mariotti, Sergio","Tal, Mihail",2490.0,2620.0,0-1,black_win,win,B53,,84,42.0,20,1,2,0,True,True,11,1,True,0,9,0,tactical
Tal.pgn,Tal,black,"Tukmakov, Vladimir B",URS-ch45,Leningrad,1977.??.??,1977,?,"Tukmakov, Vladimir B","Tal, Mihail",2540.0,2620.0,0-1,black_win,win,A34,,50,25.0,17,3,1,0,True,False,9,0,False,0,8,3,tactical
Tal.pgn,Tal,black,"Gulko, Boris F",URS-ch45,Leningrad,1977.??.??,1977,?,"Gulko, Boris F","Tal, Mihail",2585.0,2620.0,1/2-1/2,draw,draw,E20,,35,17.5,9,0,2,0,True,True,4,0,True,0,5,0,tactical
Tal.pgn,Tal,white,"Radulov, Ivan",October Revolution 60,Leningrad,1977.??.??,1977,?,"Tal, Mihail","Radulov, Ivan",2620.0,2500.0,1-0,white_win,win,B66,,91,45.5,20,9,1,0,True,False,11,9,True,0,9,0,tactical
Tal.pgn,Tal,white,"Kuzmin, Gennadi P",October Revolution 60,Leningrad,1977.??.??,1977,?,"Tal, Mihail","Kuzmin, Gennadi P",2620.0,2550.0,1-0,white_win,win,C99,,73,36.5,12,1,2,0,True,True,7,0,True,0,5,1,tactical
Tal.pgn,Tal,white,"Kochyev, Alexander",October Revolution 60,Leningrad,1977.??.??,1977,?,"Tal, Mihail","Kochyev, Alexander",2620.0,2490.0,1-0,white_win,win,B48,,79,39.5,23,5,1,0,True,False,13,2,True,0,10,3,tactical
Tal.pgn,Tal,white,"Garcia Gonzales, Guillermo",October Revolution 60,Leningrad,1977.??.??,1977,?,"Tal, Mihail","Garcia Gonzales, Guillermo",2620.0,2485.0,1-0,white_win,win,B06,,67,33.5,12,4,2,0,True,True,6,4,True,0,6,0,tactical
Tal.pgn,Tal,white,"Balashov, Yuri S",October Revolution 60,Leningrad,1977.??.??,1977,?,"Tal, Mihail","Balashov, Yuri S",2620.0,2565.0,1/2-1/2,draw,draw,C99,,47,23.5,8,1,2,0,True,True,4,1,True,0,4,0,tactical
Tal.pgn,Tal,black,"Taimanov, Mark E",October Revolution 60,Leningrad,1977.??.??,1977,?,"Taimanov, Mark E","Tal, Mihail",2530.0,2620.0,1/2-1/2,draw,draw,D75,,32,16.0,14,0,2,0,True,True,7,0,True,0,7,0,tactical
Tal.pgn,Tal,black,"Smyslov, Vassily",October Revolution 60,Leningrad,1977.??.??,1977,?,"Smyslov, Vassily","Tal, Mihail",2595.0,2620.0,1/2-1/2,draw,draw,E18,,81,40.5,14,2,2,0,True,True,7,2,True,0,7,0,tactical
Tal.pgn,Tal,black,"Smejkal, Jan",October Revolution 60,Leningrad,1977.??.??,1977,?,"Smejkal, Jan","Tal, Mihail",2575.0,2620.0,1/2-1/2,draw,draw,A17,,38,19.0,2,0,2,0,True,True,1,0,True,0,1,0,tactical
Tal.pgn,Tal,black,"Augustin, Josef",EU-chT,Moscow,1977.??.??,1977,1,"Augustin, Josef","Tal, Mihail",2445.0,2620.0,0-1,black_win,win,A26,,96,48.0,18,2,2,0,True,True,9,0,True,0,9,2,tactical
Tal.pgn,Tal,white,"Velimirovic, Dragoljub",EU-chT,Moscow,1977.??.??,1977,2,"Tal, Mihail","Velimirovic, Dragoljub",2620.0,2525.0,1-0,white_win,win,E90,,84,42.0,17,2,2,1,True,True,10,0,True,0,7,2,tactical
Tal.pgn,Tal,white,"Csom, Istvan",EU-chT,Moscow,1977.??.??,1977,4,"Tal, Mihail","Csom, Istvan",2620.0,2535.0,1-0,white_win,win,B66,,103,51.5,21,10,1,0,True,False,11,4,True,0,10,6,tactical
Tal.pgn,Tal,white,"Nunn, John DM",EU-chT,Moscow,1977.??.??,1977,5,"Tal, Mihail","Nunn, John DM",2620.0,2410.0,1/2-1/2,draw,draw,D32,,49,24.5,15,2,2,0,True,True,8,1,True,0,7,1,tactical
Tal.pgn,Tal,black,"Pfleger, Helmut",EU-chT,Moscow,1977.??.??,1977,6,"Pfleger, Helmut","Tal, Mihail",2540.0,2620.0,1/2-1/2,draw,draw,A47,,30,15.0,2,0,2,0,True,True,1,0,True,0,1,0,tactical
Tal.pgn,Tal,white,"Tringov, Georgi P",EU-chT,Moscow,1977.??.??,1977,7,"Tal, Mihail","Tringov, Georgi P",2620.0,2495.0,1/2-1/2,draw,draw,B92,,42,21.0,4,0,2,0,True,True,2,0,True,0,2,0,tactical
Tal.pgn,Tal,white,"Zhuravliov, Valerij",Sochi,Sochi,1977.??.??,1977,?,"Tal, Mihail","Zhuravliov, Valerij",2620.0,,1-0,white_win,win,A34,,99,49.5,21,6,1,0,True,False,11,4,True,0,10,2,tactical
Tal.pgn,Tal,white,"Zaitsev, Igor A",Sochi,Sochi,1977.??.??,1977,?,"Tal, Mihail","Zaitsev, Igor A",2620.0,2495.0,1-0,white_win,win,B29,,43,21.5,5,1,1,0,True,False,2,0,True,0,3,1,tactical
Tal.pgn,Tal,white,"Rashkovsky, Nukhim N",Sochi,Sochi,1977.??.??,1977,?,"Tal, Mihail","Rashkovsky, Nukhim N",2620.0,2510.0,1-0,white_win,win,A49,,83,41.5,21,5,2,0,True,True,10,3,True,0,11,2,tactical
Tal.pgn,Tal,white,"Klaric, Zlatko",Sochi,Sochi,1977.??.??,1977,?,"Tal, Mihail","Klaric, Zlatko",2620.0,2405.0,1-0,white_win,win,A42,,95,47.5,27,6,1,1,True,False,13,6,True,1,14,0,tactical
Tal.pgn,Tal,white,"Karner, Hillar",Sochi,Sochi,1977.??.??,1977,?,"Tal, Mihail","Karner, Hillar",2620.0,2380.0,1-0,white_win,win,C07,,55,27.5,13,3,1,0,True,False,7,3,True,0,6,0,tactical
Tal.pgn,Tal,white,"Spassov, Liuben",Sochi,Sochi,1977.??.??,1977,?,"Tal, Mihail","Spassov, Liuben",2620.0,,1-0,white_win,win,B68,,69,34.5,20,2,2,0,True,True,11,1,True,0,9,1,tactical
Tal.pgn,Tal,black,"Suba, Mihai",Sochi,Sochi,1977.??.??,1977,?,"Suba, Mihai","Tal, Mihail",2455.0,2620.0,0-1,black_win,win,A17,,94,47.0,26,9,2,0,True,True,13,4,True,0,13,5,tactical
Tal.pgn,Tal,black,"Petrosian, Tigran V",Sochi,Sochi,1977.??.??,1977,?,"Petrosian, Tigran V","Tal, Mihail",,2620.0,1/2-1/2,draw,draw,E18,,45,22.5,13,0,2,0,True,True,7,0,True,0,6,0,tactical
Tal.pgn,Tal,black,"Geller, Efim P",Sochi,Sochi,1977.??.??,1977,?,"Geller, Efim P","Tal, Mihail",2590.0,2620.0,1/2-1/2,draw,draw,B85,,130,65.0,22,11,2,0,True,True,10,6,True,0,12,5,tactical
Tal.pgn,Tal,black,"Adorjan, Andras",Sochi,Sochi,1977.??.??,1977,?,"Adorjan, Andras","Tal, Mihail",2530.0,2620.0,1/2-1/2,draw,draw,B53,,41,20.5,11,2,2,0,True,True,5,2,True,0,6,0,tactical
Tal.pgn,Tal,white,"Durao, Joaquim",Sochi,Sochi,1977.??.??,1977,?,"Tal, Mihail","Durao, Joaquim",2620.0,2305.0,1-0,white_win,win,C95,,85,42.5,14,1,2,0,True,True,7,1,True,0,7,0,tactical
Tal.pgn,Tal,black,"Suetin, Alexey S",Sochi,Sochi,1977.??.??,1977,?,"Suetin, Alexey S","Tal, Mihail",2525.0,2620.0,0-1,black_win,win,C42,,76,38.0,22,4,2,0,True,True,12,3,True,0,10,1,tactical
Tal.pgn,Tal,black,"Ftacnik, Lubomir",Sochi,Sochi,1977.??.??,1977,12,"Ftacnik, Lubomir","Tal, Mihail",2360.0,2620.0,1/2-1/2,draw,draw,E96,,103,51.5,23,0,2,0,True,True,12,0,True,0,11,0,tactical
Tal.pgn,Tal,black,"Gulko, Boris F",Tallinn,Tallinn,1977.??.??,1977,1,"Gulko, Boris F","Tal, Mihail",2585.0,2620.0,0-1,black_win,win,B22,,72,36.0,16,6,1,0,True,False,8,4,False,0,8,2,tactical
Tal.pgn,Tal,white,"Ornstein, Axel",Tallinn,Tallinn,1977.??.??,1977,2,"Tal, Mihail","Ornstein, Axel",2620.0,2440.0,1-0,white_win,win,B30,,75,37.5,19,3,2,0,True,True,10,0,True,0,9,3,tactical
Tal.pgn,Tal,black,"Poutiainen, Pertti",Tallinn,Tallinn,1977.??.??,1977,3,"Poutiainen, Pertti","Tal, Mihail",2430.0,2620.0,0-1,black_win,win,A34,,42,21.0,10,3,1,0,False,True,5,2,True,0,5,1,tactical
Tal.pgn,Tal,white,"Pohla, Harry",Tallinn,Tallinn,1977.??.??,1977,4,"Tal, Mihail","Pohla, Harry",2620.0,2200.0,1-0,white_win,win,A04,,73,36.5,15,0,2,0,True,True,8,0,True,0,7,0,tactical
Tal.pgn,Tal,black,"Bronstein, David I",Tallinn,Tallinn,1977.??.??,1977,5,"Bronstein, David I","Tal, Mihail",2560.0,2620.0,1/2-1/2,draw,draw,B62,,35,17.5,12,2,0,0,False,False,6,1,False,0,6,1,tactical
Tal.pgn,Tal,white,"Pribyl, Josef",Tallinn,Tallinn,1977.??.??,1977,6,"Tal, Mihail","Pribyl, Josef",2620.0,2485.0,1-0,white_win,win,D58,,83,41.5,15,3,2,0,True,True,7,1,True,0,8,2,tactical
Tal.pgn,Tal,black,"Nei, Iivo",Tallinn,Tallinn,1977.??.??,1977,7,"Nei, Iivo","Tal, Mihail",2510.0,2620.0,1-0,white_win,loss,A28,,85,42.5,14,1,2,0,True,True,7,0,True,0,7,1,tactical
Tal.pgn,Tal,white,"Velimirovic, Dragoljub",Tallinn,Tallinn,1977.??.??,1977,8,"Tal, Mihail","Velimirovic, Dragoljub",2620.0,2525.0,1-0,white_win,win,A30,,69,34.5,17,3,2,0,True,True,9,2,True,0,8,1,tactical
Tal.pgn,Tal,black,"Romanishin, Oleg M",Tallinn,Tallinn,1977.??.??,1977,9,"Romanishin, Oleg M","Tal, Mihail",2595.0,2620.0,1-0,white_win,loss,E20,,65,32.5,13,5,2,0,True,True,5,2,True,0,8,3,tactical
Tal.pgn,Tal,white,"Karner, Hillar",Tallinn,Tallinn,1977.??.??,1977,10,"Tal, Mihail","Karner, Hillar",2620.0,2380.0,1-0,white_win,win,B06,,89,44.5,18,4,1,0,False,True,9,0,False,0,9,4,tactical
Tal.pgn,Tal,black,"Gipslis, Aivars",Tallinn,Tallinn,1977.??.??,1977,11,"Gipslis, Aivars","Tal, Mihail",2535.0,2620.0,1/2-1/2,draw,draw,B66,,82,41.0,16,0,2,0,True,True,8,0,True,0,8,0,tactical
Tal.pgn,Tal,white,"Uhlmann, Wolfgang",Tallinn,Tallinn,1977.??.??,1977,12,"Tal, Mihail","Uhlmann, Wolfgang",2620.0,2555.0,1-0,white_win,win,C07,,113,56.5,23,8,1,0,True,False,12,5,True,0,11,3,tactical
Tal.pgn,Tal,black,"Heuer, Valter",Tallinn,Tallinn,1977.??.??,1977,13,"Heuer, Valter","Tal, Mihail",2200.0,2620.0,0-1,black_win,win,B85,,72,36.0,15,0,2,0,True,True,8,0,True,0,7,0,tactical
Tal.pgn,Tal,black,"Unzicker, Wolfgang",Tallinn,Tallinn,1977.??.??,1977,14,"Unzicker, Wolfgang","Tal, Mihail",2525.0,2620.0,0-1,black_win,win,B92,,66,33.0,14,2,2,0,True,True,6,1,True,0,8,1,tactical
Tal.pgn,Tal,white,"Vadasz, Laszlo",Tallinn,Tallinn,1977.??.??,1977,15,"Tal, Mihail","Vadasz, Laszlo",2620.0,2495.0,0-1,black_win,loss,B06,,76,38.0,17,5,2,0,True,True,8,3,True,0,9,2,tactical
Tal.pgn,Tal,white,"Vukic, Milan",Bugojno,Bugojno,1978.??.??,1978,1,"Tal, Mihail","Vukic, Milan",2625.0,2480.0,1/2-1/2,draw,draw,B18,,112,56.0,23,7,2,0,True,True,12,1,True,0,11,6,tactical
Tal.pgn,Tal,black,"Hort, Vlastimil",Bugojno,Bugojno,1978.??.??,1978,2,"Hort, Vlastimil","Tal, Mihail",2620.0,2625.0,1/2-1/2,draw,draw,A36,,25,12.5,8,0,2,0,True,True,4,0,True,0,4,0,tactical
Tal.pgn,Tal,white,"Byrne, Robert E",Bugojno,Bugojno,1978.??.??,1978,3,"Tal, Mihail","Byrne, Robert E",2625.0,2550.0,1-0,white_win,win,B70,,73,36.5,14,3,2,0,True,True,7,2,True,0,7,1,tactical
Tal.pgn,Tal,black,"Bukic, Enver",Bugojno,Bugojno,1978.??.??,1978,4,"Bukic, Enver","Tal, Mihail",2500.0,2625.0,1/2-1/2,draw,draw,E15,,56,28.0,13,2,2,0,True,True,7,2,True,0,6,0,tactical
Tal.pgn,Tal,white,"Portisch, Lajos",Bugojno,Bugojno,1978.??.??,1978,5,"Tal, Mihail","Portisch, Lajos",2625.0,2630.0,1/2-1/2,draw,draw,B19,,59,29.5,15,2,2,0,True,True,8,0,True,0,7,2,tactical
Tal.pgn,Tal,black,"Larsen, Bent",Bugojno,Bugojno,1978.??.??,1978,6,"Larsen, Bent","Tal, Mihail",2620.0,2625.0,1/2-1/2,draw,draw,A46,,39,19.5,7,1,2,0,True,True,3,1,True,0,4,0,tactical
Tal.pgn,Tal,white,"Ivkov, Borislav",Bugojno,Bugojno,1978.??.??,1978,7,"Tal, Mihail","Ivkov, Borislav",2625.0,2515.0,1/2-1/2,draw,draw,C67,,118,59.0,27,10,2,0,True,True,14,7,True,0,13,3,tactical
Tal.pgn,Tal,black,"Karpov, Anatoly",Bugojno,Bugojno,1978.??.??,1978,8,"Karpov, Anatoly","Tal, Mihail",2725.0,2625.0,1/2-1/2,draw,draw,E48,,43,21.5,4,0,2,0,True,True,2,0,True,0,2,0,tactical
Tal.pgn,Tal,white,"Balashov, Yuri S",Bugojno,Bugojno,1978.??.??,1978,9,"Tal, Mihail","Balashov, Yuri S",2625.0,2590.0,1/2-1/2,draw,draw,E14,,37,18.5,4,1,2,0,True,True,2,0,True,0,2,1,tactical
Tal.pgn,Tal,black,"Timman, Jan H",Bugojno,Bugojno,1978.??.??,1978,10,"Timman, Jan H","Tal, Mihail",2585.0,2625.0,1/2-1/2,draw,draw,D46,,43,21.5,6,0,2,0,True,True,3,0,True,0,3,0,tactical
Tal.pgn,Tal,white,"Gligoric, Svetozar",Bugojno,Bugojno,1978.??.??,1978,11,"Tal, Mihail","Gligoric, Svetozar",2625.0,2565.0,1-0,white_win,win,C91,,125,62.5,20,3,2,0,True,True,11,3,True,0,9,0,tactical
Tal.pgn,Tal,black,"Huebner, Robert",Bugojno,Bugojno,1978.??.??,1978,12,"Huebner, Robert","Tal, Mihail",2595.0,2625.0,1/2-1/2,draw,draw,D75,,62,31.0,18,0,2,0,True,True,9,0,True,0,9,0,tactical
Tal.pgn,Tal,white,"Miles, Anthony J",Bugojno,Bugojno,1978.??.??,1978,13,"Tal, Mihail","Miles, Anthony J",2625.0,2565.0,1/2-1/2,draw,draw,A34,,55,27.5,11,0,2,0,True,True,6,0,True,0,5,0,tactical
Tal.pgn,Tal,white,"Spassky, Boris V",Bugojno,Bugojno,1978.??.??,1978,14,"Tal, Mihail","Spassky, Boris V",2625.0,2630.0,1/2-1/2,draw,draw,C99,,131,65.5,22,0,2,0,True,True,10,0,True,0,12,0,tactical
Tal.pgn,Tal,black,"Ljubojevic, Ljubomir",Bugojno,Bugojno,1978.??.??,1978,15,"Ljubojevic, Ljubomir","Tal, Mihail",2605.0,2625.0,1/2-1/2,draw,draw,D40,,27,13.5,8,0,2,0,True,True,4,0,True,0,4,0,tactical
Tal.pgn,Tal,white,"Tal, Mihail",URS-ch46,Tbilisi,1978.??.??,1978,?,"Tseshkovsky, Vitaly","Tal, Mihail",2550.0,2625.0,1/2-1/2,draw,draw,C82,,91,45.5,24,5,1,0,True,False,12,3,True,0,12,2,tactical
Tal.pgn,Tal,white,"Tukmakov, Vladimir B",URS-ch46,Tbilisi,1978.??.??,1978,?,"Tal, Mihail","Tukmakov, Vladimir B",2625.0,2570.0,1/2-1/2,draw,draw,B96,,54,27.0,18,0,1,0,True,False,9,0,True,0,9,0,tactical
Tal.pgn,Tal,white,"Timoshchenko, Gennadi A",URS-ch46,Tbilisi,1978.??.??,1978,?,"Tal, Mihail","Timoshchenko, Gennadi A",2625.0,2530.0,1/2-1/2,draw,draw,D56,,55,27.5,14,1,2,0,True,True,7,0,True,0,7,1,tactical
Tal.pgn,Tal,white,"Romanishin, Oleg M",URS-ch46,Tbilisi,1978.??.??,1978,?,"Tal, Mihail","Romanishin, Oleg M",2625.0,2610.0,1/2-1/2,draw,draw,D22,,83,41.5,20,3,1,0,True,False,10,0,True,0,10,3,tactical
Tal.pgn,Tal,white,"Razuvaev, Yuri S",URS-ch46,Tbilisi,1978.??.??,1978,?,"Tal, Mihail","Razuvaev, Yuri S",2625.0,2465.0,1/2-1/2,draw,draw,C92,,52,26.0,10,0,2,0,True,True,5,0,True,0,5,0,tactical
Tal.pgn,Tal,black,"Beliavsky, Alexander G",URS-ch46,Tbilisi,1978.??.??,1978,?,"Beliavsky, Alexander G","Tal, Mihail",2530.0,2625.0,0-1,black_win,win,D63,,82,41.0,16,6,2,0,True,True,10,5,True,0,6,1,tactical
Tal.pgn,Tal,white,"Mikhalchishin, Adrian",URS-ch46,Tbilisi,1978.??.??,1978,?,"Tal, Mihail","Mikhalchishin, Adrian",2625.0,2460.0,1-0,white_win,win,D44,,67,33.5,15,3,1,0,True,False,7,2,True,0,8,1,tactical
Tal.pgn,Tal,white,"Makarichev, Sergey",URS-ch46,Tbilisi,1978.??.??,1978,?,"Tal, Mihail","Makarichev, Sergey",2625.0,2495.0,1-0,white_win,win,A29,,65,32.5,16,0,2,0,True,True,8,0,True,0,8,0,tactical
Tal.pgn,Tal,white,"Gulko, Boris F",URS-ch46,Tbilisi,1978.??.??,1978,?,"Tal, Mihail","Gulko, Boris F",2625.0,2565.0,1/2-1/2,draw,draw,A39,,42,21.0,6,0,2,0,True,True,3,0,True,0,3,0,tactical
Tal.pgn,Tal,white,"Geller, Efim P",URS-ch46,Tbilisi,1978.??.??,1978,?,"Tal, Mihail","Geller, Efim P",2625.0,2590.0,1/2-1/2,draw,draw,D55,,56,28.0,17,5,2,0,True,True,8,5,True,0,9,0,tactical
Tal.pgn,Tal,white,"Dorfman, Josif D",URS-ch46,Tbilisi,1978.??.??,1978,?,"Tal, Mihail","Dorfman, Josif D",2625.0,2550.0,1-0,white_win,win,D31,,93,46.5,16,6,2,0,True,True,9,3,True,0,7,3,tactical
Tal.pgn,Tal,black,"Sveshnikov, Evgeny",URS-ch46,Tbilisi,1978.??.??,1978,?,"Sveshnikov, Evgeny","Tal, Mihail",2565.0,2625.0,1/2-1/2,draw,draw,B22,,42,21.0,10,3,1,0,True,False,5,3,False,0,5,0,tactical
Tal.pgn,Tal,black,"Bagirov, Vladimir",URS-ch46,Tbilisi,1978.??.??,1978,?,"Bagirov, Vladimir","Tal, Mihail",2505.0,2625.0,1/2-1/2,draw,draw,A34,,36,18.0,11,1,2,0,True,True,6,1,True,0,5,0,tactical
Tal.pgn,Tal,black,"Giorgadze, Tamaz",URS-ch46,Tbilisi,1978.??.??,1978,?,"Giorgadze, Tamaz","Tal, Mihail",2535.0,2625.0,1/2-1/2,draw,draw,B51,,128,64.0,25,15,2,0,True,True,12,6,True,0,13,9,tactical
Tal.pgn,Tal,black,"Kasparov, Gary",URS-ch46,Tbilisi,1978.??.??,1978,?,"Kasparov, Gary","Tal, Mihail",,2625.0,1/2-1/2,draw,draw,C69,,34,17.0,12,0,2,0,True,True,6,0,True,0,6,0,tactical
Tal.pgn,Tal,black,"Polugaevsky, Lev",URS-ch46,Tbilisi,1978.??.??,1978,?,"Polugaevsky, Lev","Tal, Mihail",2620.0,2625.0,1/2-1/2,draw,draw,D58,,67,33.5,17,1,2,0,True,True,8,0,True,0,9,1,tactical
Tal.pgn,Tal,black,"Kuzmin, Gennadi P",URS-ch46,Tbilisi,1978.??.??,1978,?,"Kuzmin, Gennadi P","Tal, Mihail",2560.0,2625.0,0-1,black_win,win,E55,,85,42.5,17,0,2,0,True,True,9,0,True,0,8,0,tactical
Tal.pgn,Tal,white,"Geller, Efim P",URS-ch47,Minsk,1979.??.??,1979,?,"Tal, Mihail","Geller, Efim P",2615.0,2550.0,1/2-1/2,draw,draw,B52,,51,25.5,14,2,2,0,True,True,7,2,True,0,7,0,tactical
Tal.pgn,Tal,black,"Rashkovsky, Nukhim N",URS-ch47,Minsk,1979.??.??,1979,?,"Rashkovsky, Nukhim N","Tal, Mihail",2500.0,2615.0,1/2-1/2,draw,draw,A30,,46,23.0,14,1,2,0,True,True,7,0,True,0,7,1,tactical
Tal.pgn,Tal,black,"Kupreichik, Viktor D",URS-ch47,Minsk,1979.??.??,1979,?,"Kupreichik, Viktor D","Tal, Mihail",2540.0,2615.0,1/2-1/2,draw,draw,B97,,99,49.5,17,12,1,0,True,False,8,1,False,0,9,11,tactical
Tal.pgn,Tal,black,"Jussupow, Artur",URS-ch47,Minsk,1979.??.??,1979,?,"Jussupow, Artur","Tal, Mihail",2490.0,2615.0,1-0,white_win,loss,E01,,115,57.5,23,10,2,0,True,True,11,9,True,0,12,1,tactical
Tal.pgn,Tal,black,"Lerner, Konstantin Z",URS-ch47,Minsk,1979.??.??,1979,?,"Lerner, Konstantin Z","Tal, Mihail",2475.0,2615.0,1/2-1/2,draw,draw,E15,,81,40.5,19,2,2,0,True,True,9,2,True,0,10,0,tactical
Tal.pgn,Tal,black,"Dolmatov, Sergey",URS-ch47,Minsk,1979.??.??,1979,?,"Dolmatov, Sergey","Tal, Mihail",2495.0,2615.0,1/2-1/2,draw,draw,B85,,83,41.5,14,4,2,0,True,True,7,0,True,0,7,4,tactical
Tal.pgn,Tal,black,"Anikaev, Yuri N",URS-ch47,Minsk,1979.??.??,1979,?,"Anikaev, Yuri N","Tal, Mihail",2455.0,2615.0,0-1,black_win,win,A26,,62,31.0,16,4,2,0,True,True,9,1,True,0,7,3,tactical
Tal.pgn,Tal,black,"Romanishin, Oleg M",URS-ch47,Minsk,1979.??.??,1979,?,"Romanishin, Oleg M","Tal, Mihail",2560.0,2615.0,1-0,white_win,loss,A08,,113,56.5,22,4,2,0,True,True,10,2,True,0,12,2,tactical
Tal.pgn,Tal,white,"Vaganian, Rafael A",URS-ch47,Minsk,1979.??.??,1979,?,"Tal, Mihail","Vaganian, Rafael A",2615.0,2570.0,0-1,black_win,loss,A34,,106,53.0,23,13,1,0,False,True,12,2,False,0,11,11,tactical
Tal.pgn,Tal,white,"Tseshkovsky, Vitaly",URS-ch47,Minsk,1979.??.??,1979,?,"Tal, Mihail","Tseshkovsky, Vitaly",2615.0,2560.0,1-0,white_win,win,A16,,85,42.5,15,2,2,0,True,True,9,2,True,0,6,0,tactical
Tal.pgn,Tal,white,"Makarichev, Sergey",URS-ch47,Minsk,1979.??.??,1979,?,"Tal, Mihail","Makarichev, Sergey",2615.0,2500.0,1/2-1/2,draw,draw,B66,,95,47.5,20,2,2,0,True,True,10,0,True,0,10,2,tactical
Tal.pgn,Tal,white,"Kasparov, Gary",URS-ch47,Minsk,1979.??.??,1979,?,"Tal, Mihail","Kasparov, Gary",2615.0,2545.0,1/2-1/2,draw,draw,B85,,41,20.5,6,0,2,0,True,True,3,0,True,0,3,0,tactical
Tal.pgn,Tal,white,"Giorgadze, Tamaz",URS-ch47,Minsk,1979.??.??,1979,?,"Tal, Mihail","Giorgadze, Tamaz",2615.0,2535.0,0-1,black_win,loss,E05,,80,40.0,16,8,2,0,True,True,8,5,True,0,8,3,tactical
Tal.pgn,Tal,black,"Razuvaev, Yuri S",URS-ch47,Minsk,1979.??.??,1979,?,"Razuvaev, Yuri S","Tal, Mihail",2470.0,2615.0,1/2-1/2,draw,draw,E15,,33,16.5,10,1,2,0,True,True,5,1,True,0,5,0,tactical
Tal.pgn,Tal,white,"Beliavsky, Alexander G",URS-ch47,Minsk,1979.??.??,1979,?,"Tal, Mihail","Beliavsky, Alexander G",2615.0,2595.0,1-0,white_win,win,D12,,82,41.0,16,2,1,0,True,False,8,1,True,0,8,1,tactical
Tal.pgn,Tal,white,"Balashov, Yuri S",URS-ch47,Minsk,1979.??.??,1979,?,"Tal, Mihail","Balashov, Yuri S",2615.0,2600.0,1/2-1/2,draw,draw,E18,,45,22.5,12,1,2,0,True,True,6,1,True,0,6,0,tactical
Tal.pgn,Tal,black,"Sveshnikov, Evgeny",URS-ch47,Minsk,1979.??.??,1979,?,"Sveshnikov, Evgeny","Tal, Mihail",2545.0,2615.0,1-0,white_win,loss,B22,,149,74.5,26,19,2,0,True,True,13,7,True,0,13,12,tactical
Tal.pgn,Tal,white,"Spassky, Boris V",Montreal,Montreal,1979.??.??,1979,1,"Tal, Mihail","Spassky, Boris V",2615.0,2640.0,1-0,white_win,win,E94,,63,31.5,20,4,2,0,True,True,10,4,True,0,10,0,tactical
Tal.pgn,Tal,black,"Hort, Vlastimil",Montreal,Montreal,1979.??.??,1979,2,"Hort, Vlastimil","Tal, Mihail",2600.0,2615.0,1/2-1/2,draw,draw,D58,,39,19.5,4,0,2,0,True,True,2,0,True,0,2,0,tactical
Tal.pgn,Tal,white,"Ljubojevic, Ljubomir",Montreal,Montreal,1979.??.??,1979,3,"Tal, Mihail","Ljubojevic, Ljubomir",2615.0,2590.0,1/2-1/2,draw,draw,B43,,61,30.5,14,3,2,0,True,True,7,2,True,0,7,1,tactical
Tal.pgn,Tal,black,"Huebner, Robert",Montreal,Montreal,1979.??.??,1979,4,"Huebner, Robert","Tal, Mihail",2595.0,2615.0,1/2-1/2,draw,draw,A62,,32,16.0,4,0,2,0,True,True,2,0,True,0,2,0,tactical
Tal.pgn,Tal,white,"Larsen, Bent",Montreal,Montreal,1979.??.??,1979,5,"Tal, Mihail","Larsen, Bent",2615.0,2620.0,1-0,white_win,win,B63,,43,21.5,12,4,1,0,True,False,6,4,True,0,6,0,tactical
Tal.pgn,Tal,black,"Portisch, Lajos",Montreal,Montreal,1979.??.??,1979,6,"Portisch, Lajos","Tal, Mihail",2640.0,2615.0,1/2-1/2,draw,draw,E12,,41,20.5,14,0,2,0,True,True,7,0,True,0,7,0,tactical
Tal.pgn,Tal,white,"Karpov, Anatoly",Montreal,Montreal,1979.??.??,1979,7,"Tal, Mihail","Karpov, Anatoly",2615.0,2705.0,1/2-1/2,draw,draw,C08,,25,12.5,6,2,2,0,True,True,3,2,True,0,3,0,tactical
Tal.pgn,Tal,white,"Kavalek, Lubomir",Montreal,Montreal,1979.??.??,1979,8,"Tal, Mihail","Kavalek, Lubomir",2615.0,2590.0,1-0,white_win,win,A29,,91,45.5,17,2,2,0,True,True,8,2,True,0,9,0,tactical
Tal.pgn,Tal,black,"Timman, Jan H",Montreal,Montreal,1979.??.??,1979,9,"Timman, Jan H","Tal, Mihail",2625.0,2615.0,1/2-1/2,draw,draw,A34,,76,38.0,22,8,1,0,False,True,11,3,True,0,11,5,tactical
Tal.pgn,Tal,black,"Spassky, Boris V",Montreal,Montreal,1979.??.??,1979,10,"Spassky, Boris V","Tal, Mihail",2640.0,2615.0,0-1,black_win,win,E14,,44,22.0,10,2,2,0,True,True,5,2,True,0,5,0,tactical
Tal.pgn,Tal,white,"Hort, Vlastimil",Montreal,Montreal,1979.??.??,1979,11,"Tal, Mihail","Hort, Vlastimil",2615.0,2600.0,1/2-1/2,draw,draw,B08,,115,57.5,21,10,2,0,True,True,11,3,True,0,10,7,tactical
Tal.pgn,Tal,black,"Ljubojevic, Ljubomir",Montreal,Montreal,1979.??.??,1979,12,"Ljubojevic, Ljubomir","Tal, Mihail",2590.0,2615.0,1/2-1/2,draw,draw,C69,,44,22.0,10,0,2,0,True,True,5,0,True,0,5,0,tactical
Tal.pgn,Tal,white,"Huebner, Robert",Montreal,Montreal,1979.??.??,1979,13,"Tal, Mihail","Huebner, Robert",2615.0,2595.0,1-0,white_win,win,B19,,81,40.5,16,1,2,0,True,True,9,0,True,0,7,1,tactical
Tal.pgn,Tal,black,"Larsen, Bent",Montreal,Montreal,1979.??.??,1979,14,"Larsen, Bent","Tal, Mihail",2620.0,2615.0,1/2-1/2,draw,draw,A29,,62,31.0,16,4,2,0,True,True,8,2,True,0,8,2,tactical
Tal.pgn,Tal,white,"Portisch, Lajos",Montreal,Montreal,1979.??.??,1979,15,"Tal, Mihail","Portisch, Lajos",2615.0,2640.0,1-0,white_win,win,C08,,77,38.5,16,4,2,0,True,True,8,2,True,0,8,2,tactical
Tal.pgn,Tal,black,"Karpov, Anatoly",Montreal,Montreal,1979.??.??,1979,16,"Karpov, Anatoly","Tal, Mihail",2705.0,2615.0,1/2-1/2,draw,draw,D41,,64,32.0,16,0,2,0,True,True,8,0,True,0,8,0,tactical
Tal.pgn,Tal,black,"Kavalek, Lubomir",Montreal,Montreal,1979.??.??,1979,17,"Kavalek, Lubomir","Tal, Mihail",2590.0,2615.0,1/2-1/2,draw,draw,C81,,44,22.0,10,0,2,0,True,True,5,0,True,0,5,0,tactical
Tal.pgn,Tal,white,"Timman, Jan H",Montreal,Montreal,1979.??.??,1979,18,"Tal, Mihail","Timman, Jan H",2615.0,2625.0,1/2-1/2,draw,draw,A30,,29,14.5,10,0,2,0,True,True,5,0,True,0,5,0,tactical
Tal.pgn,Tal,white,"Tseshkovsky, Vitaly",Riga Interzonal,Riga,1979.??.??,1979,1,"Tal, Mihail","Tseshkovsky, Vitaly",2615.0,2560.0,1-0,white_win,win,B33,,83,41.5,19,1,2,0,True,True,10,1,True,0,9,0,tactical
Tal.pgn,Tal,black,"Polugaevsky, Lev",Riga Interzonal,Riga,1979.??.??,1979,2,"Polugaevsky, Lev","Tal, Mihail",2625.0,2615.0,0-1,black_win,win,A34,,56,28.0,11,3,1,0,False,True,6,3,True,0,5,0,tactical
Tal.pgn,Tal,white,"Romanishin, Oleg M",Riga Interzonal,Riga,1979.??.??,1979,3,"Tal, Mihail","Romanishin, Oleg M",2615.0,2560.0,1-0,white_win,win,C93,,75,37.5,16,1,2,0,True,True,9,0,True,0,7,1,tactical
Tal.pgn,Tal,black,"Kuzmin, Gennadi P",Riga Interzonal,Riga,1979.??.??,1979,4,"Kuzmin, Gennadi P","Tal, Mihail",2565.0,2615.0,0-1,black_win,win,A62,,54,27.0,16,1,2,0,True,True,8,0,True,0,8,1,tactical
Tal.pgn,Tal,white,"Bouaziz, Slim",Riga Interzonal,Riga,1979.??.??,1979,5,"Tal, Mihail","Bouaziz, Slim",2615.0,2420.0,1/2-1/2,draw,draw,E92,,62,31.0,11,2,2,0,True,True,5,1,True,0,6,1,tactical
Tal.pgn,Tal,black,"Tarjan, James Edward",Riga Interzonal,Riga,1979.??.??,1979,6,"Tarjan, James Edward","Tal, Mihail",2525.0,2615.0,0-1,black_win,win,B80,,80,40.0,20,4,2,0,True,True,11,2,True,0,9,2,tactical
Tal.pgn,Tal,white,"Larsen, Bent",Riga Interzonal,Riga,1979.??.??,1979,7,"Tal, Mihail","Larsen, Bent",2615.0,2620.0,1/2-1/2,draw,draw,B16,,102,51.0,24,3,2,0,True,True,12,2,True,0,12,1,tactical
Tal.pgn,Tal,black,"Gruenfeld, Yehuda",Riga Interzonal,Riga,1979.??.??,1979,8,"Gruenfeld, Yehuda","Tal, Mihail",2430.0,2615.0,1/2-1/2,draw,draw,C83,,58,29.0,14,2,2,0,True,True,7,2,True,0,7,0,tactical
Tal.pgn,Tal,white,"Ljubojevic, Ljubomir",Riga Interzonal,Riga,1979.??.??,1979,9,"Tal, Mihail","Ljubojevic, Ljubomir",2615.0,2590.0,1-0,white_win,win,E15,,113,56.5,18,3,2,0,True,True,10,2,True,0,8,1,tactical
Tal.pgn,Tal,black,"Van Riemsdijk, Herman C",Riga Interzonal,Riga,1979.??.??,1979,10,"Van Riemsdijk, Herman C","Tal, Mihail",2435.0,2615.0,1/2-1/2,draw,draw,B81,,87,43.5,25,8,2,0,True,True,13,6,True,0,12,2,tactical
Tal.pgn,Tal,white,"Mednis, Edmar John",Riga Interzonal,Riga,1979.??.??,1979,11,"Tal, Mihail","Mednis, Edmar John",2615.0,2510.0,1-0,white_win,win,B09,,103,51.5,23,5,2,0,True,True,12,4,True,0,11,1,tactical
Tal.pgn,Tal,black,"Ribli, Zoltan",Riga Interzonal,Riga,1979.??.??,1979,12,"Ribli, Zoltan","Tal, Mihail",2595.0,2615.0,1/2-1/2,draw,draw,D41,,42,21.0,13,0,2,0,True,True,6,0,True,0,7,0,tactical
Tal.pgn,Tal,white,"Gheorghiu, Florin",Riga Interzonal,Riga,1979.??.??,1979,13,"Tal, Mihail","Gheorghiu, Florin",2615.0,2540.0,1-0,white_win,win,B53,,127,63.5,25,6,2,0,True,True,13,1,True,0,12,5,tactical
Tal.pgn,Tal,black,"Trois, Francisco RT",Riga Interzonal,Riga,1979.??.??,1979,14,"Trois, Francisco RT","Tal, Mihail",2415.0,2615.0,0-1,black_win,win,E61,,88,44.0,21,3,2,0,True,True,11,2,True,0,10,1,tactical
Tal.pgn,Tal,white,"Adorjan, Andras",Riga Interzonal,Riga,1979.??.??,1979,15,"Tal, Mihail","Adorjan, Andras",2615.0,2525.0,1/2-1/2,draw,draw,A31,,36,18.0,6,0,2,0,True,True,3,0,True,0,3,0,tactical
Tal.pgn,Tal,white,"Miles, Anthony J",Riga Interzonal,Riga,1979.??.??,1979,16,"Tal, Mihail","Miles, Anthony J",2615.0,2560.0,1-0,white_win,win,B52,,107,53.5,21,12,2,0,True,True,11,2,True,0,10,10,tactical
Tal.pgn,Tal,black,"Rodriguez, Ruben",Riga Interzonal,Riga,1979.??.??,1979,17,"Rodriguez, Ruben","Tal, Mihail",2370.0,2615.0,0-1,black_win,win,C00,,138,69.0,13,3,2,0,True,True,7,2,True,0,6,1,tactical
Tal.pgn,Tal,white,"Vooremaa, Andres",Tallinn,Tallinn,1979.??.??,1979,2,"Tal, Mihail","Vooremaa, Andres",2615.0,2395.0,1-0,white_win,win,D35,,81,40.5,17,3,2,0,True,True,11,3,True,0,6,0,tactical
Tal.pgn,Tal,black,"Rytov, Boris",Tallinn,Tallinn,1979.??.??,1979,3,"Rytov, Boris","Tal, Mihail",2400.0,2615.0,0-1,black_win,win,A69,,68,34.0,13,3,2,0,True,True,7,2,True,0,6,1,tactical
Tal.pgn,Tal,white,"Knaak, Rainer",Tallinn,Tallinn,1979.??.??,1979,4,"Tal, Mihail","Knaak, Rainer",2615.0,2565.0,1-0,white_win,win,E96,,115,57.5,25,3,2,0,True,True,13,2,True,0,12,1,tactical
Tal.pgn,Tal,black,"Vilela, Jose Luis",Tallinn,Tallinn,1979.??.??,1979,5,"Vilela, Jose Luis","Tal, Mihail",2480.0,2615.0,1/2-1/2,draw,draw,A21,,87,43.5,17,1,2,0,True,True,8,0,True,0,9,1,tactical
Tal.pgn,Tal,white,"Lechtynsky, Jiri",Tallinn,Tallinn,1979.??.??,1979,6,"Tal, Mihail","Lechtynsky, Jiri",2615.0,2415.0,1-0,white_win,win,B15,,71,35.5,19,6,2,0,True,True,10,2,True,0,9,4,tactical
Tal.pgn,Tal,black,"Sax, Gyula",Tallinn,Tallinn,1979.??.??,1979,7,"Sax, Gyula","Tal, Mihail",2590.0,2615.0,0-1,black_win,win,C80,,104,52.0,20,2,1,1,True,False,10,0,False,1,10,2,tactical
Tal.pgn,Tal,white,"Vaganian, Rafael A",Tallinn,Tallinn,1979.??.??,1979,8,"Tal, Mihail","Vaganian, Rafael A",2615.0,2570.0,1/2-1/2,draw,draw,D58,,33,16.5,8,0,2,0,True,True,4,0,True,0,4,0,tactical
Tal.pgn,Tal,black,"Bronstein, David I",Tallinn,Tallinn,1979.??.??,1979,9,"Bronstein, David I","Tal, Mihail",2555.0,2615.0,1/2-1/2,draw,draw,C56,,29,14.5,10,0,2,0,True,True,5,0,True,0,5,0,tactical
Tal.pgn,Tal,white,"Christiansen, Larry Mark",Tallinn,Tallinn,1979.??.??,1979,10,"Tal, Mihail","Christiansen, Larry Mark",2615.0,2475.0,1-0,white_win,win,D41,,34,17.0,10,0,2,0,True,True,5,0,True,0,5,0,tactical
Tal.pgn,Tal,black,"Petrosian, Tigran V",Tallinn,Tallinn,1979.??.??,1979,11,"Petrosian, Tigran V","Tal, Mihail",2610.0,2615.0,1/2-1/2,draw,draw,D59,,72,36.0,16,4,2,0,True,True,8,2,True,0,8,2,tactical
Tal.pgn,Tal,white,"Nei, Iivo",Tallinn,Tallinn,1979.??.??,1979,12,"Tal, Mihail","Nei, Iivo",2615.0,2500.0,1/2-1/2,draw,draw,D30,,38,19.0,7,1,1,0,True,False,4,1,True,0,3,0,tactical
Tal.pgn,Tal,black,"Zilberstein, Valery I",Tallinn,Tallinn,1979.??.??,1979,13,"Zilberstein, Valery I","Tal, Mihail",2455.0,2615.0,0-1,black_win,win,A40,,98,49.0,16,3,1,0,True,False,9,2,False,0,7,1,tactical
Tal.pgn,Tal,white,"Veingold, Aleksandr",Tallinn,Tallinn,1979.??.??,1979,14,"Tal, Mihail","Veingold, Aleksandr",2615.0,2370.0,1/2-1/2,draw,draw,A29,,54,27.0,18,0,2,0,True,True,9,0,True,0,9,0,tactical
Tal.pgn,Tal,black,"Hartston, William R",Tallinn,Tallinn,1979.??.??,1979,15,"Hartston, William R","Tal, Mihail",2485.0,2615.0,1/2-1/2,draw,draw,B21,,54,27.0,19,3,2,0,True,True,10,1,True,0,9,2,tactical
Tal.pgn,Tal,white,"Rantanen, Yrjo A",Tallinn,Tallinn,1979.??.??,1979,16,"Tal, Mihail","Rantanen, Yrjo A",2615.0,2460.0,1-0,white_win,win,B30,,59,29.5,13,3,1,0,True,False,6,3,True,0,7,0,tactical
Tal.pgn,Tal,black,"Ivanovic, Bozidar",Tallinn,Tallinn,1979.??.??,1979,17,"Ivanovic, Bozidar","Tal, Mihail",2460.0,2615.0,1-0,white_win,loss,C45,,63,31.5,16,3,2,0,True,True,8,1,True,0,8,2,tactical
Tal.pgn,Tal,black,"Nei, Iivo",URS Spartakiad,URS,1979.??.??,1979,?,"Nei, Iivo","Tal, Mihail",2200.0,2615.0,0-1,black_win,win,A28,,74,37.0,14,3,2,0,True,True,8,2,True,0,6,1,tactical
Tal.pgn,Tal,black,"Kaiumov, Dmitry D",URS Spartakiad,URS,1979.??.??,1979,?,"Kaiumov, Dmitry D","Tal, Mihail",2200.0,2615.0,1/2-1/2,draw,draw,B85,,65,32.5,10,1,2,0,True,True,5,1,True,0,5,0,tactical
Tal.pgn,Tal,white,"Bagirov, Vladimir",URS Spartakiad,URS,1979.??.??,1979,?,"Tal, Mihail","Bagirov, Vladimir",2615.0,2545.0,1/2-1/2,draw,draw,B05,,84,42.0,15,1,2,0,True,True,8,0,True,0,7,1,tactical
Tal.pgn,Tal,white,"Kupreichik, Viktor D",URS Spartakiad,URS,1979.??.??,1979,?,"Tal, Mihail","Kupreichik, Viktor D",2615.0,2365.0,1/2-1/2,draw,draw,D13,,49,24.5,14,2,2,0,True,True,7,1,True,0,7,1,tactical
Tal.pgn,Tal,white,"Spassky, Boris V",URS Spartakiad,URS,1979.??.??,1979,?,"Tal, Mihail","Spassky, Boris V",2615.0,2640.0,1/2-1/2,draw,draw,D40,,55,27.5,16,0,2,0,True,True,8,0,True,0,8,0,tactical
Tal.pgn,Tal,black,"Yurtaev, Leonid",URS Spartakiad,URS,1979.??.??,1979,?,"Yurtaev, Leonid","Tal, Mihail",2200.0,2615.0,1-0,white_win,loss,B22,,77,38.5,19,3,2,0,True,True,9,0,True,0,10,3,tactical
Tal.pgn,Tal,black,"Lutikov, Anatoly S",URS Spartakiad,URS,1979.??.??,1979,?,"Lutikov, Anatoly S","Tal, Mihail",2515.0,2615.0,1/2-1/2,draw,draw,B80,,54,27.0,18,0,2,0,True,True,9,0,True,0,9,0,tactical
Tal.pgn,Tal,black,"Velimirovic, Dragoljub",JUG-URS,URS,1979.??.??,1979,?,"Velimirovic, Dragoljub","Tal, Mihail",2515.0,2615.0,0-1,black_win,win,C44,,88,44.0,17,6,2,0,True,True,9,6,True,0,8,0,tactical
Tal.pgn,Tal,black,"Velimirovic, Dragoljub",JUG-URS,URS,1979.??.??,1979,?,"Velimirovic, Dragoljub","Tal, Mihail",2515.0,2615.0,1/2-1/2,draw,draw,C44,,31,15.5,13,3,0,0,False,False,7,2,False,0,6,1,tactical
Tal.pgn,Tal,white,"Velimirovic, Dragoljub",JUG-URS,URS,1979.??.??,1979,?,"Tal, Mihail","Velimirovic, Dragoljub",2615.0,2515.0,1-0,white_win,win,A30,,59,29.5,14,4,1,0,True,False,7,4,True,0,7,0,tactical
Tal.pgn,Tal,white,"Velimirovic, Dragoljub",JUG-URS,URS,1979.??.??,1979,?,"Tal, Mihail","Velimirovic, Dragoljub",2615.0,2515.0,0-1,black_win,loss,A43,,83,41.5,19,5,2,0,True,True,10,1,True,0,9,4,tactical
Tal.pgn,Tal,black,"Polugaevsky, Lev",Candidats qf1,Alma Ata,1980.??.??,1980,1,"Polugaevsky, Lev","Tal, Mihail",2635.0,2705.0,1-0,white_win,loss,D58,,83,41.5,15,0,2,0,True,True,7,0,True,0,8,0,tactical
Tal.pgn,Tal,white,"Polugaevsky, Lev",Candidats qf1,Alma Ata,1980.??.??,1980,2,"Tal, Mihail","Polugaevsky, Lev",2705.0,2635.0,0-1,black_win,loss,B96,,140,70.0,25,20,1,0,True,False,12,11,True,0,13,9,tactical
Tal.pgn,Tal,black,"Polugaevsky, Lev",Candidats qf1,Alma Ata,1980.??.??,1980,3,"Polugaevsky, Lev","Tal, Mihail",2635.0,2705.0,1/2-1/2,draw,draw,D58,,34,17.0,7,0,2,0,True,True,4,0,True,0,3,0,tactical
Tal.pgn,Tal,white,"Polugaevsky, Lev",Candidats qf1,Alma Ata,1980.??.??,1980,4,"Tal, Mihail","Polugaevsky, Lev",2705.0,2635.0,1/2-1/2,draw,draw,B96,,72,36.0,18,8,0,0,False,False,9,3,False,0,9,5,tactical
Tal.pgn,Tal,black,"Polugaevsky, Lev",Candidats qf1,Alma Ata,1980.??.??,1980,5,"Polugaevsky, Lev","Tal, Mihail",2635.0,2705.0,1/2-1/2,draw,draw,E98,,40,20.0,6,1,2,0,True,True,3,0,True,0,3,1,tactical
Tal.pgn,Tal,white,"Polugaevsky, Lev",Candidats qf1,Alma Ata,1980.??.??,1980,6,"Tal, Mihail","Polugaevsky, Lev",2705.0,2635.0,1/2-1/2,draw,draw,B80,,79,39.5,16,1,2,0,True,True,8,0,True,0,8,1,tactical
Tal.pgn,Tal,black,"Polugaevsky, Lev",Candidats qf1,Alma Ata,1980.??.??,1980,7,"Polugaevsky, Lev","Tal, Mihail",2635.0,2705.0,1-0,white_win,loss,E99,,82,41.0,9,1,2,0,True,True,5,1,True,0,4,0,tactical
Tal.pgn,Tal,white,"Polugaevsky, Lev",Candidats qf1,Alma Ata,1980.??.??,1980,8,"Tal, Mihail","Polugaevsky, Lev",2705.0,2635.0,1/2-1/2,draw,draw,B44,,66,33.0,6,2,2,0,True,True,3,0,True,0,3,2,tactical
Tal.pgn,Tal,white,"Timman, Jan H",Bugojno,Bugojno,1980.??.??,1980,1,"Tal, Mihail","Timman, Jan H",2705.0,2600.0,1/2-1/2,draw,draw,E20,,55,27.5,14,2,2,0,True,True,7,1,True,0,7,1,tactical
Tal.pgn,Tal,black,"Kavalek, Lubomir",Bugojno,Bugojno,1980.??.??,1980,2,"Kavalek, Lubomir","Tal, Mihail",2600.0,2705.0,1/2-1/2,draw,draw,B80,,118,59.0,24,0,2,0,True,True,12,0,True,0,12,0,tactical
Tal.pgn,Tal,white,"Gligoric, Svetozar",Bugojno,Bugojno,1980.??.??,1980,3,"Tal, Mihail","Gligoric, Svetozar",2705.0,2565.0,1/2-1/2,draw,draw,E01,,33,16.5,6,0,2,0,True,True,3,0,True,0,3,0,tactical
Tal.pgn,Tal,black,"Larsen, Bent",Bugojno,Bugojno,1980.??.??,1980,4,"Larsen, Bent","Tal, Mihail",2590.0,2705.0,1-0,white_win,loss,A36,,79,39.5,13,3,2,0,True,True,7,0,True,0,6,3,tactical
Tal.pgn,Tal,white,"Kurajica, Bojan",Bugojno,Bugojno,1980.??.??,1980,5,"Tal, Mihail","Kurajica, Bojan",2705.0,2505.0,1-0,white_win,win,B42,,79,39.5,12,1,2,0,True,True,6,1,True,0,6,0,tactical
Tal.pgn,Tal,black,"Andersson, Ulf",Bugojno,Bugojno,1980.??.??,1980,6,"Andersson, Ulf","Tal, Mihail",2590.0,2705.0,1/2-1/2,draw,draw,E03,,40,20.0,6,2,2,0,True,True,3,0,True,0,3,2,tactical
Tal.pgn,Tal,white,"Ljubojevic, Ljubomir",Bugojno,Bugojno,1980.??.??,1980,7,"Tal, Mihail","Ljubojevic, Ljubomir",2705.0,2590.0,1/2-1/2,draw,draw,B99,,37,18.5,7,0,1,0,True,False,4,0,True,0,3,0,tactical
Tal.pgn,Tal,black,"Karpov, Anatoly",Bugojno,Bugojno,1980.??.??,1980,8,"Karpov, Anatoly","Tal, Mihail",2725.0,2705.0,1-0,white_win,loss,D48,,67,33.5,16,8,1,0,True,False,8,0,False,0,8,8,tactical
Tal.pgn,Tal,white,"Polugaevsky, Lev",Bugojno,Bugojno,1980.??.??,1980,9,"Tal, Mihail","Polugaevsky, Lev",2705.0,2635.0,1/2-1/2,draw,draw,B47,,53,26.5,13,0,2,0,True,True,7,0,True,0,6,0,tactical
Tal.pgn,Tal,black,"Hort, Vlastimil",Bugojno,Bugojno,1980.??.??,1980,10,"Hort, Vlastimil","Tal, Mihail",2595.0,2705.0,1/2-1/2,draw,draw,A34,,55,27.5,20,3,2,0,True,True,10,0,True,0,10,3,tactical
Tal.pgn,Tal,white,"Ivkov, Borislav",Bugojno,Bugojno,1980.??.??,1980,11,"Tal, Mihail","Ivkov, Borislav",2705.0,2530.0,1/2-1/2,draw,draw,E19,,43,21.5,7,0,2,0,True,True,4,0,True,0,3,0,tactical
Tal.pgn,Tal,black,"Seirawan, Yasser",Malta ol (Men),La Valetta,1980.??.??,1980,?,"Seirawan, Yasser","Tal, Mihail",2510.0,2705.0,1-0,white_win,loss,A29,,113,56.5,20,11,2,0,True,True,9,6,True,0,11,5,tactical
Tal.pgn,Tal,white,"Palacios, Antonio",Malta ol (Men),La Valetta,1980.??.??,1980,?,"Tal, Mihail","Palacios, Antonio",2705.0,2350.0,1/2-1/2,draw,draw,B31,,74,37.0,16,0,2,0,True,True,8,0,True,0,8,0,tactical
Tal.pgn,Tal,white,"Plachetka, Jan",Malta ol (Men),La Valetta,1980.??.??,1980,?,"Tal, Mihail","Plachetka, Jan",2705.0,2480.0,1/2-1/2,draw,draw,D63,,140,70.0,27,10,2,0,True,True,14,4,True,0,13,6,tactical
Tal.pgn,Tal,black,"Hoelzl, Franz",Malta ol (Men),La Valetta,1980.??.??,1980,?,"Hoelzl, Franz","Tal, Mihail",2415.0,2705.0,0-1,black_win,win,A28,,66,33.0,12,2,2,0,True,True,6,1,True,0,6,1,tactical
Tal.pgn,Tal,white,"Radulov, Ivan",Malta ol (Men),La Valetta,1980.??.??,1980,?,"Tal, Mihail","Radulov, Ivan",2705.0,2465.0,1-0,white_win,win,B66,,55,27.5,8,1,1,0,True,False,4,1,True,0,4,0,tactical
Tal.pgn,Tal,white,"Sax, Gyula",Malta ol (Men),La Valetta,1980.??.??,1980,?,"Tal, Mihail","Sax, Gyula",2705.0,2570.0,1/2-1/2,draw,draw,E92,,61,30.5,12,0,2,0,True,True,6,0,True,0,6,0,tactical
Tal.pgn,Tal,white,"Ribli, Zoltan",EU-chT,Skara,1980.??.??,1980,2,"Tal, Mihail","Ribli, Zoltan",2705.0,2610.0,1/2-1/2,draw,draw,D85,,67,33.5,18,3,2,0,True,True,9,3,True,0,9,0,tactical
Tal.pgn,Tal,black,"Karlsson, Lars",EU-chT,Skara,1980.??.??,1980,3,"Karlsson, Lars","Tal, Mihail",2405.0,2705.0,1-0,white_win,loss,A30,,81,40.5,15,5,2,0,True,True,7,3,True,0,8,2,tactical
Tal.pgn,Tal,black,"Hort, Vlastimil",EU-chT,Skara,1980.??.??,1980,5,"Hort, Vlastimil","Tal, Mihail",2595.0,2705.0,1/2-1/2,draw,draw,D40,,26,13.0,6,0,1,0,False,True,3,0,True,0,3,0,tactical
Tal.pgn,Tal,white,"Liberzon, Vladimir M",EU-chT,Skara,1980.??.??,1980,6,"Tal, Mihail","Liberzon, Vladimir M",2705.0,2545.0,1/2-1/2,draw,draw,B49,,76,38.0,23,3,2,0,True,True,12,2,True,0,11,1,tactical
Tal.pgn,Tal,white,"Gligoric, Svetozar",EU-chT,Skara,1980.??.??,1980,7,"Tal, Mihail","Gligoric, Svetozar",2705.0,2565.0,1/2-1/2,draw,draw,C95,,46,23.0,2,0,2,0,True,True,1,0,True,0,1,0,tactical
Tal.pgn,Tal,white,"Spassky, Boris V",Tilburg,Tilburg,1980.??.??,1980,?,"Tal, Mihail","Spassky, Boris V",2705.0,2615.0,1-0,white_win,win,C95,,91,45.5,15,4,2,0,True,True,7,4,True,0,8,0,tactical
Tal.pgn,Tal,white,"Sosonko, Gennadi",Tilburg,Tilburg,1980.??.??,1980,?,"Tal, Mihail","Sosonko, Gennadi",2705.0,2545.0,1/2-1/2,draw,draw,A26,,40,20.0,7,1,1,0,False,True,3,0,False,0,4,1,tactical
Tal.pgn,Tal,white,"Ribli, Zoltan",Tilburg,Tilburg,1980.??.??,1980,?,"Tal, Mihail","Ribli, Zoltan",2705.0,2610.0,1/2-1/2,draw,draw,B85,,95,47.5,16,2,2,0,True,True,7,0,True,0,9,2,tactical
Tal.pgn,Tal,black,"Timman, Jan H",Tilburg,Tilburg,1980.??.??,1980,?,"Timman, Jan H","Tal, Mihail",2600.0,2705.0,1/2-1/2,draw,draw,A29,,60,30.0,10,1,2,0,True,True,5,1,True,0,5,0,tactical
Tal.pgn,Tal,white,"Larsen, Bent",Tilburg,Tilburg,1980.??.??,1980,?,"Tal, Mihail","Larsen, Bent",2705.0,2585.0,1/2-1/2,draw,draw,B19,,73,36.5,18,2,2,0,True,True,9,1,True,0,9,1,tactical
Tal.pgn,Tal,white,"Huebner, Robert",Tilburg,Tilburg,1980.??.??,1980,?,"Tal, Mihail","Huebner, Robert",2705.0,2600.0,1/2-1/2,draw,draw,B92,,31,15.5,6,0,2,0,True,True,3,0,True,0,3,0,tactical
Tal.pgn,Tal,white,"Andersson, Ulf",Tilburg,Tilburg,1980.??.??,1980,?,"Tal, Mihail","Andersson, Ulf",2705.0,2590.0,1/2-1/2,draw,draw,E42,,118,59.0,26,10,2,0,True,True,13,8,True,0,13,2,tactical
Tal.pgn,Tal,black,"Portisch, Lajos",Tilburg,Tilburg,1980.??.??,1980,?,"Portisch, Lajos","Tal, Mihail",2655.0,2705.0,1-0,white_win,loss,D58,,66,33.0,12,0,2,0,True,True,6,0,True,0,6,0,tactical
Tal.pgn,Tal,black,"Kavalek, Lubomir",Tilburg,Tilburg,1980.??.??,1980,?,"Kavalek, Lubomir","Tal, Mihail",2600.0,2705.0,1/2-1/2,draw,draw,C42,,35,17.5,8,0,2,0,True,True,4,0,True,0,4,0,tactical
Tal.pgn,Tal,black,"Karpov, Anatoly",Tilburg,Tilburg,1980.??.??,1980,?,"Karpov, Anatoly","Tal, Mihail",2725.0,2705.0,1/2-1/2,draw,draw,C88,,41,20.5,6,0,2,0,True,True,3,0,True,0,3,0,tactical
Tal.pgn,Tal,black,"Hort, Vlastimil",Tilburg,Tilburg,1980.??.??,1980,?,"Hort, Vlastimil","Tal, Mihail",2595.0,2705.0,1/2-1/2,draw,draw,E15,,31,15.5,4,1,2,0,True,True,2,1,True,0,2,0,tactical
Tal.pgn,Tal,white,"Knezevic, Milorad",Yerevan,Yerevan,1980.??.??,1980,1,"Tal, Mihail","Knezevic, Milorad",2705.0,2490.0,1/2-1/2,draw,draw,C25,,28,14.0,6,0,2,0,True,True,3,0,True,0,3,0,tactical
Tal.pgn,Tal,black,"Vitolinsh, Alvis",Yerevan,Yerevan,1980.??.??,1980,2,"Vitolinsh, Alvis","Tal, Mihail",2430.0,2705.0,1/2-1/2,draw,draw,C69,,33,16.5,10,1,1,0,True,False,5,0,False,0,5,1,tactical
Tal.pgn,Tal,white,"Mnatsakanian, Eduard A",Yerevan,Yerevan,1980.??.??,1980,3,"Tal, Mihail","Mnatsakanian, Eduard A",2705.0,2425.0,1-0,white_win,win,D55,,73,36.5,12,1,2,0,True,True,7,1,True,0,5,0,tactical
Tal.pgn,Tal,black,"Tukmakov, Vladimir B",Yerevan,Yerevan,1980.??.??,1980,4,"Tukmakov, Vladimir B","Tal, Mihail",2560.0,2705.0,1/2-1/2,draw,draw,A33,,116,58.0,18,2,1,0,True,False,9,1,False,0,9,1,tactical
Tal.pgn,Tal,white,"Karlsson, Lars",Yerevan,Yerevan,1980.??.??,1980,5,"Tal, Mihail","Karlsson, Lars",2705.0,2405.0,1-0,white_win,win,C16,,85,42.5,16,4,1,0,True,False,8,4,True,0,8,0,tactical
Tal.pgn,Tal,black,"Vaganian, Rafael A",Yerevan,Yerevan,1980.??.??,1980,6,"Vaganian, Rafael A","Tal, Mihail",2590.0,2705.0,0-1,black_win,win,A14,,80,40.0,17,2,2,0,True,True,9,1,True,0,8,1,tactical
Tal.pgn,Tal,white,"Dobosz, Henryk",Yerevan,Yerevan,1980.??.??,1980,7,"Tal, Mihail","Dobosz, Henryk",2705.0,2385.0,1-0,white_win,win,E43,,137,68.5,23,10,2,0,True,True,12,6,True,0,11,4,tactical
Tal.pgn,Tal,black,"Sunye Neto, Jaime",Yerevan,Yerevan,1980.??.??,1980,8,"Sunye Neto, Jaime","Tal, Mihail",2415.0,2705.0,1/2-1/2,draw,draw,B20,,121,60.5,24,5,2,0,True,True,12,2,True,0,12,3,tactical
Tal.pgn,Tal,white,"Romanishin, Oleg M",Yerevan,Yerevan,1980.??.??,1980,9,"Tal, Mihail","Romanishin, Oleg M",2705.0,2580.0,0-1,black_win,loss,B47,,80,40.0,17,2,2,0,True,True,8,1,True,0,9,1,tactical
Tal.pgn,Tal,black,"Lputian, Smbat G",Yerevan,Yerevan,1980.??.??,1980,10,"Lputian, Smbat G","Tal, Mihail",2445.0,2705.0,0-1,black_win,win,D40,,62,31.0,9,0,2,0,True,True,5,0,True,0,4,0,tactical
Tal.pgn,Tal,white,"Petrosian, Arshak B",Yerevan,Yerevan,1980.??.??,1980,11,"Tal, Mihail","Petrosian, Arshak B",2705.0,2435.0,1/2-1/2,draw,draw,A07,,52,26.0,12,0,2,0,True,True,6,0,True,0,6,0,tactical
Tal.pgn,Tal,white,"Tal, Mihail",Yerevan,Yerevan,1980.??.??,1980,12,"Tseshkovsky, Vitaly","Tal, Mihail",2595.0,2705.0,1/2-1/2,draw,draw,B80,,28,14.0,2,0,2,0,True,True,1,0,True,0,1,0,tactical
Tal.pgn,Tal,white,"Suba, Mihai",Yerevan,Yerevan,1980.??.??,1980,13,"Tal, Mihail","Suba, Mihai",2705.0,2470.0,1/2-1/2,draw,draw,B84,,50,25.0,12,1,2,0,True,True,6,1,True,0,6,0,tactical
Tal.pgn,Tal,black,"Vadasz, Laszlo",Yerevan,Yerevan,1980.??.??,1980,14,"Vadasz, Laszlo","Tal, Mihail",2500.0,2705.0,1/2-1/2,draw,draw,A08,,75,37.5,18,1,2,0,True,True,9,1,True,0,9,0,tactical
Tal.pgn,Tal,white,"Grigorian, Karen Ashotovich",Yerevan,Yerevan,1980.??.??,1980,15,"Tal, Mihail","Grigorian, Karen Ashotovich",2705.0,2475.0,0-1,black_win,loss,D58,,68,34.0,15,1,2,0,True,True,7,0,True,0,8,1,tactical
Tal.pgn,Tal,white,"Romanishin, Oleg M",Lvov,Lvov,1981.??.??,1981,1,"Tal, Mihail","Romanishin, Oleg M",2555.0,2595.0,1/2-1/2,draw,draw,B46,,62,31.0,13,0,2,0,True,True,6,0,True,0,7,0,tactical
Tal.pgn,Tal,black,"Lerner, Konstantin Z",Lvov,Lvov,1981.??.??,1981,2,"Lerner, Konstantin Z","Tal, Mihail",2520.0,2555.0,1/2-1/2,draw,draw,D55,,33,16.5,10,0,2,0,True,True,5,0,True,0,5,0,tactical
Tal.pgn,Tal,white,"Buturin, Vladimir",Lvov,Lvov,1981.??.??,1981,3,"Tal, Mihail","Buturin, Vladimir",2555.0,2310.0,1/2-1/2,draw,draw,A13,,25,12.5,4,0,1,0,True,False,2,0,True,0,2,0,tactical
Tal.pgn,Tal,black,"Savon, Vladimir A",Lvov,Lvov,1981.??.??,1981,4,"Savon, Vladimir A","Tal, Mihail",2490.0,2555.0,1/2-1/2,draw,draw,E12,,56,28.0,10,0,2,0,True,True,5,0,True,0,5,0,tactical
Tal.pgn,Tal,white,"Mascarinas, Rico",Lvov,Lvov,1981.??.??,1981,5,"Tal, Mihail","Mascarinas, Rico",2555.0,2400.0,1-0,white_win,win,B01,,57,28.5,12,3,2,0,True,True,6,3,True,0,6,0,tactical
Tal.pgn,Tal,black,"Rashkovsky, Nukhim N",Lvov,Lvov,1981.??.??,1981,6,"Rashkovsky, Nukhim N","Tal, Mihail",2535.0,2555.0,1/2-1/2,draw,draw,E01,,29,14.5,6,0,2,0,True,True,3,0,True,0,3,0,tactical
Tal.pgn,Tal,white,"Beliavsky, Alexander G",Lvov,Lvov,1981.??.??,1981,7,"Tal, Mihail","Beliavsky, Alexander G",2555.0,2620.0,1/2-1/2,draw,draw,D55,,53,26.5,14,2,2,0,True,True,7,1,True,0,7,1,tactical
Tal.pgn,Tal,black,"Dorfman, Josif D",Lvov,Lvov,1981.??.??,1981,8,"Dorfman, Josif D","Tal, Mihail",2505.0,2555.0,1/2-1/2,draw,draw,D53,,54,27.0,16,0,2,0,True,True,8,0,True,0,8,0,tactical
Tal.pgn,Tal,white,"Flesch, Janos",Lvov,Lvov,1981.??.??,1981,8,"Tal, Mihail","Flesch, Janos",2555.0,2435.0,1-0,white_win,win,B17,,63,31.5,14,2,2,0,True,True,7,2,True,0,7,0,tactical
Tal.pgn,Tal,white,"Cabrilo, Goran",Lvov,Lvov,1981.??.??,1981,10,"Tal, Mihail","Cabrilo, Goran",2555.0,2425.0,1-0,white_win,win,B67,,129,64.5,21,7,2,0,True,True,11,7,True,0,10,0,tactical
Tal.pgn,Tal,black,"Petrosian, Arshak B",Lvov,Lvov,1981.??.??,1981,11,"Petrosian, Arshak B","Tal, Mihail",2495.0,2555.0,0-1,black_win,win,A73,,90,45.0,17,4,2,0,True,True,8,4,True,0,9,0,tactical
Tal.pgn,Tal,white,"Meduna, Eduard",Lvov,Lvov,1981.??.??,1981,12,"Tal, Mihail","Meduna, Eduard",2555.0,2450.0,1-0,white_win,win,B14,,67,33.5,18,4,2,0,True,True,10,4,True,0,8,0,tactical
Tal.pgn,Tal,black,"Ghinda, Mihail Viorel",Lvov,Lvov,1981.??.??,1981,13,"Ghinda, Mihail Viorel","Tal, Mihail",2450.0,2555.0,1/2-1/2,draw,draw,B76,,37,18.5,6,0,2,0,True,True,3,0,True,0,3,0,tactical
Tal.pgn,Tal,white,"Vera, Reynaldo",Malaga,Malaga,1981.??.??,1981,1,"Tal, Mihail","Vera, Reynaldo",2555.0,2455.0,1/2-1/2,draw,draw,D32,,45,22.5,8,0,2,0,True,True,4,0,True,0,4,0,tactical
Tal.pgn,Tal,black,"Bellon Lopez, Juan Manuel",Malaga,Malaga,1981.??.??,1981,2,"Bellon Lopez, Juan Manuel","Tal, Mihail",2415.0,2555.0,0-1,black_win,win,B82,,78,39.0,20,1,2,0,True,True,11,0,True,0,9,1,tactical
Tal.pgn,Tal,white,"Martin Gonzalez, Angel",Malaga,Malaga,1981.??.??,1981,3,"Tal, Mihail","Martin Gonzalez, Angel",2555.0,2365.0,1-0,white_win,win,A40,,65,32.5,11,1,2,0,True,True,6,1,True,0,5,0,tactical
Tal.pgn,Tal,black,"Rivas Pastor, Manuel",Malaga,Malaga,1981.??.??,1981,4,"Rivas Pastor, Manuel","Tal, Mihail",2460.0,2555.0,1/2-1/2,draw,draw,D58,,40,20.0,14,0,2,0,True,True,7,0,True,0,7,0,tactical
Tal.pgn,Tal,white,"Fernandez Garcia, Jose L",Malaga,Malaga,1981.??.??,1981,5,"Tal, Mihail","Fernandez Garcia, Jose L",2555.0,2415.0,1/2-1/2,draw,draw,D85,,200,100.0,25,23,2,0,True,True,13,16,True,0,12,7,tactical
Tal.pgn,Tal,black,"Csom, Istvan",Malaga,Malaga,1981.??.??,1981,6,"Csom, Istvan","Tal, Mihail",2500.0,2555.0,1/2-1/2,draw,draw,A30,,24,12.0,10,2,0,0,False,False,5,1,False,0,5,1,tactical
Tal.pgn,Tal,white,"Calvo Minguez, Ricardo",Malaga,Malaga,1981.??.??,1981,7,"Tal, Mihail","Calvo Minguez, Ricardo",2555.0,2410.0,1-0,white_win,win,B66,,70,35.0,15,4,1,0,True,False,7,4,True,0,8,0,tactical
Tal.pgn,Tal,black,"Ciocaltea, Victor",Malaga,Malaga,1981.??.??,1981,8,"Ciocaltea, Victor","Tal, Mihail",2445.0,2555.0,1/2-1/2,draw,draw,C92,,23,11.5,0,0,2,0,True,True,0,0,True,0,0,0,tactical
Tal.pgn,Tal,white,"Marovic, Drazen",Malaga,Malaga,1981.??.??,1981,9,"Tal, Mihail","Marovic, Drazen",2555.0,2445.0,1/2-1/2,draw,draw,B13,,114,57.0,21,7,1,0,True,False,11,5,True,0,10,2,tactical
Tal.pgn,Tal,white,"Diez del Corral, Jesus",Malaga,Malaga,1981.??.??,1981,10,"Tal, Mihail","Diez del Corral, Jesus",2555.0,2480.0,1/2-1/2,draw,draw,C06,,78,39.0,20,6,2,0,True,True,11,4,True,0,9,2,tactical
Tal.pgn,Tal,black,"Ivkov, Borislav",Malaga,Malaga,1981.??.??,1981,11,"Ivkov, Borislav","Tal, Mihail",2540.0,2555.0,1/2-1/2,draw,draw,D55,,34,17.0,8,1,2,0,True,True,4,0,True,0,4,1,tactical
Tal.pgn,Tal,black,"Averbakh, Yuri L",Moscow-4teams,Moscow,1981.??.??,1981,?,"Averbakh, Yuri L","Tal, Mihail",2490.0,2555.0,1/2-1/2,draw,draw,A46,,55,27.5,12,1,2,0,True,True,6,1,True,0,6,0,tactical
Tal.pgn,Tal,white,"Kupreichik, Viktor D",Moscow-4teams,Moscow,1981.??.??,1981,?,"Tal, Mihail","Kupreichik, Viktor D",2555.0,2575.0,1-0,white_win,win,A07,,61,30.5,17,1,2,0,True,True,10,1,True,0,7,0,tactical
Tal.pgn,Tal,white,"Kochyev, Alexander",Moscow-4teams,Moscow,1981.??.??,1981,?,"Tal, Mihail","Kochyev, Alexander",2555.0,2540.0,1-0,white_win,win,A29,,81,40.5,18,3,2,0,True,True,10,2,True,0,8,1,tactical
Tal.pgn,Tal,white,"Averbakh, Yuri L",Moscow-4teams,Moscow,1981.??.??,1981,?,"Tal, Mihail","Averbakh, Yuri L",2555.0,2490.0,1/2-1/2,draw,draw,D37,,38,19.0,12,2,2,0,True,True,6,1,True,0,6,1,tactical
Tal.pgn,Tal,black,"Kupreichik, Viktor D",Moscow-4teams,Moscow,1981.??.??,1981,?,"Kupreichik, Viktor D","Tal, Mihail",2575.0,2555.0,1/2-1/2,draw,draw,B49,,84,42.0,19,3,2,0,True,True,10,3,True,0,9,0,tactical
Tal.pgn,Tal,black,"Kochyev, Alexander",Moscow-4teams,Moscow,1981.??.??,1981,?,"Kochyev, Alexander","Tal, Mihail",2540.0,2555.0,0-1,black_win,win,E01,,82,41.0,15,0,2,0,True,True,7,0,True,0,8,0,tactical
Tal.pgn,Tal,black,"Reefschlaeger, Helmut",Porz,Porz,1981.??.??,1981,?,"Reefschlaeger, Helmut","Tal, Mihail",2410.0,2560.0,0-1,black_win,win,E64,,86,43.0,14,3,2,0,True,True,8,1,True,0,6,2,tactical
Tal.pgn,Tal,white,"Schmidt, Bodo",Porz,Porz,1981.??.??,1981,?,"Tal, Mihail","Schmidt, Bodo",2560.0,2360.0,1-0,white_win,win,C06,,115,57.5,18,8,1,0,True,False,10,8,True,0,8,0,tactical
Tal.pgn,Tal,white,"Giorgadze, Tamaz",Porz,Porz,1981.??.??,1981,?,"Tal, Mihail","Giorgadze, Tamaz",2560.0,2515.0,1/2-1/2,draw,draw,B33,,26,13.0,2,2,0,0,False,False,1,0,False,0,1,2,tactical
Tal.pgn,Tal,white,"Miles, Anthony J",Porz,Porz,1981.??.??,1981,?,"Tal, Mihail","Miles, Anthony J",2560.0,2565.0,1-0,white_win,win,B17,,47,23.5,11,2,2,0,True,True,7,2,True,0,4,0,tactical
Tal.pgn,Tal,white,"Hort, Vlastimil",Porz,Porz,1981.??.??,1981,?,"Tal, Mihail","Hort, Vlastimil",2560.0,2595.0,1/2-1/2,draw,draw,D22,,38,19.0,8,0,2,0,True,True,4,0,True,0,4,0,tactical
Tal.pgn,Tal,white,"Gerusel, Mathias",Porz,Porz,1981.??.??,1981,?,"Tal, Mihail","Gerusel, Mathias",2560.0,2380.0,1-0,white_win,win,A29,,69,34.5,10,3,2,0,True,True,5,2,True,0,5,1,tactical
Tal.pgn,Tal,black,"Van der Wiel, John TH",Porz,Porz,1981.??.??,1981,?,"Van der Wiel, John TH","Tal, Mihail",2470.0,2560.0,1/2-1/2,draw,draw,C91,,42,21.0,5,0,2,0,True,True,3,0,True,0,2,0,tactical
Tal.pgn,Tal,black,"Troeger, Paul",Porz,Porz,1981.??.??,1981,?,"Troeger, Paul","Tal, Mihail",2325.0,2560.0,0-1,black_win,win,A48,,62,31.0,15,4,2,0,True,True,9,3,True,0,6,1,tactical
Tal.pgn,Tal,black,"Knezevic, Milorad",Porz,Porz,1981.??.??,1981,?,"Knezevic, Milorad","Tal, Mihail",2460.0,2560.0,1/2-1/2,draw,draw,D53,,31,15.5,12,0,2,0,True,True,6,0,True,0,6,0,tactical
Tal.pgn,Tal,black,"Ostermeyer, Peter",Porz,Porz,1981.??.??,1981,?,"Ostermeyer, Peter","Tal, Mihail",2415.0,2560.0,0-1,black_win,win,B50,,56,28.0,10,1,2,0,True,True,5,0,True,0,5,1,tactical
Tal.pgn,Tal,white,"Gipslis, Aivars",Riga,Riga,1981.??.??,1981,1,"Tal, Mihail","Gipslis, Aivars",2560.0,2490.0,1-0,white_win,win,B89,,81,40.5,16,1,2,0,True,True,8,0,True,0,8,1,tactical
Tal.pgn,Tal,black,"Ivkov, Borislav",Riga,Riga,1981.??.??,1981,2,"Ivkov, Borislav","Tal, Mihail",2510.0,2560.0,1/2-1/2,draw,draw,D55,,36,18.0,8,1,2,0,True,True,4,0,True,0,4,1,tactical
Tal.pgn,Tal,white,"Vogt, Lothar",Riga,Riga,1981.??.??,1981,3,"Tal, Mihail","Vogt, Lothar",2560.0,2450.0,1-0,white_win,win,B50,,84,42.0,20,1,2,0,True,True,10,1,True,0,10,0,tactical
Tal.pgn,Tal,black,"Mortensen, Erling",Riga,Riga,1981.??.??,1981,4,"Mortensen, Erling","Tal, Mihail",2395.0,2560.0,1/2-1/2,draw,draw,B85,,43,21.5,4,0,2,0,True,True,2,0,True,0,2,0,tactical
Tal.pgn,Tal,white,"Romanishin, Oleg M",Riga,Riga,1981.??.??,1981,5,"Tal, Mihail","Romanishin, Oleg M",2560.0,2590.0,1/2-1/2,draw,draw,B46,,39,19.5,10,0,1,0,True,False,5,0,True,0,5,0,tactical
Tal.pgn,Tal,white,"Petrosian, Arshak B",Riga,Riga,1981.??.??,1981,6,"Tal, Mihail","Petrosian, Arshak B",2560.0,2495.0,1/2-1/2,draw,draw,B25,,48,24.0,5,1,2,0,True,True,2,0,True,0,3,1,tactical
Tal.pgn,Tal,black,"Adorjan, Andras",Riga,Riga,1981.??.??,1981,7,"Adorjan, Andras","Tal, Mihail",2530.0,2560.0,1/2-1/2,draw,draw,A38,,34,17.0,10,0,2,0,True,True,5,0,True,0,5,0,tactical
Tal.pgn,Tal,white,"Bagirov, Vladimir",Riga,Riga,1981.??.??,1981,8,"Tal, Mihail","Bagirov, Vladimir",2560.0,2505.0,1/2-1/2,draw,draw,A11,,81,40.5,19,3,2,0,True,True,9,2,True,0,10,1,tactical
Tal.pgn,Tal,black,"Klovans, Janis",Riga,Riga,1981.??.??,1981,9,"Klovans, Janis","Tal, Mihail",2455.0,2560.0,0-1,black_win,win,B66,,62,31.0,11,1,2,0,True,True,4,0,True,0,7,1,tactical
Tal.pgn,Tal,white,"Bielczyk, Jacek",Riga,Riga,1981.??.??,1981,10,"Tal, Mihail","Bielczyk, Jacek",2560.0,2405.0,1-0,white_win,win,E95,,73,36.5,9,0,2,0,True,True,4,0,True,0,5,0,tactical
Tal.pgn,Tal,black,"Ermenkov, Evgenij",Riga,Riga,1981.??.??,1981,11,"Ermenkov, Evgenij","Tal, Mihail",2490.0,2560.0,0-1,black_win,win,B52,,106,53.0,21,6,2,0,True,True,11,4,True,0,10,2,tactical
Tal.pgn,Tal,white,"Tseshkovsky, Vitaly",Riga,Riga,1981.??.??,1981,12,"Tal, Mihail","Tseshkovsky, Vitaly",2560.0,2575.0,1/2-1/2,draw,draw,A30,,88,44.0,17,4,2,0,True,True,9,4,True,0,8,0,tactical
Tal.pgn,Tal,black,"Kengis, Edvins",Riga,Riga,1981.??.??,1981,13,"Kengis, Edvins","Tal, Mihail",2360.0,2560.0,1/2-1/2,draw,draw,B19,,32,16.0,6,0,2,0,True,True,3,0,True,0,3,0,tactical
Tal.pgn,Tal,white,"Vitolinsh, Alvis",Riga,Riga,1981.??.??,1981,14,"Tal, Mihail","Vitolinsh, Alvis",2560.0,2455.0,1-0,white_win,win,A30,,63,31.5,18,0,2,0,True,True,10,0,True,0,8,0,tactical
Tal.pgn,Tal,black,"Ambroz, Jan",Riga,Riga,1981.??.??,1981,15,"Ambroz, Jan","Tal, Mihail",2485.0,2560.0,0-1,black_win,win,B50,,80,40.0,14,0,2,0,True,True,8,0,True,0,6,0,tactical
Tal.pgn,Tal,black,"Bagirov, Vladimir",Tallinn,Tallinn,1981.??.??,1981,1,"Bagirov, Vladimir","Tal, Mihail",2505.0,2555.0,1/2-1/2,draw,draw,E39,,36,18.0,12,0,2,0,True,True,6,0,True,0,6,0,tactical
Tal.pgn,Tal,white,"Djuric, Stefan",Tallinn,Tallinn,1981.??.??,1981,2,"Tal, Mihail","Djuric, Stefan",2555.0,2435.0,1/2-1/2,draw,draw,E80,,75,37.5,16,3,2,0,True,True,8,3,True,0,8,0,tactical
Tal.pgn,Tal,black,"Karner, Hillar",Tallinn,Tallinn,1981.??.??,1981,3,"Karner, Hillar","Tal, Mihail",2410.0,2555.0,1/2-1/2,draw,draw,A49,,85,42.5,18,2,2,0,True,True,10,1,True,0,8,1,tactical
Tal.pgn,Tal,white,"Petursson, Margeir",Tallinn,Tallinn,1981.??.??,1981,4,"Tal, Mihail","Petursson, Margeir",2555.0,2445.0,1/2-1/2,draw,draw,D41,,70,35.0,20,1,2,0,True,True,10,1,True,0,10,0,tactical
Tal.pgn,Tal,black,"Gufeld, Eduard",Tallinn,Tallinn,1981.??.??,1981,5,"Gufeld, Eduard","Tal, Mihail",2515.0,2555.0,1/2-1/2,draw,draw,B85,,39,19.5,6,1,2,0,True,True,3,1,True,0,3,0,tactical
Tal.pgn,Tal,white,"Veingold, Aleksandr",Tallinn,Tallinn,1981.??.??,1981,6,"Tal, Mihail","Veingold, Aleksandr",2555.0,2445.0,1-0,white_win,win,C42,,74,37.0,15,2,2,0,True,True,8,0,True,0,7,2,tactical
Tal.pgn,Tal,black,"Nei, Iivo",Tallinn,Tallinn,1981.??.??,1981,7,"Nei, Iivo","Tal, Mihail",2495.0,2555.0,1/2-1/2,draw,draw,A30,,52,26.0,4,1,2,0,True,True,2,1,True,0,2,0,tactical
Tal.pgn,Tal,white,"Vooremaa, Andres",Tallinn,Tallinn,1981.??.??,1981,8,"Tal, Mihail","Vooremaa, Andres",2555.0,2415.0,1-0,white_win,win,C12,,57,28.5,11,0,1,0,True,False,5,0,True,0,6,0,tactical
Tal.pgn,Tal,black,"Uusi, Gunnar",Tallinn,Tallinn,1981.??.??,1981,9,"Uusi, Gunnar","Tal, Mihail",2370.0,2555.0,0-1,black_win,win,E01,,74,37.0,17,6,2,1,True,True,9,2,True,1,8,4,tactical
Tal.pgn,Tal,black,"Barczay, Laszlo",Tallinn,Tallinn,1981.??.??,1981,10,"Barczay, Laszlo","Tal, Mihail",2415.0,2555.0,1/2-1/2,draw,draw,B19,,43,21.5,10,2,1,0,True,False,5,0,False,0,5,2,tactical
Tal.pgn,Tal,white,"Bronstein, David I",Tallinn,Tallinn,1981.??.??,1981,11,"Tal, Mihail","Bronstein, David I",2555.0,2490.0,1/2-1/2,draw,draw,E15,,71,35.5,17,4,2,0,True,True,9,3,True,0,8,1,tactical
Tal.pgn,Tal,black,"Hazai, Laszlo",Tallinn,Tallinn,1981.??.??,1981,12,"Hazai, Laszlo","Tal, Mihail",2450.0,2555.0,1/2-1/2,draw,draw,B19,,55,27.5,10,2,2,0,True,True,5,2,True,0,5,0,tactical
Tal.pgn,Tal,white,"Vogt, Lothar",Tallinn,Tallinn,1981.??.??,1981,13,"Tal, Mihail","Vogt, Lothar",2555.0,2455.0,1-0,white_win,win,B83,,73,36.5,15,3,2,0,True,True,8,0,True,0,7,3,tactical
Tal.pgn,Tal,black,"Gipslis, Aivars",Tallinn,Tallinn,1981.??.??,1981,14,"Gipslis, Aivars","Tal, Mihail",2470.0,2555.0,1/2-1/2,draw,draw,C42,,35,17.5,12,0,2,0,True,True,6,0,True,0,6,0,tactical
Tal.pgn,Tal,white,"Ftacnik, Lubomir",Tallinn,Tallinn,1981.??.??,1981,15,"Tal, Mihail","Ftacnik, Lubomir",2555.0,2520.0,1-0,white_win,win,B85,,93,46.5,20,6,2,0,True,True,10,4,True,0,10,2,tactical
Tal.pgn,Tal,black,"Cifuentes Parada, Roberto",Luzern ol (Men),Luzern,1982.??.??,1982,2,"Cifuentes Parada, Roberto","Tal, Mihail",2415.0,2610.0,0-1,black_win,win,A32,,62,31.0,14,2,2,0,True,True,8,2,True,0,6,0,tactical
Tal.pgn,Tal,white,"Ivanovic, Bozidar",Luzern ol (Men),Luzern,1982.??.??,1982,4,"Tal, Mihail","Ivanovic, Bozidar",2610.0,2510.0,1/2-1/2,draw,draw,E11,,157,78.5,25,10,2,0,True,True,12,2,True,0,13,8,tactical
Tal.pgn,Tal,black,"Lobron, Eric",Luzern ol (Men),Luzern,1982.??.??,1982,7,"Lobron, Eric","Tal, Mihail",2470.0,2610.0,1/2-1/2,draw,draw,B44,,115,57.5,19,7,2,0,True,True,10,6,True,0,9,1,tactical
Tal.pgn,Tal,black,"Mestel, A Jonathan",Luzern ol (Men),Luzern,1982.??.??,1982,9,"Mestel, A Jonathan","Tal, Mihail",2540.0,2610.0,0-1,black_win,win,B80,,114,57.0,27,2,2,1,True,True,14,2,True,0,13,0,tactical
Tal.pgn,Tal,black,"Wirthensohn, Heinz",Luzern ol (Men),Luzern,1982.??.??,1982,10,"Wirthensohn, Heinz","Tal, Mihail",2435.0,2610.0,0-1,black_win,win,D32,,58,29.0,15,7,2,0,True,True,9,7,True,0,6,0,tactical
Tal.pgn,Tal,white,"Rubinetti, Jorge A",Luzern ol (Men),Luzern,1982.??.??,1982,11,"Tal, Mihail","Rubinetti, Jorge A",2610.0,2415.0,1-0,white_win,win,C92,,185,92.5,25,12,2,0,True,True,13,5,True,0,12,7,tactical
Tal.pgn,Tal,black,"Schneider, Lars Ake",Luzern ol (Men),Luzern,1982.??.??,1982,13,"Schneider, Lars Ake","Tal, Mihail",2455.0,2610.0,0-1,black_win,win,B93,,72,36.0,19,5,2,0,True,True,10,1,True,0,9,4,tactical
Tal.pgn,Tal,white,"Abramovic, Bosko",Moscow,Moscow,1982.??.??,1982,?,"Tal, Mihail","Abramovic, Bosko",2605.0,2445.0,1-0,white_win,win,D37,,47,23.5,13,1,2,0,True,True,7,1,True,0,6,0,tactical
Tal.pgn,Tal,white,"Anikaev, Yuri N",Moscow,Moscow,1982.??.??,1982,?,"Tal, Mihail","Anikaev, Yuri N",2605.0,2465.0,1-0,white_win,win,B83,,71,35.5,16,2,2,0,True,True,8,2,True,0,8,0,tactical
Tal.pgn,Tal,black,"Meduna, Eduard",Moscow,Moscow,1982.??.??,1982,?,"Meduna, Eduard","Tal, Mihail",2490.0,2605.0,1/2-1/2,draw,draw,A41,,86,43.0,18,6,1,0,True,False,9,1,False,0,9,5,tactical
Tal.pgn,Tal,black,"Geller, Efim P",Moscow,Moscow,1982.??.??,1982,?,"Geller, Efim P","Tal, Mihail",2575.0,2605.0,1/2-1/2,draw,draw,B44,,36,18.0,2,0,2,0,True,True,1,0,True,0,1,0,tactical
Tal.pgn,Tal,black,"Zaitsev, Igor A",Moscow,Moscow,1982.??.??,1982,?,"Zaitsev, Igor A","Tal, Mihail",2445.0,2605.0,1/2-1/2,draw,draw,B42,,31,15.5,6,0,2,0,True,True,3,0,True,0,3,0,tactical
Tal.pgn,Tal,black,"Westerinen, Heikki MJ",Moscow,Moscow,1982.??.??,1982,?,"Westerinen, Heikki MJ","Tal, Mihail",2440.0,2605.0,0-1,black_win,win,B84,,74,37.0,16,4,2,0,True,True,8,4,True,0,8,0,tactical
Tal.pgn,Tal,black,"Vaganian, Rafael A",Moscow,Moscow,1982.??.??,1982,?,"Vaganian, Rafael A","Tal, Mihail",2550.0,2605.0,1/2-1/2,draw,draw,D20,,28,14.0,8,0,2,0,True,True,4,0,True,0,4,0,tactical
Tal.pgn,Tal,white,"Unzicker, Wolfgang",Moscow,Moscow,1982.??.??,1982,?,"Tal, Mihail","Unzicker, Wolfgang",2605.0,2455.0,1/2-1/2,draw,draw,C97,,72,36.0,15,0,2,0,True,True,8,0,True,0,7,0,tactical
Tal.pgn,Tal,white,"Tseitlin, Mikhail S",Moscow,Moscow,1982.??.??,1982,?,"Tal, Mihail","Tseitlin, Mikhail S",2605.0,2490.0,1/2-1/2,draw,draw,C63,,36,18.0,8,0,1,0,True,False,4,0,True,0,4,0,tactical
Tal.pgn,Tal,white,"Szekely, Peter",Moscow,Moscow,1982.??.??,1982,?,"Tal, Mihail","Szekely, Peter",2605.0,2430.0,1/2-1/2,draw,draw,B90,,42,21.0,7,0,2,0,True,True,3,0,True,0,4,0,tactical
Tal.pgn,Tal,white,"Knaak, Rainer",Moscow,Moscow,1982.??.??,1982,?,"Tal, Mihail","Knaak, Rainer",2605.0,2495.0,1-0,white_win,win,E94,,109,54.5,16,5,2,0,True,True,8,2,True,0,8,3,tactical
Tal.pgn,Tal,white,"Chekhov, Valery A",Moscow,Moscow,1982.??.??,1982,?,"Tal, Mihail","Chekhov, Valery A",2605.0,2460.0,1/2-1/2,draw,draw,E61,,76,38.0,10,0,2,0,True,True,5,0,True,0,5,0,tactical
Tal.pgn,Tal,black,"Razuvaev, Yuri S",Moscow,Moscow,1982.??.??,1982,?,"Razuvaev, Yuri S","Tal, Mihail",2485.0,2605.0,0-1,black_win,win,B81,,68,34.0,23,1,2,0,True,True,12,0,True,0,11,1,tactical
Tal.pgn,Tal,black,"Murrey, Jacob",Moscow Interzonal,Moscow,1982.??.??,1982,1,"Murrey, Jacob","Tal, Mihail",2500.0,2610.0,0-1,black_win,win,B82,,76,38.0,19,5,0,0,False,False,10,4,False,0,9,1,tactical
Tal.pgn,Tal,white,"Rodriguez, Ruben",Moscow Interzonal,Moscow,1982.??.??,1982,2,"Tal, Mihail","Rodriguez, Ruben",2610.0,2415.0,1-0,white_win,win,B92,,81,40.5,20,5,2,0,True,True,10,5,True,0,10,0,tactical
Tal.pgn,Tal,black,"Geller, Efim P",Moscow Interzonal,Moscow,1982.??.??,1982,3,"Geller, Efim P","Tal, Mihail",2565.0,2610.0,1/2-1/2,draw,draw,B17,,27,13.5,6,1,2,0,True,True,3,0,True,0,3,1,tactical
Tal.pgn,Tal,white,"Van der Wiel, John TH",Moscow Interzonal,Moscow,1982.??.??,1982,4,"Tal, Mihail","Van der Wiel, John TH",2610.0,2520.0,1-0,white_win,win,A17,,43,21.5,12,1,1,0,True,False,6,1,True,0,6,0,tactical
Tal.pgn,Tal,black,"Kasparov, Gary",Moscow Interzonal,Moscow,1982.??.??,1982,5,"Kasparov, Gary","Tal, Mihail",2675.0,2610.0,1/2-1/2,draw,draw,D43,,48,24.0,10,1,2,0,True,True,5,0,True,0,5,1,tactical
Tal.pgn,Tal,white,"Gheorghiu, Florin",Moscow Interzonal,Moscow,1982.??.??,1982,6,"Tal, Mihail","Gheorghiu, Florin",2610.0,2535.0,1/2-1/2,draw,draw,B43,,41,20.5,11,0,2,0,True,True,6,0,True,0,5,0,tactical
Tal.pgn,Tal,black,"Beliavsky, Alexander G",Moscow Interzonal,Moscow,1982.??.??,1982,7,"Beliavsky, Alexander G","Tal, Mihail",2620.0,2610.0,1-0,white_win,loss,B10,,77,38.5,21,5,2,0,True,True,11,0,True,0,10,5,tactical
Tal.pgn,Tal,white,"Velimirovic, Dragoljub",Moscow Interzonal,Moscow,1982.??.??,1982,8,"Tal, Mihail","Velimirovic, Dragoljub",2610.0,2495.0,1-0,white_win,win,A67,,45,22.5,9,2,2,0,True,True,5,1,True,0,4,1,tactical
Tal.pgn,Tal,black,"Christiansen, Larry Mark",Moscow Interzonal,Moscow,1982.??.??,1982,9,"Christiansen, Larry Mark","Tal, Mihail",2505.0,2610.0,1/2-1/2,draw,draw,E51,,50,25.0,12,0,2,0,True,True,6,0,True,0,6,0,tactical
Tal.pgn,Tal,white,"Sax, Gyula",Moscow Interzonal,Moscow,1982.??.??,1982,10,"Tal, Mihail","Sax, Gyula",2610.0,2560.0,1/2-1/2,draw,draw,B76,,78,39.0,13,1,2,0,True,True,6,0,True,0,7,1,tactical
Tal.pgn,Tal,black,"Garcia Gonzales, Guillermo",Moscow Interzonal,Moscow,1982.??.??,1982,11,"Garcia Gonzales, Guillermo","Tal, Mihail",2500.0,2610.0,1/2-1/2,draw,draw,A75,,61,30.5,15,0,2,0,True,True,7,0,True,0,8,0,tactical
Tal.pgn,Tal,white,"Quinteros, Miguel A",Moscow Interzonal,Moscow,1982.??.??,1982,12,"Tal, Mihail","Quinteros, Miguel A",2610.0,2520.0,1/2-1/2,draw,draw,B82,,70,35.0,17,3,2,0,True,True,9,3,True,0,8,0,tactical
Tal.pgn,Tal,black,"Andersson, Ulf",Moscow Interzonal,Moscow,1982.??.??,1982,13,"Andersson, Ulf","Tal, Mihail",2610.0,2610.0,1/2-1/2,draw,draw,A07,,32,16.0,6,1,2,0,True,True,3,1,True,0,3,0,tactical
Tal.pgn,Tal,white,"Ftacnik, Lubomir",Sochi,Sochi,1982.??.??,1982,1,"Tal, Mihail","Ftacnik, Lubomir",2610.0,2535.0,1-0,white_win,win,B97,,63,31.5,17,2,1,0,True,False,9,2,True,0,8,0,tactical
Tal.pgn,Tal,white,"Psakhis, Lev",Sochi,Sochi,1982.??.??,1982,2,"Tal, Mihail","Psakhis, Lev",2610.0,2615.0,1-0,white_win,win,D41,,47,23.5,11,0,2,0,True,True,5,0,True,0,6,0,tactical
Tal.pgn,Tal,black,"Panchenko, Alexander N",Sochi,Sochi,1982.??.??,1982,3,"Panchenko, Alexander N","Tal, Mihail",2480.0,2610.0,1/2-1/2,draw,draw,D18,,30,15.0,10,0,2,0,True,True,5,0,True,0,5,0,tactical
Tal.pgn,Tal,white,"Chandler, Murray G",Sochi,Sochi,1982.??.??,1982,4,"Tal, Mihail","Chandler, Murray G",2610.0,2505.0,1-0,white_win,win,D43,,79,39.5,20,2,2,0,True,True,11,2,True,0,9,0,tactical
Tal.pgn,Tal,black,"Geller, Efim P",Sochi,Sochi,1982.??.??,1982,5,"Geller, Efim P","Tal, Mihail",2565.0,2610.0,1/2-1/2,draw,draw,A04,,49,24.5,15,0,2,0,True,True,7,0,True,0,8,0,tactical
Tal.pgn,Tal,white,"Averkin, Orest N",Sochi,Sochi,1982.??.??,1982,6,"Tal, Mihail","Averkin, Orest N",2610.0,2450.0,1/2-1/2,draw,draw,D56,,45,22.5,13,0,2,0,True,True,7,0,True,0,6,0,tactical
Tal.pgn,Tal,black,"Semkov, Semko",Sochi,Sochi,1982.??.??,1982,7,"Semkov, Semko","Tal, Mihail",2375.0,2610.0,0-1,black_win,win,B06,,77,38.5,17,4,2,0,True,True,9,2,True,0,8,2,tactical
Tal.pgn,Tal,white,"Romanishin, Oleg M",Sochi,Sochi,1982.??.??,1982,8,"Tal, Mihail","Romanishin, Oleg M",2610.0,2585.0,1-0,white_win,win,B46,,79,39.5,15,1,2,0,True,True,7,1,True,0,8,0,tactical
Tal.pgn,Tal,black,"Nikolic, Predrag",Sochi,Sochi,1982.??.??,1982,9,"Nikolic, Predrag","Tal, Mihail",2530.0,2610.0,1/2-1/2,draw,draw,D58,,31,15.5,8,0,2,0,True,True,4,0,True,0,4,0,tactical
Tal.pgn,Tal,white,"Dvoirys, Semen I",Sochi,Sochi,1982.??.??,1982,10,"Tal, Mihail","Dvoirys, Semen I",2610.0,2470.0,1/2-1/2,draw,draw,A29,,29,14.5,4,1,2,0,True,True,2,1,True,0,2,0,tactical
Tal.pgn,Tal,black,"Razuvaev, Yuri S",Sochi,Sochi,1982.??.??,1982,11,"Razuvaev, Yuri S","Tal, Mihail",2495.0,2610.0,1/2-1/2,draw,draw,A30,,25,12.5,6,0,2,0,True,True,3,0,True,0,3,0,tactical
Tal.pgn,Tal,white,"Hazai, Laszlo",Sochi,Sochi,1982.??.??,1982,12,"Tal, Mihail","Hazai, Laszlo",2610.0,2450.0,1/2-1/2,draw,draw,C92,,102,51.0,17,1,2,0,True,True,9,1,True,0,8,0,tactical
Tal.pgn,Tal,black,"Vaisser, Anatoli",Sochi,Sochi,1982.??.??,1982,13,"Vaisser, Anatoli","Tal, Mihail",2490.0,2610.0,1/2-1/2,draw,draw,E32,,24,12.0,2,1,2,0,True,True,1,1,True,0,1,0,tactical
Tal.pgn,Tal,white,"Speelman, Jonathan S",Sochi,Sochi,1982.??.??,1982,14,"Tal, Mihail","Speelman, Jonathan S",2610.0,2575.0,1/2-1/2,draw,draw,D58,,24,12.0,2,0,2,0,True,True,1,0,True,0,1,0,tactical
Tal.pgn,Tal,black,"Pigusov, Evgeny",Sochi,Sochi,1982.??.??,1982,15,"Pigusov, Evgeny","Tal, Mihail",2430.0,2610.0,1/2-1/2,draw,draw,E18,,21,10.5,3,0,2,0,True,True,1,0,True,0,2,0,tactical
Tal.pgn,Tal,black,"Bronstein, David I",Tbilisi sim m,Tbilisi,1982.??.??,1982,?,"Bronstein, David I","Tal, Mihail",2495.0,2605.0,0-1,black_win,win,B70,,82,41.0,16,6,2,0,True,True,9,5,True,0,7,1,tactical
Tal.pgn,Tal,black,"Bronstein, David I",Tbilisi sim m,Tbilisi,1982.??.??,1982,?,"Bronstein, David I","Tal, Mihail",2495.0,2605.0,1-0,white_win,loss,A29,,91,45.5,21,7,2,0,True,True,11,4,True,0,10,3,tactical
Tal.pgn,Tal,black,"Bronstein, David I",Tbilisi sim m,Tbilisi,1982.??.??,1982,?,"Bronstein, David I","Tal, Mihail",2495.0,2605.0,1/2-1/2,draw,draw,B96,,45,22.5,11,1,2,0,True,True,5,0,True,0,6,1,tactical
Tal.pgn,Tal,black,"Bronstein, David I",Tbilisi sim m,Tbilisi,1982.??.??,1982,?,"Bronstein, David I","Tal, Mihail",2495.0,2605.0,1-0,white_win,loss,A48,,95,47.5,16,2,1,0,False,True,7,2,True,0,9,0,tactical
Tal.pgn,Tal,white,"Bronstein, David I",Tbilisi sim m,Tbilisi,1982.??.??,1982,?,"Tal, Mihail","Bronstein, David I",2605.0,2495.0,1/2-1/2,draw,draw,A09,,108,54.0,20,11,2,0,True,True,10,8,True,0,10,3,tactical
Tal.pgn,Tal,white,"Bronstein, David I",Tbilisi sim m,Tbilisi,1982.??.??,1982,?,"Tal, Mihail","Bronstein, David I",2605.0,2495.0,1-0,white_win,win,C63,,61,30.5,15,7,2,0,True,True,7,6,True,0,8,1,tactical
Tal.pgn,Tal,white,"Bronstein, David I",Tbilisi sim m,Tbilisi,1982.??.??,1982,?,"Tal, Mihail","Bronstein, David I",2605.0,2495.0,1-0,white_win,win,E12,,87,43.5,18,6,2,0,True,True,9,3,True,0,9,3,tactical
Tal.pgn,Tal,white,"Bronstein, David I",Tbilisi sim m,Tbilisi,1982.??.??,1982,?,"Tal, Mihail","Bronstein, David I",2605.0,2495.0,1-0,white_win,win,B16,,38,19.0,9,1,2,0,True,True,4,1,True,0,5,0,tactical
Tal.pgn,Tal,white,"Christiansen, Larry Mark",Hoogovens,Wijk aan Zee,1982.??.??,1982,?,"Tal, Mihail","Christiansen, Larry Mark",2605.0,2585.0,1-0,white_win,win,A42,,113,56.5,20,3,2,0,True,True,11,1,True,0,9,2,tactical
Tal.pgn,Tal,white,"Hort, Vlastimil",Hoogovens,Wijk aan Zee,1982.??.??,1982,?,"Tal, Mihail","Hort, Vlastimil",2605.0,2590.0,1/2-1/2,draw,draw,E55,,34,17.0,8,0,2,0,True,True,4,0,True,0,4,0,tactical
Tal.pgn,Tal,white,"Chandler, Murray G",Hoogovens,Wijk aan Zee,1982.??.??,1982,?,"Tal, Mihail","Chandler, Murray G",2605.0,2470.0,0-1,black_win,loss,B19,,152,76.0,24,15,2,0,True,True,12,8,True,0,12,7,tactical
Tal.pgn,Tal,white,"Kavalek, Lubomir",Hoogovens,Wijk aan Zee,1982.??.??,1982,?,"Tal, Mihail","Kavalek, Lubomir",2605.0,2560.0,1/2-1/2,draw,draw,B83,,47,23.5,12,1,2,0,True,True,6,0,True,0,6,1,tactical
Tal.pgn,Tal,white,"Sunye Neto, Jaime",Hoogovens,Wijk aan Zee,1982.??.??,1982,?,"Tal, Mihail","Sunye Neto, Jaime",2605.0,2475.0,1-0,white_win,win,B42,,57,28.5,8,0,2,0,True,True,4,0,True,0,4,0,tactical
Tal.pgn,Tal,white,"Van der Wiel, John TH",Hoogovens,Wijk aan Zee,1982.??.??,1982,?,"Tal, Mihail","Van der Wiel, John TH",2605.0,2470.0,1-0,white_win,win,A13,,47,23.5,10,1,1,0,True,False,5,1,True,0,5,0,tactical
Tal.pgn,Tal,white,"Sosonko, Gennadi",Hoogovens,Wijk aan Zee,1982.??.??,1982,?,"Tal, Mihail","Sosonko, Gennadi",2605.0,2580.0,1-0,white_win,win,B63,,69,34.5,13,1,2,0,True,True,7,1,True,0,6,0,tactical
Tal.pgn,Tal,black,"Timman, Jan H",Hoogovens,Wijk aan Zee,1982.??.??,1982,?,"Timman, Jan H","Tal, Mihail",2605.0,2605.0,1-0,white_win,loss,C81,,89,44.5,26,2,2,0,True,True,12,1,True,0,14,1,tactical
Tal.pgn,Tal,black,"Huebner, Robert",Hoogovens,Wijk aan Zee,1982.??.??,1982,?,"Huebner, Robert","Tal, Mihail",2620.0,2605.0,0-1,black_win,win,C69,,26,13.0,8,0,2,0,True,True,4,0,True,0,4,0,tactical
Tal.pgn,Tal,black,"Nunn, John DM",Hoogovens,Wijk aan Zee,1982.??.??,1982,?,"Nunn, John DM","Tal, Mihail",2590.0,2605.0,1-0,white_win,loss,B47,,63,31.5,14,3,2,0,True,True,7,0,True,0,7,3,tactical
Tal.pgn,Tal,black,"Ree, Hans",Hoogovens,Wijk aan Zee,1982.??.??,1982,?,"Ree, Hans","Tal, Mihail",2475.0,2605.0,1-0,white_win,loss,D43,,121,60.5,19,8,2,0,True,True,9,2,True,0,10,6,tactical
Tal.pgn,Tal,black,"Nikolic, Predrag",Hoogovens,Wijk aan Zee,1982.??.??,1982,?,"Nikolic, Predrag","Tal, Mihail",2485.0,2605.0,1/2-1/2,draw,draw,D53,,35,17.5,10,2,2,0,True,True,5,1,True,0,5,1,tactical
Tal.pgn,Tal,black,"Espig, Lutz",Yerevan,Yerevan,1982.??.??,1982,1,"Espig, Lutz","Tal, Mihail",2470.0,2605.0,0-1,black_win,win,A09,,72,36.0,14,9,2,0,True,True,7,2,True,0,7,7,tactical
Tal.pgn,Tal,white,"Mnatsakanian, Eduard A",Yerevan,Yerevan,1982.??.??,1982,2,"Tal, Mihail","Mnatsakanian, Eduard A",2605.0,2450.0,1-0,white_win,win,D48,,65,32.5,16,3,2,0,True,True,8,2,True,0,8,1,tactical
Tal.pgn,Tal,black,"Farago, Ivan",Yerevan,Yerevan,1982.??.??,1982,3,"Farago, Ivan","Tal, Mihail",2485.0,2605.0,1/2-1/2,draw,draw,D37,,25,12.5,6,0,2,0,True,True,3,0,True,0,3,0,tactical
Tal.pgn,Tal,white,"Grigorian, Karen Ashotovich",Yerevan,Yerevan,1982.??.??,1982,4,"Tal, Mihail","Grigorian, Karen Ashotovich",2605.0,2415.0,1-0,white_win,win,A29,,57,28.5,12,1,2,0,True,True,5,1,True,0,7,0,tactical
Tal.pgn,Tal,black,"Savon, Vladimir A",Yerevan,Yerevan,1982.??.??,1982,5,"Savon, Vladimir A","Tal, Mihail",2485.0,2605.0,1/2-1/2,draw,draw,D41,,25,12.5,8,2,2,0,True,True,4,2,True,0,4,0,tactical
Tal.pgn,Tal,white,"Bagirov, Vladimir",Yerevan,Yerevan,1982.??.??,1982,6,"Tal, Mihail","Bagirov, Vladimir",2605.0,2495.0,1/2-1/2,draw,draw,D48,,47,23.5,13,4,1,0,True,False,7,3,True,0,6,1,tactical
Tal.pgn,Tal,black,"Robatsch, Karl",Yerevan,Yerevan,1982.??.??,1982,7,"Robatsch, Karl","Tal, Mihail",2415.0,2605.0,1/2-1/2,draw,draw,E94,,63,31.5,13,1,2,0,True,True,6,0,True,0,7,1,tactical
Tal.pgn,Tal,white,"Eolian, Levon S",Yerevan,Yerevan,1982.??.??,1982,8,"Tal, Mihail","Eolian, Levon S",2605.0,2355.0,0-1,black_win,loss,B90,,116,58.0,22,9,1,0,True,False,11,0,True,0,11,9,tactical
Tal.pgn,Tal,black,"Lputian, Smbat G",Yerevan,Yerevan,1982.??.??,1982,9,"Lputian, Smbat G","Tal, Mihail",2440.0,2605.0,0-1,black_win,win,D28,,52,26.0,15,0,2,0,True,True,8,0,True,0,7,0,tactical
Tal.pgn,Tal,white,"Vladimirov, Evgeny",Yerevan,Yerevan,1982.??.??,1982,10,"Tal, Mihail","Vladimirov, Evgeny",2605.0,2495.0,1/2-1/2,draw,draw,C08,,39,19.5,9,2,2,0,True,True,5,2,True,0,4,0,tactical
Tal.pgn,Tal,black,"Abramovic, Bosko",Yerevan,Yerevan,1982.??.??,1982,11,"Abramovic, Bosko","Tal, Mihail",2445.0,2605.0,1/2-1/2,draw,draw,B59,,66,33.0,17,1,2,0,True,True,9,0,True,0,8,1,tactical
Tal.pgn,Tal,white,"Sturua, Zurab",Yerevan,Yerevan,1982.??.??,1982,12,"Tal, Mihail","Sturua, Zurab",2605.0,2440.0,1-0,white_win,win,C81,,77,38.5,22,1,2,0,True,True,11,1,True,0,11,0,tactical
Tal.pgn,Tal,black,"Petrosian, Arshak B",Yerevan,Yerevan,1982.??.??,1982,13,"Petrosian, Arshak B","Tal, Mihail",2485.0,2605.0,1/2-1/2,draw,draw,D27,,38,19.0,8,0,2,0,True,True,4,0,True,0,4,0,tactical
Tal.pgn,Tal,black,"Pribyl, Josef",Yerevan,Yerevan,1982.??.??,1982,14,"Pribyl, Josef","Tal, Mihail",2425.0,2605.0,0-1,black_win,win,B22,,44,22.0,10,0,2,0,True,True,5,0,True,0,5,0,tactical
Tal.pgn,Tal,black,"Lanka, Zigurds",Jurmala,Jurmala,1983.??.??,1983,1,"Lanka, Zigurds","Tal, Mihail",2345.0,2620.0,1/2-1/2,draw,draw,B80,,54,27.0,14,0,2,0,True,True,7,0,True,0,7,0,tactical
Tal.pgn,Tal,white,"Dizdar, Goran",Jurmala,Jurmala,1983.??.??,1983,2,"Tal, Mihail","Dizdar, Goran",2620.0,2455.0,1/2-1/2,draw,draw,C16,,56,28.0,14,1,2,0,True,True,7,0,True,0,7,1,tactical
Tal.pgn,Tal,black,"Pytel, Krzysztof",Jurmala,Jurmala,1983.??.??,1983,3,"Pytel, Krzysztof","Tal, Mihail",2035.0,2620.0,0-1,black_win,win,A35,,46,23.0,11,3,2,0,True,True,5,3,True,0,6,0,tactical
Tal.pgn,Tal,white,"Gipslis, Aivars",Jurmala,Jurmala,1983.??.??,1983,4,"Tal, Mihail","Gipslis, Aivars",2620.0,2475.0,1/2-1/2,draw,draw,B08,,81,40.5,21,2,2,0,True,True,11,1,True,0,10,1,tactical
Tal.pgn,Tal,black,"Petrosian, Arshak B",Jurmala,Jurmala,1983.??.??,1983,5,"Petrosian, Arshak B","Tal, Mihail",2480.0,2620.0,1/2-1/2,draw,draw,E12,,56,28.0,14,1,1,0,False,True,7,0,True,0,7,1,tactical
Tal.pgn,Tal,white,"Vitolinsh, Alvis",Jurmala,Jurmala,1983.??.??,1983,6,"Tal, Mihail","Vitolinsh, Alvis",2620.0,2365.0,1/2-1/2,draw,draw,B92,,31,15.5,8,0,2,0,True,True,4,0,True,0,4,0,tactical
Tal.pgn,Tal,black,"Lerner, Konstantin Z",Jurmala,Jurmala,1983.??.??,1983,7,"Lerner, Konstantin Z","Tal, Mihail",2525.0,2620.0,1/2-1/2,draw,draw,B07,,86,43.0,13,2,2,0,True,True,7,0,True,0,6,2,tactical
Tal.pgn,Tal,white,"Garcia Gonzales, Guillermo",Jurmala,Jurmala,1983.??.??,1983,8,"Tal, Mihail","Garcia Gonzales, Guillermo",2620.0,2515.0,1-0,white_win,win,C42,,57,28.5,11,0,2,0,True,True,5,0,True,0,6,0,tactical
Tal.pgn,Tal,black,"Fernandez Garcia, Jose L",Jurmala,Jurmala,1983.??.??,1983,9,"Fernandez Garcia, Jose L","Tal, Mihail",2435.0,2620.0,1/2-1/2,draw,draw,B80,,81,40.5,16,3,2,0,True,True,8,2,True,0,8,1,tactical
Tal.pgn,Tal,black,"Kengis, Edvins",Jurmala,Jurmala,1983.??.??,1983,10,"Kengis, Edvins","Tal, Mihail",2460.0,2620.0,1/2-1/2,draw,draw,C80,,110,55.0,17,16,2,0,True,True,9,0,True,0,8,16,tactical
Tal.pgn,Tal,white,"Romanishin, Oleg M",Jurmala,Jurmala,1983.??.??,1983,11,"Tal, Mihail","Romanishin, Oleg M",2620.0,2585.0,0-1,black_win,loss,C96,,82,41.0,15,1,2,0,True,True,7,0,True,0,8,1,tactical
Tal.pgn,Tal,black,"Klovans, Janis",Jurmala,Jurmala,1983.??.??,1983,12,"Klovans, Janis","Tal, Mihail",2450.0,2620.0,1-0,white_win,loss,B63,,81,40.5,19,7,2,0,True,True,9,3,True,0,10,4,tactical
Tal.pgn,Tal,white,"Chandler, Murray G",Jurmala,Jurmala,1983.??.??,1983,13,"Tal, Mihail","Chandler, Murray G",2620.0,2500.0,1/2-1/2,draw,draw,D34,,54,27.0,12,0,2,0,True,True,6,0,True,0,6,0,tactical
Tal.pgn,Tal,white,"Andersson, Ulf",Malmo cm-reserve,Malmo,1983.??.??,1983,1,"Tal, Mihail","Andersson, Ulf",2620.0,2635.0,1-0,white_win,win,E39,,81,40.5,17,4,2,0,True,True,9,1,True,0,8,3,tactical
Tal.pgn,Tal,black,"Andersson, Ulf",Malmo cm-reserve,Malmo,1983.??.??,1983,2,"Andersson, Ulf","Tal, Mihail",2635.0,2620.0,1/2-1/2,draw,draw,A33,,54,27.0,18,5,0,0,False,False,9,3,False,0,9,2,tactical
Tal.pgn,Tal,white,"Andersson, Ulf",Malmo cm-reserve,Malmo,1983.??.??,1983,3,"Tal, Mihail","Andersson, Ulf",2620.0,2635.0,1/2-1/2,draw,draw,E16,,39,19.5,10,2,2,0,True,True,5,0,True,0,5,2,tactical
Tal.pgn,Tal,black,"Andersson, Ulf",Malmo cm-reserve,Malmo,1983.??.??,1983,4,"Andersson, Ulf","Tal, Mihail",2635.0,2620.0,1/2-1/2,draw,draw,E60,,120,60.0,23,0,2,1,True,True,12,0,True,0,11,0,tactical
Tal.pgn,Tal,white,"Andersson, Ulf",Malmo cm-reserve,Malmo,1983.??.??,1983,5,"Tal, Mihail","Andersson, Ulf",2620.0,2635.0,1/2-1/2,draw,draw,B80,,43,21.5,12,0,2,0,True,True,6,0,True,0,6,0,tactical
Tal.pgn,Tal,black,"Andersson, Ulf",Malmo cm-reserve,Malmo,1983.??.??,1983,6,"Andersson, Ulf","Tal, Mihail",2635.0,2620.0,1-0,white_win,loss,D55,,101,50.5,25,17,2,0,True,True,12,6,True,0,13,11,tactical
Tal.pgn,Tal,black,"Lerner, Konstantin Z",URS-ch50,Moscow,1983.??.??,1983,?,"Lerner, Konstantin Z","Tal, Mihail",2525.0,2620.0,1-0,white_win,loss,D38,,89,44.5,20,6,2,0,True,True,9,3,True,0,11,3,tactical
Tal.pgn,Tal,black,"Geller, Efim P",URS-ch50,Moscow,1983.??.??,1983,?,"Geller, Efim P","Tal, Mihail",2575.0,2620.0,1-0,white_win,loss,B83,,87,43.5,24,7,2,0,True,True,11,5,True,0,13,2,tactical
Tal.pgn,Tal,white,"Vaganian, Rafael A",URS-ch50,Moscow,1983.??.??,1983,?,"Tal, Mihail","Vaganian, Rafael A",2620.0,2550.0,1/2-1/2,draw,draw,D85,,45,22.5,13,0,2,0,True,True,6,0,True,0,7,0,tactical
Tal.pgn,Tal,white,"Tukmakov, Vladimir B",URS-ch50,Moscow,1983.??.??,1983,?,"Tal, Mihail","Tukmakov, Vladimir B",2620.0,2580.0,*,unknown,unknown,B66,,80,40.0,15,5,1,0,True,False,7,4,True,0,8,1,tactical
Tal.pgn,Tal,white,"Petrosian, Tigran V",URS-ch50,Moscow,1983.??.??,1983,?,"Tal, Mihail","Petrosian, Tigran V",2620.0,2605.0,1/2-1/2,draw,draw,C18,,56,28.0,11,3,1,0,True,False,5,2,True,0,6,1,tactical
Tal.pgn,Tal,black,"Kasparov, Gary",Moscow tt,Moscow,1983.??.??,1983,?,"Kasparov, Gary","Tal, Mihail",2690.0,2620.0,1/2-1/2,draw,draw,D44,,86,43.0,18,10,2,0,True,True,7,0,True,0,11,10,tactical
Tal.pgn,Tal,black,"Razuvaev, Yuri S",URS-ch50,Moscow,1983.??.??,1983,?,"Razuvaev, Yuri S","Tal, Mihail",2520.0,2620.0,1/2-1/2,draw,draw,A63,,57,28.5,16,0,2,0,True,True,9,0,True,0,7,0,tactical
Tal.pgn,Tal,black,"Ljubojevic, Ljubomir",Niksic,Niksic,1983.??.??,1983,1,"Ljubojevic, Ljubomir","Tal, Mihail",2645.0,2620.0,1/2-1/2,draw,draw,C82,,50,25.0,13,0,2,0,True,True,7,0,True,0,6,0,tactical
Tal.pgn,Tal,white,"Ivanovic, Bozidar",Niksic,Niksic,1983.??.??,1983,2,"Tal, Mihail","Ivanovic, Bozidar",2620.0,2515.0,1/2-1/2,draw,draw,A33,,35,17.5,6,0,2,0,True,True,3,0,True,0,3,0,tactical
Tal.pgn,Tal,black,"Larsen, Bent",Niksic,Niksic,1983.??.??,1983,3,"Larsen, Bent","Tal, Mihail",2565.0,2620.0,1/2-1/2,draw,draw,A13,,176,88.0,27,12,2,0,True,True,13,5,True,0,14,7,tactical
Tal.pgn,Tal,white,"Spassky, Boris V",Niksic,Niksic,1983.??.??,1983,4,"Tal, Mihail","Spassky, Boris V",2620.0,2605.0,1/2-1/2,draw,draw,C95,,36,18.0,8,0,2,0,True,True,4,0,True,0,4,0,tactical
Tal.pgn,Tal,black,"Nikolic, Predrag",Niksic,Niksic,1983.??.??,1983,5,"Nikolic, Predrag","Tal, Mihail",2540.0,2620.0,1/2-1/2,draw,draw,D44,,78,39.0,20,1,2,0,True,True,10,1,True,0,10,0,tactical
Tal.pgn,Tal,white,"Miles, Anthony J",Niksic,Niksic,1983.??.??,1983,7,"Tal, Mihail","Miles, Anthony J",2620.0,2585.0,1-0,white_win,win,A40,,120,60.0,21,6,2,1,True,True,11,5,True,0,10,1,tactical
Tal.pgn,Tal,black,"Andersson, Ulf",Niksic,Niksic,1983.??.??,1983,8,"Andersson, Ulf","Tal, Mihail",2640.0,2620.0,1/2-1/2,draw,draw,E02,,74,37.0,18,3,2,0,True,True,9,0,True,0,9,3,tactical
Tal.pgn,Tal,white,"Timman, Jan H",Niksic,Niksic,1983.??.??,1983,9,"Tal, Mihail","Timman, Jan H",2620.0,2605.0,1/2-1/2,draw,draw,C94,,57,28.5,13,1,2,0,True,True,7,0,True,0,6,1,tactical
Tal.pgn,Tal,black,"Kasparov, Gary",Niksic,Niksic,1983.??.??,1983,10,"Kasparov, Gary","Tal, Mihail",2690.0,2620.0,1/2-1/2,draw,draw,E11,,65,32.5,16,6,2,0,True,True,8,5,True,0,8,1,tactical
Tal.pgn,Tal,white,"Gligoric, Svetozar",Niksic,Niksic,1983.??.??,1983,11,"Tal, Mihail","Gligoric, Svetozar",2620.0,2505.0,1/2-1/2,draw,draw,E12,,37,18.5,4,0,2,0,True,True,2,0,True,0,2,0,tactical
Tal.pgn,Tal,black,"Seirawan, Yasser",Niksic,Niksic,1983.??.??,1983,12,"Seirawan, Yasser","Tal, Mihail",2605.0,2620.0,1-0,white_win,loss,E35,,81,40.5,21,3,2,0,True,True,10,2,True,0,11,1,tactical
Tal.pgn,Tal,white,"Petrosian, Tigran V",Niksic,Niksic,1983.??.??,1983,13,"Tal, Mihail","Petrosian, Tigran V",2620.0,2580.0,1/2-1/2,draw,draw,C07,,37,18.5,10,0,2,0,True,True,5,0,True,0,5,0,tactical
Tal.pgn,Tal,black,"Sax, Gyula",Niksic,Niksic,1983.??.??,1983,14,"Sax, Gyula","Tal, Mihail",2570.0,2620.0,1/2-1/2,draw,draw,B80,,81,40.5,21,2,2,0,True,True,10,0,True,0,11,2,tactical
Tal.pgn,Tal,white,"Portisch, Lajos",Niksic,Niksic,1983.??.??,1983,15,"Tal, Mihail","Portisch, Lajos",2620.0,2600.0,1/2-1/2,draw,draw,B99,,73,36.5,15,4,2,0,True,True,8,1,True,0,7,3,tactical
Tal.pgn,Tal,white,"Szekely, Peter",Keres mem,Tallinn,1983.??.??,1983,1,"Tal, Mihail","Szekely, Peter",2620.0,2435.0,1-0,white_win,win,B97,,69,34.5,17,7,1,0,True,False,9,6,True,0,8,1,tactical
Tal.pgn,Tal,black,"Abramovic, Bosko",Keres mem,Tallinn,1983.??.??,1983,2,"Abramovic, Bosko","Tal, Mihail",2475.0,2620.0,1/2-1/2,draw,draw,B58,,34,17.0,4,1,2,0,True,True,2,0,True,0,2,1,tactical
Tal.pgn,Tal,white,"Petrosian, Tigran V",Keres mem,Tallinn,1983.??.??,1983,3,"Tal, Mihail","Petrosian, Tigran V",2620.0,2605.0,1/2-1/2,draw,draw,C09,,28,14.0,8,0,2,0,True,True,4,0,True,0,4,0,tactical
Tal.pgn,Tal,black,"Karner, Hillar",Keres mem,Tallinn,1983.??.??,1983,4,"Karner, Hillar","Tal, Mihail",2405.0,2620.0,1-0,white_win,loss,A46,,103,51.5,22,7,2,0,True,True,11,1,True,0,11,6,tactical
Tal.pgn,Tal,white,"Arnason, Jon L",Keres mem,Tallinn,1983.??.??,1983,5,"Tal, Mihail","Arnason, Jon L",2620.0,2460.0,1-0,white_win,win,A42,,98,49.0,23,3,2,0,True,True,12,1,True,0,11,2,tactical
Tal.pgn,Tal,black,"Nei, Iivo",Keres mem,Tallinn,1983.??.??,1983,6,"Nei, Iivo","Tal, Mihail",2495.0,2620.0,1/2-1/2,draw,draw,E15,,143,71.5,27,11,2,0,True,True,14,6,True,0,13,5,tactical
Tal.pgn,Tal,white,"Jansa, Vlastimil",Keres mem,Tallinn,1983.??.??,1983,7,"Tal, Mihail","Jansa, Vlastimil",2620.0,2440.0,1-0,white_win,win,B81,,63,31.5,19,2,1,0,True,False,10,0,True,0,9,2,tactical
Tal.pgn,Tal,black,"Veingold, Aleksandr",Keres mem,Tallinn,1983.??.??,1983,8,"Veingold, Aleksandr","Tal, Mihail",2430.0,2620.0,1/2-1/2,draw,draw,D58,,44,22.0,10,0,2,0,True,True,5,0,True,0,5,0,tactical
Tal.pgn,Tal,white,"Schussler, Harry",Keres mem,Tallinn,1983.??.??,1983,9,"Tal, Mihail","Schussler, Harry",2620.0,2485.0,1/2-1/2,draw,draw,C42,,93,46.5,18,4,2,0,True,True,9,2,True,0,9,2,tactical
Tal.pgn,Tal,white,"Boensch, Uwe",Keres mem,Tallinn,1983.??.??,1983,10,"Tal, Mihail","Boensch, Uwe",2620.0,2450.0,1/2-1/2,draw,draw,D55,,83,41.5,20,4,2,0,True,True,10,1,True,0,10,3,tactical
Tal.pgn,Tal,black,"Suba, Mihai",Keres mem,Tallinn,1983.??.??,1983,11,"Suba, Mihai","Tal, Mihail",2535.0,2620.0,0-1,black_win,win,E69,,170,85.0,25,18,2,0,True,True,13,9,True,0,12,9,tactical
Tal.pgn,Tal,white,"Psakhis, Lev",Keres mem,Tallinn,1983.??.??,1983,12,"Tal, Mihail","Psakhis, Lev",2620.0,2580.0,1-0,white_win,win,E55,,50,25.0,12,5,2,0,True,True,7,0,True,0,5,5,tactical
Tal.pgn,Tal,black,"Ehlvest, Jaan",Keres mem,Tallinn,1983.??.??,1983,13,"Ehlvest, Jaan","Tal, Mihail",2460.0,2620.0,1/2-1/2,draw,draw,B93,,53,26.5,7,0,2,0,True,True,3,0,True,0,4,0,tactical
Tal.pgn,Tal,white,"Oll, Lembit",Keres mem,Tallinn,1983.??.??,1983,14,"Tal, Mihail","Oll, Lembit",2620.0,2365.0,1-0,white_win,win,B61,,79,39.5,14,2,2,0,True,True,8,2,True,0,6,0,tactical
Tal.pgn,Tal,black,"Vaganian, Rafael A",Keres mem,Tallinn,1983.??.??,1983,15,"Vaganian, Rafael A","Tal, Mihail",2550.0,2620.0,1/2-1/2,draw,draw,E12,,25,12.5,2,0,2,0,True,True,1,0,True,0,1,0,tactical
Tal.pgn,Tal,black,"Cabrilo, Goran",Albena,Albena,1984.??.??,1984,?,"Cabrilo, Goran","Tal, Mihail",2435.0,2605.0,1/2-1/2,draw,draw,C42,,21,10.5,5,0,1,0,True,False,2,0,False,0,3,0,tactical
Tal.pgn,Tal,black,"Bischoff, Klaus",Albena,Albena,1984.??.??,1984,?,"Bischoff, Klaus","Tal, Mihail",2415.0,2605.0,0-1,black_win,win,A04,,66,33.0,14,1,2,0,True,True,6,1,True,0,8,0,tactical
Tal.pgn,Tal,black,"Kirov, Nino",Albena,Albena,1984.??.??,1984,?,"Kirov, Nino","Tal, Mihail",2430.0,2605.0,1/2-1/2,draw,draw,A55,,60,30.0,13,0,2,0,True,True,7,0,True,0,6,0,tactical
Tal.pgn,Tal,black,"Pils, Walter",Albena,Albena,1984.??.??,1984,?,"Pils, Walter","Tal, Mihail",2370.0,2605.0,1/2-1/2,draw,draw,A41,,38,19.0,2,0,2,0,True,True,1,0,True,0,1,0,tactical
Tal.pgn,Tal,black,"Semkov, Semko",Albena,Albena,1984.??.??,1984,?,"Semkov, Semko","Tal, Mihail",2430.0,2605.0,1-0,white_win,loss,E32,,71,35.5,14,5,2,0,True,True,7,4,True,0,7,1,tactical
Tal.pgn,Tal,white,"Azmaiparashvili, Zurab",Albena,Albena,1984.??.??,1984,?,"Tal, Mihail","Azmaiparashvili, Zurab",2605.0,2450.0,1-0,white_win,win,A42,,65,32.5,18,9,2,0,True,True,9,6,True,0,9,3,tactical
Tal.pgn,Tal,white,"Cserna, Laszlo",Albena,Albena,1984.??.??,1984,?,"Tal, Mihail","Cserna, Laszlo",2605.0,2440.0,1-0,white_win,win,D41,,54,27.0,8,1,2,0,True,True,4,1,True,0,4,0,tactical
Tal.pgn,Tal,white,"Lechtynsky, Jiri",Albena,Albena,1984.??.??,1984,?,"Tal, Mihail","Lechtynsky, Jiri",2605.0,2440.0,1-0,white_win,win,D63,,59,29.5,14,0,2,0,True,True,6,0,True,0,8,0,tactical
Tal.pgn,Tal,white,"Spiridonov, Nikola",Albena,Albena,1984.??.??,1984,?,"Tal, Mihail","Spiridonov, Nikola",2605.0,2415.0,0-1,black_win,loss,B17,,122,61.0,20,3,2,0,True,True,9,1,True,0,11,2,tactical
Tal.pgn,Tal,white,"Toshkov, Tihomir",Albena,Albena,1984.??.??,1984,?,"Tal, Mihail","Toshkov, Tihomir",2605.0,2440.0,1-0,white_win,win,A34,,82,41.0,18,1,1,0,True,False,9,1,True,0,9,0,tactical
Tal.pgn,Tal,white,"Gligoric, Svetozar",Bugojno,Bugojno,1984.??.??,1984,?,"Tal, Mihail","Gligoric, Svetozar",2620.0,2510.0,1/2-1/2,draw,draw,C92,,48,24.0,5,0,2,0,True,True,2,0,True,0,3,0,tactical
Tal.pgn,Tal,white,"Torre, Eugenio",Bugojno,Bugojno,1984.??.??,1984,?,"Tal, Mihail","Torre, Eugenio",2620.0,2565.0,1/2-1/2,draw,draw,C92,,66,33.0,15,2,2,0,True,True,8,1,True,0,7,1,tactical
Tal.pgn,Tal,white,"Smyslov, Vassily",Bugojno,Bugojno,1984.??.??,1984,?,"Tal, Mihail","Smyslov, Vassily",2620.0,2600.0,1/2-1/2,draw,draw,C42,,25,12.5,4,0,2,0,True,True,2,0,True,0,2,0,tactical
Tal.pgn,Tal,white,"Miles, Anthony J",Bugojno,Bugojno,1984.??.??,1984,?,"Tal, Mihail","Miles, Anthony J",2620.0,2610.0,0-1,black_win,loss,B19,,80,40.0,13,1,2,0,True,True,6,0,True,0,7,1,tactical
Tal.pgn,Tal,white,"Ivanovic, Bozidar",Bugojno,Bugojno,1984.??.??,1984,?,"Tal, Mihail","Ivanovic, Bozidar",2620.0,2525.0,1-0,white_win,win,D30,,77,38.5,15,6,2,0,True,True,8,5,True,0,7,1,tactical
Tal.pgn,Tal,black,"Timman, Jan H",Bugojno,Bugojno,1984.??.??,1984,?,"Timman, Jan H","Tal, Mihail",2610.0,2620.0,1/2-1/2,draw,draw,E11,,21,10.5,4,1,2,0,True,True,2,1,True,0,2,0,tactical
Tal.pgn,Tal,white,"Beliavsky, Alexander G",Bugojno,Bugojno,1984.??.??,1984,?,"Tal, Mihail","Beliavsky, Alexander G",2620.0,2565.0,1/2-1/2,draw,draw,E12,,32,16.0,5,0,1,0,True,False,2,0,True,0,3,0,tactical
Tal.pgn,Tal,black,"Spassky, Boris V",Bugojno,Bugojno,1984.??.??,1984,?,"Spassky, Boris V","Tal, Mihail",2615.0,2620.0,1/2-1/2,draw,draw,E12,,27,13.5,6,0,2,0,True,True,3,0,True,0,3,0,tactical
Tal.pgn,Tal,black,"Andersson, Ulf",Bugojno,Bugojno,1984.??.??,1984,?,"Andersson, Ulf","Tal, Mihail",2630.0,2620.0,1/2-1/2,draw,draw,E19,,32,16.0,2,0,2,0,True,True,1,0,True,0,1,0,tactical
Tal.pgn,Tal,black,"Kovacevic, Vlatko",Bugojno,Bugojno,1984.??.??,1984,?,"Kovacevic, Vlatko","Tal, Mihail",2555.0,2620.0,1/2-1/2,draw,draw,E61,,72,36.0,19,0,2,0,True,True,9,0,True,0,10,0,tactical
Tal.pgn,Tal,black,"Ribli, Zoltan",Bugojno,Bugojno,1984.??.??,1984,?,"Ribli, Zoltan","Tal, Mihail",2610.0,2620.0,1-0,white_win,loss,A40,,41,20.5,9,2,2,0,True,True,4,2,True,0,5,0,tactical
Tal.pgn,Tal,black,"Ljubojevic, Ljubomir",Bugojno,Bugojno,1984.??.??,1984,?,"Ljubojevic, Ljubomir","Tal, Mihail",2635.0,2620.0,1/2-1/2,draw,draw,C42,,61,30.5,18,2,2,0,True,True,9,1,True,0,9,1,tactical
Tal.pgn,Tal,black,"Larsen, Bent",Bugojno,Bugojno,1984.??.??,1984,?,"Larsen, Bent","Tal, Mihail",2565.0,2620.0,0-1,black_win,win,A36,,56,28.0,11,0,2,0,True,True,5,0,True,0,6,0,tactical
Tal.pgn,Tal,white,"Nunn, John DM",URS-World,London,1984.??.??,1984,1.7,"Tal, Mihail","Nunn, John DM",2620.0,2600.0,1/2-1/2,draw,draw,E94,,57,28.5,11,0,2,0,True,True,6,0,True,0,5,0,tactical
Tal.pgn,Tal,white,"Nunn, John DM",URS-World,London,1984.??.??,1984,3.7,"Tal, Mihail","Nunn, John DM",2620.0,2600.0,1-0,white_win,win,E94,,89,44.5,18,9,2,0,True,True,10,2,True,0,8,7,tactical
Tal.pgn,Tal,black,"Chandler, Murray G",URS-World,London,1984.??.??,1984,4.7,"Chandler, Murray G","Tal, Mihail",2515.0,2620.0,1/2-1/2,draw,draw,C88,,108,54.0,23,10,2,0,True,True,11,6,True,0,12,4,tactical
Tal.pgn,Tal,black,"Sahovic, Dragutin",Lvov,Lvov,1984.??.??,1984,1,"Sahovic, Dragutin","Tal, Mihail",2425.0,2620.0,1/2-1/2,draw,draw,D46,,33,16.5,8,0,2,0,True,True,4,0,True,0,4,0,tactical
Tal.pgn,Tal,white,"Dorfman, Josif D",Lvov,Lvov,1984.??.??,1984,2,"Tal, Mihail","Dorfman, Josif D",2620.0,2515.0,1/2-1/2,draw,draw,C85,,45,22.5,10,1,2,0,True,True,5,0,True,0,5,1,tactical
Tal.pgn,Tal,black,"Boensch, Uwe",Lvov,Lvov,1984.??.??,1984,3,"Boensch, Uwe","Tal, Mihail",2425.0,2620.0,1/2-1/2,draw,draw,B08,,63,31.5,19,1,2,0,True,True,9,1,True,0,10,0,tactical
Tal.pgn,Tal,black,"Short, Nigel D",Lvov,Lvov,1984.??.??,1984,4,"Short, Nigel D","Tal, Mihail",2500.0,2620.0,1/2-1/2,draw,draw,B61,,45,22.5,10,0,1,0,True,False,5,0,False,0,5,0,tactical
Tal.pgn,Tal,white,"Giorgadze, Tamaz",Lvov,Lvov,1984.??.??,1984,5,"Tal, Mihail","Giorgadze, Tamaz",2620.0,2495.0,1/2-1/2,draw,draw,B52,,38,19.0,6,2,2,0,True,True,3,2,True,0,3,0,tactical
Tal.pgn,Tal,black,"Horvath, Tamas",Lvov,Lvov,1984.??.??,1984,6,"Horvath, Tamas","Tal, Mihail",2440.0,2620.0,0-1,black_win,win,B80,,74,37.0,14,6,2,0,True,True,7,4,True,0,7,2,tactical
Tal.pgn,Tal,white,"Psakhis, Lev",Lvov,Lvov,1984.??.??,1984,7,"Tal, Mihail","Psakhis, Lev",2620.0,2535.0,1/2-1/2,draw,draw,C95,,38,19.0,8,1,2,0,True,True,4,0,True,0,4,1,tactical
Tal.pgn,Tal,black,"Vaganian, Rafael A",Lvov,Lvov,1984.??.??,1984,8,"Vaganian, Rafael A","Tal, Mihail",2630.0,2620.0,1/2-1/2,draw,draw,E19,,39,19.5,10,2,2,0,True,True,5,0,True,0,5,2,tactical
Tal.pgn,Tal,white,"Malaniuk, Vladimir P",Lvov,Lvov,1984.??.??,1984,9,"Tal, Mihail","Malaniuk, Vladimir P",2620.0,2485.0,1/2-1/2,draw,draw,A54,,33,16.5,4,0,2,0,True,True,2,0,True,0,2,0,tactical
Tal.pgn,Tal,black,"Eingorn, Vereslav S",Lvov,Lvov,1984.??.??,1984,10,"Eingorn, Vereslav S","Tal, Mihail",2475.0,2620.0,1/2-1/2,draw,draw,D55,,39,19.5,12,1,2,0,True,True,6,0,True,0,6,1,tactical
Tal.pgn,Tal,white,"Mikhalchishin, Adrian",Lvov,Lvov,1984.??.??,1984,11,"Tal, Mihail","Mikhalchishin, Adrian",2620.0,2480.0,1/2-1/2,draw,draw,D82,,80,40.0,18,4,2,0,True,True,9,0,True,0,9,4,tactical
Tal.pgn,Tal,black,"Romanishin, Oleg M",Lvov,Lvov,1984.??.??,1984,12,"Romanishin, Oleg M","Tal, Mihail",2580.0,2620.0,1/2-1/2,draw,draw,A36,,138,69.0,18,2,2,0,True,True,9,2,True,0,9,0,tactical
Tal.pgn,Tal,white,"Georgiev, Kiril",Lvov,Lvov,1984.??.??,1984,13,"Tal, Mihail","Georgiev, Kiril",2620.0,2430.0,1/2-1/2,draw,draw,D25,,132,66.0,23,15,2,0,True,True,12,9,True,0,11,6,tactical
Tal.pgn,Tal,black,"Lukacs, Peter",Sochi,Sochi,1984.??.??,1984,?,"Lukacs, Peter","Tal, Mihail",2470.0,2605.0,1/2-1/2,draw,draw,E11,,76,38.0,10,1,2,0,True,True,5,1,True,0,5,0,tactical
Tal.pgn,Tal,black,"Boensch, Uwe",Sochi,Sochi,1984.??.??,1984,?,"Boensch, Uwe","Tal, Mihail",2460.0,2605.0,1/2-1/2,draw,draw,E12,,79,39.5,16,6,0,0,False,False,8,1,False,0,8,5,tactical
Tal.pgn,Tal,black,"Groszpeter, Attila",Sochi,Sochi,1984.??.??,1984,?,"Groszpeter, Attila","Tal, Mihail",2480.0,2605.0,0-1,black_win,win,E12,,80,40.0,21,1,2,0,True,True,11,0,True,0,10,1,tactical
Tal.pgn,Tal,black,"Pribyl, Josef",Sochi,Sochi,1984.??.??,1984,?,"Pribyl, Josef","Tal, Mihail",2465.0,2605.0,0-1,black_win,win,A46,,58,29.0,15,3,1,0,False,True,8,3,True,0,7,0,tactical
Tal.pgn,Tal,black,"Romanishin, Oleg M",Sochi,Sochi,1984.??.??,1984,?,"Romanishin, Oleg M","Tal, Mihail",2530.0,2605.0,1/2-1/2,draw,draw,E20,,47,23.5,14,1,2,0,True,True,7,0,True,0,7,1,tactical
Tal.pgn,Tal,black,"Sveshnikov, Evgeny",Sochi,Sochi,1984.??.??,1984,?,"Sveshnikov, Evgeny","Tal, Mihail",2530.0,2605.0,1/2-1/2,draw,draw,C42,,23,11.5,6,0,1,0,True,False,3,0,False,0,3,0,tactical
Tal.pgn,Tal,white,"Agzamov, Georgy",Sochi,Sochi,1984.??.??,1984,?,"Tal, Mihail","Agzamov, Georgy",2605.0,2570.0,0-1,black_win,loss,D32,,170,85.0,22,4,2,0,True,True,11,0,True,0,11,4,tactical
Tal.pgn,Tal,white,"Barlov, Dragan",Sochi,Sochi,1984.??.??,1984,?,"Tal, Mihail","Barlov, Dragan",2605.0,2480.0,1/2-1/2,draw,draw,B47,,38,19.0,7,0,1,0,True,False,4,0,True,0,3,0,tactical
Tal.pgn,Tal,white,"Geller, Efim P",Sochi,Sochi,1984.??.??,1984,?,"Tal, Mihail","Geller, Efim P",2605.0,2545.0,1/2-1/2,draw,draw,D58,,28,14.0,5,0,2,0,True,True,2,0,True,0,3,0,tactical
Tal.pgn,Tal,white,"Plaskett, Jim",Sochi,Sochi,1984.??.??,1984,?,"Tal, Mihail","Plaskett, Jim",2605.0,2470.0,1-0,white_win,win,A25,,47,23.5,14,1,2,0,True,True,8,1,True,0,6,0,tactical
Tal.pgn,Tal,white,"Psakhis, Lev",Sochi,Sochi,1984.??.??,1984,?,"Tal, Mihail","Psakhis, Lev",2605.0,2565.0,1/2-1/2,draw,draw,C95,,39,19.5,6,0,2,0,True,True,3,0,True,0,3,0,tactical
Tal.pgn,Tal,white,"Ubilava, Elizbar",Sochi,Sochi,1984.??.??,1984,?,"Tal, Mihail","Ubilava, Elizbar",2605.0,2475.0,1/2-1/2,draw,draw,B70,,49,24.5,11,2,2,0,True,True,6,2,True,0,5,0,tactical
Tal.pgn,Tal,white,"Vaisser, Anatoli",Sochi,Sochi,1984.??.??,1984,?,"Tal, Mihail","Vaisser, Anatoli",2605.0,2495.0,1/2-1/2,draw,draw,E12,,133,66.5,22,3,2,1,True,True,12,3,True,0,10,0,tactical
Tal.pgn,Tal,black,"Yrjola, Jouni",Sochi,Sochi,1984.??.??,1984,?,"Yrjola, Jouni","Tal, Mihail",2515.0,2605.0,1/2-1/2,draw,draw,A55,,44,22.0,4,0,2,0,True,True,2,0,True,0,2,0,tactical
Tal.pgn,Tal,black,"Csom, Istvan",Titograd,Titograd,1984.??.??,1984,?,"Csom, Istvan","Tal, Mihail",2505.0,2620.0,1/2-1/2,draw,draw,D23,,29,14.5,4,1,2,0,True,True,2,0,True,0,2,1,tactical
Tal.pgn,Tal,black,"Djuric, Stefan",Titograd,Titograd,1984.??.??,1984,?,"Djuric, Stefan","Tal, Mihail",2500.0,2620.0,0-1,black_win,win,A22,,64,32.0,13,1,2,0,True,True,7,0,True,0,6,1,tactical
Tal.pgn,Tal,black,"Ivanovic, Bozidar",Titograd,Titograd,1984.??.??,1984,?,"Ivanovic, Bozidar","Tal, Mihail",2525.0,2620.0,1/2-1/2,draw,draw,B17,,43,21.5,10,0,2,0,True,True,5,0,True,0,5,0,tactical
Tal.pgn,Tal,black,"Kudrin, Sergey",Titograd,Titograd,1984.??.??,1984,?,"Kudrin, Sergey","Tal, Mihail",2520.0,2620.0,1/2-1/2,draw,draw,B70,,54,27.0,11,4,2,0,True,True,5,4,True,0,6,0,tactical
Tal.pgn,Tal,black,"Cebalo, Miso",Titograd,Titograd,1984.??.??,1984,?,"Cebalo, Miso","Tal, Mihail",2485.0,2620.0,1/2-1/2,draw,draw,E48,,21,10.5,4,0,2,0,True,True,2,0,True,0,2,0,tactical
Tal.pgn,Tal,black,"Marjanovic, Slavoljub",Titograd,Titograd,1984.??.??,1984,?,"Marjanovic, Slavoljub","Tal, Mihail",2525.0,2620.0,1/2-1/2,draw,draw,C42,,29,14.5,4,1,2,0,True,True,2,0,True,0,2,1,tactical
Tal.pgn,Tal,white,"Kortschnoj, Viktor",Titograd,Titograd,1984.??.??,1984,?,"Tal, Mihail","Kortschnoj, Viktor",2620.0,2635.0,0-1,black_win,loss,D30,,124,62.0,24,11,2,0,True,True,12,3,True,0,12,8,tactical
Tal.pgn,Tal,white,"Popovic, Petar",Titograd,Titograd,1984.??.??,1984,?,"Tal, Mihail","Popovic, Petar",2620.0,2515.0,1-0,white_win,win,A16,,62,31.0,6,1,2,0,True,True,3,1,True,0,3,0,tactical
Tal.pgn,Tal,white,"Taimanov, Mark E",Titograd,Titograd,1984.??.??,1984,?,"Tal, Mihail","Taimanov, Mark E",2620.0,2515.0,1/2-1/2,draw,draw,D56,,36,18.0,9,1,2,0,True,True,4,0,True,0,5,1,tactical
Tal.pgn,Tal,white,"Velimirovic, Dragoljub",Titograd,Titograd,1984.??.??,1984,?,"Tal, Mihail","Velimirovic, Dragoljub",2620.0,2500.0,1/2-1/2,draw,draw,A35,,48,24.0,10,0,2,0,True,True,5,0,True,0,5,0,tactical
Tal.pgn,Tal,white,"Zapata, Alonso",Titograd,Titograd,1984.??.??,1984,?,"Tal, Mihail","Zapata, Alonso",2620.0,2470.0,1-0,white_win,win,B46,,87,43.5,21,3,2,0,True,True,10,1,True,0,11,2,tactical
Tal.pgn,Tal,white,"Polugaevsky, Lev",URS Cup,URS,1984.??.??,1984,?,"Tal, Mihail","Polugaevsky, Lev",2620.0,2615.0,1/2-1/2,draw,draw,A46,,42,21.0,11,0,2,0,True,True,5,0,True,0,6,0,tactical
Tal.pgn,Tal,black,"Psakhis, Lev",URS Cup,URS,1984.??.??,1984,?,"Psakhis, Lev","Tal, Mihail",2535.0,2620.0,1/2-1/2,draw,draw,D58,,118,59.0,25,9,2,0,True,True,12,7,True,0,13,2,tactical
Tal.pgn,Tal,black,"Sveshnikov, Evgeny",URS Cup,URS,1984.??.??,1984,?,"Sveshnikov, Evgeny","Tal, Mihail",2515.0,2620.0,1-0,white_win,loss,B14,,81,40.5,21,2,2,0,True,True,10,2,True,0,11,0,tactical
Tal.pgn,Tal,white,"Semeniuk, Alexander A",URS Cup,URS,1984.??.??,1984,?,"Tal, Mihail","Semeniuk, Alexander A",2620.0,,1-0,white_win,win,A16,,81,40.5,13,1,2,0,True,True,7,1,True,0,6,0,tactical
Tal.pgn,Tal,black,"Tukmakov, Vladimir B",Jurmala,Jurmala,1985.??.??,1985,1,"Tukmakov, Vladimir B","Tal, Mihail",2565.0,2565.0,1/2-1/2,draw,draw,D53,,44,22.0,12,1,1,0,False,True,7,1,True,0,5,0,tactical
Tal.pgn,Tal,white,"Inkiov, Ventzislav",Jurmala,Jurmala,1985.??.??,1985,2,"Tal, Mihail","Inkiov, Ventzislav",2565.0,2490.0,1-0,white_win,win,A13,,107,53.5,25,4,2,0,True,True,13,0,True,0,12,4,tactical
Tal.pgn,Tal,black,"King, Daniel J",Jurmala,Jurmala,1985.??.??,1985,3,"King, Daniel J","Tal, Mihail",2425.0,2565.0,0-1,black_win,win,B70,,87,43.5,18,2,2,0,True,True,10,0,True,0,8,2,tactical
Tal.pgn,Tal,white,"Kengis, Edvins",Jurmala,Jurmala,1985.??.??,1985,4,"Tal, Mihail","Kengis, Edvins",2565.0,2430.0,1/2-1/2,draw,draw,E21,,29,14.5,6,1,2,0,True,True,3,0,True,0,3,1,tactical
Tal.pgn,Tal,black,"Gurevich, Mikhail",Jurmala,Jurmala,1985.??.??,1985,5,"Gurevich, Mikhail","Tal, Mihail",2500.0,2565.0,0-1,black_win,win,A65,,76,38.0,18,3,2,0,True,True,9,3,True,0,9,0,tactical
Tal.pgn,Tal,black,"Utasi, Tamas",Jurmala,Jurmala,1985.??.??,1985,6,"Utasi, Tamas","Tal, Mihail",2485.0,2565.0,1/2-1/2,draw,draw,E61,,33,16.5,4,0,2,0,True,True,2,0,True,0,2,0,tactical
Tal.pgn,Tal,white,"Shabalov, Alexander",Jurmala,Jurmala,1985.??.??,1985,7,"Tal, Mihail","Shabalov, Alexander",2565.0,2200.0,1-0,white_win,win,D23,,77,38.5,17,2,2,0,True,True,9,2,True,0,8,0,tactical
Tal.pgn,Tal,black,"Vitolinsh, Alvis",Jurmala,Jurmala,1985.??.??,1985,8,"Vitolinsh, Alvis","Tal, Mihail",2410.0,2565.0,1/2-1/2,draw,draw,B18,,34,17.0,7,1,2,0,True,True,4,0,True,0,3,1,tactical
Tal.pgn,Tal,white,"Balashov, Yuri S",Jurmala,Jurmala,1985.??.??,1985,9,"Tal, Mihail","Balashov, Yuri S",2565.0,2510.0,1/2-1/2,draw,draw,C85,,35,17.5,4,0,2,0,True,True,2,0,True,0,2,0,tactical
Tal.pgn,Tal,black,"Gipslis, Aivars",Jurmala,Jurmala,1985.??.??,1985,10,"Gipslis, Aivars","Tal, Mihail",2490.0,2565.0,1/2-1/2,draw,draw,C42,,33,16.5,10,2,1,0,True,False,5,2,False,0,5,0,tactical
Tal.pgn,Tal,white,"Hoi, Carsten",Jurmala,Jurmala,1985.??.??,1985,11,"Tal, Mihail","Hoi, Carsten",2565.0,2420.0,1-0,white_win,win,B07,,85,42.5,18,3,2,0,True,True,9,0,True,0,9,3,tactical
Tal.pgn,Tal,black,"Yap, Andronico",Jurmala,Jurmala,1985.??.??,1985,12,"Yap, Andronico","Tal, Mihail",2425.0,2565.0,1/2-1/2,draw,draw,E94,,100,50.0,18,8,2,0,True,True,8,1,True,0,10,7,tactical
Tal.pgn,Tal,white,"Bagirov, Vladimir",Jurmala,Jurmala,1985.??.??,1985,13,"Tal, Mihail","Bagirov, Vladimir",2565.0,2475.0,1/2-1/2,draw,draw,D48,,31,15.5,6,1,1,0,True,False,3,1,True,0,3,0,tactical
Tal.pgn,Tal,black,"Nogueiras, Jesus",Candidats Tournament,Montpellier,1985.??.??,1985,1,"Nogueiras, Jesus","Tal, Mihail",2555.0,2565.0,1/2-1/2,draw,draw,E11,,50,25.0,10,3,2,0,True,True,5,1,True,0,5,2,tactical
Tal.pgn,Tal,white,"Timman, Jan H",Candidats playoff-4pl,Montpellier,1985.??.??,1985,1,"Tal, Mihail","Timman, Jan H",2565.0,2640.0,1/2-1/2,draw,draw,A34,,43,21.5,14,4,1,0,True,False,7,4,True,0,7,0,tactical
Tal.pgn,Tal,white,"Sokolov, Andrei",Candidats Tournament,Montpellier,1985.??.??,1985,2,"Tal, Mihail","Sokolov, Andrei",2565.0,2555.0,1/2-1/2,draw,draw,D32,,29,14.5,6,0,2,0,True,True,3,0,True,0,3,0,tactical
Tal.pgn,Tal,black,"Timman, Jan H",Candidats playoff-4pl,Montpellier,1985.??.??,1985,2,"Timman, Jan H","Tal, Mihail",2640.0,2565.0,1-0,white_win,loss,D20,,55,27.5,15,3,1,0,True,False,8,2,False,0,7,1,tactical
Tal.pgn,Tal,white,"Timman, Jan H",Candidats playoff-4pl,Montpellier,1985.??.??,1985,3,"Tal, Mihail","Timman, Jan H",2565.0,2640.0,1/2-1/2,draw,draw,C83,,46,23.0,14,2,1,0,True,False,7,1,True,0,7,1,tactical
Tal.pgn,Tal,black,"Smyslov, Vassily",Candidats Tournament,Montpellier,1985.??.??,1985,3,"Smyslov, Vassily","Tal, Mihail",2595.0,2565.0,1/2-1/2,draw,draw,E03,,48,24.0,11,1,2,0,True,True,6,0,True,0,5,1,tactical
Tal.pgn,Tal,white,"Chernin, Alexander",Candidats Tournament,Montpellier,1985.??.??,1985,4,"Tal, Mihail","Chernin, Alexander",2565.0,2560.0,1-0,white_win,win,D17,,107,53.5,18,7,2,0,True,True,8,1,True,0,10,6,tactical
Tal.pgn,Tal,black,"Timman, Jan H",Candidats playoff-4pl,Montpellier,1985.??.??,1985,4,"Timman, Jan H","Tal, Mihail",2640.0,2565.0,1/2-1/2,draw,draw,A55,,52,26.0,13,0,2,0,True,True,7,0,True,0,6,0,tactical
Tal.pgn,Tal,black,"Beliavsky, Alexander G",Candidats Tournament,Montpellier,1985.??.??,1985,5,"Beliavsky, Alexander G","Tal, Mihail",2640.0,2565.0,1/2-1/2,draw,draw,C92,,41,20.5,10,0,2,0,True,True,5,0,True,0,5,0,tactical
Tal.pgn,Tal,white,"Timman, Jan H",Candidats playoff-4pl,Montpellier,1985.??.??,1985,5,"Tal, Mihail","Timman, Jan H",2565.0,2640.0,1-0,white_win,win,C06,,87,43.5,24,7,1,0,False,True,12,2,False,0,12,5,tactical
Tal.pgn,Tal,black,"Timman, Jan H",Candidats playoff-4pl,Montpellier,1985.??.??,1985,6,"Timman, Jan H","Tal, Mihail",2640.0,2565.0,1/2-1/2,draw,draw,B82,,99,49.5,18,13,1,0,True,False,9,4,False,0,9,9,tactical
Tal.pgn,Tal,white,"Short, Nigel D",Candidats Tournament,Montpellier,1985.??.??,1985,6,"Tal, Mihail","Short, Nigel D",2565.0,2575.0,1/2-1/2,draw,draw,E43,,101,50.5,23,10,2,0,True,True,11,2,True,0,12,8,tactical
Tal.pgn,Tal,black,"Spassky, Boris V",Candidats Tournament,Montpellier,1985.??.??,1985,7,"Spassky, Boris V","Tal, Mihail",2590.0,2565.0,1/2-1/2,draw,draw,B80,,41,20.5,11,0,2,0,True,True,5,0,True,0,6,0,tactical
Tal.pgn,Tal,white,"Kortschnoj, Viktor",Candidats Tournament,Montpellier,1985.??.??,1985,8,"Tal, Mihail","Kortschnoj, Viktor",2565.0,2630.0,1-0,white_win,win,B63,,47,23.5,12,0,2,0,True,True,6,0,True,0,6,0,tactical
Tal.pgn,Tal,black,"Ribli, Zoltan",Candidats Tournament,Montpellier,1985.??.??,1985,9,"Ribli, Zoltan","Tal, Mihail",2605.0,2565.0,0-1,black_win,win,A07,,55,27.5,11,0,2,0,True,True,6,0,True,0,5,0,tactical
Tal.pgn,Tal,white,"Timman, Jan H",Candidats Tournament,Montpellier,1985.??.??,1985,10,"Tal, Mihail","Timman, Jan H",2565.0,2640.0,1/2-1/2,draw,draw,E19,,38,19.0,8,0,2,0,True,True,4,0,True,0,4,0,tactical
Tal.pgn,Tal,black,"Vaganian, Rafael A",Candidats Tournament,Montpellier,1985.??.??,1985,11,"Vaganian, Rafael A","Tal, Mihail",2625.0,2565.0,1/2-1/2,draw,draw,D19,,31,15.5,4,0,2,0,True,True,2,0,True,0,2,0,tactical
Tal.pgn,Tal,black,"Portisch, Lajos",Candidats Tournament,Montpellier,1985.??.??,1985,12,"Portisch, Lajos","Tal, Mihail",2625.0,2565.0,1/2-1/2,draw,draw,D37,,47,23.5,10,0,2,0,True,True,5,0,True,0,5,0,tactical
Tal.pgn,Tal,white,"Jussupow, Artur",Candidats Tournament,Montpellier,1985.??.??,1985,13,"Tal, Mihail","Jussupow, Artur",2565.0,2600.0,1/2-1/2,draw,draw,C80,,37,18.5,12,2,2,0,True,True,6,2,True,0,6,0,tactical
Tal.pgn,Tal,black,"Seirawan, Yasser",Candidats Tournament,Montpellier,1985.??.??,1985,14,"Seirawan, Yasser","Tal, Mihail",2570.0,2565.0,1-0,white_win,loss,D46,,81,40.5,16,2,2,0,True,True,7,1,True,0,9,1,tactical
Tal.pgn,Tal,white,"Spraggett, Kevin",Candidats Tournament,Montpellier,1985.??.??,1985,15,"Tal, Mihail","Spraggett, Kevin",2565.0,2550.0,1/2-1/2,draw,draw,C60,,126,63.0,25,26,2,0,True,True,12,4,True,0,13,22,tactical
Tal.pgn,Tal,white,"Nikolic, Predrag",Naestved,Naestved,1985.??.??,1985,1,"Tal, Mihail","Nikolic, Predrag",2565.0,2565.0,1/2-1/2,draw,draw,A20,,86,43.0,26,6,1,0,True,False,13,3,True,0,13,3,tactical
Tal.pgn,Tal,white,"Short, Nigel D",Naestved,Naestved,1985.??.??,1985,2,"Tal, Mihail","Short, Nigel D",2565.0,2575.0,1/2-1/2,draw,draw,A30,,60,30.0,18,3,1,0,True,False,9,3,True,0,9,0,tactical
Tal.pgn,Tal,black,"Vaganian, Rafael A",Naestved,Naestved,1985.??.??,1985,3,"Vaganian, Rafael A","Tal, Mihail",2625.0,2565.0,1/2-1/2,draw,draw,D55,,36,18.0,8,0,2,0,True,True,4,0,True,0,4,0,tactical
Tal.pgn,Tal,white,"Browne, Walter S",Naestved,Naestved,1985.??.??,1985,4,"Tal, Mihail","Browne, Walter S",2565.0,2510.0,1/2-1/2,draw,draw,D40,,62,31.0,19,1,2,0,True,True,9,0,True,0,10,1,tactical
Tal.pgn,Tal,black,"Nunn, John DM",Naestved,Naestved,1985.??.??,1985,5,"Nunn, John DM","Tal, Mihail",2600.0,2565.0,1-0,white_win,loss,C82,,77,38.5,16,7,2,0,True,True,7,3,True,0,9,4,tactical
Tal.pgn,Tal,white,"Hansen, Curt",Naestved,Naestved,1985.??.??,1985,6,"Tal, Mihail","Hansen, Curt",2565.0,2500.0,1-0,white_win,win,B82,,81,40.5,15,5,2,0,True,True,8,1,True,0,7,4,tactical
Tal.pgn,Tal,black,"Agdestein, Simen",Naestved,Naestved,1985.??.??,1985,7,"Agdestein, Simen","Tal, Mihail",2515.0,2565.0,1/2-1/2,draw,draw,E68,,81,40.5,16,2,2,0,True,True,9,2,True,0,7,0,tactical
Tal.pgn,Tal,white,"Ftacnik, Lubomir",Naestved,Naestved,1985.??.??,1985,8,"Tal, Mihail","Ftacnik, Lubomir",2565.0,2500.0,1-0,white_win,win,B85,,61,30.5,14,3,2,0,True,True,8,3,True,0,6,0,tactical
Tal.pgn,Tal,black,"Chandler, Murray G",Naestved,Naestved,1985.??.??,1985,9,"Chandler, Murray G","Tal, Mihail",2525.0,2565.0,1/2-1/2,draw,draw,C88,,80,40.0,16,2,2,0,True,True,8,2,True,0,8,0,tactical
Tal.pgn,Tal,white,"Andersson, Ulf",Naestved,Naestved,1985.??.??,1985,10,"Tal, Mihail","Andersson, Ulf",2565.0,2590.0,1/2-1/2,draw,draw,E16,,33,16.5,6,2,2,0,True,True,3,0,True,0,3,2,tactical
Tal.pgn,Tal,black,"Larsen, Bent",Naestved,Naestved,1985.??.??,1985,11,"Larsen, Bent","Tal, Mihail",2565.0,2565.0,1/2-1/2,draw,draw,E05,,91,45.5,18,2,2,0,True,True,9,0,True,0,9,2,tactical
Tal.pgn,Tal,white,"Kuzmin, Gennadi P",Tallinn,Tallinn,1985.??.??,1985,?,"Tal, Mihail","Kuzmin, Gennadi P",2565.0,2520.0,0-1,black_win,loss,C88,,86,43.0,16,0,2,0,True,True,7,0,True,0,9,0,tactical
Tal.pgn,Tal,white,"Ehlvest, Jaan",Tallinn,Tallinn,1985.??.??,1985,?,"Tal, Mihail","Ehlvest, Jaan",2565.0,2505.0,1/2-1/2,draw,draw,A14,,38,19.0,10,0,2,0,True,True,5,0,True,0,5,0,tactical
Tal.pgn,Tal,white,"Karolyi, Tibor Jr",Tallinn,Tallinn,1985.??.??,1985,?,"Tal, Mihail","Karolyi, Tibor Jr",2565.0,2445.0,1/2-1/2,draw,draw,D42,,53,26.5,12,0,2,0,True,True,6,0,True,0,6,0,tactical
Tal.pgn,Tal,black,"Karner, Hillar",Tallinn,Tallinn,1985.??.??,1985,?,"Karner, Hillar","Tal, Mihail",2390.0,2565.0,0-1,black_win,win,A46,,98,49.0,23,3,2,0,True,True,12,0,True,0,11,3,tactical
Tal.pgn,Tal,white,"Dolmatov, Sergey",Tallinn,Tallinn,1985.??.??,1985,?,"Tal, Mihail","Dolmatov, Sergey",2565.0,2540.0,1/2-1/2,draw,draw,C08,,29,14.5,7,0,2,0,True,True,4,0,True,0,3,0,tactical
Tal.pgn,Tal,white,"Gavrikov, Viktor",Tallinn,Tallinn,1985.??.??,1985,?,"Tal, Mihail","Gavrikov, Viktor",2565.0,2550.0,1/2-1/2,draw,draw,A30,,46,23.0,11,1,1,0,True,False,5,1,True,0,6,0,tactical
Tal.pgn,Tal,black,"Kochyev, Alexander",Tallinn,Tallinn,1985.??.??,1985,?,"Kochyev, Alexander","Tal, Mihail",2465.0,2565.0,1/2-1/2,draw,draw,A47,,21,10.5,3,0,0,0,False,False,1,0,False,0,2,0,tactical
Tal.pgn,Tal,black,"Kiik, A.",Tallinn,Tallinn,1985.??.??,1985,?,"Kiik, A.","Tal, Mihail",2200.0,2565.0,0-1,black_win,win,B82,,76,38.0,23,3,2,0,True,True,12,1,True,0,11,2,tactical
Tal.pgn,Tal,white,"Rogers, Ian",Tallinn,Tallinn,1985.??.??,1985,?,"Tal, Mihail","Rogers, Ian",2565.0,2485.0,1-0,white_win,win,A16,,103,51.5,15,1,2,0,True,True,8,1,True,0,7,0,tactical
Tal.pgn,Tal,white,"Yrjola, Jouni",Tallinn,Tallinn,1985.??.??,1985,?,"Tal, Mihail","Yrjola, Jouni",2565.0,2500.0,1/2-1/2,draw,draw,A21,,41,20.5,10,2,2,0,True,True,5,1,True,0,5,1,tactical
Tal.pgn,Tal,black,"Veingold, Aleksandr",Tallinn,Tallinn,1985.??.??,1985,?,"Veingold, Aleksandr","Tal, Mihail",2435.0,2565.0,1/2-1/2,draw,draw,C82,,80,40.0,20,5,1,0,True,False,10,0,False,0,10,5,tactical
Tal.pgn,Tal,black,"Oll, Lembit",Tallinn,Tallinn,1985.??.??,1985,?,"Oll, Lembit","Tal, Mihail",2405.0,2565.0,1/2-1/2,draw,draw,B64,,63,31.5,14,2,2,0,True,True,7,0,True,0,7,2,tactical
Tal.pgn,Tal,black,"Pribyl, Josef",Tallinn,Tallinn,1985.??.??,1985,?,"Pribyl, Josef","Tal, Mihail",2405.0,2565.0,0-1,black_win,win,A46,,87,43.5,18,4,2,0,True,True,10,1,True,0,8,3,tactical
Tal.pgn,Tal,black,"Drasko, Milan",Tallinn,Tallinn,1985.??.??,1985,?,"Drasko, Milan","Tal, Mihail",2460.0,2565.0,1/2-1/2,draw,draw,A17,,29,14.5,2,0,2,0,True,True,1,0,True,0,1,0,tactical
Tal.pgn,Tal,white,Qi Jingxuan,Taxco Interzonal,Taxco,1985.??.??,1985,1,"Tal, Mihail",Qi Jingxuan,2565.0,2440.0,1/2-1/2,draw,draw,D36,,57,28.5,13,0,2,0,True,True,7,0,True,0,6,0,tactical
Tal.pgn,Tal,black,"Cebalo, Miso",Taxco Interzonal,Taxco,1985.??.??,1985,2,"Cebalo, Miso","Tal, Mihail",2485.0,2565.0,1/2-1/2,draw,draw,A65,,47,23.5,8,0,2,0,True,True,4,0,True,0,4,0,tactical
Tal.pgn,Tal,white,"Saeed, Saeed Ahmed",Taxco Interzonal,Taxco,1985.??.??,1985,3,"Tal, Mihail","Saeed, Saeed Ahmed",2565.0,2400.0,1-0,white_win,win,D36,,115,57.5,20,4,2,0,True,True,11,3,True,0,9,1,tactical
Tal.pgn,Tal,black,"Alburt, Lev O",Taxco Interzonal,Taxco,1985.??.??,1985,4,"Alburt, Lev O","Tal, Mihail",2535.0,2565.0,1/2-1/2,draw,draw,E11,,49,24.5,10,1,2,0,True,True,5,1,True,0,5,0,tactical
Tal.pgn,Tal,white,"Romanishin, Oleg M",Taxco Interzonal,Taxco,1985.??.??,1985,5,"Tal, Mihail","Romanishin, Oleg M",2565.0,2570.0,1/2-1/2,draw,draw,E62,,28,14.0,2,0,2,0,True,True,1,0,True,0,1,0,tactical
Tal.pgn,Tal,black,"Agdestein, Simen",Taxco Interzonal,Taxco,1985.??.??,1985,6,"Agdestein, Simen","Tal, Mihail",2500.0,2565.0,1/2-1/2,draw,draw,D45,,49,24.5,7,6,2,0,True,True,4,6,True,0,3,0,tactical
Tal.pgn,Tal,white,"Browne, Walter S",Taxco Interzonal,Taxco,1985.??.??,1985,7,"Tal, Mihail","Browne, Walter S",2565.0,2530.0,1/2-1/2,draw,draw,A30,,35,17.5,6,0,2,0,True,True,3,0,True,0,3,0,tactical
Tal.pgn,Tal,white,"Sisniega, Marcel",Taxco Interzonal,Taxco,1985.??.??,1985,8,"Tal, Mihail","Sisniega, Marcel",2565.0,2470.0,1-0,white_win,win,B63,,51,25.5,14,1,2,0,True,True,7,1,True,0,7,0,tactical
Tal.pgn,Tal,black,"Nogueiras, Jesus",Taxco Interzonal,Taxco,1985.??.??,1985,9,"Nogueiras, Jesus","Tal, Mihail",2545.0,2565.0,1/2-1/2,draw,draw,D46,,23,11.5,2,0,2,0,True,True,1,0,True,0,1,0,tactical
Tal.pgn,Tal,white,"Timman, Jan H",Taxco Interzonal,Taxco,1985.??.??,1985,10,"Tal, Mihail","Timman, Jan H",2565.0,2650.0,1/2-1/2,draw,draw,C81,,31,15.5,6,0,2,0,True,True,3,0,True,0,3,0,tactical
Tal.pgn,Tal,black,"Prandstetter, Eduard",Taxco Interzonal,Taxco,1985.??.??,1985,11,"Prandstetter, Eduard","Tal, Mihail",2430.0,2565.0,0-1,black_win,win,B92,,134,67.0,21,5,2,0,True,True,11,2,True,0,10,3,tactical
Tal.pgn,Tal,black,"Spraggett, Kevin",Taxco Interzonal,Taxco,1985.??.??,1985,13,"Spraggett, Kevin","Tal, Mihail",2560.0,2565.0,1/2-1/2,draw,draw,D27,,27,13.5,4,0,2,0,True,True,2,0,True,0,2,0,tactical
Tal.pgn,Tal,black,"Pinter, Jozsef",Taxco Interzonal,Taxco,1985.??.??,1985,15,"Pinter, Jozsef","Tal, Mihail",2540.0,2565.0,0-1,black_win,win,E94,,142,71.0,23,12,2,1,True,True,11,5,True,1,12,7,tactical
Tal.pgn,Tal,white,"Ballon, Guenther Jan",Berlin op,Berlin-West,1986.??.??,1986,?,"Tal, Mihail","Ballon, Guenther Jan",2600.0,2310.0,1-0,white_win,win,C70,,59,29.5,14,6,1,0,True,False,7,5,True,0,7,1,tactical
Tal.pgn,Tal,black,"Popov, Luben",Berlin op,Berlin-West,1986.??.??,1986,?,"Popov, Luben","Tal, Mihail",2415.0,2600.0,1/2-1/2,draw,draw,E95,,27,13.5,2,0,2,0,True,True,1,0,True,0,1,0,tactical
Tal.pgn,Tal,white,"Doery, Jeno",Berlin op,Berlin-West,1986.??.??,1986,?,"Tal, Mihail","Doery, Jeno",2600.0,2335.0,1-0,white_win,win,D78,,69,34.5,19,2,2,0,True,True,10,2,True,0,9,0,tactical
Tal.pgn,Tal,white,"Foisor, Ovidiu",Berlin op,Berlin-West,1986.??.??,1986,?,"Tal, Mihail","Foisor, Ovidiu",2600.0,2440.0,1-0,white_win,win,C06,,95,47.5,19,5,2,0,True,True,10,4,True,0,9,1,tactical
Tal.pgn,Tal,white,"Shvidler, Eliahu",Berlin op,Berlin-West,1986.??.??,1986,?,"Tal, Mihail","Shvidler, Eliahu",2600.0,2425.0,1-0,white_win,win,A34,,81,40.5,19,9,2,0,True,True,10,8,True,0,9,1,tactical
Tal.pgn,Tal,black,"Varasdy, Imre",Berlin op,Berlin-West,1986.??.??,1986,?,"Varasdy, Imre","Tal, Mihail",2310.0,2600.0,0-1,black_win,win,E20,,88,44.0,21,6,2,0,True,True,11,6,True,0,10,0,tactical
Tal.pgn,Tal,black,"Velikov, Petar",Berlin op,Berlin-West,1986.??.??,1986,?,"Velikov, Petar","Tal, Mihail",2455.0,2600.0,0-1,black_win,win,A47,,122,61.0,26,6,2,0,True,True,13,3,True,0,13,3,tactical
Tal.pgn,Tal,white,"Kristiansen, Jens",Reykjavik op,Reykjavik,1986.??.??,1986,1,"Tal, Mihail","Kristiansen, Jens",2600.0,2395.0,1/2-1/2,draw,draw,B06,,59,29.5,13,6,2,0,True,True,6,5,True,0,7,1,tactical
Tal.pgn,Tal,black,"Olafsson, David",Reykjavik op,Reykjavik,1986.??.??,1986,2,"Olafsson, David","Tal, Mihail",2325.0,2600.0,0-1,black_win,win,B66,,70,35.0,19,6,1,0,True,False,9,1,False,0,10,5,tactical
Tal.pgn,Tal,white,"Fedorowicz, John P",Reykjavik op,Reykjavik,1986.??.??,1986,3,"Tal, Mihail","Fedorowicz, John P",2600.0,2500.0,1-0,white_win,win,B74,,75,37.5,21,2,2,0,True,True,11,2,True,0,10,0,tactical
Tal.pgn,Tal,white,"Hjartarson, Johann",Reykjavik op,Reykjavik,1986.??.??,1986,5,"Tal, Mihail","Hjartarson, Johann",2600.0,2505.0,1/2-1/2,draw,draw,E14,,51,25.5,11,3,2,0,True,True,6,3,True,0,5,0,tactical
Tal.pgn,Tal,black,"Petursson, Margeir",Reykjavik op,Reykjavik,1986.??.??,1986,6,"Petursson, Margeir","Tal, Mihail",2520.0,2600.0,1/2-1/2,draw,draw,D32,,88,44.0,25,2,2,0,True,True,12,1,True,0,13,1,tactical
Tal.pgn,Tal,white,"Adianto, Utut",Reykjavik op,Reykjavik,1986.??.??,1986,7,"Tal, Mihail","Adianto, Utut",2600.0,2400.0,1-0,white_win,win,D36,,73,36.5,13,1,2,0,True,True,7,1,True,0,6,0,tactical
Tal.pgn,Tal,black,"Geller, Efim P",Reykjavik op,Reykjavik,1986.??.??,1986,8,"Geller, Efim P","Tal, Mihail",2525.0,2600.0,1/2-1/2,draw,draw,A38,,25,12.5,4,0,2,0,True,True,2,0,True,0,2,0,tactical
Tal.pgn,Tal,white,"Hansen, Curt",Reykjavik op,Reykjavik,1986.??.??,1986,9,"Tal, Mihail","Hansen, Curt",2600.0,2510.0,1-0,white_win,win,B35,,61,30.5,14,1,2,0,True,True,6,0,True,0,8,1,tactical
Tal.pgn,Tal,white,"Gheorghiu, Florin",Reykjavik op,Reykjavik,1986.??.??,1986,11,"Tal, Mihail","Gheorghiu, Florin",2600.0,2525.0,1/2-1/2,draw,draw,D58,,38,19.0,8,0,2,0,True,True,4,0,True,0,4,0,tactical
Tal.pgn,Tal,black,"Beliavsky, Alexander G",Sochi,Sochi,1986.??.??,1986,1,"Beliavsky, Alexander G","Tal, Mihail",2585.0,2600.0,1/2-1/2,draw,draw,E91,,42,21.0,8,0,2,0,True,True,4,0,True,0,4,0,tactical
Tal.pgn,Tal,white,"Ionescu, Constantin",Sochi,Sochi,1986.??.??,1986,2,"Tal, Mihail","Ionescu, Constantin",2600.0,2495.0,1/2-1/2,draw,draw,E14,,39,19.5,2,0,2,0,True,True,1,0,True,0,1,0,tactical
Tal.pgn,Tal,black,"Smyslov, Vassily",Sochi,Sochi,1986.??.??,1986,3,"Smyslov, Vassily","Tal, Mihail",2555.0,2600.0,1/2-1/2,draw,draw,E55,,29,14.5,8,1,2,0,True,True,4,0,True,0,4,1,tactical
Tal.pgn,Tal,white,"Sveshnikov, Evgeny",Sochi,Sochi,1986.??.??,1986,4,"Tal, Mihail","Sveshnikov, Evgeny",2600.0,2535.0,1/2-1/2,draw,draw,D47,,71,35.5,14,2,2,0,True,True,7,2,True,0,7,0,tactical
Tal.pgn,Tal,black,"Razuvaev, Yuri S",Sochi,Sochi,1986.??.??,1986,5,"Razuvaev, Yuri S","Tal, Mihail",2535.0,2600.0,1/2-1/2,draw,draw,A64,,37,18.5,4,0,2,0,True,True,2,0,True,0,2,0,tactical
Tal.pgn,Tal,white,"Garcia Gonzales, Guillermo",Sochi,Sochi,1986.??.??,1986,6,"Tal, Mihail","Garcia Gonzales, Guillermo",2600.0,2500.0,1-0,white_win,win,B10,,31,15.5,9,2,1,0,False,True,5,0,False,0,4,2,tactical
Tal.pgn,Tal,black,"Meduna, Eduard",Sochi,Sochi,1986.??.??,1986,7,"Meduna, Eduard","Tal, Mihail",2485.0,2600.0,0-1,black_win,win,A46,,76,38.0,17,1,2,0,True,True,9,1,True,0,8,0,tactical
Tal.pgn,Tal,white,"Yakovich, Yuri",Sochi,Sochi,1986.??.??,1986,8,"Tal, Mihail","Yakovich, Yuri",2600.0,2440.0,1/2-1/2,draw,draw,D44,,42,21.0,11,3,0,0,False,False,5,0,False,0,6,3,tactical
Tal.pgn,Tal,black,"Geller, Efim P",Sochi,Sochi,1986.??.??,1986,9,"Geller, Efim P","Tal, Mihail",2490.0,2600.0,1-0,white_win,loss,C80,,113,56.5,26,7,2,0,True,True,12,7,True,0,14,0,tactical
Tal.pgn,Tal,white,"Eingorn, Vereslav S",Sochi,Sochi,1986.??.??,1986,11,"Tal, Mihail","Eingorn, Vereslav S",2600.0,2570.0,1/2-1/2,draw,draw,B48,,71,35.5,16,0,2,0,True,True,8,0,True,0,8,0,tactical
Tal.pgn,Tal,black,"Vaganian, Rafael A",Sochi,Sochi,1986.??.??,1986,12,"Vaganian, Rafael A","Tal, Mihail",2600.0,2600.0,1/2-1/2,draw,draw,E15,,33,16.5,6,1,1,0,False,True,3,1,True,0,3,0,tactical
Tal.pgn,Tal,white,"Chernin, Alexander",Sochi,Sochi,1986.??.??,1986,13,"Tal, Mihail","Chernin, Alexander",2600.0,2565.0,1/2-1/2,draw,draw,A28,,39,19.5,12,0,2,0,True,True,6,0,True,0,6,0,tactical
Tal.pgn,Tal,black,"Gligoric, Svetozar",Sochi,Sochi,1986.??.??,1986,14,"Gligoric, Svetozar","Tal, Mihail",2520.0,2600.0,1/2-1/2,draw,draw,E16,,36,18.0,8,1,2,0,True,True,4,1,True,0,4,0,tactical
Tal.pgn,Tal,white,"Hodgson, Julian M",Sochi,Sochi,1986.??.??,1986,15,"Tal, Mihail","Hodgson, Julian M",2600.0,2500.0,1-0,white_win,win,B13,,107,53.5,20,3,2,0,True,True,10,2,True,0,10,1,tactical
Tal.pgn,Tal,black,"Malaniuk, Vladimir P",Tbilisi,Tbilisi,1986.??.??,1986,?,"Malaniuk, Vladimir P","Tal, Mihail",2535.0,2600.0,1/2-1/2,draw,draw,D02,,29,14.5,8,0,1,0,False,True,4,0,True,0,4,0,tactical
Tal.pgn,Tal,black,"McDonald, Neil R",Tbilisi,Tbilisi,1986.??.??,1986,?,"McDonald, Neil R","Tal, Mihail",2495.0,2600.0,0-1,black_win,win,A13,,88,44.0,23,2,2,0,True,True,12,1,True,0,11,1,tactical
Tal.pgn,Tal,black,"Romanishin, Oleg M",Tbilisi,Tbilisi,1986.??.??,1986,?,"Romanishin, Oleg M","Tal, Mihail",2560.0,2600.0,1/2-1/2,draw,draw,B11,,34,17.0,6,2,2,0,True,True,3,1,True,0,3,1,tactical
Tal.pgn,Tal,white,"Azmaiparashvili, Zurab",Tbilisi,Tbilisi,1986.??.??,1986,?,"Tal, Mihail","Azmaiparashvili, Zurab",2600.0,2470.0,1/2-1/2,draw,draw,B07,,31,15.5,4,0,2,0,True,True,2,0,True,0,2,0,tactical
Tal.pgn,Tal,white,"Cvitan, Ognjen",Tbilisi,Tbilisi,1986.??.??,1986,?,"Tal, Mihail","Cvitan, Ognjen",2600.0,2495.0,1/2-1/2,draw,draw,B42,,26,13.0,4,1,1,0,True,False,2,0,True,0,2,1,tactical
Tal.pgn,Tal,white,"Foisor, Ovidiu",Tbilisi,Tbilisi,1986.??.??,1986,?,"Tal, Mihail","Foisor, Ovidiu",2600.0,2440.0,1-0,white_win,win,A17,,53,26.5,16,2,2,0,True,True,8,1,True,0,8,1,tactical
Tal.pgn,Tal,white,"Pekarek, Ales",Tbilisi,Tbilisi,1986.??.??,1986,?,"Tal, Mihail","Pekarek, Ales",2600.0,2445.0,1-0,white_win,win,B72,,69,34.5,19,4,2,0,True,True,10,4,True,0,9,0,tactical
Tal.pgn,Tal,black,"Ubilava, Elizbar",Tbilisi,Tbilisi,1986.??.??,1986,?,"Ubilava, Elizbar","Tal, Mihail",2515.0,2600.0,1/2-1/2,draw,draw,D43,,31,15.5,8,0,2,0,True,True,4,0,True,0,4,0,tactical
Tal.pgn,Tal,black,"Zaichik, Gennadi",Tbilisi,Tbilisi,1986.??.??,1986,?,"Zaichik, Gennadi","Tal, Mihail",2490.0,2600.0,0-1,black_win,win,B12,,57,28.5,13,0,1,0,False,True,7,0,True,0,6,0,tactical
Tal.pgn,Tal,black,"Kantsler, B.",Tbilisi,Tbilisi,1986.??.??,1986,?,"Kantsler, B.","Tal, Mihail",2405.0,2600.0,1/2-1/2,draw,draw,D27,,27,13.5,4,0,2,0,True,True,2,0,True,0,2,0,tactical
Tal.pgn,Tal,white,"Karolyi, Tibor Jr",Tbilisi,Tbilisi,1986.??.??,1986,?,"Tal, Mihail","Karolyi, Tibor Jr",2600.0,2410.0,1-0,white_win,win,D24,,69,34.5,16,6,1,0,True,False,8,5,True,0,8,1,tactical
Tal.pgn,Tal,white,"Kaidanov, Grigory S",Tbilisi,Tbilisi,1986.??.??,1986,?,"Tal, Mihail","Kaidanov, Grigory S",2600.0,2415.0,1/2-1/2,draw,draw,A13,,35,17.5,6,0,2,0,True,True,3,0,True,0,3,0,tactical
Tal.pgn,Tal,white,"Petrosian, Arshak B",Yerevan,Yerevan,1986.??.??,1986,?,"Tal, Mihail","Petrosian, Arshak B",2600.0,2495.0,1-0,white_win,win,C87,,82,41.0,13,2,2,0,True,True,7,1,True,0,6,1,tactical
Tal.pgn,Tal,black,"Anastasian, Ashot",Yerevan,Yerevan,1986.??.??,1986,?,"Anastasian, Ashot","Tal, Mihail",,2600.0,1-0,white_win,loss,A16,,85,42.5,19,6,2,0,True,True,10,3,True,0,9,3,tactical
Tal.pgn,Tal,white,"Mnatsakanian, Eduard A",Yerevan,Yerevan,1986.??.??,1986,?,"Tal, Mihail","Mnatsakanian, Eduard A",2600.0,2430.0,1-0,white_win,win,B30,,45,22.5,10,0,2,0,True,True,5,0,True,0,5,0,tactical
Tal.pgn,Tal,black,"Ortega, Lexy",Yerevan,Yerevan,1986.??.??,1986,?,"Ortega, Lexy","Tal, Mihail",,2600.0,0-1,black_win,win,D50,,54,27.0,16,3,2,0,True,True,8,1,True,0,8,2,tactical
Tal.pgn,Tal,black,"Romanishin, Oleg M",Yerevan,Yerevan,1986.??.??,1986,?,"Romanishin, Oleg M","Tal, Mihail",2560.0,2600.0,1-0,white_win,loss,D10,,77,38.5,23,5,1,0,False,True,11,3,True,0,12,2,tactical
Tal.pgn,Tal,white,"Grigorian, Karen Ashotovich",Yerevan,Yerevan,1986.??.??,1986,?,"Tal, Mihail","Grigorian, Karen Ashotovich",2600.0,2405.0,1-0,white_win,win,D55,,128,64.0,27,27,2,0,True,True,14,20,True,0,13,7,tactical
Tal.pgn,Tal,white,"Donchev, Dimitar I",Yerevan,Yerevan,1986.??.??,1986,?,"Tal, Mihail","Donchev, Dimitar I",2600.0,2440.0,1-0,white_win,win,A16,,37,18.5,8,2,2,0,True,True,4,1,True,0,4,1,tactical
Tal.pgn,Tal,black,"Van der Wiel, John TH",Brussels blitz,Brussels,1987.??.??,1987,?,"Van der Wiel, John TH","Tal, Mihail",2590.0,2605.0,0-1,black_win,win,C69,,88,44.0,14,8,2,0,True,True,8,5,True,0,6,3,tactical
Tal.pgn,Tal,black,"Kortschnoj, Viktor",Brussels blitz,Brussels,1987.??.??,1987,?,"Kortschnoj, Viktor","Tal, Mihail",2625.0,2605.0,0-1,black_win,win,D38,,102,51.0,23,11,2,0,True,True,11,2,True,0,12,9,tactical
Tal.pgn,Tal,black,"Kasparov, Gary",Brussels blitz,Brussels,1987.??.??,1987,?,"Kasparov, Gary","Tal, Mihail",2735.0,2605.0,1-0,white_win,loss,E42,,71,35.5,15,1,2,0,True,True,8,0,True,0,7,1,tactical
Tal.pgn,Tal,black,"Karpov, Anatoly",Brussels blitz,Brussels,1987.??.??,1987,?,"Karpov, Anatoly","Tal, Mihail",2710.0,2605.0,1-0,white_win,loss,D38,,101,50.5,18,7,2,0,True,True,8,4,True,0,10,3,tactical
Tal.pgn,Tal,black,"Larsen, Bent",Brussels blitz,Brussels,1987.??.??,1987,?,"Larsen, Bent","Tal, Mihail",2565.0,2605.0,1/2-1/2,draw,draw,E14,,129,64.5,27,8,2,1,True,True,13,5,True,1,14,3,tactical
Tal.pgn,Tal,black,"Huebner, Robert",Brussels blitz,Brussels,1987.??.??,1987,?,"Huebner, Robert","Tal, Mihail",2615.0,2605.0,0-1,black_win,win,D38,,69,34.5,16,2,2,0,True,True,8,2,True,0,8,0,tactical
Tal.pgn,Tal,black,"Van der Wiel, John TH",Brussels,Brussels,1987.??.??,1987,?,"Van der Wiel, John TH","Tal, Mihail",2590.0,2605.0,1/2-1/2,draw,draw,C45,,33,16.5,6,1,2,0,True,True,3,1,True,0,3,0,tactical
Tal.pgn,Tal,black,"Timman, Jan H",Brussels,Brussels,1987.??.??,1987,?,"Timman, Jan H","Tal, Mihail",2590.0,2605.0,1/2-1/2,draw,draw,A30,,42,21.0,13,1,2,0,True,True,7,1,True,0,6,0,tactical
Tal.pgn,Tal,white,"Winants, Luc",Brussels,Brussels,1987.??.??,1987,?,"Tal, Mihail","Winants, Luc",2605.0,2415.0,1-0,white_win,win,A34,,74,37.0,15,4,2,0,True,True,8,0,True,0,7,4,tactical
Tal.pgn,Tal,black,"Torre, Eugenio",Brussels blitz,Brussels,1987.??.??,1987,?,"Torre, Eugenio","Tal, Mihail",2540.0,2605.0,1-0,white_win,loss,D38,,101,50.5,20,12,2,0,True,True,8,2,True,0,12,10,tactical
Tal.pgn,Tal,black,"Short, Nigel D",Brussels,Brussels,1987.??.??,1987,?,"Short, Nigel D","Tal, Mihail",2615.0,2605.0,1/2-1/2,draw,draw,B17,,29,14.5,6,2,2,0,True,True,3,1,True,0,3,1,tactical
Tal.pgn,Tal,black,"Timman, Jan H",Brussels blitz,Brussels,1987.??.??,1987,?,"Timman, Jan H","Tal, Mihail",2590.0,2605.0,1-0,white_win,loss,C88,,124,62.0,21,8,2,0,True,True,10,2,True,0,11,6,tactical
Tal.pgn,Tal,white,"Van der Wiel, John TH",Brussels blitz,Brussels,1987.??.??,1987,?,"Tal, Mihail","Van der Wiel, John TH",2605.0,2590.0,0-1,black_win,loss,B40,,148,74.0,28,17,1,2,False,True,13,1,False,0,15,16,tactical
Tal.pgn,Tal,white,"Torre, Eugenio",Brussels blitz,Brussels,1987.??.??,1987,?,"Tal, Mihail","Torre, Eugenio",2605.0,2540.0,0-1,black_win,loss,B07,,130,65.0,25,7,1,0,True,False,12,5,True,0,13,2,tactical
Tal.pgn,Tal,white,"Timman, Jan H",Brussels blitz,Brussels,1987.??.??,1987,?,"Tal, Mihail","Timman, Jan H",2605.0,2590.0,1/2-1/2,draw,draw,C84,,84,42.0,22,6,2,0,True,True,11,2,True,0,11,4,tactical
Tal.pgn,Tal,white,"Sosonko, Gennadi",Brussels blitz,Brussels,1987.??.??,1987,?,"Tal, Mihail","Sosonko, Gennadi",2605.0,2545.0,1-0,white_win,win,E29,,105,52.5,20,1,2,0,True,True,10,0,True,0,10,1,tactical
Tal.pgn,Tal,white,"Short, Nigel D",Brussels blitz,Brussels,1987.??.??,1987,?,"Tal, Mihail","Short, Nigel D",2605.0,2615.0,1-0,white_win,win,C09,,63,31.5,15,2,2,0,True,True,6,1,True,0,9,1,tactical
Tal.pgn,Tal,white,"Ljubojevic, Ljubomir",Brussels blitz,Brussels,1987.??.??,1987,?,"Tal, Mihail","Ljubojevic, Ljubomir",2605.0,2620.0,0-1,black_win,loss,B06,,84,42.0,18,10,2,0,True,True,8,4,True,0,10,6,tactical
Tal.pgn,Tal,white,"Larsen, Bent",Brussels blitz,Brussels,1987.??.??,1987,?,"Tal, Mihail","Larsen, Bent",2605.0,2565.0,1-0,white_win,win,C91,,77,38.5,16,0,2,0,True,True,8,0,True,0,8,0,tactical
Tal.pgn,Tal,white,"Kortschnoj, Viktor",Brussels blitz,Brussels,1987.??.??,1987,?,"Tal, Mihail","Kortschnoj, Viktor",2605.0,2625.0,1/2-1/2,draw,draw,C07,,127,63.5,26,20,2,0,True,True,14,5,True,0,12,15,tactical
Tal.pgn,Tal,white,"Kasparov, Gary",Brussels blitz,Brussels,1987.??.??,1987,?,"Tal, Mihail","Kasparov, Gary",2605.0,2735.0,1/2-1/2,draw,draw,B85,,131,65.5,24,8,2,0,True,True,12,6,True,0,12,2,tactical
Tal.pgn,Tal,white,"Karpov, Anatoly",Brussels blitz,Brussels,1987.??.??,1987,?,"Tal, Mihail","Karpov, Anatoly",2605.0,2710.0,1-0,white_win,win,B10,,59,29.5,15,4,2,0,True,True,7,3,True,0,8,1,tactical
Tal.pgn,Tal,white,"Huebner, Robert",Brussels blitz,Brussels,1987.??.??,1987,?,"Tal, Mihail","Huebner, Robert",2605.0,2615.0,0-1,black_win,loss,C07,,111,55.5,27,6,2,0,True,True,13,0,True,0,14,6,tactical
Tal.pgn,Tal,black,"Sosonko, Gennadi",Brussels blitz,Brussels,1987.??.??,1987,?,"Sosonko, Gennadi","Tal, Mihail",2545.0,2605.0,1/2-1/2,draw,draw,E18,,63,31.5,16,2,2,0,True,True,8,1,True,0,8,1,tactical
Tal.pgn,Tal,black,"Short, Nigel D",Brussels blitz,Brussels,1987.??.??,1987,?,"Short, Nigel D","Tal, Mihail",2615.0,2605.0,0-1,black_win,win,B10,,144,72.0,28,8,2,1,True,True,15,4,True,1,13,4,tactical
Tal.pgn,Tal,black,"Ljubojevic, Ljubomir",Brussels blitz,Brussels,1987.??.??,1987,?,"Ljubojevic, Ljubomir","Tal, Mihail",2620.0,2605.0,1-0,white_win,loss,D38,,59,29.5,19,6,2,0,True,True,8,1,True,0,11,5,tactical
Tal.pgn,Tal,white,"Kortschnoj, Viktor",Brussels,Brussels,1987.??.??,1987,?,"Tal, Mihail","Kortschnoj, Viktor",2605.0,2625.0,1/2-1/2,draw,draw,C81,,47,23.5,11,0,2,0,True,True,6,0,True,0,5,0,tactical
Tal.pgn,Tal,white,"Larsen, Bent",Brussels,Brussels,1987.??.??,1987,?,"Tal, Mihail","Larsen, Bent",2605.0,2565.0,1/2-1/2,draw,draw,B72,,65,32.5,14,2,2,0,True,True,7,0,True,0,7,2,tactical
Tal.pgn,Tal,white,"Ljubojevic, Ljubomir",Brussels,Brussels,1987.??.??,1987,?,"Tal, Mihail","Ljubojevic, Ljubomir",2605.0,2620.0,1/2-1/2,draw,draw,D46,,25,12.5,5,0,2,0,True,True,3,0,True,0,2,0,tactical
Tal.pgn,Tal,black,"Kasparov, Gary",Brussels,Brussels,1987.??.??,1987,?,"Kasparov, Gary","Tal, Mihail",2735.0,2605.0,1-0,white_win,loss,E48,,61,30.5,16,1,2,0,True,True,8,0,True,0,8,1,tactical
Tal.pgn,Tal,black,"Karpov, Anatoly",Brussels,Brussels,1987.??.??,1987,?,"Karpov, Anatoly","Tal, Mihail",2710.0,2605.0,1/2-1/2,draw,draw,E06,,120,60.0,22,9,2,0,True,True,11,7,True,0,11,2,tactical
Tal.pgn,Tal,white,"Meulders, Richard",Brussels,Brussels,1987.??.??,1987,?,"Tal, Mihail","Meulders, Richard",2605.0,2360.0,1-0,white_win,win,A81,,73,36.5,19,11,2,0,True,True,10,8,True,0,9,3,tactical
Tal.pgn,Tal,white,"Torre, Eugenio",Brussels,Brussels,1987.??.??,1987,?,"Tal, Mihail","Torre, Eugenio",2605.0,2540.0,1/2-1/2,draw,draw,B07,,41,20.5,6,0,2,0,True,True,3,0,True,0,3,0,tactical
Tal.pgn,Tal,white,"Casper, Thomas",Jurmala,Jurmala,1987.??.??,1987,?,"Tal, Mihail","Casper, Thomas",2625.0,2435.0,1/2-1/2,draw,draw,A54,,61,30.5,17,6,2,0,True,True,8,6,True,0,9,0,tactical
Tal.pgn,Tal,white,"Gipslis, Aivars",Jurmala,Jurmala,1987.??.??,1987,?,"Tal, Mihail","Gipslis, Aivars",2625.0,2495.0,1/2-1/2,draw,draw,E00,,30,15.0,6,2,2,0,True,True,3,0,True,0,3,2,tactical
Tal.pgn,Tal,white,"Kengis, Edvins",Jurmala,Jurmala,1987.??.??,1987,?,"Tal, Mihail","Kengis, Edvins",2625.0,2475.0,1/2-1/2,draw,draw,B90,,59,29.5,9,0,2,0,True,True,4,0,True,0,5,0,tactical
Tal.pgn,Tal,white,"Psakhis, Lev",Jurmala,Jurmala,1987.??.??,1987,?,"Tal, Mihail","Psakhis, Lev",2625.0,2575.0,1/2-1/2,draw,draw,A47,,24,12.0,4,1,2,0,True,True,2,0,True,0,2,1,tactical
Tal.pgn,Tal,white,"Romanishin, Oleg M",Jurmala,Jurmala,1987.??.??,1987,?,"Tal, Mihail","Romanishin, Oleg M",2625.0,2555.0,1-0,white_win,win,C96,,77,38.5,17,3,2,0,True,True,10,1,True,0,7,2,tactical
Tal.pgn,Tal,white,"Sygulski, Artur",Jurmala,Jurmala,1987.??.??,1987,?,"Tal, Mihail","Sygulski, Artur",2625.0,2410.0,1-0,white_win,win,C88,,51,25.5,9,1,2,0,True,True,5,1,True,0,4,0,tactical
Tal.pgn,Tal,black,"Toshkov, Tihomir",Jurmala,Jurmala,1987.??.??,1987,?,"Toshkov, Tihomir","Tal, Mihail",2460.0,2625.0,1-0,white_win,loss,A12,,85,42.5,18,4,2,0,True,True,8,1,True,0,10,3,tactical
Tal.pgn,Tal,white,"Bagirov, Vladimir",Jurmala,Jurmala,1987.??.??,1987,?,"Tal, Mihail","Bagirov, Vladimir",2625.0,2470.0,1/2-1/2,draw,draw,A11,,29,14.5,6,1,2,0,True,True,3,1,True,0,3,0,tactical
Tal.pgn,Tal,black,"Razuvaev, Yuri S",Jurmala,Jurmala,1987.??.??,1987,?,"Razuvaev, Yuri S","Tal, Mihail",2490.0,2625.0,1/2-1/2,draw,draw,D25,,34,17.0,8,0,2,0,True,True,4,0,True,0,4,0,tactical
Tal.pgn,Tal,black,"Pribyl, Josef",Jurmala,Jurmala,1987.??.??,1987,?,"Pribyl, Josef","Tal, Mihail",2450.0,2625.0,1/2-1/2,draw,draw,D11,,31,15.5,8,0,2,0,True,True,4,0,True,0,4,0,tactical
Tal.pgn,Tal,black,"Kosten, Anthony C",Jurmala,Jurmala,1987.??.??,1987,?,"Kosten, Anthony C","Tal, Mihail",2495.0,2625.0,1/2-1/2,draw,draw,C83,,56,28.0,12,2,2,0,True,True,7,0,True,0,5,2,tactical
Tal.pgn,Tal,black,"Arnason, Jon L",Jurmala,Jurmala,1987.??.??,1987,?,"Arnason, Jon L","Tal, Mihail",2555.0,2625.0,0-1,black_win,win,B84,,80,40.0,19,2,2,0,True,True,11,0,True,0,8,2,tactical
Tal.pgn,Tal,black,"Shabalov, Alexander",Jurmala,Jurmala,1987.??.??,1987,?,"Shabalov, Alexander","Tal, Mihail",2375.0,2625.0,1/2-1/2,draw,draw,D61,,20,10.0,3,0,1,0,False,True,2,0,True,0,1,0,tactical
Tal.pgn,Tal,black,"Beliavsky, Alexander G",Moscow TV,Moscow,1987.??.??,1987,?,"Beliavsky, Alexander G","Tal, Mihail",2585.0,2605.0,1/2-1/2,draw,draw,D38,,59,29.5,16,1,2,0,True,True,8,1,True,0,8,0,tactical
Tal.pgn,Tal,black,"Kasparov, Gary",Moscow TV,Moscow,1987.??.??,1987,?,"Kasparov, Gary","Tal, Mihail",2735.0,2605.0,1/2-1/2,draw,draw,E41,,139,69.5,24,6,2,0,True,True,12,3,True,0,12,3,tactical
Tal.pgn,Tal,white,"Beliavsky, Alexander G",Moscow TV,Moscow,1987.??.??,1987,?,"Tal, Mihail","Beliavsky, Alexander G",2605.0,2585.0,1/2-1/2,draw,draw,C91,,105,52.5,22,9,2,0,True,True,11,4,True,0,11,5,tactical
Tal.pgn,Tal,white,"Kasparov, Gary",Moscow TV,Moscow,1987.??.??,1987,?,"Tal, Mihail","Kasparov, Gary",2605.0,2735.0,1/2-1/2,draw,draw,E65,,73,36.5,24,2,2,0,True,True,12,2,True,0,12,0,tactical
Tal.pgn,Tal,black,"Short, Nigel D",Reykjavik,Reykjavik,1987.??.??,1987,?,"Short, Nigel D","Tal, Mihail",2615.0,2605.0,1/2-1/2,draw,draw,C91,,29,14.5,4,0,2,0,True,True,2,0,True,0,2,0,tactical
Tal.pgn,Tal,white,"Timman, Jan H",Reykjavik,Reykjavik,1987.??.??,1987,?,"Tal, Mihail","Timman, Jan H",2605.0,2590.0,1/2-1/2,draw,draw,C43,,64,32.0,22,1,2,0,True,True,11,1,True,0,11,0,tactical
Tal.pgn,Tal,white,"Petursson, Margeir",Reykjavik,Reykjavik,1987.??.??,1987,?,"Tal, Mihail","Petursson, Margeir",2605.0,2535.0,1-0,white_win,win,A35,,91,45.5,24,1,2,0,True,True,12,0,True,0,12,1,tactical
Tal.pgn,Tal,white,"Kortschnoj, Viktor",Reykjavik,Reykjavik,1987.??.??,1987,?,"Tal, Mihail","Kortschnoj, Viktor",2605.0,2625.0,1-0,white_win,win,C80,,113,56.5,24,15,2,0,True,True,12,13,True,0,12,2,tactical
Tal.pgn,Tal,white,"Hjartarson, Johann",Reykjavik,Reykjavik,1987.??.??,1987,?,"Tal, Mihail","Hjartarson, Johann",2605.0,2555.0,1-0,white_win,win,C99,,85,42.5,11,4,2,0,True,True,6,3,True,0,5,1,tactical
Tal.pgn,Tal,white,"Agdestein, Simen",Reykjavik,Reykjavik,1987.??.??,1987,?,"Tal, Mihail","Agdestein, Simen",2605.0,2560.0,1/2-1/2,draw,draw,E06,,94,47.0,23,5,2,0,True,True,12,0,True,0,11,5,tactical
Tal.pgn,Tal,black,"Arnason, Jon L",Reykjavik,Reykjavik,1987.??.??,1987,?,"Arnason, Jon L","Tal, Mihail",2540.0,2605.0,1/2-1/2,draw,draw,B17,,21,10.5,3,0,0,0,False,False,1,0,False,0,2,0,tactical
Tal.pgn,Tal,black,"Portisch, Lajos",Reykjavik,Reykjavik,1987.??.??,1987,?,"Portisch, Lajos","Tal, Mihail",2610.0,2605.0,1/2-1/2,draw,draw,D47,,47,23.5,13,0,2,0,True,True,6,0,True,0,7,0,tactical
Tal.pgn,Tal,black,"Polugaevsky, Lev",Reykjavik,Reykjavik,1987.??.??,1987,?,"Polugaevsky, Lev","Tal, Mihail",2585.0,2605.0,1/2-1/2,draw,draw,A14,,40,20.0,8,0,2,0,True,True,4,0,True,0,4,0,tactical
Tal.pgn,Tal,black,"Olafsson, Helgi",Reykjavik,Reykjavik,1987.??.??,1987,?,"Olafsson, Helgi","Tal, Mihail",2555.0,2605.0,1/2-1/2,draw,draw,A75,,41,20.5,7,0,2,0,True,True,3,0,True,0,4,0,tactical
Tal.pgn,Tal,black,"Ljubojevic, Ljubomir",Reykjavik,Reykjavik,1987.??.??,1987,?,"Ljubojevic, Ljubomir","Tal, Mihail",2620.0,2605.0,1/2-1/2,draw,draw,C90,,75,37.5,21,0,2,0,True,True,11,0,True,0,10,0,tactical
Tal.pgn,Tal,white,"Ricardi, Pablo",Rio Hondo,Rio Hondo,1987.??.??,1987,1,"Tal, Mihail","Ricardi, Pablo",2625.0,2445.0,1-0,white_win,win,A20,,104,52.0,24,7,2,0,True,True,12,3,True,0,12,4,tactical
Tal.pgn,Tal,black,"Szmetan, Jorge",Rio Hondo,Rio Hondo,1987.??.??,1987,2,"Szmetan, Jorge","Tal, Mihail",2390.0,2625.0,1/2-1/2,draw,draw,B52,,103,51.5,19,10,2,0,True,True,9,3,True,0,10,7,tactical
Tal.pgn,Tal,white,"Granda Zuniga, Julio E",Rio Hondo,Rio Hondo,1987.??.??,1987,3,"Tal, Mihail","Granda Zuniga, Julio E",2625.0,2525.0,1-0,white_win,win,C05,,43,21.5,9,2,2,0,True,True,5,2,True,0,4,0,tactical
Tal.pgn,Tal,white,"Panno, Oscar",Rio Hondo,Rio Hondo,1987.??.??,1987,4,"Tal, Mihail","Panno, Oscar",2625.0,2520.0,1/2-1/2,draw,draw,C67,,144,72.0,27,23,2,2,True,True,14,18,True,1,13,5,tactical
Tal.pgn,Tal,black,"Garcia Palermo, Carlos",Rio Hondo,Rio Hondo,1987.??.??,1987,5,"Garcia Palermo, Carlos","Tal, Mihail",2520.0,2625.0,1/2-1/2,draw,draw,D38,,24,12.0,4,1,2,0,True,True,2,0,True,0,2,1,tactical
Tal.pgn,Tal,white,"Bronstein, Luis",Rio Hondo,Rio Hondo,1987.??.??,1987,6,"Tal, Mihail","Bronstein, Luis",2625.0,2410.0,1-0,white_win,win,C06,,63,31.5,14,0,2,0,True,True,7,0,True,0,7,0,tactical
Tal.pgn,Tal,black,"Cifuentes Parada, Roberto",Rio Hondo,Rio Hondo,1987.??.??,1987,7,"Cifuentes Parada, Roberto","Tal, Mihail",2490.0,2625.0,1/2-1/2,draw,draw,A30,,45,22.5,14,1,2,0,True,True,7,1,True,0,7,0,tactical
Tal.pgn,Tal,white,"Quinteros, Miguel A",Rio Hondo,Rio Hondo,1987.??.??,1987,8,"Tal, Mihail","Quinteros, Miguel A",2625.0,2490.0,1-0,white_win,win,B08,,51,25.5,12,1,2,0,True,True,7,1,True,0,5,0,tactical
Tal.pgn,Tal,black,"Polugaevsky, Lev",Rio Hondo,Rio Hondo,1987.??.??,1987,9,"Polugaevsky, Lev","Tal, Mihail",2595.0,2625.0,1/2-1/2,draw,draw,D86,,32,16.0,14,3,0,0,False,False,7,2,False,0,7,1,tactical
Tal.pgn,Tal,white,"Gomez Baillo, Jorge H",Rio Hondo,Rio Hondo,1987.??.??,1987,10,"Tal, Mihail","Gomez Baillo, Jorge H",2625.0,2425.0,1-0,white_win,win,D95,,37,18.5,10,2,2,0,True,True,5,2,True,0,5,0,tactical
Tal.pgn,Tal,black,"Rubinetti, Jorge A",Rio Hondo,Rio Hondo,1987.??.??,1987,11,"Rubinetti, Jorge A","Tal, Mihail",2410.0,2625.0,1/2-1/2,draw,draw,A34,,24,12.0,2,0,1,0,True,False,1,0,False,0,1,0,tactical
Tal.pgn,Tal,white,"Sax, Gyula",Subotica Interzonal,Subotica,1987.??.??,1987,1,"Tal, Mihail","Sax, Gyula",2605.0,2565.0,1/2-1/2,draw,draw,E48,,56,28.0,18,2,2,0,True,True,9,2,True,0,9,0,tactical
Tal.pgn,Tal,black,"Smyslov, Vassily",Subotica Interzonal,Subotica,1987.??.??,1987,2,"Smyslov, Vassily","Tal, Mihail",2550.0,2605.0,1/2-1/2,draw,draw,D38,,25,12.5,4,1,2,0,True,True,2,0,True,0,2,1,tactical
Tal.pgn,Tal,white,"Speelman, Jonathan S",Subotica Interzonal,Subotica,1987.??.??,1987,3,"Tal, Mihail","Speelman, Jonathan S",2605.0,2550.0,1-0,white_win,win,B17,,56,28.0,14,3,1,0,False,True,7,2,False,0,7,1,tactical
Tal.pgn,Tal,black,Xu Jun,Subotica Interzonal,Subotica,1987.??.??,1987,4,Xu Jun,"Tal, Mihail",2495.0,2605.0,0-1,black_win,win,E90,,80,40.0,16,9,2,0,True,True,8,8,True,0,8,1,tactical
Tal.pgn,Tal,white,"Alburt, Lev O",Subotica Interzonal,Subotica,1987.??.??,1987,5,"Tal, Mihail","Alburt, Lev O",2605.0,2575.0,1/2-1/2,draw,draw,A46,,29,14.5,6,1,0,0,False,False,3,0,False,0,3,1,tactical
Tal.pgn,Tal,black,"Rodriguez, Amador",Subotica Interzonal,Subotica,1987.??.??,1987,6,"Rodriguez, Amador","Tal, Mihail",2495.0,2605.0,1/2-1/2,draw,draw,B17,,120,60.0,24,15,0,1,False,False,12,4,False,1,12,11,tactical
Tal.pgn,Tal,white,"Hamed, Ahmed",Subotica Interzonal,Subotica,1987.??.??,1987,7,"Tal, Mihail","Hamed, Ahmed",2605.0,2310.0,1-0,white_win,win,C79,,91,45.5,22,5,2,0,True,True,12,2,True,0,10,3,tactical
Tal.pgn,Tal,black,"Zapata, Alonso",Subotica Interzonal,Subotica,1987.??.??,1987,8,"Zapata, Alonso","Tal, Mihail",2505.0,2605.0,0-1,black_win,win,B03,,114,57.0,23,8,2,0,True,True,13,2,True,0,10,6,tactical
Tal.pgn,Tal,white,"Ribli, Zoltan",Subotica Interzonal,Subotica,1987.??.??,1987,10,"Tal, Mihail","Ribli, Zoltan",2605.0,2580.0,1/2-1/2,draw,draw,E18,,33,16.5,6,0,2,0,True,True,3,0,True,0,3,0,tactical
Tal.pgn,Tal,black,"Chernin, Alexander",Subotica Interzonal,Subotica,1987.??.??,1987,11,"Chernin, Alexander","Tal, Mihail",2570.0,2605.0,1/2-1/2,draw,draw,D22,,33,16.5,8,1,2,0,True,True,4,0,True,0,4,1,tactical
Tal.pgn,Tal,white,"Short, Nigel D",Subotica Interzonal,Subotica,1987.??.??,1987,12,"Tal, Mihail","Short, Nigel D",2605.0,2615.0,1/2-1/2,draw,draw,C18,,46,23.0,9,1,2,0,True,True,4,0,True,0,5,1,tactical
Tal.pgn,Tal,black,"Prasad, Devaki V",Subotica Interzonal,Subotica,1987.??.??,1987,13,"Prasad, Devaki V","Tal, Mihail",2425.0,2605.0,1-0,white_win,loss,B93,,79,39.5,17,0,2,0,True,True,8,0,True,0,9,0,tactical
Tal.pgn,Tal,white,"Marjanovic, Slavoljub",Subotica Interzonal,Subotica,1987.??.??,1987,14,"Tal, Mihail","Marjanovic, Slavoljub",2605.0,2505.0,1-0,white_win,win,B90,,83,41.5,17,0,1,1,True,False,9,0,True,1,8,0,tactical
Tal.pgn,Tal,black,"Popovic, Petar",Subotica Interzonal,Subotica,1987.??.??,1987,15,"Popovic, Petar","Tal, Mihail",2540.0,2605.0,1/2-1/2,draw,draw,C78,,114,57.0,25,9,2,0,True,True,12,7,True,0,13,2,tactical
Tal.pgn,Tal,black,"Ernst, Thomas",Subotica Interzonal,Subotica,1987.??.??,1987,17,"Ernst, Thomas","Tal, Mihail",2465.0,2605.0,0-1,black_win,win,A65,,118,59.0,15,3,2,0,True,True,7,3,True,0,8,0,tactical
Tal.pgn,Tal,black,"Beliavsky, Alexander G",World Cup,Brussels,1988.??.??,1988,?,"Beliavsky, Alexander G","Tal, Mihail",2645.0,2630.0,1-0,white_win,loss,B09,,101,50.5,16,10,1,0,True,False,8,2,False,0,8,8,tactical
Tal.pgn,Tal,black,"Ljubojevic, Ljubomir",World Cup,Brussels,1988.??.??,1988,?,"Ljubojevic, Ljubomir","Tal, Mihail",2610.0,2630.0,1/2-1/2,draw,draw,B04,,83,41.5,16,7,2,0,True,True,8,3,True,0,8,4,tactical
Tal.pgn,Tal,black,"Nikolic, Predrag",World Cup,Brussels,1988.??.??,1988,?,"Nikolic, Predrag","Tal, Mihail",2630.0,2630.0,1/2-1/2,draw,draw,D76,,37,18.5,10,0,2,0,True,True,5,0,True,0,5,0,tactical
Tal.pgn,Tal,black,"Nogueiras, Jesus",World Cup,Brussels,1988.??.??,1988,?,"Nogueiras, Jesus","Tal, Mihail",2560.0,2630.0,0-1,black_win,win,D41,,52,26.0,15,2,2,0,True,True,8,2,True,0,7,0,tactical
Tal.pgn,Tal,black,"Andersson, Ulf",World Cup,Brussels,1988.??.??,1988,?,"Andersson, Ulf","Tal, Mihail",2605.0,2630.0,1/2-1/2,draw,draw,E05,,72,36.0,21,5,2,0,True,True,10,3,True,0,11,2,tactical
Tal.pgn,Tal,black,"Nunn, John DM",World Cup,Brussels,1988.??.??,1988,?,"Nunn, John DM","Tal, Mihail",2615.0,2630.0,1-0,white_win,loss,B17,,39,19.5,11,3,1,0,True,False,6,0,False,0,5,3,tactical
Tal.pgn,Tal,white,"Vaganian, Rafael A",World Cup+,Brussels,1988.??.??,1988,?,"Tal, Mihail","Vaganian, Rafael A",2630.0,2625.0,1/2-1/2,draw,draw,A14,,37,18.5,10,0,2,0,True,True,5,0,True,0,5,0,tactical
Tal.pgn,Tal,white,"Winants, Luc",World Cup,Brussels,1988.??.??,1988,?,"Tal, Mihail","Winants, Luc",2630.0,2465.0,1/2-1/2,draw,draw,C65,,27,13.5,3,0,2,0,True,True,2,0,True,0,1,0,tactical
Tal.pgn,Tal,white,"Timman, Jan H",World Cup,Brussels,1988.??.??,1988,?,"Tal, Mihail","Timman, Jan H",2630.0,2675.0,0-1,black_win,loss,B63,,121,60.5,20,9,2,0,True,True,9,2,True,0,11,7,tactical
Tal.pgn,Tal,white,"Speelman, Jonathan S",World Cup,Brussels,1988.??.??,1988,?,"Tal, Mihail","Speelman, Jonathan S",2630.0,2625.0,1/2-1/2,draw,draw,D94,,27,13.5,4,0,2,0,True,True,2,0,True,0,2,0,tactical
Tal.pgn,Tal,white,"Sokolov, Andrei",World Cup,Brussels,1988.??.??,1988,?,"Tal, Mihail","Sokolov, Andrei",2630.0,2595.0,1-0,white_win,win,E04,,81,40.5,22,5,2,0,True,True,11,5,True,0,11,0,tactical
Tal.pgn,Tal,white,"Salov, Valery",World Cup,Brussels,1988.??.??,1988,?,"Tal, Mihail","Salov, Valery",2630.0,2595.0,1/2-1/2,draw,draw,A30,,36,18.0,12,1,2,0,True,True,6,1,True,0,6,0,tactical
Tal.pgn,Tal,white,"Portisch, Lajos",World Cup,Brussels,1988.??.??,1988,?,"Tal, Mihail","Portisch, Lajos",2630.0,2610.0,1/2-1/2,draw,draw,C67,,54,27.0,16,1,2,0,True,True,8,0,True,0,8,1,tactical
Tal.pgn,Tal,white,"Kortschnoj, Viktor",World Cup,Brussels,1988.??.??,1988,?,"Tal, Mihail","Kortschnoj, Viktor",2630.0,2640.0,1/2-1/2,draw,draw,C07,,41,20.5,14,1,2,0,True,True,7,0,True,0,7,1,tactical
Tal.pgn,Tal,white,"Karpov, Anatoly",World Cup,Brussels,1988.??.??,1988,?,"Tal, Mihail","Karpov, Anatoly",2630.0,2715.0,1/2-1/2,draw,draw,C85,,28,14.0,4,0,2,0,True,True,2,0,True,0,2,0,tactical
Tal.pgn,Tal,black,"Seirawan, Yasser",World Cup,Brussels,1988.??.??,1988,?,"Seirawan, Yasser","Tal, Mihail",2595.0,2630.0,1-0,white_win,loss,E32,,67,33.5,14,2,2,0,True,True,7,0,True,0,7,2,tactical
Tal.pgn,Tal,black,"Sax, Gyula",World Cup,Brussels,1988.??.??,1988,?,"Sax, Gyula","Tal, Mihail",2610.0,2630.0,0-1,black_win,win,B63,,84,42.0,20,9,2,0,True,True,10,5,True,0,10,4,tactical
Tal.pgn,Tal,white,"Forbes, Cathy",Chicago op,Chicago,1988.??.??,1988,?,"Tal, Mihail","Forbes, Cathy",2630.0,2035.0,1-0,white_win,win,B77,,54,27.0,11,2,2,0,True,True,5,2,True,0,6,0,tactical
Tal.pgn,Tal,white,"Timman, Jan H",KRO m,Hilversum,1988.??.??,1988,1,"Tal, Mihail","Timman, Jan H",2610.0,2640.0,1/2-1/2,draw,draw,D12,,60,30.0,17,3,2,0,True,True,8,0,True,0,9,3,tactical
Tal.pgn,Tal,black,"Timman, Jan H",KRO m,Hilversum,1988.??.??,1988,2,"Timman, Jan H","Tal, Mihail",2640.0,2610.0,1-0,white_win,loss,D44,,77,38.5,16,10,2,0,True,True,8,3,True,0,8,7,tactical
Tal.pgn,Tal,white,"Timman, Jan H",KRO m,Hilversum,1988.??.??,1988,3,"Tal, Mihail","Timman, Jan H",2610.0,2640.0,1/2-1/2,draw,draw,E18,,61,30.5,18,0,2,0,True,True,9,0,True,0,9,0,tactical
Tal.pgn,Tal,black,"Timman, Jan H",KRO m,Hilversum,1988.??.??,1988,4,"Timman, Jan H","Tal, Mihail",2640.0,2610.0,0-1,black_win,win,B82,,58,29.0,15,0,0,0,False,False,8,0,False,0,7,0,tactical
Tal.pgn,Tal,white,"Timman, Jan H",KRO m,Hilversum,1988.??.??,1988,5,"Tal, Mihail","Timman, Jan H",2610.0,2640.0,1-0,white_win,win,A35,,71,35.5,16,6,1,0,True,False,8,6,True,0,8,0,tactical
Tal.pgn,Tal,black,"Timman, Jan H",KRO m,Hilversum,1988.??.??,1988,6,"Timman, Jan H","Tal, Mihail",2640.0,2610.0,1/2-1/2,draw,draw,D94,,55,27.5,16,1,2,0,True,True,8,0,True,0,8,1,tactical
Tal.pgn,Tal,white,"Chiu, Amparan Aquiles",National op,?,1988.??.??,1988,?,"Tal, Mihail","Chiu, Amparan Aquiles",2630.0,,1-0,white_win,win,B31,,47,23.5,10,7,0,0,False,False,6,5,False,0,4,2,tactical
Tal.pgn,Tal,white,Eversole,National op,?,1988.??.??,1988,?,"Tal, Mihail",Eversole,2630.0,,1-0,white_win,win,B02,,53,26.5,12,6,1,0,False,True,8,2,False,0,4,4,tactical
Tal.pgn,Tal,white,"Rizzitano, James",National op,?,1988.??.??,1988,?,"Tal, Mihail","Rizzitano, James",2630.0,2435.0,1/2-1/2,draw,draw,B93,,77,38.5,16,0,2,0,True,True,8,0,True,0,8,0,tactical
Tal.pgn,Tal,black,"Meyer, John C",National op,?,1988.??.??,1988,?,"Meyer, John C","Tal, Mihail",2345.0,2630.0,0-1,black_win,win,A41,,50,25.0,13,3,1,0,True,False,7,2,False,0,6,1,tactical
Tal.pgn,Tal,black,"Maddex, Bill",National op,?,1988.??.??,1988,?,"Maddex, Bill","Tal, Mihail",,2630.0,0-1,black_win,win,B40,,92,46.0,21,2,2,0,True,True,11,1,True,0,10,1,tactical
Tal.pgn,Tal,white,"Timman, Jan H",World Cup,Reykjavik,1988.??.??,1988,?,"Tal, Mihail","Timman, Jan H",2610.0,2660.0,1-0,white_win,win,D32,,39,19.5,12,2,1,0,True,False,6,1,True,0,6,1,tactical
Tal.pgn,Tal,white,"Speelman, Jonathan S",World Cup,Reykjavik,1988.??.??,1988,?,"Tal, Mihail","Speelman, Jonathan S",2610.0,2645.0,1-0,white_win,win,A43,,67,33.5,17,4,2,0,True,True,9,4,True,0,8,0,tactical
Tal.pgn,Tal,white,"Spassky, Boris V",World Cup,Reykjavik,1988.??.??,1988,?,"Tal, Mihail","Spassky, Boris V",2610.0,2560.0,1/2-1/2,draw,draw,D58,,31,15.5,6,0,2,0,True,True,3,0,True,0,3,0,tactical
Tal.pgn,Tal,white,"Sokolov, Andrei",World Cup,Reykjavik,1988.??.??,1988,?,"Tal, Mihail","Sokolov, Andrei",2610.0,2600.0,1/2-1/2,draw,draw,A13,,27,13.5,6,0,2,0,True,True,3,0,True,0,3,0,tactical
Tal.pgn,Tal,white,"Portisch, Lajos",World Cup,Reykjavik,1988.??.??,1988,?,"Tal, Mihail","Portisch, Lajos",2610.0,2630.0,1-0,white_win,win,C65,,79,39.5,17,2,2,0,True,True,9,2,True,0,8,0,tactical
Tal.pgn,Tal,black,"Hjartarson, Johann",World Cup,Reykjavik,1988.??.??,1988,?,"Hjartarson, Johann","Tal, Mihail",2610.0,2610.0,1/2-1/2,draw,draw,D45,,49,24.5,8,0,2,0,True,True,4,0,True,0,4,0,tactical
Tal.pgn,Tal,white,"Kortschnoj, Viktor",World Cup,Reykjavik,1988.??.??,1988,?,"Tal, Mihail","Kortschnoj, Viktor",2610.0,2595.0,1/2-1/2,draw,draw,C67,,35,17.5,7,1,1,0,True,False,4,1,True,0,3,0,tactical
Tal.pgn,Tal,white,"Jussupow, Artur",World Cup,Reykjavik,1988.??.??,1988,?,"Tal, Mihail","Jussupow, Artur",2610.0,2620.0,1/2-1/2,draw,draw,D53,,31,15.5,9,1,2,0,True,True,5,0,True,0,4,1,tactical
Tal.pgn,Tal,white,"Ehlvest, Jaan",World Cup,Reykjavik,1988.??.??,1988,?,"Tal, Mihail","Ehlvest, Jaan",2610.0,2580.0,1/2-1/2,draw,draw,D27,,29,14.5,4,0,2,0,True,True,2,0,True,0,2,0,tactical
Tal.pgn,Tal,black,"Sax, Gyula",World Cup,Reykjavik,1988.??.??,1988,?,"Sax, Gyula","Tal, Mihail",2600.0,2610.0,1/2-1/2,draw,draw,B88,,24,12.0,2,0,2,0,True,True,1,0,True,0,1,0,tactical
Tal.pgn,Tal,black,"Ribli, Zoltan",World Cup,Reykjavik,1988.??.??,1988,?,"Ribli, Zoltan","Tal, Mihail",2630.0,2610.0,0-1,black_win,win,A34,,58,29.0,16,6,2,0,True,True,8,0,True,0,8,6,tactical
Tal.pgn,Tal,black,"Petursson, Margeir",World Cup,Reykjavik,1988.??.??,1988,?,"Petursson, Margeir","Tal, Mihail",2530.0,2610.0,1/2-1/2,draw,draw,E48,,36,18.0,10,1,2,0,True,True,5,0,True,0,5,1,tactical
Tal.pgn,Tal,black,"Nunn, John DM",World Cup,Reykjavik,1988.??.??,1988,?,"Nunn, John DM","Tal, Mihail",2620.0,2610.0,1/2-1/2,draw,draw,B44,,35,17.5,9,0,2,0,True,True,4,0,True,0,5,0,tactical
Tal.pgn,Tal,black,"Nikolic, Predrag",World Cup,Reykjavik,1988.??.??,1988,?,"Nikolic, Predrag","Tal, Mihail",2585.0,2610.0,1/2-1/2,draw,draw,A63,,103,51.5,20,3,2,0,True,True,9,2,True,0,11,1,tactical
Tal.pgn,Tal,black,"Kasparov, Gary",World Cup,Reykjavik,1988.??.??,1988,?,"Kasparov, Gary","Tal, Mihail",2760.0,2610.0,1/2-1/2,draw,draw,D17,,84,42.0,25,6,2,0,True,True,12,2,True,0,13,4,tactical
Tal.pgn,Tal,black,"Beliavsky, Alexander G",World Cup,Reykjavik,1988.??.??,1988,?,"Beliavsky, Alexander G","Tal, Mihail",2665.0,2610.0,1-0,white_win,loss,D20,,67,33.5,22,3,2,0,True,True,10,2,True,0,12,1,tactical
Tal.pgn,Tal,black,"Andersson, Ulf",World Cup,Reykjavik,1988.??.??,1988,?,"Andersson, Ulf","Tal, Mihail",2625.0,2610.0,1/2-1/2,draw,draw,A30,,38,19.0,12,0,2,0,True,True,6,0,True,0,6,0,tactical
Tal.pgn,Tal,black,"Inkiov, Ventzislav",Saint John op-2,Saint John,1988.??.??,1988,?,"Inkiov, Ventzislav","Tal, Mihail",2490.0,2630.0,0-1,black_win,win,E61,,94,47.0,21,10,2,0,True,True,10,3,True,0,11,7,tactical
Tal.pgn,Tal,white,"Lputian, Smbat G",Saint John op-2,Saint John,1988.??.??,1988,?,"Tal, Mihail","Lputian, Smbat G",2630.0,2555.0,1/2-1/2,draw,draw,A13,,24,12.0,6,1,1,0,True,False,3,1,True,0,3,0,tactical
Tal.pgn,Tal,white,"Kristensen, Bjarke",Saint John op-2,Saint John,1988.??.??,1988,?,"Tal, Mihail","Kristensen, Bjarke",2630.0,2300.0,1/2-1/2,draw,draw,B33,,92,46.0,23,3,2,1,True,True,12,0,True,0,11,3,tactical
Tal.pgn,Tal,white,"Ivanovic, Bozidar",Saint John op-2,Saint John,1988.??.??,1988,?,"Tal, Mihail","Ivanovic, Bozidar",2630.0,2530.0,1-0,white_win,win,A34,,63,31.5,14,4,2,0,True,True,8,4,True,0,6,0,tactical
Tal.pgn,Tal,white,"Gipslis, Aivars",Saint John op-2,Saint John,1988.??.??,1988,?,"Tal, Mihail","Gipslis, Aivars",2630.0,2505.0,1/2-1/2,draw,draw,B08,,36,18.0,6,0,2,0,True,True,3,0,True,0,3,0,tactical
Tal.pgn,Tal,black,"Rodriguez, Daniel Mauricio",Saint John op-2,Saint John,1988.??.??,1988,?,"Rodriguez, Daniel Mauricio","Tal, Mihail",2465.0,2630.0,0-1,black_win,win,B53,,118,59.0,15,7,2,0,True,True,8,4,True,0,7,3,tactical
Tal.pgn,Tal,black,"Ehlvest, Jaan",Saint John op-2,Saint John,1988.??.??,1988,?,"Ehlvest, Jaan","Tal, Mihail",2585.0,2630.0,1/2-1/2,draw,draw,B17,,29,14.5,8,1,2,0,True,True,4,0,True,0,4,1,tactical
Tal.pgn,Tal,black,"Razuvaev, Yuri S",Saint John op-2,Saint John,1988.??.??,1988,?,"Razuvaev, Yuri S","Tal, Mihail",2525.0,2630.0,1/2-1/2,draw,draw,A64,,35,17.5,4,0,2,0,True,True,2,0,True,0,2,0,tactical
Tal.pgn,Tal,black,"Damljanovic, Branko",Saint John op-2,Saint John,1988.??.??,1988,?,"Damljanovic, Branko","Tal, Mihail",2525.0,2630.0,1/2-1/2,draw,draw,D29,,25,12.5,6,0,1,0,True,False,3,0,False,0,3,0,tactical
Tal.pgn,Tal,white,"Gurevich, Dmitry",Wch-blitz,Saint John,1988.??.??,1988,1,"Tal, Mihail","Gurevich, Dmitry",2630.0,2475.0,0-1,black_win,loss,B63,,72,36.0,16,1,2,0,True,True,7,0,True,0,9,1,tactical
Tal.pgn,Tal,white,"Gurevich, Dmitry",Wch-blitz,Saint John,1988.??.??,1988,1,"Tal, Mihail","Gurevich, Dmitry",2630.0,2475.0,1-0,white_win,win,A34,,97,48.5,20,8,2,2,True,True,11,6,True,2,9,2,tactical
Tal.pgn,Tal,black,"Gurevich, Dmitry",Wch-blitz,Saint John,1988.??.??,1988,1,"Gurevich, Dmitry","Tal, Mihail",2475.0,2630.0,1/2-1/2,draw,draw,E48,,92,46.0,22,8,2,0,True,True,11,8,True,0,11,0,tactical
Tal.pgn,Tal,black,"Gurevich, Dmitry",Wch-blitz,Saint John,1988.??.??,1988,1,"Gurevich, Dmitry","Tal, Mihail",2475.0,2630.0,0-1,black_win,win,E48,,64,32.0,11,2,1,0,False,True,6,2,True,0,5,0,tactical
Tal.pgn,Tal,black,"Nogueiras, Jesus",Wch-blitz,Saint John,1988.??.??,1988,2,"Nogueiras, Jesus","Tal, Mihail",2560.0,2630.0,1/2-1/2,draw,draw,A00,,88,44.0,18,7,2,0,True,True,9,0,True,0,9,7,tactical
Tal.pgn,Tal,white,"Nogueiras, Jesus",Wch-blitz,Saint John,1988.??.??,1988,2,"Tal, Mihail","Nogueiras, Jesus",2630.0,2560.0,1-0,white_win,win,E43,,87,43.5,17,7,2,0,True,True,9,2,True,0,8,5,tactical
Tal.pgn,Tal,black,"Nogueiras, Jesus",Wch-blitz,Saint John,1988.??.??,1988,2,"Nogueiras, Jesus","Tal, Mihail",2560.0,2630.0,0-1,black_win,win,D38,,108,54.0,24,11,2,1,True,True,11,2,True,1,13,9,tactical
Tal.pgn,Tal,white,"Jussupow, Artur",Wch-blitz,Saint John,1988.??.??,1988,3,"Tal, Mihail","Jussupow, Artur",2630.0,2620.0,1-0,white_win,win,B30,,111,55.5,25,6,2,1,True,True,13,3,True,1,12,3,tactical
Tal.pgn,Tal,black,"Jussupow, Artur",Wch-blitz,Saint John,1988.??.??,1988,3,"Jussupow, Artur","Tal, Mihail",2620.0,2630.0,0-1,black_win,win,E14,,70,35.0,16,3,2,0,True,True,8,2,True,0,8,1,tactical
Tal.pgn,Tal,white,"Jussupow, Artur",Wch-blitz,Saint John,1988.??.??,1988,3,"Tal, Mihail","Jussupow, Artur",2630.0,2620.0,1-0,white_win,win,C43,,77,38.5,21,2,2,0,True,True,10,1,True,0,11,1,tactical
Tal.pgn,Tal,black,"Chernin, Alexander",Wch-blitz,Saint John,1988.??.??,1988,4,"Chernin, Alexander","Tal, Mihail",2560.0,2630.0,1/2-1/2,draw,draw,E92,,168,84.0,24,8,2,0,True,True,12,3,True,0,12,5,tactical
Tal.pgn,Tal,white,"Chernin, Alexander",Wch-blitz,Saint John,1988.??.??,1988,4,"Tal, Mihail","Chernin, Alexander",2630.0,2560.0,1-0,white_win,win,B09,,75,37.5,14,3,2,0,True,True,8,3,True,0,6,0,tactical
Tal.pgn,Tal,white,"Chernin, Alexander",Wch-blitz,Saint John,1988.??.??,1988,4,"Tal, Mihail","Chernin, Alexander",2630.0,2560.0,1-0,white_win,win,C10,,57,28.5,11,0,2,0,True,True,5,0,True,0,6,0,tactical
Tal.pgn,Tal,black,"Chernin, Alexander",Wch-blitz,Saint John,1988.??.??,1988,4,"Chernin, Alexander","Tal, Mihail",2560.0,2630.0,1-0,white_win,loss,B07,,134,67.0,27,11,2,1,True,True,13,1,True,0,14,10,tactical
Tal.pgn,Tal,black,"Vaganian, Rafael A",Wch-blitz,Saint John,1988.??.??,1988,5,"Vaganian, Rafael A","Tal, Mihail",2625.0,2630.0,0-1,black_win,win,D38,,78,39.0,20,1,2,0,True,True,11,1,True,0,9,0,tactical
Tal.pgn,Tal,black,"Vaganian, Rafael A",Wch-blitz,Saint John,1988.??.??,1988,5,"Vaganian, Rafael A","Tal, Mihail",2625.0,2630.0,0-1,black_win,win,A35,,126,63.0,24,11,2,0,True,True,12,6,True,0,12,5,tactical
Tal.pgn,Tal,white,"Vaganian, Rafael A",Wch-blitz,Saint John,1988.??.??,1988,5,"Tal, Mihail","Vaganian, Rafael A",2630.0,2625.0,1-0,white_win,win,A13,,71,35.5,20,6,2,0,True,True,10,4,True,0,10,2,tactical
Tal.pgn,Tal,white,"Vaganian, Rafael A",Wch-blitz,Saint John,1988.??.??,1988,5,"Tal, Mihail","Vaganian, Rafael A",2630.0,2625.0,1-0,white_win,win,C16,,95,47.5,13,9,2,0,True,True,6,3,True,0,7,6,tactical
Tal.pgn,Tal,white,"Sveshnikov, Evgeny",URS Cup rapid,Tallinn,1988.??.??,1988,1,"Tal, Mihail","Sveshnikov, Evgeny",2630.0,2450.0,1-0,white_win,win,D40,,41,20.5,7,2,2,0,True,True,4,2,True,0,3,0,tactical
Tal.pgn,Tal,black,"Novikov, Igor A",URS Cup rapid,Tallinn,1988.??.??,1988,2,"Novikov, Igor A","Tal, Mihail",2485.0,2630.0,1/2-1/2,draw,draw,D38,,110,55.0,23,3,2,0,True,True,12,2,True,0,11,1,tactical
Tal.pgn,Tal,white,"Vaisser, Anatoli",URS Cup rapid,Tallinn,1988.??.??,1988,3,"Tal, Mihail","Vaisser, Anatoli",2630.0,2490.0,0-1,black_win,loss,A90,,98,49.0,20,2,2,0,True,True,9,1,True,0,11,1,tactical
Tal.pgn,Tal,black,"Epishin, Vladimir",URS Cup rapid,Tallinn,1988.??.??,1988,4,"Epishin, Vladimir","Tal, Mihail",2475.0,2630.0,1-0,white_win,loss,D38,,67,33.5,16,9,2,0,True,True,9,8,True,0,7,1,tactical
Tal.pgn,Tal,white,"Veingold, Aleksandr",URS Cup rapid,Tallinn,1988.??.??,1988,5,"Tal, Mihail","Veingold, Aleksandr",2630.0,2435.0,0-1,black_win,loss,A05,,68,34.0,8,0,2,0,True,True,5,0,True,0,3,0,tactical
Tal.pgn,Tal,white,"Tsarev, V.",URS Cup rapid,Tallinn,1988.??.??,1988,6,"Tal, Mihail","Tsarev, V.",2630.0,,1-0,white_win,win,B93,,61,30.5,15,1,2,0,True,True,9,0,True,0,6,1,tactical
Tal.pgn,Tal,black,"Magomedov, Magaram",URS Cup rapid,Tallinn,1988.??.??,1988,7,"Magomedov, Magaram","Tal, Mihail",,2630.0,1-0,white_win,loss,B87,,69,34.5,15,2,1,0,True,False,8,0,False,0,7,2,tactical
Tal.pgn,Tal,black,"Muratov, Vladimir A",URS Cup rapid,Tallinn,1988.??.??,1988,8,"Muratov, Vladimir A","Tal, Mihail",2215.0,2630.0,0-1,black_win,win,B17,,62,31.0,12,1,2,0,True,True,8,1,True,0,4,0,tactical
Tal.pgn,Tal,white,"Petrosian, Arshak B",URS Cup rapid,Tallinn,1988.??.??,1988,9,"Tal, Mihail","Petrosian, Arshak B",2630.0,2480.0,1-0,white_win,win,C87,,88,44.0,12,1,2,0,True,True,6,0,True,0,6,1,tactical
Tal.pgn,Tal,black,"Vladimirov, Evgeny",URS Cup rapid,Tallinn,1988.??.??,1988,10,"Vladimirov, Evgeny","Tal, Mihail",2525.0,2630.0,0-1,black_win,win,E90,,64,32.0,14,6,2,0,True,True,8,6,True,0,6,0,tactical
Tal.pgn,Tal,white,"Dorfman, Josif D",URS Cup rapid,Tallinn,1988.??.??,1988,11,"Tal, Mihail","Dorfman, Josif D",2630.0,2520.0,1-0,white_win,win,B30,,67,33.5,17,4,1,0,True,False,9,3,True,0,8,1,tactical
Tal.pgn,Tal,black,"Kozul, Zdenko",Tbilisi,Tbilisi,1988.??.??,1988,?,"Kozul, Zdenko","Tal, Mihail",2505.0,2610.0,1-0,white_win,loss,A41,,75,37.5,18,4,2,0,True,True,8,2,True,0,10,2,tactical
Tal.pgn,Tal,black,"Lukov, Valentin",Tbilisi,Tbilisi,1988.??.??,1988,?,"Lukov, Valentin","Tal, Mihail",2465.0,2610.0,1/2-1/2,draw,draw,A70,,53,26.5,16,0,2,0,True,True,8,0,True,0,8,0,tactical
Tal.pgn,Tal,black,"Novikov, Igor A",Tbilisi,Tbilisi,1988.??.??,1988,?,"Novikov, Igor A","Tal, Mihail",2500.0,2610.0,1/2-1/2,draw,draw,B08,,67,33.5,20,2,2,0,True,True,10,1,True,0,10,1,tactical
Tal.pgn,Tal,black,"Romanishin, Oleg M",Tbilisi,Tbilisi,1988.??.??,1988,?,"Romanishin, Oleg M","Tal, Mihail",2550.0,2610.0,1/2-1/2,draw,draw,D30,,32,16.0,10,1,0,0,False,False,5,0,False,0,5,1,tactical
Tal.pgn,Tal,black,"Gufeld, Eduard",Tbilisi,Tbilisi,1988.??.??,1988,?,"Gufeld, Eduard","Tal, Mihail",2510.0,2610.0,1/2-1/2,draw,draw,C69,,27,13.5,8,0,2,0,True,True,4,0,True,0,4,0,tactical
Tal.pgn,Tal,white,"Conquest, Stuart",Tbilisi,Tbilisi,1988.??.??,1988,?,"Tal, Mihail","Conquest, Stuart",2610.0,2490.0,0-1,black_win,loss,C92,,80,40.0,13,1,2,0,True,True,6,1,True,0,7,0,tactical
Tal.pgn,Tal,white,"Prandstetter, Eduard",Tbilisi,Tbilisi,1988.??.??,1988,?,"Tal, Mihail","Prandstetter, Eduard",2610.0,2415.0,1/2-1/2,draw,draw,A14,,41,20.5,10,0,2,0,True,True,5,0,True,0,5,0,tactical
Tal.pgn,Tal,white,"Sznapik, Aleksander",Tbilisi,Tbilisi,1988.??.??,1988,?,"Tal, Mihail","Sznapik, Aleksander",2610.0,2480.0,1-0,white_win,win,C09,,55,27.5,16,1,2,0,True,True,9,1,True,0,7,0,tactical
Tal.pgn,Tal,white,"Ubilava, Elizbar",Tbilisi,Tbilisi,1988.??.??,1988,?,"Tal, Mihail","Ubilava, Elizbar",2610.0,2500.0,1/2-1/2,draw,draw,D62,,33,16.5,8,0,2,0,True,True,4,0,True,0,4,0,tactical
Tal.pgn,Tal,white,"Zaichik, Gennadi",Tbilisi,Tbilisi,1988.??.??,1988,?,"Tal, Mihail","Zaichik, Gennadi",2610.0,2510.0,1-0,white_win,win,B82,,109,54.5,22,12,2,0,True,True,12,12,True,0,10,0,tactical
Tal.pgn,Tal,black,"Nikolic, Predrag",Hoogovens,Wijk aan Zee,1988.??.??,1988,?,"Nikolic, Predrag","Tal, Mihail",2630.0,2630.0,1/2-1/2,draw,draw,D38,,72,36.0,15,3,2,0,True,True,8,1,True,0,7,2,tactical
Tal.pgn,Tal,white,"Farago, Ivan",Hoogovens,Wijk aan Zee,1988.??.??,1988,?,"Tal, Mihail","Farago, Ivan",2630.0,2475.0,1/2-1/2,draw,draw,C18,,57,28.5,11,1,0,0,False,False,6,0,False,0,5,1,tactical
Tal.pgn,Tal,white,"Hansen, Curt",Hoogovens,Wijk aan Zee,1988.??.??,1988,?,"Tal, Mihail","Hansen, Curt",2630.0,2560.0,1/2-1/2,draw,draw,B85,,68,34.0,16,0,2,0,True,True,8,0,True,0,8,0,tactical
Tal.pgn,Tal,white,"Karpov, Anatoly",Hoogovens,Wijk aan Zee,1988.??.??,1988,?,"Tal, Mihail","Karpov, Anatoly",2630.0,2715.0,1/2-1/2,draw,draw,A30,,28,14.0,10,0,2,0,True,True,5,0,True,0,5,0,tactical
Tal.pgn,Tal,white,"Ljubojevic, Ljubomir",Hoogovens,Wijk aan Zee,1988.??.??,1988,?,"Tal, Mihail","Ljubojevic, Ljubomir",2630.0,2610.0,0-1,black_win,loss,D36,,84,42.0,19,3,2,0,True,True,9,3,True,0,10,0,tactical
Tal.pgn,Tal,white,"Piket, Jeroen",Hoogovens,Wijk aan Zee,1988.??.??,1988,?,"Tal, Mihail","Piket, Jeroen",2630.0,2470.0,1/2-1/2,draw,draw,B60,,60,30.0,18,7,2,0,True,True,9,2,True,0,9,5,tactical
Tal.pgn,Tal,white,"Agdestein, Simen",Hoogovens,Wijk aan Zee,1988.??.??,1988,?,"Tal, Mihail","Agdestein, Simen",2630.0,2560.0,1/2-1/2,draw,draw,B17,,33,16.5,6,1,2,0,True,True,3,1,True,0,3,0,tactical
Tal.pgn,Tal,black,"Van der Sterren, Paul",Hoogovens,Wijk aan Zee,1988.??.??,1988,?,"Van der Sterren, Paul","Tal, Mihail",2470.0,2630.0,1/2-1/2,draw,draw,A13,,108,54.0,18,4,2,0,True,True,9,0,True,0,9,4,tactical
Tal.pgn,Tal,black,"Sosonko, Gennadi",Hoogovens,Wijk aan Zee,1988.??.??,1988,?,"Sosonko, Gennadi","Tal, Mihail",2535.0,2630.0,1/2-1/2,draw,draw,A90,,33,16.5,4,0,2,0,True,True,2,0,True,0,2,0,tactical
Tal.pgn,Tal,white,"Van der Wiel, John TH",Hoogovens,Wijk aan Zee,1988.??.??,1988,?,"Tal, Mihail","Van der Wiel, John TH",2630.0,2555.0,1/2-1/2,draw,draw,D45,,42,21.0,9,0,2,0,True,True,4,0,True,0,5,0,tactical
Tal.pgn,Tal,black,"Huebner, Robert",Hoogovens,Wijk aan Zee,1988.??.??,1988,?,"Huebner, Robert","Tal, Mihail",2595.0,2630.0,0-1,black_win,win,B84,,72,36.0,16,1,2,0,True,True,9,1,True,0,7,0,tactical
Tal.pgn,Tal,black,"Georgiev, Kiril",Hoogovens,Wijk aan Zee,1988.??.??,1988,?,"Georgiev, Kiril","Tal, Mihail",2595.0,2630.0,1/2-1/2,draw,draw,D27,,29,14.5,10,0,1,0,True,False,5,0,False,0,5,0,tactical
Tal.pgn,Tal,black,"Andersson, Ulf",Hoogovens,Wijk aan Zee,1988.??.??,1988,?,"Andersson, Ulf","Tal, Mihail",2605.0,2630.0,1/2-1/2,draw,draw,A38,,36,18.0,10,0,2,0,True,True,5,0,True,0,5,0,tactical
Tal.pgn,Tal,white,"Beliavsky, Alexander G",Aker Brygge,Aker Brygge,1989.??.??,1989,1,"Tal, Mihail","Beliavsky, Alexander G",2610.0,2640.0,1-0,white_win,win,B56,,53,26.5,10,2,2,0,True,True,6,2,True,0,4,0,tactical
Tal.pgn,Tal,black,"Agdestein, Simen",Aker Brygge,Aker Brygge,1989.??.??,1989,2,"Agdestein, Simen","Tal, Mihail",2605.0,2610.0,0-1,black_win,win,E60,,146,73.0,26,11,2,3,True,True,13,8,True,2,13,3,tactical
Tal.pgn,Tal,white,"Smyslov, Vassily",Aker Brygge,Aker Brygge,1989.??.??,1989,3,"Tal, Mihail","Smyslov, Vassily",2610.0,2560.0,1/2-1/2,draw,draw,C42,,54,27.0,12,2,2,0,True,True,6,1,True,0,6,1,tactical
Tal.pgn,Tal,black,"Beliavsky, Alexander G",Aker Brygge,Aker Brygge,1989.??.??,1989,4,"Beliavsky, Alexander G","Tal, Mihail",2640.0,2610.0,1/2-1/2,draw,draw,E52,,98,49.0,17,8,2,0,True,True,8,6,True,0,9,2,tactical
Tal.pgn,Tal,white,"Agdestein, Simen",Aker Brygge,Aker Brygge,1989.??.??,1989,5,"Tal, Mihail","Agdestein, Simen",2610.0,2605.0,0-1,black_win,loss,D36,,76,38.0,17,4,2,0,True,True,9,1,True,0,8,3,tactical
Tal.pgn,Tal,black,"Smyslov, Vassily",Aker Brygge,Aker Brygge,1989.??.??,1989,6,"Smyslov, Vassily","Tal, Mihail",2560.0,2610.0,1/2-1/2,draw,draw,D40,,45,22.5,12,1,2,0,True,True,6,0,True,0,6,1,tactical
Tal.pgn,Tal,white,"Anand, Viswanathan",Cannes schev,Cannes,1989.??.??,1989,?,"Tal, Mihail","Anand, Viswanathan",2610.0,2515.0,0-1,black_win,loss,A35,,74,37.0,14,5,2,0,True,True,6,3,True,0,8,2,tactical
Tal.pgn,Tal,black,"Miralles, Gilles",Cannes schev,Cannes,1989.??.??,1989,?,"Miralles, Gilles","Tal, Mihail",2400.0,2610.0,1-0,white_win,loss,A26,,71,35.5,19,1,2,0,True,True,9,0,True,0,10,1,tactical
Tal.pgn,Tal,black,"Lautier, Joel",Cannes schev,Cannes,1989.??.??,1989,?,"Lautier, Joel","Tal, Mihail",2450.0,2610.0,1/2-1/2,draw,draw,A55,,55,27.5,15,0,2,0,True,True,7,0,True,0,8,0,tactical
Tal.pgn,Tal,black,"Adams, Michael",Cannes schev,Cannes,1989.??.??,1989,?,"Adams, Michael","Tal, Mihail",2495.0,2610.0,1/2-1/2,draw,draw,C99,,44,22.0,4,0,2,0,True,True,2,0,True,0,2,0,tactical
Tal.pgn,Tal,white,"Renet, Olivier",Cannes schev,Cannes,1989.??.??,1989,?,"Tal, Mihail","Renet, Olivier",2610.0,2480.0,1/2-1/2,draw,draw,D36,,65,32.5,12,0,2,0,True,True,6,0,True,0,6,0,tactical
Tal.pgn,Tal,black,"Reeh, Oliver",FRG-CupT,Germany,1989.??.??,1989,2,"Reeh, Oliver","Tal, Mihail",2440.0,2610.0,1-0,white_win,loss,B36,,109,54.5,20,11,1,1,False,True,11,11,True,0,9,0,tactical
Tal.pgn,Tal,white,"Kozul, Zdenko",Marseille,Marseille,1989.??.??,1989,?,"Tal, Mihail","Kozul, Zdenko",2610.0,2490.0,1/2-1/2,draw,draw,B67,,81,40.5,15,3,1,0,True,False,8,2,True,0,7,1,tactical
Tal.pgn,Tal,white,"Lobron, Eric",Marseille,Marseille,1989.??.??,1989,?,"Tal, Mihail","Lobron, Eric",2610.0,2555.0,1/2-1/2,draw,draw,C07,,48,24.0,14,5,2,0,True,True,7,1,True,0,7,4,tactical
Tal.pgn,Tal,black,"Renet, Olivier",Marseille,Marseille,1989.??.??,1989,?,"Renet, Olivier","Tal, Mihail",2480.0,2610.0,0-1,black_win,win,B17,,58,29.0,13,2,2,0,True,True,7,0,True,0,6,2,tactical
Tal.pgn,Tal,black,"Koch, Jean Rene",Marseille,Marseille,1989.??.??,1989,?,"Koch, Jean Rene","Tal, Mihail",2390.0,2610.0,1/2-1/2,draw,draw,B35,,73,36.5,14,2,2,0,True,True,7,2,True,0,7,0,tactical
Tal.pgn,Tal,white,"Spraggett, Kevin",Marseille,Marseille,1989.??.??,1989,?,"Tal, Mihail","Spraggett, Kevin",2610.0,2575.0,1/2-1/2,draw,draw,E16,,25,12.5,4,2,2,0,True,True,2,0,True,0,2,2,tactical
Tal.pgn,Tal,white,"Dorfman, Itzhak",Marseille,Marseille,1989.??.??,1989,?,"Tal, Mihail","Dorfman, Itzhak",2610.0,2565.0,1/2-1/2,draw,draw,A34,,41,20.5,17,2,2,0,True,True,9,1,True,0,8,1,tactical
Tal.pgn,Tal,black,"Todorcevic, Miodrag",Marseille,Marseille,1989.??.??,1989,?,"Todorcevic, Miodrag","Tal, Mihail",2535.0,2610.0,0-1,black_win,win,C44,,84,42.0,19,4,2,0,True,True,10,4,True,0,9,0,tactical
Tal.pgn,Tal,black,"Kouatly, Bachar",Marseille+,Marseille,1989.??.??,1989,?,"Kouatly, Bachar","Tal, Mihail",2470.0,2610.0,1/2-1/2,draw,draw,B06,,25,12.5,6,0,1,0,False,True,3,0,True,0,3,0,tactical
Tal.pgn,Tal,black,"Andruet, Gilles",Marseille,Marseille,1989.??.??,1989,?,"Andruet, Gilles","Tal, Mihail",2420.0,2610.0,1-0,white_win,loss,C02,,144,72.0,24,12,1,2,True,False,12,2,False,0,12,10,tactical
Tal.pgn,Tal,black,"Short, Nigel D",World Cup,Skelleftea,1989.??.??,1989,?,"Short, Nigel D","Tal, Mihail",2660.0,2585.0,1-0,white_win,loss,B46,,80,40.0,16,1,2,0,True,True,7,0,True,0,9,1,tactical
Tal.pgn,Tal,white,"Huebner, Robert",World Cup,Skelleftea,1989.??.??,1989,?,"Tal, Mihail","Huebner, Robert",2585.0,2605.0,1/2-1/2,draw,draw,D27,,30,15.0,6,0,2,0,True,True,3,0,True,0,3,0,tactical
Tal.pgn,Tal,white,"Karpov, Anatoly",World Cup,Skelleftea,1989.??.??,1989,?,"Tal, Mihail","Karpov, Anatoly",2585.0,2755.0,1/2-1/2,draw,draw,C92,,66,33.0,16,1,2,0,True,True,8,1,True,0,8,0,tactical
Tal.pgn,Tal,white,"Kortschnoj, Viktor",World Cup,Skelleftea,1989.??.??,1989,?,"Tal, Mihail","Kortschnoj, Viktor",2585.0,2655.0,1/2-1/2,draw,draw,D27,,27,13.5,4,0,2,0,True,True,2,0,True,0,2,0,tactical
Tal.pgn,Tal,white,"Nikolic, Predrag",World Cup,Skelleftea,1989.??.??,1989,?,"Tal, Mihail","Nikolic, Predrag",2585.0,2600.0,1/2-1/2,draw,draw,C89,,37,18.5,7,0,2,0,True,True,4,0,True,0,3,0,tactical
Tal.pgn,Tal,white,"Ribli, Zoltan",World Cup,Skelleftea,1989.??.??,1989,?,"Tal, Mihail","Ribli, Zoltan",2585.0,2605.0,1/2-1/2,draw,draw,A14,,28,14.0,4,0,2,0,True,True,2,0,True,0,2,0,tactical
Tal.pgn,Tal,white,"Seirawan, Yasser",World Cup,Skelleftea,1989.??.??,1989,?,"Tal, Mihail","Seirawan, Yasser",2585.0,2585.0,1/2-1/2,draw,draw,D42,,23,11.5,4,0,2,0,True,True,2,0,True,0,2,0,tactical
Tal.pgn,Tal,white,"Vaganian, Rafael A",World Cup,Skelleftea,1989.??.??,1989,?,"Tal, Mihail","Vaganian, Rafael A",2585.0,2585.0,1/2-1/2,draw,draw,C09,,31,15.5,6,0,2,0,True,True,3,0,True,0,3,0,tactical
Tal.pgn,Tal,black,"Sax, Gyula",World Cup,Skelleftea,1989.??.??,1989,?,"Sax, Gyula","Tal, Mihail",2580.0,2585.0,1/2-1/2,draw,draw,C92,,57,28.5,7,6,2,0,True,True,4,0,True,0,3,6,tactical
Tal.pgn,Tal,black,"Andersson, Ulf",World Cup,Skelleftea,1989.??.??,1989,?,"Andersson, Ulf","Tal, Mihail",2635.0,2585.0,1/2-1/2,draw,draw,E02,,160,80.0,25,13,2,0,True,True,12,8,True,0,13,5,tactical
Tal.pgn,Tal,black,"Ehlvest, Jaan",World Cup,Skelleftea,1989.??.??,1989,?,"Ehlvest, Jaan","Tal, Mihail",2620.0,2585.0,1/2-1/2,draw,draw,B86,,49,24.5,12,0,1,0,True,False,6,0,False,0,6,0,tactical
Tal.pgn,Tal,black,"Kasparov, Gary",World Cup,Skelleftea,1989.??.??,1989,?,"Kasparov, Gary","Tal, Mihail",2775.0,2585.0,1/2-1/2,draw,draw,D35,,120,60.0,25,13,2,0,True,True,12,4,True,0,13,9,tactical
Tal.pgn,Tal,black,"Nunn, John DM",World Cup,Skelleftea,1989.??.??,1989,?,"Nunn, John DM","Tal, Mihail",2575.0,2585.0,1/2-1/2,draw,draw,B17,,29,14.5,9,0,2,0,True,True,4,0,True,0,5,0,tactical
Tal.pgn,Tal,black,"Portisch, Lajos",World Cup,Skelleftea,1989.??.??,1989,?,"Portisch, Lajos","Tal, Mihail",2600.0,2585.0,1/2-1/2,draw,draw,E11,,36,18.0,6,1,2,0,True,True,3,1,True,0,3,0,tactical
Tal.pgn,Tal,black,"Salov, Valery",World Cup,Skelleftea,1989.??.??,1989,?,"Salov, Valery","Tal, Mihail",2645.0,2585.0,1/2-1/2,draw,draw,A70,,81,40.5,26,3,2,0,True,True,13,2,True,0,13,1,tactical
Tal.pgn,Tal,black,"Huebner, Robert",Bundesliga 8990,Germany,1990.??.??,1990,?,"Huebner, Robert","Tal, Mihail",2605.0,2585.0,1/2-1/2,draw,draw,B47,,39,19.5,8,0,2,0,True,True,4,0,True,0,4,0,tactical
Tal.pgn,Tal,black,"Unzicker, Wolfgang",Bundesliga 8990,Germany,1990.??.??,1990,?,"Unzicker, Wolfgang","Tal, Mihail",2475.0,2585.0,1-0,white_win,loss,A64,,87,43.5,15,1,2,0,True,True,8,0,True,0,7,1,tactical
Tal.pgn,Tal,white,"Wahls, Matthias",Bundesliga 8990,Germany,1990.??.??,1990,?,"Tal, Mihail","Wahls, Matthias",2585.0,2565.0,1/2-1/2,draw,draw,A30,,151,75.5,25,9,2,0,True,True,12,4,True,0,13,5,tactical
Tal.pgn,Tal,white,"Spassky, Boris V",Bundesliga 8990,Germany,1990.??.??,1990,?,"Tal, Mihail","Spassky, Boris V",2585.0,2580.0,1/2-1/2,draw,draw,E11,,30,15.0,8,3,2,0,True,True,4,1,True,0,4,2,tactical
Tal.pgn,Tal,white,"Smejkal, Jan",Bundesliga 8990,Germany,1990.??.??,1990,?,"Tal, Mihail","Smejkal, Jan",2585.0,2545.0,1/2-1/2,draw,draw,C67,,42,21.0,6,1,1,0,True,False,3,1,True,0,3,0,tactical
Tal.pgn,Tal,white,"Mohr, Stefan",Bundesliga 8990,Germany,1990.??.??,1990,?,"Tal, Mihail","Mohr, Stefan",2585.0,2425.0,1-0,white_win,win,B09,,61,30.5,15,2,2,0,True,True,7,2,True,0,8,0,tactical
Tal.pgn,Tal,white,"Meduna, Eduard",Bundesliga 8990,Germany,1990.??.??,1990,?,"Tal, Mihail","Meduna, Eduard",2585.0,2475.0,1-0,white_win,win,B17,,39,19.5,11,0,1,0,True,False,7,0,True,0,4,0,tactical
Tal.pgn,Tal,black,"Schmittdiel, Eckhard",Bundesliga 8990,Germany,1990.??.??,1990,?,"Schmittdiel, Eckhard","Tal, Mihail",2435.0,2585.0,1/2-1/2,draw,draw,B07,,101,50.5,16,7,2,0,True,True,8,3,True,0,8,4,tactical
Tal.pgn,Tal,black,"Armas, Iulius",Bundesliga 8990,Germany,1990.??.??,1990,?,"Armas, Iulius","Tal, Mihail",2480.0,2585.0,1/2-1/2,draw,draw,B19,,48,24.0,13,2,1,0,True,False,7,0,False,0,6,2,tactical
Tal.pgn,Tal,black,"Adorjan, Andras",Bundesliga 8990,Germany,1990.??.??,1990,?,"Adorjan, Andras","Tal, Mihail",2520.0,2585.0,1/2-1/2,draw,draw,A36,,25,12.5,8,0,2,0,True,True,4,0,True,0,4,0,tactical
Tal.pgn,Tal,white,Lin Ta,Manila Interzonal,Manila,1990.??.??,1990,1,"Tal, Mihail",Lin Ta,2580.0,2435.0,1-0,white_win,win,A34,,123,61.5,19,6,2,0,True,True,9,1,True,0,10,5,tactical
Tal.pgn,Tal,black,"Gurevich, Mikhail",Manila Interzonal,Manila,1990.??.??,1990,2,"Gurevich, Mikhail","Tal, Mihail",2640.0,2580.0,1-0,white_win,loss,D34,,71,35.5,18,6,2,0,True,True,9,2,True,0,9,4,tactical
Tal.pgn,Tal,white,"Marin, Mihail",Manila Interzonal,Manila,1990.??.??,1990,3,"Tal, Mihail","Marin, Mihail",2580.0,2485.0,1/2-1/2,draw,draw,E60,,59,29.5,8,1,2,0,True,True,4,1,True,0,4,0,tactical
Tal.pgn,Tal,black,"Spasov, Vasil",Manila Interzonal,Manila,1990.??.??,1990,4,"Spasov, Vasil","Tal, Mihail",2495.0,2580.0,1-0,white_win,loss,C07,,107,53.5,19,6,2,0,True,True,10,2,True,0,9,4,tactical
Tal.pgn,Tal,white,"Ivanovic, Bozidar",Manila Interzonal,Manila,1990.??.??,1990,5,"Tal, Mihail","Ivanovic, Bozidar",2580.0,2520.0,1/2-1/2,draw,draw,E98,,88,44.0,18,4,2,0,True,True,10,3,True,0,8,1,tactical
Tal.pgn,Tal,black,"Hjartarson, Johann",Manila Interzonal,Manila,1990.??.??,1990,6,"Hjartarson, Johann","Tal, Mihail",2520.0,2580.0,0-1,black_win,win,B63,,70,35.0,16,5,2,0,True,True,9,4,True,0,7,1,tactical
Tal.pgn,Tal,white,"Miles, Anthony J",Manila Interzonal,Manila,1990.??.??,1990,7,"Tal, Mihail","Miles, Anthony J",2580.0,2595.0,1/2-1/2,draw,draw,C84,,43,21.5,9,0,2,0,True,True,5,0,True,0,4,0,tactical
Tal.pgn,Tal,black,"Gulko, Boris F",Manila Interzonal,Manila,1990.??.??,1990,8,"Gulko, Boris F","Tal, Mihail",2600.0,2580.0,1/2-1/2,draw,draw,A30,,37,18.5,6,0,2,0,True,True,3,0,True,0,3,0,tactical
Tal.pgn,Tal,white,"Dzindzichashvili, Roman",Manila Interzonal,Manila,1990.??.??,1990,9,"Tal, Mihail","Dzindzichashvili, Roman",2580.0,2560.0,1/2-1/2,draw,draw,B66,,30,15.0,5,0,1,0,True,False,2,0,True,0,3,0,tactical
Tal.pgn,Tal,black,"Arencibia, Walter",Manila Interzonal,Manila,1990.??.??,1990,10,"Arencibia, Walter","Tal, Mihail",2555.0,2580.0,0-1,black_win,win,E76,,71,35.5,21,2,2,0,True,True,11,2,True,0,10,0,tactical
Tal.pgn,Tal,white,"Ljubojevic, Ljubomir",Manila Interzonal,Manila,1990.??.??,1990,11,"Tal, Mihail","Ljubojevic, Ljubomir",2580.0,2600.0,0-1,black_win,loss,D26,,110,55.0,16,2,2,0,True,True,8,1,True,0,8,1,tactical
Tal.pgn,Tal,black,"Ftacnik, Lubomir",Manila Interzonal,Manila,1990.??.??,1990,12,"Ftacnik, Lubomir","Tal, Mihail",2550.0,2580.0,1/2-1/2,draw,draw,E97,,24,12.0,2,0,2,0,True,True,1,0,True,0,1,0,tactical
Tal.pgn,Tal,white,"Lputian, Smbat G",Manila Interzonal,Manila,1990.??.??,1990,13,"Tal, Mihail","Lputian, Smbat G",2580.0,2575.0,1/2-1/2,draw,draw,E09,,30,15.0,2,0,2,0,True,True,1,0,True,0,1,0,tactical
Tal.pgn,Tal,black,"Lukin, Andrei M",Moscow op,Moscow,1990.??.??,1990,?,"Lukin, Andrei M","Tal, Mihail",2470.0,2580.0,1/2-1/2,draw,draw,B84,,60,30.0,14,0,2,0,True,True,7,0,True,0,7,0,tactical
Tal.pgn,Tal,black,"Jung, Karl Otto",Moscow op,Moscow,1990.??.??,1990,?,"Jung, Karl Otto","Tal, Mihail",2230.0,2580.0,0-1,black_win,win,A47,,104,52.0,19,3,2,0,True,True,10,3,True,0,9,0,tactical
Tal.pgn,Tal,black,"Dvoirys, Semen I",Moscow op,Moscow,1990.??.??,1990,?,"Dvoirys, Semen I","Tal, Mihail",2555.0,2580.0,1/2-1/2,draw,draw,B19,,39,19.5,4,1,0,0,False,False,2,1,False,0,2,0,tactical
Tal.pgn,Tal,black,"Yuferov, Sergey  N",Moscow op,Moscow,1990.??.??,1990,?,"Yuferov, Sergey  N","Tal, Mihail",2400.0,2580.0,1/2-1/2,draw,draw,B06,,105,52.5,16,5,2,0,True,True,8,5,True,0,8,0,tactical
Tal.pgn,Tal,white,"Kremenietsky, Anatoly M",Moscow op,Moscow,1990.??.??,1990,?,"Tal, Mihail","Kremenietsky, Anatoly M",2580.0,2390.0,1-0,white_win,win,E62,,75,37.5,13,1,2,0,True,True,7,1,True,0,6,0,tactical
Tal.pgn,Tal,white,Meyer,Moscow op,Moscow,1990.??.??,1990,?,"Tal, Mihail",Meyer,2580.0,,1-0,white_win,win,C66,,57,28.5,16,1,2,0,True,True,9,1,True,0,7,0,tactical
Tal.pgn,Tal,white,"Neverov, Valeriy",Moscow op,Moscow,1990.??.??,1990,?,"Tal, Mihail","Neverov, Valeriy",2580.0,2485.0,1/2-1/2,draw,draw,A39,,53,26.5,15,0,2,0,True,True,8,0,True,0,7,0,tactical
Tal.pgn,Tal,white,"Sveshnikov, Evgeny",Moscow op,Moscow,1990.??.??,1990,?,"Tal, Mihail","Sveshnikov, Evgeny",2580.0,2520.0,1-0,white_win,win,B10,,73,36.5,15,6,2,0,True,True,7,4,True,0,8,2,tactical
Tal.pgn,Tal,white,"Vaganian, Rafael A",Moscow op,Moscow,1990.??.??,1990,?,"Tal, Mihail","Vaganian, Rafael A",2580.0,2630.0,1/2-1/2,draw,draw,D58,,33,16.5,4,0,2,0,True,True,2,0,True,0,2,0,tactical
Tal.pgn,Tal,white,"Naumkin, Igor",GMA-qual f,Moscow,1990.??.??,1990,2,"Tal, Mihail","Naumkin, Igor",2585.0,2455.0,1/2-1/2,draw,draw,A14,,45,22.5,8,0,2,0,True,True,4,0,True,0,4,0,tactical
Tal.pgn,Tal,black,"Eingorn, Vereslav S",GMA-qual f,Moscow,1990.??.??,1990,3,"Eingorn, Vereslav S","Tal, Mihail",2570.0,2585.0,1/2-1/2,draw,draw,D43,,75,37.5,20,2,2,0,True,True,10,0,True,0,10,2,tactical
Tal.pgn,Tal,white,"Vladimirov, Evgeny",GMA-qual f,Moscow,1990.??.??,1990,4,"Tal, Mihail","Vladimirov, Evgeny",2585.0,2565.0,1/2-1/2,draw,draw,A14,,68,34.0,13,1,2,0,True,True,6,0,True,0,7,1,tactical
Tal.pgn,Tal,black,"Hulak, Krunoslav",GMA-qual f,Moscow,1990.??.??,1990,5,"Hulak, Krunoslav","Tal, Mihail",2560.0,2585.0,1/2-1/2,draw,draw,D76,,60,30.0,12,1,2,0,True,True,6,1,True,0,6,0,tactical
Tal.pgn,Tal,white,"Hjartarson, Johann",GMA-qual f,Moscow,1990.??.??,1990,6,"Tal, Mihail","Hjartarson, Johann",2585.0,2505.0,1/2-1/2,draw,draw,A63,,52,26.0,15,0,2,0,True,True,7,0,True,0,8,0,tactical
Tal.pgn,Tal,black,"De Firmian, Nick E",GMA-qual f,Moscow,1990.??.??,1990,7,"De Firmian, Nick E","Tal, Mihail",2565.0,2585.0,1-0,white_win,loss,B04,,57,28.5,13,0,2,0,True,True,6,0,True,0,7,0,tactical
Tal.pgn,Tal,white,"Pigusov, Evgeny",GMA-qual f,Moscow,1990.??.??,1990,8,"Tal, Mihail","Pigusov, Evgeny",2585.0,2545.0,1/2-1/2,draw,draw,B36,,39,19.5,10,4,1,0,False,True,5,0,False,0,5,4,tactical
Tal.pgn,Tal,white,"Makarichev, Sergey",GMA-qual f,Moscow,1990.??.??,1990,9,"Tal, Mihail","Makarichev, Sergey",2585.0,2510.0,1/2-1/2,draw,draw,A93,,37,18.5,4,0,2,0,True,True,2,0,True,0,2,0,tactical
Tal.pgn,Tal,white,"Gavrikov, Viktor",GMA-qual f,Moscow,1990.??.??,1990,11,"Tal, Mihail","Gavrikov, Viktor",2585.0,2580.0,1/2-1/2,draw,draw,E12,,27,13.5,4,0,2,0,True,True,2,0,True,0,2,0,tactical
Tal.pgn,Tal,white,"Wedberg, Tom",New York op,New York,1990.??.??,1990,1,"Tal, Mihail","Wedberg, Tom",2585.0,2485.0,1-0,white_win,win,E08,,69,34.5,16,2,2,0,True,True,8,0,True,0,8,2,tactical
Tal.pgn,Tal,white,"Geller, Efim P",New York op,New York,1990.??.??,1990,3,"Tal, Mihail","Geller, Efim P",2585.0,2515.0,1/2-1/2,draw,draw,E05,,38,19.0,10,0,2,0,True,True,5,0,True,0,5,0,tactical
Tal.pgn,Tal,black,"Orlov, Georgi",New York op,New York,1990.??.??,1990,4,"Orlov, Georgi","Tal, Mihail",2505.0,2585.0,0-1,black_win,win,E09,,64,32.0,15,2,2,0,True,True,8,1,True,0,7,1,tactical
Tal.pgn,Tal,white,"Lerner, Konstantin Z",New York op,New York,1990.??.??,1990,5,"Tal, Mihail","Lerner, Konstantin Z",2585.0,2560.0,1/2-1/2,draw,draw,A30,,39,19.5,6,1,2,0,True,True,3,0,True,0,3,1,tactical
Tal.pgn,Tal,black,"Rohde, Michael A",New York op,New York,1990.??.??,1990,6,"Rohde, Michael A","Tal, Mihail",2555.0,2585.0,0-1,black_win,win,D45,,60,30.0,16,3,2,0,True,True,9,0,True,0,7,3,tactical
Tal.pgn,Tal,white,"Yudasin, Leonid",New York op,New York,1990.??.??,1990,7,"Tal, Mihail","Yudasin, Leonid",2585.0,2575.0,1/2-1/2,draw,draw,A30,,37,18.5,5,0,2,0,True,True,3,0,True,0,2,0,tactical
Tal.pgn,Tal,black,"Kamsky, Gata",New York op,New York,1990.??.??,1990,8,"Kamsky, Gata","Tal, Mihail",2510.0,2585.0,1-0,white_win,loss,E92,,89,44.5,18,3,2,0,True,True,9,0,True,0,9,3,tactical
Tal.pgn,Tal,white,"Dlugy, Maxim",New York op,New York,1990.??.??,1990,9,"Tal, Mihail","Dlugy, Maxim",2585.0,2525.0,1/2-1/2,draw,draw,D27,,30,15.0,10,0,1,0,True,False,5,0,True,0,5,0,tactical
Tal.pgn,Tal,black,"Pigusov, Evgeny",URS-chT,Podolsk,1990.??.??,1990,?,"Pigusov, Evgeny","Tal, Mihail",2545.0,2585.0,1/2-1/2,draw,draw,A37,,78,39.0,20,0,2,0,True,True,10,0,True,0,10,0,tactical
Tal.pgn,Tal,white,"Smirin, Ilia",URS-chT,Podolsk,1990.??.??,1990,?,"Tal, Mihail","Smirin, Ilia",2585.0,2535.0,1-0,white_win,win,E92,,69,34.5,21,2,2,0,True,True,10,1,True,0,11,1,tactical
Tal.pgn,Tal,black,"Utemov, Vladimir",URS-chT,Podolsk,1990.??.??,1990,?,"Utemov, Vladimir","Tal, Mihail",2405.0,2585.0,0-1,black_win,win,A35,,56,28.0,15,1,2,0,True,True,7,1,True,0,8,0,tactical
Tal.pgn,Tal,white,"Yurtaev, Leonid",URS-chT,Podolsk,1990.??.??,1990,?,"Tal, Mihail","Yurtaev, Leonid",2585.0,2505.0,1/2-1/2,draw,draw,A49,,35,17.5,0,0,2,0,True,True,0,0,True,0,0,0,tactical
Tal.pgn,Tal,white,"Sveshnikov, Evgeny",URS-chT,Podolsk,1990.??.??,1990,?,"Tal, Mihail","Sveshnikov, Evgeny",2585.0,2515.0,1/2-1/2,draw,draw,E02,,29,14.5,8,3,1,0,True,False,4,2,True,0,4,1,tactical
Tal.pgn,Tal,white,"Karp, Michael",Tel Aviv,Tel Aviv,1990.??.??,1990,?,"Tal, Mihail","Karp, Michael",2580.0,2250.0,1-0,white_win,win,B06,,76,38.0,20,4,2,0,True,True,11,3,True,0,9,1,tactical
Tal.pgn,Tal,black,"Davies, Nigel R",Tel Aviv,Tel Aviv,1990.??.??,1990,?,"Davies, Nigel R","Tal, Mihail",2485.0,2580.0,1/2-1/2,draw,draw,B03,,64,32.0,15,0,2,0,True,True,8,0,True,0,7,0,tactical
Tal.pgn,Tal,white,"Soffer, Ram",Tel Aviv,Tel Aviv,1990.??.??,1990,?,"Tal, Mihail","Soffer, Ram",2580.0,2440.0,1-0,white_win,win,E11,,79,39.5,20,7,1,0,True,False,11,5,True,0,9,2,tactical
Tal.pgn,Tal,black,"Gruenfeld, Yehuda",Tel Aviv,Tel Aviv,1990.??.??,1990,?,"Gruenfeld, Yehuda","Tal, Mihail",2530.0,2580.0,1/2-1/2,draw,draw,B09,,122,61.0,22,10,0,0,False,False,11,1,False,0,11,9,tactical
Tal.pgn,Tal,black,"Lev, Ronen",Tel Aviv,Tel Aviv,1990.??.??,1990,?,"Lev, Ronen","Tal, Mihail",2480.0,2580.0,1/2-1/2,draw,draw,D45,,65,32.5,14,0,2,0,True,True,7,0,True,0,7,0,tactical
Tal.pgn,Tal,black,"Psakhis, Lev",Tel Aviv,Tel Aviv,1990.??.??,1990,?,"Psakhis, Lev","Tal, Mihail",2575.0,2580.0,1/2-1/2,draw,draw,D27,,37,18.5,12,0,2,0,True,True,6,0,True,0,6,0,tactical
Tal.pgn,Tal,white,"Cramling, Pia",Tel Aviv,Tel Aviv,1990.??.??,1990,?,"Tal, Mihail","Cramling, Pia",2580.0,2505.0,1/2-1/2,draw,draw,B80,,65,32.5,20,0,2,0,True,True,10,0,True,0,10,0,tactical
Tal.pgn,Tal,white,"Kagan, Shimon",Tel Aviv,Tel Aviv,1990.??.??,1990,?,"Tal, Mihail","Kagan, Shimon",2580.0,2390.0,1/2-1/2,draw,draw,A42,,66,33.0,18,4,1,0,True,False,9,3,True,0,9,1,tactical
Tal.pgn,Tal,black,"Bruk, Ofer",Tel Aviv,Tel Aviv,1990.??.??,1990,?,"Bruk, Ofer","Tal, Mihail",2435.0,2580.0,1/2-1/2,draw,draw,A41,,29,14.5,8,1,1,0,True,False,4,0,False,0,4,1,tactical
Tal.pgn,Tal,white,"Lahav, Ehud",Tel Aviv,Tel Aviv,1990.??.??,1990,?,"Tal, Mihail","Lahav, Ehud",2580.0,2380.0,1-0,white_win,win,C14,,81,40.5,25,3,1,0,False,True,13,2,False,0,12,1,tactical
Tal.pgn,Tal,white,"Murrey, Jacob",Tel Aviv,Tel Aviv,1990.??.??,1990,?,"Tal, Mihail","Murrey, Jacob",2580.0,2530.0,1-0,white_win,win,E98,,99,49.5,24,5,2,0,True,True,12,4,True,0,12,1,tactical
Tal.pgn,Tal,white,"Cifuentes Parada, Roberto",Buenos Aires Najdorf,Buenos Aires,1991.??.??,1991,1,"Tal, Mihail","Cifuentes Parada, Roberto",2565.0,2510.0,1/2-1/2,draw,draw,A14,,52,26.0,12,0,2,0,True,True,6,0,True,0,6,0,tactical
Tal.pgn,Tal,black,"Milos, Gilberto",Buenos Aires Najdorf,Buenos Aires,1991.??.??,1991,2,"Milos, Gilberto","Tal, Mihail",2530.0,2565.0,1/2-1/2,draw,draw,A18,,40,20.0,10,1,1,0,True,False,5,0,False,0,5,1,tactical
Tal.pgn,Tal,white,"Ricardi, Pablo",Buenos Aires Najdorf,Buenos Aires,1991.??.??,1991,3,"Tal, Mihail","Ricardi, Pablo",2565.0,2435.0,1/2-1/2,draw,draw,B22,,61,30.5,15,0,2,0,True,True,8,0,True,0,7,0,tactical
Tal.pgn,Tal,black,"Barbero, Gerardo F",Buenos Aires Najdorf,Buenos Aires,1991.??.??,1991,4,"Barbero, Gerardo F","Tal, Mihail",2495.0,2565.0,1/2-1/2,draw,draw,A38,,29,14.5,4,1,2,0,True,True,2,1,True,0,2,0,tactical
Tal.pgn,Tal,white,"Boissonet, Carlos P",Buenos Aires Najdorf,Buenos Aires,1991.??.??,1991,5,"Tal, Mihail","Boissonet, Carlos P",2565.0,2400.0,1-0,white_win,win,A49,,87,43.5,22,1,2,0,True,True,11,1,True,0,11,0,tactical
Tal.pgn,Tal,black,"Amura, Claudia Noemi",Buenos Aires Najdorf,Buenos Aires,1991.??.??,1991,6,"Amura, Claudia Noemi","Tal, Mihail",2405.0,2565.0,0-1,black_win,win,A41,,86,43.0,20,7,1,0,True,False,11,4,False,0,9,3,tactical
Tal.pgn,Tal,white,"Larsen, Bent",Buenos Aires Najdorf,Buenos Aires,1991.??.??,1991,7,"Tal, Mihail","Larsen, Bent",2565.0,2560.0,1/2-1/2,draw,draw,C90,,102,51.0,19,2,2,0,True,True,10,2,True,0,9,0,tactical
Tal.pgn,Tal,black,"Granda Zuniga, Julio E",Buenos Aires Najdorf,Buenos Aires,1991.??.??,1991,8,"Granda Zuniga, Julio E","Tal, Mihail",2550.0,2565.0,0-1,black_win,win,E52,,82,41.0,16,10,2,0,True,True,8,6,True,0,8,4,tactical
Tal.pgn,Tal,white,"Nogueiras, Jesus",Buenos Aires Najdorf,Buenos Aires,1991.??.??,1991,9,"Tal, Mihail","Nogueiras, Jesus",2565.0,2540.0,1/2-1/2,draw,draw,E05,,41,20.5,12,0,2,0,True,True,6,0,True,0,6,0,tactical
Tal.pgn,Tal,white,"Adams, Michael",Buenos Aires Najdorf,Buenos Aires,1991.??.??,1991,10,"Tal, Mihail","Adams, Michael",2565.0,2600.0,1/2-1/2,draw,draw,A14,,27,13.5,4,0,2,0,True,True,2,0,True,0,2,0,tactical
Tal.pgn,Tal,black,"Fedorowicz, John P",Buenos Aires Najdorf,Buenos Aires,1991.??.??,1991,11,"Fedorowicz, John P","Tal, Mihail",2555.0,2565.0,1/2-1/2,draw,draw,D35,,23,11.5,6,0,2,0,True,True,3,0,True,0,3,0,tactical
Tal.pgn,Tal,white,"Panno, Oscar",Buenos Aires Najdorf,Buenos Aires,1991.??.??,1991,12,"Tal, Mihail","Panno, Oscar",2565.0,2440.0,1-0,white_win,win,B48,,69,34.5,18,5,2,0,True,True,8,0,True,0,10,5,tactical
Tal.pgn,Tal,black,"Dolmatov, Sergey",Buenos Aires Najdorf,Buenos Aires,1991.??.??,1991,13,"Dolmatov, Sergey","Tal, Mihail",2620.0,2565.0,1/2-1/2,draw,draw,B33,,23,11.5,2,1,0,0,False,False,1,1,False,0,1,0,tactical
Tal.pgn,Tal,white,"Ramos, Domingo",Bundesliga 9091,Germany,1991.??.??,1991,?,"Tal, Mihail","Ramos, Domingo",2565.0,2330.0,1-0,white_win,win,B85,,57,28.5,16,4,1,0,True,False,9,3,True,0,7,1,tactical
Tal.pgn,Tal,white,"Seibold, Hubert",Bundesliga 9091,Germany,1991.??.??,1991,?,"Tal, Mihail","Seibold, Hubert",2565.0,2210.0,1-0,white_win,win,B35,,57,28.5,10,1,2,0,True,True,5,1,True,0,5,0,tactical
Tal.pgn,Tal,white,"Neurohr, Stephan",Bundesliga 9091,Germany,1991.??.??,1991,?,"Tal, Mihail","Neurohr, Stephan",2565.0,2335.0,0-1,black_win,loss,A16,,96,48.0,18,17,2,0,True,True,9,0,True,0,9,17,tactical
Tal.pgn,Tal,white,"Lorenz, Sascha",Bundesliga 9091,Germany,1991.??.??,1991,?,"Tal, Mihail","Lorenz, Sascha",2580.0,2325.0,1-0,white_win,win,A25,,58,29.0,16,3,0,0,False,False,9,1,False,0,7,2,tactical
Tal.pgn,Tal,black,"Maus, Soenke",Bundesliga 9091,Germany,1991.??.??,1991,?,"Maus, Soenke","Tal, Mihail",2440.0,2580.0,0-1,black_win,win,E61,,56,28.0,14,2,2,0,True,True,6,1,True,0,8,1,tactical
Tal.pgn,Tal,black,"Lobron, Eric",Bundesliga 9091,Germany,1991.??.??,1991,?,"Lobron, Eric","Tal, Mihail",2545.0,2565.0,0-1,black_win,win,D46,,81,40.5,16,2,2,0,True,True,9,1,True,0,7,1,tactical
Tal.pgn,Tal,white,"Sveshnikov, Evgeny",Leningrad op,Leningrad,1991.??.??,1991,?,"Tal, Mihail","Sveshnikov, Evgeny",2565.0,2510.0,0-1,black_win,loss,D12,,148,74.0,25,11,2,0,True,True,12,6,True,0,13,5,tactical
Tal.pgn,Tal,black,"Zudov, M.",Leningrad op,Leningrad,1991.??.??,1991,?,"Zudov, M.","Tal, Mihail",,2565.0,1/2-1/2,draw,draw,E55,,33,16.5,6,0,2,0,True,True,3,0,True,0,3,0,tactical
Tal.pgn,Tal,black,"Dukhov, Alexander",Leningrad op,Leningrad,1991.??.??,1991,?,"Dukhov, Alexander","Tal, Mihail",,2565.0,0-1,black_win,win,A41,,62,31.0,15,6,1,0,True,False,8,1,False,0,7,5,tactical
Tal.pgn,Tal,white,"Mukhametov, Eldar",Leningrad op,Leningrad,1991.??.??,1991,?,"Tal, Mihail","Mukhametov, Eldar",2565.0,2390.0,1-0,white_win,win,A22,,107,53.5,19,8,2,0,True,True,10,1,True,0,9,7,tactical
Tal.pgn,Tal,black,"Feibert, Fred",Leningrad op,Leningrad,1991.??.??,1991,?,"Feibert, Fred","Tal, Mihail",2320.0,2565.0,0-1,black_win,win,A47,,63,31.5,13,1,2,0,True,True,7,1,True,0,6,0,tactical
Tal.pgn,Tal,black,"Gusev, Yuri S",Moscow4,Moscow,1991.??.??,1991,?,"Gusev, Yuri S","Tal, Mihail",2360.0,2565.0,1-0,white_win,loss,A19,,121,60.5,25,10,2,0,True,True,11,6,True,0,14,4,tactical
Tal.pgn,Tal,black,"Krasenkova, Ilena",Moscow4,Moscow,1991.??.??,1991,?,"Krasenkova, Ilena","Tal, Mihail",,2565.0,0-1,black_win,win,E11,,64,32.0,13,6,1,0,True,False,7,6,False,0,6,0,tactical
Tal.pgn,Tal,black,"Kummerow, Heiko",Moscow4,Moscow,1991.??.??,1991,?,"Kummerow, Heiko","Tal, Mihail",2270.0,2565.0,1/2-1/2,draw,draw,B96,,80,40.0,23,11,1,0,True,False,11,4,False,0,12,7,tactical
Tal.pgn,Tal,black,"Narodizki, E.",Moscow4,Moscow,1991.??.??,1991,?,"Narodizki, E.","Tal, Mihail",,2565.0,0-1,black_win,win,B23,,67,33.5,16,1,2,0,True,True,8,1,True,0,8,0,tactical
Tal.pgn,Tal,white,"Jung, Karl Otto",Moscow4,Moscow,1991.??.??,1991,?,"Tal, Mihail","Jung, Karl Otto",2565.0,2210.0,1/2-1/2,draw,draw,B03,,82,41.0,20,8,2,0,True,True,10,3,True,0,10,5,tactical
Tal.pgn,Tal,white,"Mukhametov, Eldar",Moscow4,Moscow,1991.??.??,1991,?,"Tal, Mihail","Mukhametov, Eldar",2565.0,2390.0,1/2-1/2,draw,draw,C76,,77,38.5,21,2,2,0,True,True,11,1,True,0,10,1,tactical
Tal.pgn,Tal,white,"Zakharov, Alexander V",Moscow4,Moscow,1991.??.??,1991,?,"Tal, Mihail","Zakharov, Alexander V",2565.0,2380.0,1/2-1/2,draw,draw,B60,,41,20.5,13,5,0,0,False,False,7,1,False,0,6,4,tactical
Tal.pgn,Tal,black,"Dragomarezkij, Evgeni",Moscow4,Moscow,1991.??.??,1991,?,"Dragomarezkij, Evgeni","Tal, Mihail",2455.0,2565.0,1/2-1/2,draw,draw,D45,,67,33.5,18,12,2,0,True,True,9,11,True,0,9,1,tactical
Tal.pgn,Tal,white,"Sakaev, Konstantin",URS-ch58,Moscow,1991.??.??,1991,1,"Tal, Mihail","Sakaev, Konstantin",2575.0,2495.0,1/2-1/2,draw,draw,A81,,58,29.0,16,2,2,0,True,True,8,1,True,0,8,1,tactical
Tal.pgn,Tal,black,"Serper, Grigory",URS-ch58,Moscow,1991.??.??,1991,2,"Serper, Grigory","Tal, Mihail",2490.0,2575.0,1/2-1/2,draw,draw,A29,,69,34.5,17,2,2,0,True,True,9,0,True,0,8,2,tactical
Tal.pgn,Tal,white,"Kruppa, Yuri",URS-ch58,Moscow,1991.??.??,1991,3,"Tal, Mihail","Kruppa, Yuri",2575.0,2485.0,1/2-1/2,draw,draw,A09,,81,40.5,18,6,2,0,True,True,8,5,True,0,10,1,tactical
Tal.pgn,Tal,black,"Korzubov, Peter",URS-ch58,Moscow,1991.??.??,1991,4,"Korzubov, Peter","Tal, Mihail",2455.0,2575.0,0-1,black_win,win,A35,,122,61.0,27,7,2,0,True,True,14,5,True,0,13,2,tactical
Tal.pgn,Tal,white,"Malaniuk, Vladimir P",URS-ch58,Moscow,1991.??.??,1991,5,"Tal, Mihail","Malaniuk, Vladimir P",2575.0,2510.0,1/2-1/2,draw,draw,C86,,39,19.5,3,1,2,0,True,True,2,1,True,0,1,0,tactical
Tal.pgn,Tal,black,"Kiselev, Sergey",URS-ch58,Moscow,1991.??.??,1991,6,"Kiselev, Sergey","Tal, Mihail",2510.0,2575.0,1-0,white_win,loss,B08,,73,36.5,15,2,2,0,True,True,7,0,True,0,8,2,tactical
Tal.pgn,Tal,white,"Naumkin, Igor",URS-ch58,Moscow,1991.??.??,1991,7,"Tal, Mihail","Naumkin, Igor",2575.0,2490.0,1/2-1/2,draw,draw,E14,,31,15.5,6,0,2,0,True,True,3,0,True,0,3,0,tactical
Tal.pgn,Tal,black,"Maljutin, Evgeni",URS-ch58,Moscow,1991.??.??,1991,8,"Maljutin, Evgeni","Tal, Mihail",2435.0,2575.0,1/2-1/2,draw,draw,B54,,67,33.5,21,1,2,0,True,True,11,1,True,0,10,0,tactical
Tal.pgn,Tal,white,"Chekhov, Valery A",URS-ch58,Moscow,1991.??.??,1991,9,"Tal, Mihail","Chekhov, Valery A",2575.0,2525.0,0-1,black_win,loss,A40,,82,41.0,17,12,2,0,True,True,7,0,True,0,10,12,tactical
Tal.pgn,Tal,black,"Kanstler, Boris",URS-ch58,Moscow,1991.??.??,1991,11,"Kanstler, Boris","Tal, Mihail",2430.0,2575.0,1/2-1/2,draw,draw,D35,,21,10.5,4,0,2,0,True,True,2,0,True,0,2,0,tactical
Tal.pgn,Tal,black,"Dzindzichashvili, Roman",New York m blitz,New York,1991.??.??,1991,?,"Dzindzichashvili, Roman","Tal, Mihail",2555.0,2565.0,1-0,white_win,loss,E61,,35,17.5,11,1,2,0,True,True,5,1,True,0,6,0,tactical
Tal.pgn,Tal,white,"Dzindzichashvili, Roman",New York m blitz,New York,1991.??.??,1991,?,"Tal, Mihail","Dzindzichashvili, Roman",2565.0,2555.0,1-0,white_win,win,B31,,53,26.5,14,1,2,0,True,True,8,1,True,0,6,0,tactical
Tal.pgn,Tal,white,"Dzindzichashvili, Roman",New York m blitz,New York,1991.??.??,1991,?,"Tal, Mihail","Dzindzichashvili, Roman",2565.0,2555.0,1-0,white_win,win,B22,,51,25.5,9,2,2,0,True,True,5,2,True,0,4,0,tactical
Tal.pgn,Tal,white,"Dzindzichashvili, Roman",New York m blitz,New York,1991.??.??,1991,?,"Tal, Mihail","Dzindzichashvili, Roman",2565.0,2555.0,1/2-1/2,draw,draw,A12,,60,30.0,17,3,2,0,True,True,8,0,True,0,9,3,tactical
Tal.pgn,Tal,white,"Dzindzichashvili, Roman",New York m blitz,New York,1991.??.??,1991,?,"Tal, Mihail","Dzindzichashvili, Roman",2565.0,2555.0,1/2-1/2,draw,draw,A54,,51,25.5,16,1,2,0,True,True,8,1,True,0,8,0,tactical
Tal.pgn,Tal,black,"Dzindzichashvili, Roman",New York m blitz,New York,1991.??.??,1991,?,"Dzindzichashvili, Roman","Tal, Mihail",2555.0,2565.0,1/2-1/2,draw,draw,B25,,88,44.0,19,13,2,1,True,True,8,3,True,0,11,10,tactical
Tal.pgn,Tal,black,"Dzindzichashvili, Roman",New York m blitz,New York,1991.??.??,1991,?,"Dzindzichashvili, Roman","Tal, Mihail",2555.0,2565.0,1/2-1/2,draw,draw,E61,,140,70.0,27,6,2,0,True,True,13,1,True,0,14,5,tactical
Tal.pgn,Tal,black,"Dzindzichashvili, Roman",New York m blitz,New York,1991.??.??,1991,?,"Dzindzichashvili, Roman","Tal, Mihail",2555.0,2565.0,1-0,white_win,loss,C55,,69,34.5,15,1,2,0,True,True,7,0,True,0,8,1,tactical
Tal.pgn,Tal,white,"Saenger, C.",Porz op27,Porz,1991.??.??,1991,1,"Tal, Mihail","Saenger, C.",2565.0,,1-0,white_win,win,A30,,67,33.5,14,1,2,0,True,True,7,0,True,0,7,1,tactical
Tal.pgn,Tal,white,"Badea, Bela",EUCup Porz-Bukarest,Porz,1991.??.??,1991,1,"Tal, Mihail","Badea, Bela",2575.0,2445.0,1/2-1/2,draw,draw,A17,,33,16.5,2,0,2,0,True,True,1,0,True,0,1,0,tactical
Tal.pgn,Tal,black,"Lukovski, Lev",Porz op27,Porz,1991.??.??,1991,2,"Lukovski, Lev","Tal, Mihail",,2565.0,0-1,black_win,win,A47,,52,26.0,12,5,2,0,True,True,7,0,True,0,5,5,tactical
Tal.pgn,Tal,white,"Badea, Bela",EUCup Porz-Bukarest,Porz,1991.??.??,1991,2,"Tal, Mihail","Badea, Bela",2575.0,2445.0,1/2-1/2,draw,draw,E63,,41,20.5,4,0,2,0,True,True,2,0,True,0,2,0,tactical
Tal.pgn,Tal,white,"Reinemer, Frank",Porz op27,Porz,1991.??.??,1991,3,"Tal, Mihail","Reinemer, Frank",2565.0,2250.0,1-0,white_win,win,A80,,63,31.5,12,0,1,0,True,False,6,0,True,0,6,0,tactical
Tal.pgn,Tal,black,"Niesel, Matthias",Porz op27,Porz,1991.??.??,1991,4,"Niesel, Matthias","Tal, Mihail",2285.0,2565.0,0-1,black_win,win,A20,,84,42.0,18,3,0,0,False,False,10,2,False,0,8,1,tactical
Tal.pgn,Tal,white,"Auer, Martin",Porz op27,Porz,1991.??.??,1991,7,"Tal, Mihail","Auer, Martin",2565.0,2310.0,1-0,white_win,win,E14,,61,30.5,15,11,1,0,True,False,8,11,True,0,7,0,tactical
Tal.pgn,Tal,black,"Szekely, Peter",Porz op27,Porz,1991.??.??,1991,8,"Szekely, Peter","Tal, Mihail",2430.0,2565.0,1/2-1/2,draw,draw,A09,,21,10.5,2,0,2,0,True,True,1,0,True,0,1,0,tactical
Tal.pgn,Tal,white,"Grefe, John A",San Francisco,San Francisco,1991.??.??,1991,1,"Tal, Mihail","Grefe, John A",2570.0,2385.0,1-0,white_win,win,C18,,71,35.5,16,3,1,0,False,True,8,1,False,0,8,2,tactical
Tal.pgn,Tal,black,"Wolff, Patrick G",San Francisco,San Francisco,1991.??.??,1991,2,"Wolff, Patrick G","Tal, Mihail",2520.0,2570.0,1-0,white_win,loss,C78,,109,54.5,21,7,1,0,True,False,11,4,False,0,10,3,tactical
Tal.pgn,Tal,white,"Benjamin, Joel",San Francisco,San Francisco,1991.??.??,1991,3,"Tal, Mihail","Benjamin, Joel",2570.0,2555.0,1/2-1/2,draw,draw,A30,,33,16.5,8,2,2,0,True,True,4,0,True,0,4,2,tactical
Tal.pgn,Tal,black,"Browne, Walter S",San Francisco,San Francisco,1991.??.??,1991,4,"Browne, Walter S","Tal, Mihail",2500.0,2570.0,1/2-1/2,draw,draw,E94,,44,22.0,10,0,2,0,True,True,5,0,True,0,5,0,tactical
Tal.pgn,Tal,white,"Polgar, Zsuzsa",San Francisco,San Francisco,1991.??.??,1991,5,"Tal, Mihail","Polgar, Zsuzsa",2570.0,2510.0,1/2-1/2,draw,draw,D28,,30,15.0,6,0,2,0,True,True,3,0,True,0,3,0,tactical
Tal.pgn,Tal,white,"Adianto, Utut",San Francisco,San Francisco,1991.??.??,1991,6,"Tal, Mihail","Adianto, Utut",2570.0,2470.0,1/2-1/2,draw,draw,A30,,33,16.5,8,0,2,0,True,True,4,0,True,0,4,0,tactical
Tal.pgn,Tal,black,"Fedorowicz, John P",San Francisco,San Francisco,1991.??.??,1991,7,"Fedorowicz, John P","Tal, Mihail",2555.0,2570.0,1/2-1/2,draw,draw,D46,,27,13.5,4,0,2,0,True,True,2,0,True,0,2,0,tactical
Tal.pgn,Tal,white,"Rogers, Ian",San Francisco,San Francisco,1991.??.??,1991,8,"Tal, Mihail","Rogers, Ian",2570.0,2545.0,1-0,white_win,win,C10,,55,27.5,12,6,1,0,False,True,6,1,False,0,6,5,tactical
Tal.pgn,Tal,black,"Christiansen, Larry Mark",San Francisco,San Francisco,1991.??.??,1991,9,"Christiansen, Larry Mark","Tal, Mihail",2590.0,2570.0,1/2-1/2,draw,draw,E48,,76,38.0,18,4,2,0,True,True,10,1,True,0,8,3,tactical
Tal.pgn,Tal,white,"Ftacnik, Lubomir",San Francisco,San Francisco,1991.??.??,1991,10,"Tal, Mihail","Ftacnik, Lubomir",2570.0,2590.0,1/2-1/2,draw,draw,A36,,29,14.5,4,0,2,0,True,True,2,0,True,0,2,0,tactical
Tal.pgn,Tal,black,"Torre, Eugenio",San Francisco,San Francisco,1991.??.??,1991,11,"Torre, Eugenio","Tal, Mihail",2530.0,2570.0,1/2-1/2,draw,draw,D38,,30,15.0,8,2,2,0,True,True,4,2,True,0,4,0,tactical
Tal.pgn,Tal,white,"Kortschnoj, Viktor",Barcelona,Barcelona,1992.??.??,1992,?,"Tal, Mihail","Kortschnoj, Viktor",2525.0,2585.0,1/2-1/2,draw,draw,E11,,27,13.5,8,2,2,0,True,True,4,0,True,0,4,2,tactical
Tal.pgn,Tal,white,"Akopian, Vladimir",Barcelona,Barcelona,1992.??.??,1992,?,"Tal, Mihail","Akopian, Vladimir",2525.0,2605.0,1-0,white_win,win,B51,,75,37.5,18,3,2,0,True,True,9,2,True,0,9,1,tactical
Tal.pgn,Tal,black,"Romanishin, Oleg M",Barcelona,Barcelona,1992.??.??,1992,?,"Romanishin, Oleg M","Tal, Mihail",2595.0,2525.0,1-0,white_win,loss,E11,,49,24.5,11,3,2,0,True,True,5,1,True,0,6,2,tactical
Tal.pgn,Tal,white,"Lautier, Joel",Barcelona,Barcelona,1992.??.??,1992,?,"Tal, Mihail","Lautier, Joel",2525.0,2580.0,1-0,white_win,win,A46,,123,61.5,27,10,2,1,True,True,14,7,True,1,13,3,tactical
Tal.pgn,Tal,white,"Sokolov, Ivan",Barcelona,Barcelona,1992.??.??,1992,?,"Tal, Mihail","Sokolov, Ivan",2525.0,2630.0,1/2-1/2,draw,draw,C49,,25,12.5,6,0,2,0,True,True,3,0,True,0,3,0,tactical
Tal.pgn,Tal,black,"Rodriguez Vargas, Orestes",Barcelona,Barcelona,1992.??.??,1992,?,"Rodriguez Vargas, Orestes","Tal, Mihail",2455.0,2525.0,1/2-1/2,draw,draw,B07,,42,21.0,2,0,2,0,True,True,1,0,True,0,1,0,tactical
Tal.pgn,Tal,black,"Magem Badals, Jorge",Barcelona,Barcelona,1992.??.??,1992,?,"Magem Badals, Jorge","Tal, Mihail",2515.0,2525.0,1/2-1/2,draw,draw,B42,,82,41.0,17,8,1,0,True,False,8,2,False,0,9,6,tactical
Tal.pgn,Tal,black,"Gurevich, Mikhail",Barcelona,Barcelona,1992.??.??,1992,?,"Gurevich, Mikhail","Tal, Mihail",2635.0,2525.0,1-0,white_win,loss,A53,,87,43.5,16,0,2,0,True,True,7,0,True,0,9,0,tactical
Tal.pgn,Tal,white,"Rivas Pastor, Manuel",Barcelona,Barcelona,1992.??.??,1992,?,"Tal, Mihail","Rivas Pastor, Manuel",2525.0,2520.0,1-0,white_win,win,B07,,122,61.0,23,14,1,0,False,True,12,6,False,0,11,8,tactical
Tal.pgn,Tal,black,"Dorfman, Josif D",Barcelona,Barcelona,1992.??.??,1992,?,"Dorfman, Josif D","Tal, Mihail",2605.0,2525.0,1-0,white_win,loss,E38,,49,24.5,9,1,1,0,False,True,4,0,True,0,5,1,tactical
Tal.pgn,Tal,black,"Marinkovic, Ivan",Bundesliga 9192,Germany,1992.??.??,1992,?,"Marinkovic, Ivan","Tal, Mihail",2485.0,2575.0,1/2-1/2,draw,draw,B33,,25,12.5,2,2,0,0,False,False,1,2,False,0,1,0,tactical
Tal.pgn,Tal,black,"Doncevic, Dario",Bundesliga 9192,Germany,1992.??.??,1992,?,"Doncevic, Dario","Tal, Mihail",2355.0,2525.0,1/2-1/2,draw,draw,B22,,72,36.0,18,6,1,0,True,False,9,0,False,0,9,6,tactical
Tal.pgn,Tal,white,"Gutman, Lev",Bundesliga 9192,Germany,1992.??.??,1992,?,"Tal, Mihail","Gutman, Lev",2575.0,2465.0,1/2-1/2,draw,draw,A16,,43,21.5,6,0,2,0,True,True,3,0,True,0,3,0,tactical
Tal.pgn,Tal,black,"Gonzalez, R.",Sevilla op,Sevilla,1992.??.??,1992,1,"Gonzalez, R.","Tal, Mihail",2295.0,2525.0,0-1,black_win,win,B33,,52,26.0,13,0,2,0,True,True,7,0,True,0,6,0,tactical
Tal.pgn,Tal,white,"Landero Luna, V.",Sevilla op,Sevilla,1992.??.??,1992,2,"Tal, Mihail","Landero Luna, V.",2525.0,,1-0,white_win,win,B10,,39,19.5,7,2,2,0,True,True,4,2,True,0,3,0,tactical
Tal.pgn,Tal,black,"Jimenez Villena, Francisco J",Sevilla op,Sevilla,1992.??.??,1992,3,"Jimenez Villena, Francisco J","Tal, Mihail",2315.0,2525.0,1/2-1/2,draw,draw,A21,,100,50.0,20,10,2,0,True,True,10,7,True,0,10,3,tactical
Tal.pgn,Tal,white,"Romero, Martin",Sevilla op,Sevilla,1992.??.??,1992,4,"Tal, Mihail","Romero, Martin",2525.0,2240.0,1-0,white_win,win,A17,,67,33.5,13,1,2,0,True,True,7,1,True,0,6,0,tactical
Tal.pgn,Tal,black,"Gomez, M.",Sevilla op,Sevilla,1992.??.??,1992,5,"Gomez, M.","Tal, Mihail",,2525.0,0-1,black_win,win,D43,,75,37.5,17,5,1,0,True,False,8,0,False,0,9,5,tactical
Tal.pgn,Tal,white,"Illescas Cordoba, Miguel",Sevilla op,Sevilla,1992.??.??,1992,6,"Tal, Mihail","Illescas Cordoba, Miguel",2525.0,2555.0,1/2-1/2,draw,draw,B48,,25,12.5,6,0,1,0,True,False,3,0,True,0,3,0,tactical
Tal.pgn,Tal,black,"Oll, Lembit",Sevilla op,Sevilla,1992.??.??,1992,7,"Oll, Lembit","Tal, Mihail",2600.0,2525.0,1-0,white_win,loss,C10,,81,40.5,17,4,2,0,True,True,8,2,True,0,9,2,tactical
Tal.pgn,Tal,white,"Jimenez Morales, Francisco",Sevilla op,Sevilla,1992.??.??,1992,8,"Tal, Mihail","Jimenez Morales, Francisco",2525.0,,1-0,white_win,win,E18,,61,30.5,15,2,2,0,True,True,8,1,True,0,7,1,tactical
Tal.pgn,Tal,black,"Eslon, Jaan",Sevilla op,Sevilla,1992.??.??,1992,9,"Eslon, Jaan","Tal, Mihail",2420.0,2525.0,0-1,black_win,win,D23,,96,48.0,20,7,2,0,True,True,11,3,True,0,9,4,tactical
